TIMESTAMP,WS,WD,WS_2_Max,WS_2,WD_2,OMEGA0TO30_WS_MS_Avg,OMEGA0TO30_WS_MS_Max
5/9/2022 7:00,18.05,145.8,18.35,15.29,289.3,NAN,NAN
5/9/2022 8:00,17.11,144.4,18.82,14.49,290.2,2.537,13.93
5/9/2022 9:00,17.78,146.8,17.65,15.06,287.4,4.249,13.92
5/9/2022 10:00,17.88,144.9,19.17,15.19,289.5,4.791,15.42
5/9/2022 11:00,17.43,149,18.24,14.66,285.6,4.98,15.12
5/9/2022 12:00,17.57,151.5,18.76,14.58,282.9,5.266,14.89
5/9/2022 13:00,16.79,151.4,19.17,13.9,283.5,4.428,15.16
5/9/2022 14:00,15.99,152.9,16.84,13.2,281.7,3.244,13.76
5/9/2022 15:00,16.03,150.3,16.61,13.39,284.1,2.949,13.03
5/9/2022 16:00,16.21,147.9,17.6,13.65,287,2.718,13.49
5/9/2022 17:00,16.83,149.7,18.29,14.15,284.8,3.254,15.04
5/9/2022 18:00,16.47,155.9,18.24,13.41,278.8,2.375,15.26
5/9/2022 19:00,17.34,160.5,19.28,13.82,274.7,2.942,14.2
5/9/2022 20:00,19.78,160.4,20.44,15.75,275.1,5.461,16.99
5/9/2022 21:00,20.1,157.3,21.67,16.2,277.6,6.05,16.07
5/9/2022 22:00,21.45,157.4,22.54,17.4,278,7.981,20.43
5/9/2022 23:00,22.87,154.8,23.82,18.97,279.8,10.23,21.41
5/10/2022 0:00,23.62,154.6,24.98,19.6,280.3,11.04,22.43
5/10/2022 1:00,23.11,157.1,23.35,18.74,277.4,NAN,NAN
5/10/2022 2:00,23.52,160.4,23.93,18.81,274.7,9.69,19.15
5/10/2022 3:00,24.03,160.5,23.24,19.2,274.4,10.56,19.56
5/10/2022 4:00,22.41,164.4,23,17.39,270.5,7.988,19.14
5/10/2022 5:00,22.52,165.1,22.48,17.47,270.2,8.19,18.88
5/10/2022 6:00,22.71,165.4,21.61,17.62,270.2,8.91,18.35
5/10/2022 7:00,24.28,164.9,22.54,18.78,270,10.76,19.5
5/10/2022 8:00,25.03,164.6,22.83,19.51,270.7,11.84,19
5/10/2022 9:00,25.64,164.9,23.53,20,270.6,12.68,21.24
5/10/2022 10:00,27.68,164.2,25.33,21.71,270.8,14.7,23.62
5/10/2022 11:00,27.41,164.8,25.91,21.44,270.6,14.44,23.24
5/10/2022 12:00,26.79,163.7,25.21,21.03,271.2,13.83,22.21
5/10/2022 13:00,26.66,164.7,26.9,20.79,270.4,13.29,23.03
5/10/2022 14:00,27.29,163.1,26.26,21.6,271.9,13.53,23.73
5/10/2022 15:00,28.85,163,26.72,22.8,272.3,14.39,23.32
5/10/2022 16:00,28.69,163.5,26.9,22.57,271.7,13.99,25.27
5/10/2022 17:00,26.9,162.3,25.33,21.3,272.6,12.42,21.58
5/10/2022 18:00,26.61,164.5,23.99,20.88,271.1,11.88,21.96
5/10/2022 19:00,25.65,166.5,23.99,19.6,268.5,10.22,19.68
5/10/2022 20:00,26.33,169.6,22.77,19.66,265.4,9.53,18.59
5/10/2022 21:00,24.64,168.1,24.05,19.4,267.4,9.12,19.36
5/10/2022 22:00,23.86,168.4,21.43,18.97,267,3.944,16.31
5/10/2022 23:00,23.83,165.9,22.31,18.54,269.3,8.09,17.87
5/11/2022 0:00,24.67,164.7,22.94,19.41,270.8,9.66,20.85
5/11/2022 1:00,23.72,161.9,22.48,18.93,273.6,8.47,19.29
5/11/2022 2:00,22.08,162.2,21.26,17.47,273.2,6.768,17.02
5/11/2022 3:00,18.56,159.6,22.13,14.89,275.5,3.897,16.28
5/11/2022 4:00,18.27,160.2,17.6,14.81,275.7,3.13,13.68
5/11/2022 5:00,15.34,157.4,16.14,12.63,278.2,1.003,12.27
5/11/2022 6:00,11.63,150.7,12.42,9.95,284.4,0.003,3.277
5/11/2022 7:00,12.68,149.7,16.43,10.62,285.2,0.222,11.68
5/11/2022 8:00,14.47,153.1,16.14,12.12,282.1,1.516,12.75
5/11/2022 9:00,11.72,147.4,13.47,9.66,286.9,0.185,8.2
5/11/2022 10:00,12.28,147.4,14.34,10.19,287.7,0.396,9.83
5/11/2022 11:00,13.63,157.7,15.74,10.97,277.3,0.888,10.43
5/11/2022 12:00,10.72,157.5,14.63,8.48,276.5,0.066,9.2
5/11/2022 13:00,6.699,152.6,9.17,5.336,280.1,0,0
5/11/2022 14:00,4.019,149.1,8.41,3.433,281.7,0,0
5/11/2022 15:00,1.412,146.2,7.539,1.296,280.1,0,0
5/11/2022 16:00,2.138,134.2,6.725,1.978,287.5,0,0
5/11/2022 17:00,0.302,101.6,4.284,0.859,302.7,0,0
5/11/2022 18:00,3.674,144.9,5.679,3.381,288.2,0,0
5/11/2022 19:00,6.889,154.4,7.888,5.599,279.4,0,0
5/11/2022 20:00,7.908,146.1,13.82,7.506,288.8,0,0
5/11/2022 21:00,14.22,144.4,20.44,12.85,290.4,0.011,7.349
5/11/2022 22:00,14.79,143.5,20.5,12.16,290.5,1.404,19.25
5/11/2022 23:00,15.4,156.6,22.83,11.26,277.8,2.424,23.32
5/12/2022 0:00,11.44,161.4,21.61,8.03,272.1,1.123,23.71
5/12/2022 1:00,5.238,160.8,12.65,3.013,266.9,0.007,6.348
5/12/2022 2:00,8.58,158.9,16.14,5.67,272.4,0.254,13.14
5/12/2022 3:00,16.78,160,19.46,12.74,275.6,3.241,18.44
5/12/2022 4:00,16.01,149.2,19.4,13.05,286.5,3.16,18.51
5/12/2022 5:00,17.65,147.2,22.36,14.74,287.5,5.534,20.35
5/12/2022 6:00,18.11,145.6,21.55,15.66,289.4,6.146,18.77
5/12/2022 7:00,17.21,141.1,20.21,15.04,293.8,4.672,15.66
5/12/2022 8:00,18.77,138.3,21.37,16.73,296.7,6.687,19.7
5/12/2022 9:00,17.09,141,21.78,15.01,293.5,5.023,18.22
5/12/2022 10:00,19.23,138.8,21.49,16.98,296.1,7.195,20.48
5/12/2022 11:00,21.11,143.1,23.29,18.18,291.9,9.41,20.79
5/12/2022 12:00,22.81,141.5,25.62,19.71,293.4,10.92,24.91
5/12/2022 13:00,19.62,155.1,26.03,15.7,280.3,7.056,24.33
5/12/2022 14:00,19.29,163.1,23.76,14.49,272.5,5.399,23.4
5/12/2022 15:00,18.63,156.3,22.77,15.01,279.6,5.212,21.86
5/12/2022 16:00,19.79,149.1,22.42,16.64,286,6.794,19.9
5/12/2022 17:00,17.22,150.3,20.68,14.34,284.7,3.786,16.25
5/12/2022 18:00,16.48,150.5,18.12,13.74,284.4,2.797,14.91
5/12/2022 19:00,15.35,144.5,18.12,13.06,290.3,1.388,14.35
5/12/2022 20:00,14.35,144.8,17.25,12.22,290.2,0.715,11.26
5/12/2022 21:00,16.97,143.3,19.11,14.68,291.4,3.045,14.85
5/12/2022 22:00,16.08,149.8,17.65,13.54,285.5,2.559,13.58
5/12/2022 23:00,14.78,152.5,15.74,12.49,282.3,1.465,12.23
5/13/2022 0:00,16.01,156.6,16.38,13.15,278.3,1.873,11.61
5/13/2022 1:00,15.17,155.2,15.68,12.39,279.5,NAN,NAN
5/13/2022 2:00,14.98,153.4,16.14,12.44,281.1,1.503,11.79
5/13/2022 3:00,16.93,155.5,17.31,13.9,279.6,3.863,14.73
5/13/2022 4:00,17.67,155.5,19.05,14.97,280,5.425,15.59
5/13/2022 5:00,18.71,154.8,19.28,15.74,280.8,7.081,17.78
5/13/2022 6:00,19.99,152.2,20.74,16.94,282.4,8.9,18.07
5/13/2022 7:00,21.36,153.5,21.14,18.02,281.7,10.64,20.72
5/13/2022 8:00,21.97,152.3,22.25,18.43,282.5,11.03,21.01
5/13/2022 9:00,20,150.7,22.65,16.77,284.7,8.41,21.07
5/13/2022 10:00,17.67,150.5,22.07,14.91,284.3,5.48,17.62
5/13/2022 11:00,21.02,157.7,21.67,17.17,277.5,9.85,21.52
5/13/2022 12:00,21.79,158.4,22.07,17.73,277.1,10.11,19.04
5/13/2022 13:00,20.01,151.7,20.5,17.08,282.9,8.88,17.74
5/13/2022 14:00,19.73,148.5,23.12,17,286.4,7.533,17.76
5/13/2022 15:00,20.83,141.3,24.75,18.16,293.9,7.257,20.3
5/13/2022 16:00,18.04,149.1,19.05,15.26,286.5,5.091,17.48
5/13/2022 17:00,16.49,149.1,18.82,13.98,286.7,3.414,15.22
5/13/2022 18:00,16.88,145.5,20.68,14.56,289.8,3.254,16.36
5/13/2022 19:00,15.88,145.2,20.91,13.56,289.8,2.094,19.89
5/13/2022 20:00,15.28,147.1,19.22,12.99,288,1.843,15.9
5/13/2022 21:00,13.82,156.3,17.83,10.83,277.9,0.849,17.51
5/13/2022 22:00,6.008,159.6,15.1,3.793,269.4,0.027,8.59
5/13/2022 23:00,7.496,150.6,16.03,5.004,277.9,0.117,12.03
5/14/2022 0:00,12.58,157.4,17.36,9.33,276,0.659,15.01
5/14/2022 1:00,13.72,146.6,20.21,11.24,287.5,1.575,18.87
5/14/2022 2:00,15.21,141.3,17.89,13.13,293.7,2.119,14.95
5/14/2022 3:00,14.85,141.8,17.89,12.59,292.9,1.779,12.93
5/14/2022 4:00,14.99,150.7,17.25,12.53,284.7,1.948,15.17
5/14/2022 5:00,12.84,152.7,15.79,10.47,282.2,0.88,15.04
5/14/2022 6:00,13.99,145.3,17.65,11.93,289.8,1.639,13.13
5/14/2022 7:00,14.29,144.6,17.83,12.13,290.3,1.717,13.11
5/14/2022 8:00,15.13,149.1,17.95,12.66,286.2,2.488,16.42
5/14/2022 9:00,16.37,151.8,19.86,13.54,284,3.868,19.54
5/14/2022 10:00,16.63,156.5,20.27,13.41,279,4.021,19.37
5/14/2022 11:00,14.31,163.8,17.71,10.56,270.7,1.551,15.55
5/14/2022 12:00,9.63,171.7,16.08,6.507,260.9,0.258,12.62
5/14/2022 13:00,4.413,162.5,8.12,2.816,265.1,0,0
5/14/2022 14:00,5.253,158.2,11.2,3.322,270.3,0.005,5.791
5/14/2022 15:00,7.32,163.7,13.24,4.716,265.4,0.008,7.144
5/14/2022 16:00,9.49,164,13.47,6.489,268.3,0.016,5.014
5/14/2022 17:00,10.47,160.2,14.86,7.484,272.5,0.105,9.99
5/14/2022 18:00,6.889,148,12.25,4.84,281.7,0.002,2.594
5/14/2022 19:00,11.36,149.2,16.61,9.08,283.7,0.345,10.98
5/14/2022 20:00,14.09,143.8,16.61,12.07,290.1,1.084,12.71
5/14/2022 21:00,13.8,145.3,16.78,11.66,288.5,1.086,12.39
5/14/2022 22:00,9.55,151.2,16.96,7.345,280.4,0.351,12.13
5/14/2022 23:00,4.416,138,11.61,3.162,287.5,0,0
5/15/2022 0:00,8.38,135.4,14.22,7.248,296.7,0.011,4.966
5/15/2022 1:00,8.66,162,13,6.016,270.2,0.008,7.235
5/15/2022 2:00,8.37,147.3,12.89,6.593,284.1,0.007,5.619
5/15/2022 3:00,10.99,146.8,12.07,9.14,285.4,0,0
5/15/2022 4:00,10.35,151.6,11.55,8.51,281.7,0,0
5/15/2022 5:00,11.04,156.3,11.26,8.77,277.1,0.008,4.855
5/15/2022 6:00,9.88,158.2,12.07,7.781,275.5,0.009,3.84
5/15/2022 7:00,9.25,158.6,12.77,7.175,275,0,0
5/15/2022 8:00,12.3,151.7,14.92,9.98,281.8,0.283,10.77
5/15/2022 9:00,13.11,154.2,14.22,10.65,280.2,0.532,8.44
5/15/2022 10:00,12.55,159,14.52,9.96,275,0.237,8.6
5/15/2022 11:00,12.28,160.4,13.24,9.64,273.3,0.135,8.5
5/15/2022 12:00,12.05,161.9,12.89,9.38,271.8,0.081,5.802
5/15/2022 13:00,11.33,159.5,12.02,8.86,274.1,0.018,5.63
5/15/2022 14:00,11.12,160.2,10.74,8.74,273.4,0,0
5/15/2022 15:00,8.88,158.5,9.4,6.941,274.9,0,0
5/15/2022 16:00,8.72,163.6,8.47,6.626,269.3,0,0
5/15/2022 17:00,9.24,165.7,9.81,7.046,267.6,0,0
5/15/2022 18:00,11.2,169.1,10.04,8.42,264.7,0,0
5/15/2022 19:00,11.12,175.2,10.5,8.09,258.8,0,0
5/15/2022 20:00,12.43,170.5,13.47,9.36,263.5,0.017,5.045
5/15/2022 21:00,11.25,175,12.89,8.09,258.6,0,0
5/15/2022 22:00,10.89,182.8,10.62,7.499,250.8,0,0
5/15/2022 23:00,9.51,188.4,9.46,6.044,244,0,0
5/16/2022 0:00,9.97,186.9,9.52,6.368,244.9,0,0
5/16/2022 1:00,10.12,190.7,10.16,6.159,241.7,0,0
5/16/2022 2:00,9.15,192.5,12.02,5.432,241.8,0,0
5/16/2022 3:00,7.083,197.9,7.655,4.237,235.8,0,0
5/16/2022 4:00,7.345,200.3,8.47,4.541,234,0,0
5/16/2022 5:00,8.07,191.8,9.23,5.263,241.6,0,0
5/16/2022 6:00,8.78,181.3,9.92,6.063,252.2,0,0
5/16/2022 7:00,11.87,172.8,11.96,8.8,261.4,0.005,3.032
5/16/2022 8:00,13.01,159.1,13.64,10.5,274.6,0.208,6.873
5/16/2022 9:00,14.81,164,14.46,11.54,270.1,1.196,11.52
5/16/2022 10:00,15.31,161.7,15.33,12.13,271.9,1.494,10.98
5/16/2022 11:00,15.34,159.2,16.03,12.22,274.2,2.211,14.27
5/16/2022 12:00,13.73,156.8,15.33,11.07,276.3,1.063,12.54
5/16/2022 13:00,14.1,155.3,17.48,11.57,278.6,1.228,13.48
5/16/2022 14:00,10.7,153.6,12.42,9.38,280.2,0.017,3.662
5/16/2022 15:00,11.1,156.4,14.57,9.91,277.9,0,0
5/16/2022 16:00,12.23,157.3,13.88,10.63,276.3,0,0
5/16/2022 17:00,14.55,160.8,17.31,12.73,274,0.305,10.54
5/16/2022 18:00,12.45,165.4,13,10.37,268.7,0.054,6.051
5/16/2022 19:00,10.1,167.1,10.33,8.19,267.8,0,0
5/16/2022 20:00,10.61,163.6,11.32,8.55,270.7,0,0
5/16/2022 21:00,12.22,165.6,12.25,9.75,267.8,0,0
5/16/2022 22:00,11.33,171.4,12.31,8.66,262,0.01,6.176
5/16/2022 23:00,12.6,168.2,12.31,9.87,266.8,0,0
5/17/2022 0:00,14.03,169.4,15.33,11.61,265.5,0.122,11.69
5/17/2022 1:00,16.71,169.5,15.97,13.05,265.4,0.744,10.88
5/17/2022 2:00,17.24,170.5,16.67,12.94,264.5,0.832,13.36
5/17/2022 3:00,18.05,172,16.26,13.32,262.8,1.553,13.1
5/17/2022 4:00,20.44,171,17.54,15.18,263.9,3.813,13.05
5/17/2022 5:00,21.17,170.5,18.64,15.86,264.9,5.221,14.66
5/17/2022 6:00,19.84,169.4,18.18,15.04,266,4.526,13.54
5/17/2022 7:00,21.8,170.8,18.53,16.39,264.3,6.183,14.47
5/17/2022 8:00,23.76,172.5,20.5,17.75,262.4,7.678,17.1
5/17/2022 9:00,24.11,174.3,20.97,17.84,260.3,7.555,18.83
5/17/2022 10:00,26.04,174.2,23.24,18.99,260.1,9.28,19.51
5/17/2022 11:00,29.36,175.3,25.33,21.51,258.6,11.8,24.07
5/17/2022 12:00,31.61,175.5,26.9,22.99,258.7,13.71,25.85
5/17/2022 13:00,31.86,174.9,26.26,23.42,259.2,3.336,24.28
5/17/2022 14:00,32.27,173.7,28.06,23.95,260.8,0,0
5/17/2022 15:00,32.05,174.6,28.18,23.76,260.2,0,0
5/17/2022 16:00,29.99,175.8,27.01,21.65,258.7,0,0
5/17/2022 17:00,29.94,169.2,25.68,22.4,265.9,0,0
5/17/2022 18:00,28.39,163.3,25.39,22.38,271.6,6.548,22.5
5/17/2022 19:00,24.76,160.5,25.73,19.87,274.6,40.83,61.93
5/17/2022 20:00,22.08,157.4,25.5,17.86,277.1,46.43,59.9
5/17/2022 21:00,21.78,154.4,24.17,18.54,280.5,54.27,64.15
5/17/2022 22:00,14.83,147.6,20.68,13.78,279.2,NAN,NAN
5/17/2022 23:00,12.87,142.4,13.47,10.75,276.5,61.93,62.84
5/18/2022 0:00,15.04,142.4,15.1,12.29,269.8,58.6,61.48
5/18/2022 1:00,15.89,142.5,16.61,13.41,268.4,41.16,47.78
5/18/2022 2:00,16.8,155.7,16.03,14.3,270.5,26.26,40.38
5/18/2022 3:00,17.17,163,16.43,14.82,271.8,5.498,21.59
5/18/2022 4:00,18.76,164.9,17.07,15.59,270.6,0.055,10.54
5/18/2022 5:00,18.25,167.6,17.19,14.3,268.4,0,0
5/18/2022 6:00,20.5,167.8,19.69,15.5,268.9,0,0
5/18/2022 7:00,23.11,167.7,21.03,17.51,269.2,0,0
5/18/2022 8:00,23.71,166.3,21.67,18.34,270.1,0,0
5/18/2022 9:00,23.69,166.2,23.93,18.5,269.8,0,0
5/18/2022 10:00,24.05,167.5,23.7,18.6,268.7,0,0
5/18/2022 11:00,24.04,168.8,24.22,18.29,266,0,0
5/18/2022 12:00,24.38,163.2,22.6,19.2,271.1,0,0
5/18/2022 13:00,27.57,164.4,23.76,21.6,270.6,0,0
5/18/2022 14:00,28.5,165.1,24.17,22.16,270.5,0,0
5/18/2022 15:00,26.75,168.5,24.28,20.05,266.7,0,0
5/18/2022 16:00,23.93,168,20.97,18.16,267.3,44.71,64.51
5/18/2022 17:00,17.89,164.7,17.54,14.4,270.1,51.59,62.8
5/18/2022 18:00,19.06,169.2,17.71,14.34,266,5.271,28.79
5/18/2022 19:00,16.17,173.2,16.49,12.1,261.4,0,0
5/18/2022 20:00,15.28,169.3,13.41,11.7,265.6,0,0
5/18/2022 21:00,16.87,172.3,14.28,12.86,262.8,0,0
5/18/2022 22:00,15.66,173.7,13.76,11.84,261.3,0,0
5/18/2022 23:00,14.29,174.8,13.29,10.6,259.9,0,0
5/19/2022 0:00,13.85,174.3,13.06,10.35,260.5,0.637,14.8
5/19/2022 1:00,13.01,171.6,12.13,9.8,263.1,NAN,NAN
5/19/2022 2:00,12.52,167,11.84,9.6,267.8,37.31,48.4
5/19/2022 3:00,13.44,166.5,12.83,10.32,268.2,49.99,54.7
5/19/2022 4:00,13.47,163.7,12.71,10.77,271.4,51.88,55.49
5/19/2022 5:00,13.45,164.1,13,10.63,270.8,53,55.17
5/19/2022 6:00,13.06,154,16.03,10.88,280.6,43.42,55.94
5/19/2022 7:00,12.16,153.6,13.99,10.09,280.6,23.88,39.14
5/19/2022 8:00,14.65,162.1,14.05,11.8,272.6,0,0
5/19/2022 9:00,18.12,163.6,16.9,14.55,271.6,0,0
5/19/2022 10:00,21.7,167.6,20.44,16.47,267.5,25.16,58.44
5/19/2022 11:00,24.8,167.7,22.31,18.62,267,17.68,53.09
5/19/2022 12:00,20.63,157.2,21.49,16.75,277.4,2.738,16.78
5/19/2022 13:00,21.19,149.6,21.32,17.85,284.6,0,0
5/19/2022 14:00,20.41,152.1,20.44,17.04,282.3,0,0
5/19/2022 15:00,18.32,149.3,21.32,15.3,285.3,0,0
5/19/2022 16:00,18.29,150.9,18.7,15.44,283.7,0,0
5/19/2022 17:00,19.03,151.3,20.74,15.92,282.9,0,0
5/19/2022 18:00,18.89,149.9,19.34,15.81,284.1,0,0
5/19/2022 19:00,18.9,149.5,19.63,15.87,284.8,0,0
5/19/2022 20:00,19.96,152.8,19.98,16.68,282.2,0,0
5/19/2022 21:00,19.15,153.6,19.46,15.83,280.9,15.68,51.99
5/19/2022 22:00,18.59,154.7,20.27,15.3,279.7,52.34,63.39
5/19/2022 23:00,15.94,151.3,16.32,13.47,283.2,59.84,63.21
5/20/2022 0:00,15.92,152.4,16.14,13.64,282.2,62.54,65.65
5/20/2022 1:00,15.57,157.7,16.03,13.47,277.4,61.66,64.16
5/20/2022 2:00,18.98,160.5,17.42,14.33,275.1,61.3,63.53
5/20/2022 3:00,19.41,165.8,18.47,15.12,269.5,61.16,63.35
5/20/2022 4:00,18.41,170.8,16.96,13.65,264.7,61.45,63.33
5/20/2022 5:00,14.27,172.4,12.71,9.37,262.2,61.6,63.42
5/20/2022 6:00,16,173.1,14.81,11.06,263.1,60.54,62.45
5/20/2022 7:00,16.7,173.8,14.86,11.8,261.4,50.56,62.44
5/20/2022 8:00,16.84,174.6,16.2,12.14,259.9,5.101,22.55
5/20/2022 9:00,17.7,176,16.32,13.03,258.5,1.353,11.6
5/20/2022 10:00,18.35,173.5,16.55,13.55,261.1,3.979,26.67
5/20/2022 11:00,17.97,172.3,16.26,13.38,262.2,10.55,42.43
5/20/2022 12:00,17.1,171.7,14.81,12.67,263,21.89,64.21
5/20/2022 13:00,15.99,163.5,15.04,12.5,271.3,12.57,34.72
5/20/2022 14:00,13.4,150.6,15.21,11.29,284.6,6.716,29.26
5/20/2022 15:00,7.422,143.6,12.95,5.918,285.8,31.2,37.71
5/20/2022 16:00,4.467,134.6,10.97,3.314,287.3,36.29,41.99
5/20/2022 17:00,5.794,144.1,9.52,4.437,285,39.12,42.11
5/20/2022 18:00,4.04,152,8.93,2.956,275.1,42.74,44.78
5/20/2022 19:00,5.329,143,8.18,4.449,288.1,46.87,51.24
5/20/2022 20:00,4.182,157.7,5.214,3.119,270.6,52.33,54.68
5/20/2022 21:00,4.997,179.2,5.214,3.316,250.8,55.83,57.57
5/20/2022 22:00,5.147,178.7,4.865,3.383,252.1,57.81,58.89
5/20/2022 23:00,7.489,182,7.714,5.193,250.4,58.93,60.28
5/21/2022 0:00,8.06,193.4,8,5.594,238,59.69,60.7
5/21/2022 1:00,7.245,181.9,9.4,4.944,250.6,58.99,60.14
5/21/2022 2:00,3.073,179.8,5.098,1.91,250.1,57.71,61.71
5/21/2022 3:00,0.233,176.7,2.365,0.586,269.6,54.36,58.07
5/21/2022 4:00,0.08,120.4,4.284,0.776,295.7,55.1,59.51
5/21/2022 5:00,2.008,106.7,6.144,2.199,313.8,55.11,61.29
5/21/2022 6:00,3.052,149.2,7.074,2.219,271.6,58.3,63.41
5/21/2022 7:00,2.43,153.5,5.505,1.563,263,61.83,64.58
5/21/2022 8:00,1.909,154.1,4.574,1.372,262.5,61.17,63.44
5/21/2022 9:00,5.927,165.3,7.83,4.013,264.7,61.65,63.3
5/21/2022 10:00,2.689,150,7.132,2.086,275.9,61.62,63.69
5/21/2022 11:00,7.534,152.9,10.74,5.789,278.8,61.28,63.47
5/21/2022 12:00,11.07,165.6,11.03,8.23,267.6,59.19,62.15
5/21/2022 13:00,8.54,161,9.34,6.377,271.2,49.8,55.92
5/21/2022 14:00,8.01,159.4,10.16,5.868,272.4,45.79,55.81
5/21/2022 15:00,9.39,151.4,13,7.571,280.6,5.572,23.1
5/21/2022 16:00,12.16,168.1,11.43,9.12,265.6,0,0
5/21/2022 17:00,10.76,179,10.56,7.568,255.3,0,0
5/21/2022 18:00,12.39,172.5,13.7,9,261.4,0.371,6.405
5/21/2022 19:00,14.01,173.9,16.84,10.11,260,11.39,44.51
5/21/2022 20:00,22.84,171.7,20.97,16.52,261.2,32.24,45.05
5/21/2022 21:00,26.52,170.5,24.75,19.51,262,53.72,62.5
5/21/2022 22:00,24.54,172.5,22.89,18.72,261.3,58.83,61.95
5/21/2022 23:00,19.84,176.1,18.53,14.72,257.1,60.3,60.74
5/22/2022 0:00,17.78,180.7,16.26,12.82,251.9,60.24,60.83
5/22/2022 1:00,14.91,177.1,14.75,11.08,256.3,NAN,NAN
5/22/2022 2:00,13.85,169,12.89,10.49,264.4,59.2,61.56
5/22/2022 3:00,15.48,168.5,14.22,11.26,264.9,34.32,58.8
5/22/2022 4:00,16.29,162.8,17.77,12.36,270.8,40.71,61.67
5/22/2022 5:00,15.64,174.9,18,11,258.5,61.32,63
5/22/2022 6:00,13.86,181.4,15.56,9.59,250.4,61.36,63.18
5/22/2022 7:00,10.74,192.4,11.72,6.507,238.8,61.11,62.73
5/22/2022 8:00,16.32,187.5,15.27,10.63,244.7,60.56,62.26
5/22/2022 9:00,14.3,193.1,15.79,9.9,238.4,60.91,63.13
5/22/2022 10:00,15.07,187.7,14.28,10.16,244.2,59.88,61.15
5/22/2022 11:00,16.23,185.1,16.96,11.29,247,60,60.85
5/22/2022 12:00,16.47,173.5,15.97,12.14,259.1,47.79,61.76
5/22/2022 13:00,18.63,165.8,17.42,14.28,266.6,38.41,44.12
5/22/2022 14:00,17.41,161,17.89,13.89,271.4,42.26,45.67
5/22/2022 15:00,15.34,164.2,15.1,11.92,267.6,50.41,57.15
5/22/2022 16:00,17.1,165.3,16.78,13.32,266.7,56.5,62.2
5/22/2022 17:00,14.31,162.5,17.71,11.39,269.7,48.51,60.54
5/22/2022 18:00,10.56,166.9,15.62,8.16,265.8,60.16,61.81
5/22/2022 19:00,9.31,170.8,9.69,6.784,260.9,29.71,60.94
5/22/2022 20:00,11.46,180.7,11.43,7.965,252.4,9.76,32.18
5/22/2022 21:00,14.8,176.6,14.86,10.74,256.2,6.987,32.49
5/22/2022 22:00,19.36,167.6,18.06,14.69,264.6,3.654,33.21
5/22/2022 23:00,17.61,170,18.7,13.81,262.2,59.87,61.95
5/23/2022 0:00,16.66,175.3,15.85,12.81,258.6,60.88,61.26
5/23/2022 1:00,14.38,179.4,15.74,11.18,253.8,60.88,61.22
5/23/2022 2:00,15.87,178.4,17.95,12.54,254.8,60.99,63.49
5/23/2022 3:00,16.98,183.5,17.01,13.04,248.1,61.27,64.54
5/23/2022 4:00,15.47,184.6,19.4,12.09,247.4,61.7,64.16
5/23/2022 5:00,14.46,181.3,15.45,10.96,249.3,62.09,63.84
5/23/2022 6:00,10.74,184.3,17.36,9.24,247.1,61.69,63.71
5/23/2022 7:00,9.81,179.3,10.45,7.901,251.6,61.1,62.2
5/23/2022 8:00,10.06,175.9,9.98,8.4,255.2,60.78,62.92
5/23/2022 9:00,10.42,176.3,12.25,9.64,255.3,60.76,63.51
5/23/2022 10:00,10.71,179.9,13.93,11.27,252.9,55.3,59.49
5/23/2022 11:00,19.4,182.2,16.96,12.74,250.7,40.52,51
5/23/2022 12:00,18.21,180.1,14.75,12.47,252.6,26.2,34.63
5/23/2022 13:00,17.87,180.7,17.07,12.13,251.7,21.18,29.77
5/23/2022 14:00,16.93,183.1,14.75,11.37,249.2,0.478,12.46
5/23/2022 15:00,15.09,185.7,15.27,9.63,246.8,0,0
5/23/2022 16:00,13.83,189.4,13.29,8.6,243,0,0
5/23/2022 17:00,12.62,188,12.19,8.1,244.9,0,0
5/23/2022 18:00,13.74,183.4,12.71,9.36,249.7,0,0
5/23/2022 19:00,11.82,185.3,11.67,7.839,247.7,0,0
5/23/2022 20:00,10.58,186.3,10.85,6.802,246.5,6.718,15.88
5/23/2022 21:00,11.59,186.7,13.29,7.474,245.3,12.18,33.08
5/23/2022 22:00,15.66,170.5,15.97,11.56,261.6,33.03,54.56
5/23/2022 23:00,14.91,160.3,16.72,12.1,271.7,60.83,63.51
5/24/2022 0:00,13.13,172.6,13.59,9.73,259.5,58.4,61.68
5/24/2022 1:00,13.5,185,13.18,9.16,248.1,61.37,64.15
5/24/2022 2:00,12.46,188.3,13.06,8.29,244.3,NAN,NAN
5/24/2022 3:00,12.06,187.4,11.55,8.08,245.8,56.61,65.15
5/24/2022 4:00,13.04,199.6,13,9.05,232.5,62.46,66.46
5/24/2022 5:00,14.06,192.1,13.53,10.16,240.2,62.17,63.96
5/24/2022 6:00,14.87,187.9,14.46,10.2,244.9,62.01,64.1
5/24/2022 7:00,12.58,175.4,13.82,8.69,239.8,62.35,64.5
5/24/2022 8:00,10.46,171.6,12.07,7.832,241.7,62.41,64.58
5/24/2022 9:00,8.93,171.6,10.33,7.035,243.8,61.88,64.38
5/24/2022 10:00,10.26,184.7,10.5,7.843,240.8,61.17,63.61
5/24/2022 11:00,10.79,191.1,9.23,7.601,238.2,60.28,62.66
5/24/2022 12:00,10.14,191.8,9.46,6.75,238.4,57.43,61.45
5/24/2022 13:00,10.93,190.9,10.21,7.096,241.2,49.18,60.28
5/24/2022 14:00,12.46,190.8,11.38,7.85,240.7,38.23,55.64
5/24/2022 15:00,15.84,197.7,15.79,9.88,235.5,56.51,61.71
5/24/2022 16:00,19.09,201.4,16.49,10.95,231.7,61.02,62.4
5/24/2022 17:00,19.21,201.4,14.28,10.93,231.5,60.48,61.3
5/24/2022 18:00,19.47,201.9,16.03,11.38,232.3,60.71,61.4
5/24/2022 19:00,16.25,196.7,12.83,9.98,237.2,60.28,60.87
5/24/2022 20:00,18.1,197.6,13.53,11.18,235.9,59.5,60.05
5/24/2022 21:00,19.88,199.9,15.68,12.09,233.9,42.39,59.78
5/24/2022 22:00,17.84,197.2,14.69,11.74,235.4,29.68,32.23
5/24/2022 23:00,17.05,197.4,15.97,11.52,235.6,24.93,31.78
5/25/2022 0:00,17.21,196.3,17.13,12.47,236.3,10.46,24.97
5/25/2022 1:00,16.83,194.6,17.83,13,237.8,NAN,NAN
5/25/2022 2:00,14.17,194.6,14.28,10.82,239.1,61.19,63.87
5/25/2022 3:00,13.87,198.6,13.7,10.22,234.2,60.59,62.83
5/25/2022 4:00,15.56,198.2,16.84,12.01,235.3,60.3,62.22
5/25/2022 5:00,17.27,200.8,17.42,14.26,233.3,61.06,62.46
5/25/2022 6:00,16,200.4,16.49,12.8,233.7,61.63,63.39
5/25/2022 7:00,14.67,200,18.88,12.97,234.9,61.73,63.81
5/25/2022 8:00,16.78,214.7,18.12,12.24,219.3,61.71,63.2
5/25/2022 9:00,15.27,202.4,15.91,11.53,229.5,61.43,63.61
5/25/2022 10:00,12.55,191.4,13.82,10.25,239.2,61.76,63.49
5/25/2022 11:00,11.29,191,12.65,8.23,240.9,61.63,63.73
5/25/2022 12:00,10.48,197.6,14.28,7.852,234.2,61.64,63.81
5/25/2022 13:00,9.95,194.7,16.14,9.8,237.6,61.17,64.17
5/25/2022 14:00,10.09,191,13.59,10.08,240.8,60.02,62.2
5/25/2022 15:00,11.85,193.9,15.45,11.17,238,60.08,60.78
5/25/2022 16:00,16.44,195,17.07,11.67,236.2,59.69,60.17
5/25/2022 17:00,19.87,198.3,18.12,13.72,234.2,58.01,59.86
5/25/2022 18:00,18.93,192.5,19.69,13.38,240.4,52.12,55.54
5/25/2022 19:00,17.69,188.7,16.78,12.88,244.9,50.06,52.56
5/25/2022 20:00,18.18,188.6,15.97,12.92,244.9,50.2,53.62
5/25/2022 21:00,17.41,188,15.39,12.42,245.4,46.75,59.66
5/25/2022 22:00,15.97,185.7,14.92,11.8,247.2,60.46,62.82
5/25/2022 23:00,15.92,183.5,14.86,11.55,248.7,59.45,60.01
5/26/2022 0:00,20.97,182.8,19.28,15.01,249.7,48.45,60
5/26/2022 1:00,22.66,183.5,19.11,16.21,249.9,9.65,23.95
5/26/2022 2:00,21.82,184.2,18.18,14.99,248.3,0.292,14.57
5/26/2022 3:00,21.45,184.5,17.95,14.39,248.4,0,0
5/26/2022 4:00,22.82,183.3,19.86,15.55,249.4,0,0
5/26/2022 5:00,22.95,182.5,19.05,16.08,250.7,0,0
5/26/2022 6:00,22.63,180.2,18.7,16.59,253,0,0
5/26/2022 7:00,22.72,180.2,20.97,16.66,253.2,7.793,24.12
5/26/2022 8:00,25.98,181,22.77,18.89,252.4,0,0
5/26/2022 9:00,26.7,181.2,21.96,18.84,251.7,1.454,25.37
5/26/2022 10:00,22.25,185.4,20.27,15.07,247.4,47.79,62.91
5/26/2022 11:00,20.46,181.9,19.11,14.21,251,55.66,63.42
5/26/2022 12:00,19.93,179.4,18.58,14.54,253.5,6.855,32.64
5/26/2022 13:00,18.54,179.5,16.08,13.5,252.9,9.38,33.72
5/26/2022 14:00,16.13,180.3,14.46,11.56,252.2,19.2,40.26
5/26/2022 15:00,11.95,176.2,12.77,8.96,256.3,10.66,54.87
5/26/2022 16:00,10.5,179.6,11.49,7.687,252.7,23.19,61.92
5/26/2022 17:00,13.6,177.9,12.54,9.97,254.9,0,0
5/26/2022 18:00,11.66,176.2,10.79,8.7,256.3,0,0
5/26/2022 19:00,10.52,177.8,11.38,7.795,254.5,0,0
5/26/2022 20:00,11.72,171.3,11.38,8.8,260.7,0,0
5/26/2022 21:00,10.58,169.7,9.28,7.901,261.8,0,0
5/26/2022 22:00,8.73,168.2,8.18,6.551,262.6,0,0
5/26/2022 23:00,7.548,169.7,6.958,5.632,261.6,0,0
5/27/2022 0:00,5.778,174.3,5.621,4.126,254.9,0,0
5/27/2022 1:00,4.866,184.9,5.098,3.331,244.1,0,0
5/27/2022 2:00,2.933,195.8,4.226,2.342,228.3,0,0
5/27/2022 3:00,1.412,167.9,4.109,1.578,265.1,0,0
5/27/2022 4:00,0.276,133.7,3.877,0.647,308.7,0.33,9.98
5/27/2022 5:00,0.002,316.5,2.307,0.279,229.3,3.822,20.72
5/27/2022 6:00,0.171,98.4,6.377,0.869,277.4,9.96,42.73
5/27/2022 7:00,0.209,127.3,5.039,0.442,232.7,56.91,63.05
5/27/2022 8:00,1.809,165.3,6.377,1.502,245.9,58.97,62.26
5/27/2022 9:00,4.427,166.8,7.132,3.092,257.8,61.3,63.8
5/27/2022 10:00,1.523,164,4.749,1.347,241.3,61.72,64.1
5/27/2022 11:00,3.943,174.4,6.609,2.625,251.8,61.7,63.85
5/27/2022 12:00,4.069,165.2,6.609,2.599,256.9,61.98,63.87
5/27/2022 13:00,1.355,91.6,5.737,0.925,281.6,61.61,64.4
5/27/2022 14:00,1.796,103.9,7.132,1.068,278.5,61.33,62.45
5/27/2022 15:00,0.048,162.5,1.203,0.068,231.4,61.61,62.02
5/27/2022 16:00,0.218,85.8,5.33,0.205,228.3,61.62,62.11
5/27/2022 17:00,0.001,119,2.191,0.5,240.6,61.88,62.39
5/27/2022 18:00,3.645,163.8,4.4,2.037,260.5,61.79,62.18
5/27/2022 19:00,2.134,169.2,4.458,1.492,258.4,61.67,62.14
5/27/2022 20:00,3.367,159.7,4.807,2.307,267.4,61.65,62.02
5/27/2022 21:00,1.048,151.8,4.691,0.81,305.1,61.39,61.92
5/27/2022 22:00,0.317,140.9,2.365,0.565,286.6,60.92,61.52
5/27/2022 23:00,1.86,173.4,4.691,1.287,256.9,61.19,61.6
5/28/2022 0:00,0.052,92.5,1.958,0.238,335.7,60.58,61.05
5/28/2022 1:00,0.116,95.3,3.586,0.275,325.5,NAN,NAN
5/28/2022 2:00,0.244,104.5,3.295,0.26,282.1,61.58,66.15
5/28/2022 3:00,1.6,107.4,6.028,1.457,307,61.33,64.78
5/28/2022 4:00,0.529,102.6,5.039,1.682,317.2,60.63,63.05
5/28/2022 5:00,0.733,100.4,6.028,1.829,318.3,60.93,62.76
5/28/2022 6:00,2.563,114.9,9.75,2.98,308.7,61.14,63.3
5/28/2022 7:00,3.599,104.8,8.76,3.811,316.4,61.42,63.54
5/28/2022 8:00,1.228,111.9,7.655,1.34,283.6,62.71,64.38
5/28/2022 9:00,2.759,146.8,5.388,2.069,275.7,62.08,64.09
5/28/2022 10:00,5.373,149.7,7.888,3.881,278.2,62.1,64.73
5/28/2022 11:00,6.03,154.2,6.144,3.989,274.6,62.99,64.51
5/28/2022 12:00,4.72,157.6,8.35,3.099,268.4,62.3,65.48
5/28/2022 13:00,1.743,173.5,5.621,1.149,250.9,62.2,64.67
5/28/2022 14:00,0.467,154.5,4.226,0.472,259.9,62.49,64.69
5/28/2022 15:00,0.827,148,5.795,0.512,253,61.8,62.83
5/28/2022 16:00,0.108,328.6,4.4,0.126,238.7,61.6,62.14
5/28/2022 17:00,0.915,182,3.644,0.566,230.9,61.83,62.73
5/28/2022 18:00,0.14,187.6,2.191,0.173,244.2,61.65,62.53
5/28/2022 19:00,0.07,59.15,2.83,0.148,298,61.7,62.15
5/28/2022 20:00,0.105,125.1,3.121,0.289,262.6,61.52,62.08
5/28/2022 21:00,2.317,147.3,7.772,1.904,276.5,61.81,62.46
5/28/2022 22:00,0.418,254.9,2.423,0.308,211.6,61.09,61.6
5/28/2022 23:00,0.456,203.3,4.284,0.378,251.9,61.2,61.57
5/29/2022 0:00,0.807,179.8,4.226,0.475,241.5,61.31,61.71
5/29/2022 1:00,0.808,46.02,4.167,0.506,229,61.61,62.48
5/29/2022 2:00,0.148,235.9,3.295,0.357,228.2,61.66,65.77
5/29/2022 3:00,0.124,125.8,3.354,0.414,248.8,61.98,64.1
5/29/2022 4:00,2.636,112.1,7.946,2.245,308.8,60.99,64.8
5/29/2022 5:00,4.845,140.7,8.99,3.743,285.6,59.54,62.59
5/29/2022 6:00,7.303,148.7,10.45,5.775,282.1,52.26,58.84
5/29/2022 7:00,6.49,131.1,9.23,5.925,298.7,44.19,49.07
5/29/2022 8:00,8.67,140.4,10.33,7.417,290.8,38.63,62.32
5/29/2022 9:00,5.935,144.6,9.34,4.816,284.4,61.3,65.43
5/29/2022 10:00,4.02,131.2,8.24,3.796,293.9,61.23,64.94
5/29/2022 11:00,0.459,151.7,4.342,0.575,218.9,49.49,54.16
5/29/2022 12:00,1.129,148,5.563,1.157,259.2,41.87,47.85
5/29/2022 13:00,1.308,162.8,4.458,1.29,257.3,36.6,46.13
5/29/2022 14:00,3.612,103.5,8.06,3.393,322.2,26.07,35.39
5/29/2022 15:00,3.481,88.8,5.039,3.604,338.9,12.58,19.68
5/29/2022 16:00,3.974,121.1,5.737,3.548,304.2,0,0
5/29/2022 17:00,5.659,127.8,7.249,4.883,299.9,0,0
5/29/2022 18:00,5.654,130.8,8.12,4.748,297.6,0,0
5/29/2022 19:00,5.409,133.1,7.888,4.546,294.7,0,0
5/29/2022 20:00,6.959,133.5,9.4,5.928,296.5,0,0
5/29/2022 21:00,7.134,129.9,9.75,6.437,300.1,5.112,18.99
5/29/2022 22:00,5.789,115.8,10.56,6.124,313.4,0,0
5/29/2022 23:00,5.723,115.7,10.97,5.863,312.6,0,0
5/30/2022 0:00,6.324,116.8,9.81,7.183,313,0,0
5/30/2022 1:00,7.653,133.5,9.28,6.459,294.8,8.69,19.48
5/30/2022 2:00,6.947,141.4,8.41,5.624,288,0.056,10.95
5/30/2022 3:00,8.64,142.1,9.28,7.04,288.3,1.297,14.67
5/30/2022 4:00,8.88,151.2,8.82,7.199,279.6,0,0
5/30/2022 5:00,8.45,142.4,12.25,6.801,287.2,2.873,13.45
5/30/2022 6:00,6.465,135.8,11.84,5.262,290.9,15.53,23.52
5/30/2022 7:00,10.98,152.4,12.25,8.74,279.5,23.16,29.31
5/30/2022 8:00,11.42,141.6,13.29,9.52,289.9,19,36.49
5/30/2022 9:00,12.55,143.1,14.17,10.55,289.2,25.2,35.3
5/30/2022 10:00,12.66,144.6,14.22,10.57,287,33.79,46.25
5/30/2022 11:00,12.2,144.7,13.82,10.14,287.3,22.24,31.7
5/30/2022 12:00,12.19,146.5,14.34,10.07,285,26.72,36.54
5/30/2022 13:00,12.35,139.9,14.17,10.3,291.1,7.947,26
5/30/2022 14:00,11.16,141.2,12.83,9.23,289.9,3.582,14.55
5/30/2022 15:00,10.45,145.3,11.09,8.64,285.6,0,0
5/30/2022 16:00,10.04,149.7,10.21,8.3,281.4,0,0
5/30/2022 17:00,9.78,148.8,9.86,8.12,282.7,0,0
5/30/2022 18:00,9.35,146.7,9.86,7.742,284.1,14.44,50.77
5/30/2022 19:00,10.42,147.5,11.32,8.67,283.4,50.86,58.15
5/30/2022 20:00,10.76,151.3,11.03,8.92,280.2,44.88,53.73
5/30/2022 21:00,8.91,136.3,10.68,7.612,294.4,37.04,47.27
5/30/2022 22:00,8.04,134.3,10.62,6.824,296,44.41,53.96
5/30/2022 23:00,10.15,136.1,11.72,8.59,295,21.22,49.73
5/31/2022 0:00,10.16,151,11.9,8.43,280.6,61.9,65.29
5/31/2022 1:00,8.84,148.9,9.4,7.34,281.8,NAN,NAN
5/31/2022 2:00,6.67,146,7.539,5.422,283,3.598,19.2
5/31/2022 3:00,4.851,144.3,5.621,3.789,282,0,0
5/31/2022 4:00,6.048,147.2,6.086,4.742,281.3,0,0
5/31/2022 5:00,7.301,150.7,8,5.775,279.1,0,0
5/31/2022 6:00,9.72,152,10.85,7.897,279.6,0.021,7.451
5/31/2022 7:00,10.33,150.2,12.19,8.5,281,0.119,5.181
5/31/2022 8:00,10.6,153.6,12.25,8.53,277.6,21.59,40.58
5/31/2022 9:00,10.57,155.2,11.84,8.37,275.6,44.99,61.19
5/31/2022 10:00,9.93,150.2,11.55,8.03,281.1,54.19,64.03
5/31/2022 11:00,11.1,150.6,13.41,9.1,281.2,40.35,54.34
5/31/2022 12:00,9.1,163,11.9,6.711,267.5,42.54,48.65
5/31/2022 13:00,6.834,161.2,9.11,4.917,268,30.14,47.89
5/31/2022 14:00,6.065,144.9,7.946,4.759,283.9,10.34,24.14
5/31/2022 15:00,6.523,143.5,6.783,5.279,285.5,13.77,21.12
5/31/2022 16:00,5.861,148.2,6.842,4.628,279.9,18.35,23.53
5/31/2022 17:00,6.884,154.5,7.888,5.246,274.3,5.511,23.82
5/31/2022 18:00,6.435,147.9,7.714,5.264,281,8.58,22.44
5/31/2022 19:00,7.582,139.3,8.82,6.264,290.4,14.91,18.17
5/31/2022 20:00,7.739,137.4,8.59,6.363,292.5,11.79,14.59
5/31/2022 21:00,7.478,143.4,7.714,6.102,286.2,16.63,19.76
5/31/2022 22:00,7.789,145.2,8.53,6.422,284.8,19.61,22.67
5/31/2022 23:00,7.726,147.9,9.05,6.396,282.2,17.01,22.64
6/1/2022 0:00,8.64,150.3,9.52,7.18,280.3,10.04,34.27
6/1/2022 1:00,7.587,154.7,7.132,5.996,275.1,2.564,30.33
6/1/2022 2:00,6.944,158,6.725,5.347,271.1,1.004,15.43
6/1/2022 3:00,5.304,159.9,5.272,3.905,267.5,0,0
6/1/2022 4:00,7.384,160.7,6.9,5.617,269,4.913,17.55
6/1/2022 5:00,7.873,167.2,6.667,5.771,262.9,0.017,5.341
6/1/2022 6:00,8.11,170.7,8.12,5.835,259.8,0,0
6/1/2022 7:00,9.87,166.5,9.11,7.326,264.6,0.309,13.58
6/1/2022 8:00,11.56,161.2,11.67,9.04,270.2,0.18,8.99
6/1/2022 9:00,12.24,157.5,12.6,9.81,274.6,0.89,12.01
6/1/2022 10:00,10.89,153.2,11.49,8.77,278,14.51,32.41
6/1/2022 11:00,9.44,151.8,11.26,7.581,278.6,15.74,27.48
6/1/2022 12:00,10.63,150.3,12.71,8.57,280.7,18.35,40.96
6/1/2022 13:00,7.651,154.9,11.72,5.754,274.8,53.37,60.81
6/1/2022 14:00,7.8,145.4,9.52,6.364,284.6,40.42,52.8
6/1/2022 15:00,8.25,141.2,10.5,6.744,289.3,24.2,48.13
6/1/2022 16:00,8.55,139.2,12.02,7.315,291.9,9.35,29.58
6/1/2022 17:00,8.73,142.1,11.09,7.278,289.1,21.34,40.23
6/1/2022 18:00,7.041,135.2,8.99,6.017,294.6,45.5,48.7
6/1/2022 19:00,7.502,138.5,9.11,6.109,291.3,15.16,46.81
6/1/2022 20:00,7.525,137.4,8.29,6.28,292.6,13.76,40.85
6/1/2022 21:00,6.993,141.5,8.24,5.722,287.9,0.002,2.554
6/1/2022 22:00,7.582,142.8,8.12,6.222,287.3,7.117,19.14
6/1/2022 23:00,8.16,140.5,8.53,6.795,289.6,20.86,27.55
6/2/2022 0:00,8.28,141.3,9.17,6.925,288.9,18.29,28.43
6/2/2022 1:00,7.761,139.1,8.59,6.475,290.4,26.01,31.81
6/2/2022 2:00,6.001,137.8,7.946,4.915,290.4,26.49,36.2
6/2/2022 3:00,5.304,143,6.202,4.263,284.4,6.906,23.24
6/2/2022 4:00,8.09,154,8.88,6.373,276.1,0.112,11.63
6/2/2022 5:00,7.648,156.7,8,6.015,273.5,0.024,8.95
6/2/2022 6:00,6.262,153.9,7.539,5.01,274.6,2.844,16.84
6/2/2022 7:00,6.225,144.2,8.76,5.223,284.5,13.2,27.2
6/2/2022 8:00,6.51,147.4,8.88,5.402,281.5,0.63,12.7
6/2/2022 9:00,7.023,147.8,8.64,5.731,281.7,4.191,17.45
6/2/2022 10:00,7.639,150.3,8.35,6.226,279.7,3.002,19.85
6/2/2022 11:00,8.74,148.3,9.11,7.243,282.4,5.325,21.73
6/2/2022 12:00,8.15,143.2,8.59,6.863,286.9,0.446,12.12
6/2/2022 13:00,7.906,142.7,8.47,6.533,287.3,0,0
6/2/2022 14:00,7.82,138.6,10.04,6.488,291.1,7.944,20.34
6/2/2022 15:00,7.208,133.6,9.52,6.156,295.5,15.98,37.76
6/2/2022 16:00,7.729,145.1,10.21,6.177,284.9,0,0
6/2/2022 17:00,7.875,144.1,9.57,6.41,286.1,0,0
6/2/2022 18:00,6.843,130.9,8.82,6.096,298.7,0,0
6/2/2022 19:00,6.713,138.9,9.23,5.51,290.4,0,0
6/2/2022 20:00,6.206,133.4,9.11,5.272,295.9,0,0
6/2/2022 21:00,7.061,134.9,8.29,5.888,294.2,0,0
6/2/2022 22:00,7.05,133.1,8.99,5.919,295.6,0,0
6/2/2022 23:00,6.622,136.4,7.714,5.424,292.1,0,0
6/3/2022 0:00,5.848,141.4,7.249,4.769,286.2,0,0
6/3/2022 1:00,6.055,146.9,6.144,4.926,281.3,0,0
6/3/2022 2:00,5.194,146.7,5.911,4.122,280.3,0,0
6/3/2022 3:00,5.633,149.9,6.493,4.417,277.7,0,0
6/3/2022 4:00,6.535,144.8,6.667,5.291,284,0,0
6/3/2022 5:00,8.15,156.2,8.24,6.369,274,1.747,13.11
6/3/2022 6:00,9.84,153.7,9.92,7.916,277.4,10.89,18.59
6/3/2022 7:00,10.67,153.8,10.62,8.67,278,1.474,15.95
6/3/2022 8:00,11.22,152.7,11.72,9.25,279,0.92,9.81
6/3/2022 9:00,11.56,154,12.02,9.35,277.4,0.183,10.59
6/3/2022 10:00,11.93,153.5,12.6,9.8,278,1.378,16.34
6/3/2022 11:00,12.37,157.5,13.24,9.88,274.1,3.326,18.08
6/3/2022 12:00,12.61,154.6,13.47,10.2,276.6,0.264,9.87
6/3/2022 13:00,10.98,147.4,12.42,9.2,283.8,0.03,8.93
6/3/2022 14:00,10.12,145.1,12.36,8.39,286.1,0,0
6/3/2022 15:00,9.84,139.1,11.55,8.52,292.2,0,0
6/3/2022 16:00,6.677,137.6,11.78,5.457,290.6,0,0
6/3/2022 17:00,7.026,145.4,10.85,5.501,283.9,0,0
6/3/2022 18:00,9.47,137.7,11.72,8.06,293.4,0,0
6/3/2022 19:00,7.25,149.7,10.74,5.562,279.7,0,0
6/3/2022 20:00,7.394,145.8,10.21,5.862,284,0,0
6/3/2022 21:00,5.933,138.7,8.59,4.671,289,0,0
6/3/2022 22:00,3.754,118.7,8,3.199,301.9,0,0
6/3/2022 23:00,5.061,129.6,8.59,4.375,297.5,0,0
6/4/2022 0:00,3.858,134.7,7.946,2.91,287.6,0,0
6/4/2022 1:00,4.958,130.6,9.34,4.04,294.1,0,0
6/4/2022 2:00,6.492,152.5,9.34,4.685,275.9,0,0
6/4/2022 3:00,5.083,141.9,7.481,3.873,284.4,0,0
6/4/2022 4:00,4.933,150.3,7.19,3.614,275.5,0,0
6/4/2022 5:00,3.968,151.2,5.621,2.838,273.3,0.005,5.7
6/4/2022 6:00,4.072,157.6,5.853,2.903,267.6,7.56,20.29
6/4/2022 7:00,4.995,170.9,6.086,3.416,255.9,15,26.96
6/4/2022 8:00,5.625,176.3,6.667,3.82,251.9,27.94,33.13
6/4/2022 9:00,4.854,177.5,7.888,3.252,250.8,28.71,36.25
6/4/2022 10:00,3.131,180.7,5.563,2.096,244.8,34.84,44.31
6/4/2022 11:00,2.623,177.4,5.97,1.952,240.3,36.9,43.7
6/4/2022 12:00,2.674,173,5.214,2.007,249.2,36.08,44.68
6/4/2022 13:00,1.861,153.2,4.226,1.492,268.1,31.17,46.74
6/4/2022 14:00,0.342,148.6,3.005,0.661,255.3,13.73,26.16
6/4/2022 15:00,0.398,152.8,3.121,0.696,257.2,0.319,5.303
6/4/2022 16:00,2.571,156.6,5.853,1.665,261.8,0,0
6/4/2022 17:00,1.079,147.1,2.947,1.027,272.6,0,0
6/4/2022 18:00,0.39,185.5,3.877,0.698,253.2,0.001,0.865
6/4/2022 19:00,0.002,145.6,1.551,0.235,237.3,0,0
6/4/2022 20:00,0.045,124.4,2.075,0.162,258.7,0,0
6/4/2022 21:00,0.12,124.9,2.423,0.155,272.6,0,0
6/4/2022 22:00,2.185,165.3,4.4,1.077,248.7,0,0
6/4/2022 23:00,1.424,214.5,4.051,0.821,242.3,0,0
6/5/2022 0:00,0.63,157.6,3.237,0.363,270.4,0,0
6/5/2022 1:00,0,0,0.04,0.04,263.8,0.607,8.88
6/5/2022 2:00,0,0,1.61,0.084,239.3,0.673,8.63
6/5/2022 3:00,0,0,1.958,0.099,252.6,5.152,18.98
6/5/2022 4:00,0,0,0.04,0.04,253.5,4.585,19.52
6/5/2022 5:00,0,0,1.435,0.085,245.9,18.84,27.51
6/5/2022 6:00,0.297,140,2.598,0.443,246.8,32.12,38.45
6/5/2022 7:00,0.493,160,3.237,0.863,247.7,41.14,46.78
6/5/2022 8:00,1.263,173.8,4.284,1.567,247.7,49.82,56.2
6/5/2022 9:00,1.812,166.8,4.458,1.334,247.6,59.15,64.47
6/5/2022 10:00,2.703,152.6,8.53,1.898,260.2,63.9,66.96
6/5/2022 11:00,2.295,153.2,5.563,1.594,265,63.81,67.22
6/5/2022 12:00,1.707,91.7,8.29,1.183,296.3,62.54,65.84
6/5/2022 13:00,1.759,120.2,6.9,1.159,257.6,60.75,64.38
6/5/2022 14:00,1.299,80.3,5.039,0.906,275.6,60.6,64.28
6/5/2022 15:00,1.157,83.9,5.795,0.755,272.3,61.51,62.89
6/5/2022 16:00,0.626,233.7,4.458,0.506,228.2,60.21,61.83
6/5/2022 17:00,0,0,0.098,0.04,243.7,60.87,62.17
6/5/2022 18:00,0.678,85.2,3.935,0.317,249.4,60.97,62.99
6/5/2022 19:00,0.978,105,5.737,0.51,251.4,62.52,64.08
6/5/2022 20:00,2.83,83.1,9.81,1.932,327,57.63,62.87
6/5/2022 21:00,0.813,232,3.586,0.254,231.8,49.93,52.43
6/5/2022 22:00,0,0,0.854,0.103,175.8,43.78,49.24
6/5/2022 23:00,0,0,0.97,0.049,332.6,41.23,44.9
6/6/2022 0:00,0.507,85.2,5.039,0.309,339.2,51.95,58.41
6/6/2022 1:00,1.752,82,5.272,0.945,332.8,NAN,NAN
6/6/2022 2:00,1.714,79.33,5.039,1.015,334.6,63.58,66.93
6/6/2022 3:00,0.221,81.6,3.295,0.182,249.2,63.57,66.41
6/6/2022 4:00,0.028,151.4,2.249,0.12,238.1,62.22,65.47
6/6/2022 5:00,0.646,232.6,4.749,0.492,224.6,58.74,64
6/6/2022 6:00,1.142,224.9,5.33,0.808,225.9,61.69,64.59
6/6/2022 7:00,1.995,229.6,7.655,1.313,220.5,63.02,65.62
6/6/2022 8:00,1.178,242.8,5.505,1.06,206.1,60.1,65.94
6/6/2022 9:00,0.933,243.2,6.086,0.811,197.6,58.52,64.43
6/6/2022 10:00,0.676,256.3,5.272,0.579,180,51.56,64.93
6/6/2022 11:00,0.254,261.1,3.121,0.326,190.8,50.95,62.99
6/6/2022 12:00,0.979,221.1,5.272,0.623,220,61,66.86
6/6/2022 13:00,0.073,262.5,2.482,0.076,229.4,63.52,67.03
6/6/2022 14:00,0,0,0.04,0.04,238.5,61.89,64.94
6/6/2022 15:00,0,0,0.505,0.042,244.4,60.95,62.02
6/6/2022 16:00,1.125,243.8,4.574,0.395,219.8,54.16,60.44
6/6/2022 17:00,0.468,359.6,3.237,0.15,253.7,45.79,50.52
6/6/2022 18:00,0.722,286.6,2.017,0.494,225.8,49.17,57.73
6/6/2022 19:00,0.644,82.3,3.935,0.356,270.9,48.77,51.64
6/6/2022 20:00,0.005,98.3,0.621,0.045,244.8,48.73,51.48
6/6/2022 21:00,0.024,88.8,0.156,0.04,236.2,53.54,58.43
6/6/2022 22:00,0.067,84.9,2.191,0.09,231.1,61.57,63.62
6/6/2022 23:00,1.054,80.3,6.609,0.644,333,62.35,65.43
6/7/2022 0:00,0.335,78.52,5.505,0.265,289.6,61.5,65.55
6/7/2022 1:00,0.476,105.2,2.656,0.446,279.6,60.22,64.85
6/7/2022 2:00,2.715,100.1,7.249,1.773,322.7,62.34,64.94
6/7/2022 3:00,0.986,109,5.795,0.795,306.6,57.05,63.85
6/7/2022 4:00,0,123.9,2.365,0.115,281,50.46,54.53
6/7/2022 5:00,0.421,115.8,3.586,0.608,281.5,54.09,61.43
6/7/2022 6:00,2.88,148.3,5.156,2.086,273.2,62.02,65.57
6/7/2022 7:00,4.028,163,5.098,2.734,265.4,62.98,66.18
6/7/2022 8:00,3.614,175.2,5.563,2.331,253.6,64.07,66.35
6/7/2022 9:00,3.634,174.9,5.388,2.316,256.2,63.72,65.4
6/7/2022 10:00,4.476,179.2,7.423,2.641,252,64.19,66.78
6/7/2022 11:00,3.791,176.6,5.446,1.953,252.9,64.45,65.63
6/7/2022 12:00,3.731,166.7,4.226,1.916,258.3,64.17,66.4
6/7/2022 13:00,4.254,169.5,4.109,2.322,256.7,63.88,66.51
6/7/2022 14:00,2.32,152.3,4.284,1.283,269.6,63.14,66.32
6/7/2022 15:00,3.825,156.1,3.237,1.849,266,61.51,64.01
6/7/2022 16:00,3.871,138.9,4.284,2.345,283.8,46.16,55.92
6/7/2022 17:00,1.493,138.7,2.191,0.602,279.1,37.72,45.95
6/7/2022 18:00,1.795,140.8,2.191,0.789,280.6,31.72,34.09
6/7/2022 19:00,0.009,108.7,1.726,0.194,301.7,32.46,40.39
6/7/2022 20:00,0.739,126.7,2.54,0.381,261,32.89,46.12
6/7/2022 21:00,0.72,147.5,2.83,1.355,265.1,37.02,42.24
6/7/2022 22:00,4.268,164.5,3.412,2.227,259.3,46.35,52.61
6/7/2022 23:00,2.093,179.7,1.958,0.742,228.9,47.77,63.15
6/8/2022 0:00,3.714,162.3,4.749,2.553,256.1,48.97,59.74
6/8/2022 1:00,2.807,160.1,4.051,1.654,262.9,60.73,66.08
6/8/2022 2:00,0,123.7,2.075,0.203,278.8,57.11,66.86
6/8/2022 3:00,3.645,160.8,4.051,2.181,263.2,52.24,60.8
6/8/2022 4:00,3.087,155.5,3.237,1.673,265.8,53.07,63.1
6/8/2022 5:00,1.706,162.7,3.47,0.977,260.6,58.75,63.5
6/8/2022 6:00,1.27,181.8,3.877,0.611,243.3,60.86,64.41
6/8/2022 7:00,2.446,185.3,5.679,1.506,245.8,63.49,67.43
6/8/2022 8:00,4.051,172.6,6.086,2.402,256.6,62.54,65.52
6/8/2022 9:00,3.941,167.4,6.725,2.3,261.8,62.05,65.51
6/8/2022 10:00,2.541,168.1,6.144,1.46,257.1,56.22,66.13
6/8/2022 11:00,2.283,159.9,5.039,1.102,265.2,61.73,66.38
6/8/2022 12:00,0,0,3.121,0.782,258.5,59.83,65.22
6/8/2022 13:00,0.452,163.7,2.889,0.526,264,62.86,66.44
6/8/2022 14:00,3.116,157.5,3.644,1.718,271.1,44.54,57.16
6/8/2022 15:00,3.672,154,4.516,1.946,272.1,53.86,61.8
6/8/2022 16:00,4.751,142.3,4.749,3.327,286.4,59.2,65.99
6/8/2022 17:00,4.327,130.7,6.725,3.223,293.6,62.63,67.09
6/8/2022 18:00,3.378,138.8,3.528,1.979,283.5,61.84,63.75
6/8/2022 19:00,0.742,129.9,1.435,0.254,288.9,57.66,60.51
6/8/2022 20:00,0,0,2.714,0.885,264,60.21,64.6
6/8/2022 21:00,0.945,156.1,3.819,0.864,264.8,63,65.19
6/8/2022 22:00,1.18,140.1,3.295,1.391,281.8,63.19,64.79
6/8/2022 23:00,4.13,132.7,6.26,3.211,294.2,63.86,65.92
6/9/2022 0:00,4.346,131.5,5.621,3.502,296.2,63.8,65.67
6/9/2022 1:00,4.296,131.5,6.493,3.593,296.7,NAN,NAN
6/9/2022 2:00,2.902,128.7,4.342,2.119,293.3,63.5,67.08
6/9/2022 3:00,3.074,135.7,3.819,1.934,285,55.76,63.24
6/9/2022 4:00,2.765,139.8,3.47,1.587,280,53.09,57.65
6/9/2022 5:00,0.885,165.8,2.482,0.351,252.3,54.89,60.61
6/9/2022 6:00,1.901,176,4.284,1.249,252.5,62.71,65.73
6/9/2022 7:00,2.831,176.3,4.226,1.282,247.3,63.64,65.34
6/9/2022 8:00,3.031,171.2,4.807,1.555,252.7,63.14,65.04
6/9/2022 9:00,3.663,166.9,6.028,2.19,259.8,63.08,66.44
6/9/2022 10:00,3.554,164.8,6.202,2.103,262,63.42,66.42
6/9/2022 11:00,3.774,154.5,6.26,2.361,267.4,63.85,65.9
6/9/2022 12:00,5.21,145.6,7.597,3.642,281.4,63.89,66.93
6/9/2022 13:00,5.398,134.8,7.423,3.967,292,63.68,65.04
6/9/2022 14:00,3.332,139.5,7.132,1.912,278.4,63.89,67.56
6/9/2022 15:00,5.632,144.9,6.086,4.185,283.8,63.25,63.82
6/9/2022 16:00,7.239,154.1,7.888,5.354,276.2,62.82,63.51
6/9/2022 17:00,8.3,142,9.4,6.642,288.4,58.66,62.95
6/9/2022 18:00,9.26,140.1,9.34,7.469,291,53.02,55.93
6/9/2022 19:00,8.89,140.9,10.16,7.242,289.5,34.61,49.22
6/9/2022 20:00,8.14,154.5,7.83,6.234,275.8,28.68,34.51
6/9/2022 21:00,7.48,156.6,7.539,5.532,273.2,15.18,26.32
6/9/2022 22:00,5.155,153.3,4.691,3.575,274.3,4.868,24.2
6/9/2022 23:00,3.048,144.9,3.993,1.709,278.6,21.58,51.68
6/10/2022 0:00,5.437,142.2,7.19,4.247,286.5,61.27,66.41
6/10/2022 1:00,7.295,152,7.074,5.484,278.2,63.1,63.66
6/10/2022 2:00,9.23,167.4,7.888,5.937,264.2,62.96,65.75
6/10/2022 3:00,9.2,166,7.772,6.59,265.3,50.01,63.37
6/10/2022 4:00,7.499,165.9,7.19,5.423,264.8,40.82,57.22
6/10/2022 5:00,6.423,151.4,7.307,4.916,277,57.61,64.19
6/10/2022 6:00,5.17,147.9,6.144,3.933,279.4,60.87,63.48
6/10/2022 7:00,6.732,157.1,7.539,5.008,271.6,54.71,63.09
6/10/2022 8:00,9.6,154.8,10.56,7.652,276,51.4,56.19
6/10/2022 9:00,11.43,158,11.2,9.04,273,22.72,51.81
6/10/2022 10:00,11.86,158.9,12.6,9.25,272.3,28.97,45.93
6/10/2022 11:00,15.68,161.2,14.52,12.37,270.5,14.44,27.54
6/10/2022 12:00,13.99,164.8,12.95,10.6,266.4,14.84,22.34
6/10/2022 13:00,13.35,161.9,12.31,10.49,269.8,8.36,19.64
6/10/2022 14:00,10.65,158.1,10.45,8.49,273.6,3.573,16.21
6/10/2022 15:00,10.69,141.4,13,9.17,289.6,3.916,12.07
6/10/2022 16:00,9.17,133.5,11.32,8.32,297.6,6.607,13.08
6/10/2022 17:00,7.638,147.7,10.1,6.401,281.7,8.98,15.67
6/10/2022 18:00,7.123,151.7,9.05,5.824,277.9,4.5,15.99
6/10/2022 19:00,11.23,159.6,11.2,8.98,272.1,14.29,17.57
6/10/2022 20:00,8.69,157.7,9.11,6.855,273,11.88,20.66
6/10/2022 21:00,13.93,165,14.75,10.83,266.4,34.66,59.7
6/10/2022 22:00,15.18,171.7,14.81,11.32,260.3,25.4,43.07
6/10/2022 23:00,13.56,166.2,13.06,10.46,265.3,34.2,52.59
6/11/2022 0:00,12.35,166.3,11.61,9.49,265,28.17,42.61
6/11/2022 1:00,10.74,171.9,9.86,7.964,258.9,5.423,24.62
6/11/2022 2:00,9.47,174.9,8.7,7.04,256.4,3.694,12.45
6/11/2022 3:00,8.52,175.1,7.772,6.271,256.4,4.332,21.76
6/11/2022 4:00,8.7,174.5,8,6.424,257,39.98,49.68
6/11/2022 5:00,9.75,172.8,8.64,7.107,258.7,15.97,38.78
6/11/2022 6:00,10.83,168,9.34,8.13,263.3,13.59,17.31
6/11/2022 7:00,9.91,166.2,9.81,7.397,264.5,14.92,18.7
6/11/2022 8:00,12.17,166.4,12.25,9.28,264.9,16.65,20.7
6/11/2022 9:00,13.83,162.4,15.74,10.87,269,17.33,25.11
6/11/2022 10:00,12.83,161.3,14.92,10.1,270.3,22.65,32.19
6/11/2022 11:00,17.88,160.2,18.7,14.15,271.9,49.41,65.1
6/11/2022 12:00,12.97,153.5,14.17,10.61,278.1,62.95,65.94
6/11/2022 13:00,10.96,146.4,12.07,9.24,284.8,43.07,55.34
6/11/2022 14:00,9.38,149.3,9.57,7.814,282,21.07,42.35
6/11/2022 15:00,8.31,144.3,9.28,6.939,286.4,14,18.27
6/11/2022 16:00,8.89,145.9,9.23,7.533,285.4,17.11,23.03
6/11/2022 17:00,9.59,144.8,10.79,8.2,287,18.76,20.96
6/11/2022 18:00,9.75,146.4,10.56,8.38,285.1,19.68,22.85
6/11/2022 19:00,9.13,158.8,9.4,7.239,272.4,16.54,22.21
6/11/2022 20:00,7.716,166.8,7.83,5.718,263.1,21.61,26.8
6/11/2022 21:00,9.71,166.7,10.97,7.386,264.3,18.92,25.17
6/11/2022 22:00,7.587,177.4,7.307,5.433,253.4,8.12,22.09
6/11/2022 23:00,7.32,158.7,11.72,5.813,271.6,10.4,21.93
6/12/2022 0:00,10.88,157,12.02,8.74,275,28.23,39.24
6/12/2022 1:00,9.48,156.3,8.59,7.568,275.2,NAN,NAN
6/12/2022 2:00,8.89,161.6,8.12,6.893,269.8,37.5,50.03
6/12/2022 3:00,8.63,163.4,7.714,6.617,267.7,25.02,41.25
6/12/2022 4:00,8.78,169.6,8,6.472,261.6,17.93,24.9
6/12/2022 5:00,8.58,169.4,8.64,6.244,261.5,9.42,21.32
6/12/2022 6:00,7.968,165.8,9.92,5.947,265.2,25.81,47.99
6/12/2022 7:00,9.69,157.5,10.85,7.629,273.9,52.13,64.09
6/12/2022 8:00,9.26,151.4,13.76,7.327,279.7,62.94,65.38
6/12/2022 9:00,13.29,150.7,14.92,10.9,281.8,62.64,65
6/12/2022 10:00,14.08,153.2,15.74,11.62,278.5,64.89,71.33
6/12/2022 11:00,13.73,160.3,15.33,10.88,271.9,64.95,68.27
6/12/2022 12:00,13.66,148,15.56,11.3,284,52.92,74.4
6/12/2022 13:00,13.43,155.6,13.59,10.97,276.4,30.63,37.55
6/12/2022 14:00,13.19,154.1,12.65,10.91,278.2,24,30.74
6/12/2022 15:00,12.47,154.5,12.07,10.41,277.6,24.89,28.39
6/12/2022 16:00,11.92,153.3,12.02,10.08,279,17.34,30.1
6/12/2022 17:00,11.72,150.9,12.31,9.99,280.9,0,0
6/12/2022 18:00,9.54,150.2,9.75,8.02,281.2,0,0
6/12/2022 19:00,8.11,142.3,9.28,6.762,288.5,0,0
6/12/2022 20:00,9.02,150.9,9.75,7.633,280.5,0,0
6/12/2022 21:00,10.03,151.8,10.1,8.57,279.7,0,0
6/12/2022 22:00,9.19,142.2,9.69,7.883,289,1.745,11.53
6/12/2022 23:00,8.53,138.9,9.52,7.312,291.8,0.688,8.84
6/13/2022 0:00,6.781,137.8,7.83,5.585,291.5,1.309,14.35
6/13/2022 1:00,6.632,142.8,7.597,5.555,286.3,16.14,26.23
6/13/2022 2:00,7.419,147.7,8.35,6.13,282.2,20.92,28.24
6/13/2022 3:00,7.108,134.7,7.83,6.077,294.4,11.28,17.87
6/13/2022 4:00,7.864,136.3,8.59,6.711,293.4,4.811,21.44
6/13/2022 5:00,8.48,134.3,9.69,7.291,296,0.288,8.27
6/13/2022 6:00,8.37,137.8,10.56,6.962,292.3,5.8,16.35
6/13/2022 7:00,9.78,142.1,11.03,8.21,289.1,11.06,24.14
6/13/2022 8:00,10.76,149.4,11.96,8.85,282.7,21.79,34.78
6/13/2022 9:00,8.11,158.7,12.07,6.128,272.1,49.08,61.13
6/13/2022 10:00,8.21,154.6,11.49,6.161,276.1,57.39,66.46
6/13/2022 11:00,8.76,157.2,10.85,6.605,273.4,63.73,67.43
6/13/2022 12:00,9.88,160.2,11.96,7.305,270.7,61.12,65.59
6/13/2022 13:00,9.92,160,11.43,7.662,271,61.33,66.1
6/13/2022 14:00,10.46,157.9,12.13,8.38,273.5,53.36,61.01
6/13/2022 15:00,9.96,153.8,11.96,8.08,277.4,49.26,51.9
6/13/2022 16:00,4.269,155.1,8.88,3.351,270.9,51.13,53.84
6/13/2022 17:00,4.976,144,11.14,4.197,283.7,45.05,52.17
6/13/2022 18:00,10.79,142.1,12.71,9.08,289.8,34.69,36.96
6/13/2022 19:00,11.25,142.9,12.83,9.45,289.2,36.62,39.65
6/13/2022 20:00,9.89,145.9,11.09,8.22,285.2,36.28,40.48
6/13/2022 21:00,9.13,142.6,10.62,7.652,288.7,37.57,43.35
6/13/2022 22:00,9.64,136.6,11.14,8.66,295,39.34,45.14
6/13/2022 23:00,4.566,115,8.47,5.733,315,37.85,45.27
6/14/2022 0:00,5.445,115,9.52,6.988,315.4,34.53,38.59
6/14/2022 1:00,4.106,113.1,8.76,5.077,313.7,39.26,42.43
6/14/2022 2:00,2.281,133.9,8.12,1.616,279.3,46.79,52.56
6/14/2022 3:00,3.776,139.8,8.47,2.908,283.6,49.59,53.83
6/14/2022 4:00,4.15,149.1,9.17,3.22,276,50.87,54.59
6/14/2022 5:00,3.012,137.5,7.946,2.377,280.3,52.4,59.45
6/14/2022 6:00,3.977,121.4,8.88,3.67,302.1,58.76,65.45
6/14/2022 7:00,6.061,149.6,9.63,4.533,278.6,62.55,66.47
6/14/2022 8:00,7.647,160.5,9.46,5.368,269.6,63.31,65.95
6/14/2022 9:00,7.818,149.6,11.72,6.035,280,62.75,66.2
6/14/2022 10:00,13.26,150.4,15.62,10.84,281.7,60.88,65.71
6/14/2022 11:00,14.63,155.2,15.91,11.77,276.9,56.84,65.56
6/14/2022 12:00,15.08,163.3,16.43,11.59,268.2,50.67,55.41
6/14/2022 13:00,13.29,148.7,15.85,11.05,283.4,49.87,54.14
6/14/2022 14:00,9.93,154,16.03,7.968,277.3,59.52,66.14
6/14/2022 15:00,9.07,150,12.07,7.848,281.5,63.22,64.64
6/14/2022 16:00,6.1,142,13.24,5.345,285.9,62.31,62.97
6/14/2022 17:00,0.61,170,9.69,0.49,228.4,62.29,63.41
6/14/2022 18:00,3.881,162.5,11.49,2.746,263.6,62.75,63.3
6/14/2022 19:00,5.306,150.8,8.99,3.826,276.9,62.1,62.93
6/14/2022 20:00,6.853,134.7,11.38,5.709,294,52.36,61.46
6/14/2022 21:00,2.393,133.8,9.92,1.653,268.8,58.93,64.95
6/14/2022 22:00,0.467,112.7,3.761,0.296,279.5,63.58,65.1
6/14/2022 23:00,5.211,141.1,11.72,3.997,283.8,63.36,65.27
6/15/2022 0:00,4.275,156.6,10.74,2.941,269.1,61.1,62.84
6/15/2022 1:00,7.312,135.9,13.99,6.435,293.9,NAN,NAN
6/15/2022 2:00,12.38,138.3,16.61,10.8,293.3,60.4,64.43
6/15/2022 3:00,11.52,142.2,12.48,9.79,289.4,63.87,65.59
6/15/2022 4:00,10.31,148.9,10.91,8.46,282.6,63.18,65.1
6/15/2022 5:00,10.89,148.4,12.54,8.99,283.4,62.72,64.4
6/15/2022 6:00,12.25,149.8,12.71,10.11,281.7,52.09,64.33
6/15/2022 7:00,11.75,149.4,13.35,9.62,282.1,43.15,55.42
6/15/2022 8:00,10.21,148.4,13.82,8.22,282.8,54.25,64.47
6/15/2022 9:00,10.11,151.7,12.13,7.942,279.4,63.38,66.16
6/15/2022 10:00,11.8,146.8,15.33,9.48,284.7,62.8,65.44
6/15/2022 11:00,15.27,145.3,18.35,12.7,286.9,55.83,65
6/15/2022 12:00,16.01,148.2,17.71,13.39,284.2,55.89,65.76
6/15/2022 13:00,16.38,144.8,18.24,13.86,287.6,57.46,67.17
6/15/2022 14:00,15.64,142.9,18.82,13.61,289.2,57.77,67.98
6/15/2022 15:00,16.55,149,18.29,14.01,282.9,37.78,49.93
6/15/2022 16:00,12.78,144.6,13.82,10.76,286.8,37.09,54.68
6/15/2022 17:00,11.48,143.5,14.05,9.65,288,55.34,62.54
6/15/2022 18:00,9.1,150.1,11.38,7.396,280.8,53.63,59.14
6/15/2022 19:00,7.346,143.3,11.14,6.132,286.7,56.57,63.28
6/15/2022 20:00,9.62,143.3,11.14,8.01,288,40.4,49.86
6/15/2022 21:00,11.51,142.4,13.53,9.68,289,43.82,56.01
6/15/2022 22:00,11.54,148.1,13.64,9.81,283.7,62.26,67.09
6/15/2022 23:00,11.22,145.3,12.19,9.44,286.1,62.9,64.2
6/16/2022 0:00,11.07,141.1,13.06,9.4,290.7,60.33,63.43
6/16/2022 1:00,11.89,150.6,13.24,9.94,280.7,60.01,64.68
6/16/2022 2:00,10.53,168.2,11.55,7.941,263.4,63.66,65.45
6/16/2022 3:00,7.605,166.7,9.92,5.867,263.5,64.36,66.18
6/16/2022 4:00,5.767,152.6,11.61,6.128,278.3,64.84,85.5
6/16/2022 5:00,11.56,158.3,13.12,10.86,274.9,61.99,64.48
6/16/2022 6:00,14.16,158.4,14.75,12.31,274.5,42.86,61.94
6/16/2022 7:00,17.07,158.7,16.55,13.88,274.3,4.358,29.49
6/16/2022 8:00,17.13,153.8,17.54,14.07,278.1,29.78,65.31
6/16/2022 9:00,17.31,150.9,18.64,14.3,280.7,61.68,65.38
6/16/2022 10:00,16.02,154.7,17.95,12.95,277.3,61.9,65.97
6/16/2022 11:00,17.7,155.3,19.11,14.24,276.9,52.03,62.32
6/16/2022 12:00,16.21,149,17.54,13.51,283.4,55.19,64.03
6/16/2022 13:00,17.1,148,20.15,14.38,283.6,54.97,65.09
6/16/2022 14:00,18.3,145.6,19.75,15.64,286.6,34.77,57.86
6/16/2022 15:00,17.23,145.3,19.28,14.57,287,51.7,62.96
6/16/2022 16:00,16.8,147.6,18,14.32,283.9,38.72,64.55
6/16/2022 17:00,15.17,145.3,17.36,13.01,286.8,54.37,65
6/16/2022 18:00,16.18,143.5,19.46,13.82,288.5,53.85,63.71
6/16/2022 19:00,14.47,149.6,17.31,12.54,282.5,53.88,65.68
6/16/2022 20:00,15.02,164,14.22,11.71,267.2,61.53,65.77
6/16/2022 21:00,13.87,162,14.22,10.79,269.7,66.32,68.3
6/16/2022 22:00,12.07,152.8,15.1,10.09,279.2,65.09,69.72
6/16/2022 23:00,12.87,149.4,16.96,12.99,282.3,63.24,64.16
6/17/2022 0:00,15.04,149.7,21.03,15.52,282.6,52.66,65.79
6/17/2022 1:00,17.19,160.8,19.98,15.05,272,71.26,76.36
6/17/2022 2:00,14.2,160.4,13.93,12.06,272.7,78.37,81.9
6/17/2022 3:00,15.16,167.5,12.95,11.44,265.7,70.17,75.84
6/17/2022 4:00,16.22,170.3,12.6,10.81,261.8,93.2,116.1
6/17/2022 5:00,13.08,166.7,16.08,10.44,267.8,81.2,120.4
6/17/2022 6:00,10.47,159.3,14.75,10.27,273.4,62.91,72.37
6/17/2022 7:00,13.88,163.8,14.98,12.19,267.8,61.52,63.4
6/17/2022 8:00,15.72,164.4,17.54,13.26,266.8,60.25,63.56
6/17/2022 9:00,17.41,154.6,18.99,14.28,277.8,36.88,56.88
6/17/2022 10:00,14.59,146.8,16.14,12.45,285.2,4.408,20.81
6/17/2022 11:00,14.34,141.8,16.61,12.42,290.2,0.23,9.54
6/17/2022 12:00,10.66,167.6,15.79,7.707,263.3,15.95,31.82
6/17/2022 13:00,5.076,166.6,11.32,3.504,261.4,21.59,29.28
6/17/2022 14:00,1.883,115.5,6.783,1.362,290.2,10.2,26.89
6/17/2022 15:00,1.408,281.5,6.028,0.85,214.5,22.9,36.39
6/17/2022 16:00,0.77,218.2,5.679,0.658,231.4,42.5,48.46
6/17/2022 17:00,1.491,138.9,6.493,0.988,280.7,51.66,58.17
6/17/2022 18:00,7.302,148.7,11.43,5.605,273.9,61.11,64.14
6/17/2022 19:00,11.48,141.4,14.57,9.83,290,52.79,62.42
6/17/2022 20:00,12.07,138,13.99,10.69,294,48.77,53.35
6/17/2022 21:00,9.39,150.1,11.09,7.8,280.8,53.26,62.79
6/17/2022 22:00,8.64,156.6,9.81,7.044,274.1,63.5,66.83
6/17/2022 23:00,8.42,155.9,11.26,6.912,274.9,63.04,64.04
6/18/2022 0:00,10.3,148.4,11.43,8.79,283.3,63.53,64.11
6/18/2022 1:00,10.26,164.7,9.92,7.903,267,NAN,NAN
6/18/2022 2:00,9.48,170.4,8.99,6.976,261.6,63.46,65.66
6/18/2022 3:00,9.69,156.4,9.63,6.892,275.9,63.19,65.68
6/18/2022 4:00,11.86,156.5,10.45,8.43,275.1,63.15,63.99
6/18/2022 5:00,11.49,150.7,11.61,9.03,280.4,61.98,64.33
6/18/2022 6:00,13.87,143,14.92,11,288.2,46.9,63.43
6/18/2022 7:00,14.65,149.2,14.34,11.96,283,15.55,28.5
6/18/2022 8:00,14.58,149.1,16.26,12.18,283,10.01,27.59
6/18/2022 9:00,15.12,147.9,16.61,12.83,284.4,12.45,42.73
6/18/2022 10:00,14.79,155.6,15.62,12.06,276.3,25.51,33.92
6/18/2022 11:00,15.01,158.4,17.13,11.99,273.4,15.46,25.59
6/18/2022 12:00,15.65,159.5,16.55,12.38,272.5,8.94,23.72
6/18/2022 13:00,15.34,157.5,16.14,12.39,274.5,23.4,35.54
6/18/2022 14:00,14.2,151.8,15.27,11.93,280.7,28.59,33.74
6/18/2022 15:00,12.81,147.3,13.53,10.97,284.9,24.18,34.05
6/18/2022 16:00,9.41,141.4,11.43,7.996,289.8,22.44,32.21
6/18/2022 17:00,8.22,146.8,10.5,6.876,283.9,27.35,34.83
6/18/2022 18:00,7.986,143.8,9.69,6.806,286.4,21.27,35.6
6/18/2022 19:00,9.17,150.9,11.55,7.764,280.3,20.95,39.25
6/18/2022 20:00,8.88,148.7,10.39,7.619,282.2,42.53,54.73
6/18/2022 21:00,6.931,147.2,7.249,5.777,282.3,49.05,56.71
6/18/2022 22:00,6.082,156.3,6.144,4.727,272.5,49.08,53.66
6/18/2022 23:00,6.484,162.3,7.016,4.855,266.3,58.83,65.51
6/19/2022 0:00,8.89,173.5,9.52,6.559,257.2,63.27,64.14
6/19/2022 1:00,10.89,167.4,10.33,8.16,264.1,63.12,63.6
6/19/2022 2:00,8.55,162.2,9.11,6.23,269.2,63.36,65.22
6/19/2022 3:00,9.31,169,9.69,6.674,264.6,63.57,65.29
6/19/2022 4:00,8.91,177.2,8.35,6.139,255.6,63.06,65.3
6/19/2022 5:00,9.71,174.9,9.11,6.928,258.1,62.65,64.82
6/19/2022 6:00,9.94,178.1,9.4,7.025,254.6,61.7,64.49
6/19/2022 7:00,11.91,174.2,12.95,8.58,257.9,57.11,62.6
6/19/2022 8:00,12.27,169.4,12.54,9.02,262.1,58.54,64.4
6/19/2022 9:00,12.54,165.4,12.77,9.42,265.9,52.79,61.39
6/19/2022 10:00,15.21,162.1,16.78,11.9,269.8,49.63,56.87
6/19/2022 11:00,17.08,155,17.83,13.99,276.7,32.77,43.07
6/19/2022 12:00,16.07,153.8,17.71,13.21,278.2,49.87,52.99
6/19/2022 13:00,15.57,154.3,16.55,12.77,277.7,53.59,61.32
6/19/2022 14:00,14.26,151.7,15.79,11.86,280.6,49,63.54
6/19/2022 15:00,11.7,148.8,13.53,9.96,283.1,63.19,65.43
6/19/2022 16:00,11.26,155.7,14.46,9.65,275.7,63.71,65.79
6/19/2022 17:00,9.11,162.6,11.2,7.153,267.6,52.46,61.95
6/19/2022 18:00,9.77,168.8,9.34,7.239,261.8,51.89,65.94
6/19/2022 19:00,10.24,170.4,11.72,7.585,260.6,61.51,65.98
6/19/2022 20:00,10.66,171.6,10.33,7.836,259.5,60.97,65.66
6/19/2022 21:00,11.35,164.1,11.2,8.8,267,46.7,59.92
6/19/2022 22:00,11.91,169.4,11.55,8.91,261.9,14.34,35.02
6/19/2022 23:00,11.65,173.3,11.84,8.4,258.5,41.68,55.54
6/20/2022 0:00,10.83,176.8,10.85,7.744,255.2,44.35,62.89
6/20/2022 1:00,11.41,179,13.82,8.21,252.6,41.24,54.18
6/20/2022 2:00,11.49,178.2,10.97,8.29,253.5,39.17,52.98
6/20/2022 3:00,12.05,181.9,11.14,8.33,250.1,9.88,42.33
6/20/2022 4:00,11.89,183.1,11.03,8.13,249.4,0,0
6/20/2022 5:00,13.26,180.7,14.81,9.31,251.5,1.515,12.51
6/20/2022 6:00,15.95,179.9,16.2,11.53,253.1,48.45,65.71
6/20/2022 7:00,15.83,177.1,16.14,11.51,255.5,51.47,66.04
6/20/2022 8:00,16.71,178.4,14.69,12.04,254.3,59.26,66.49
6/20/2022 9:00,15.93,181.5,15.39,11.31,250.9,61.8,66.86
6/20/2022 10:00,16.68,178.7,16.32,12.27,253.5,63.81,66.13
6/20/2022 11:00,16.68,179.1,16.26,12.17,253.2,62.37,66.46
6/20/2022 12:00,15.18,178,15.04,11.03,254.2,60.55,65.44
6/20/2022 13:00,14.63,171.1,16.9,10.91,261.3,65.05,67.06
6/20/2022 14:00,9.83,156.3,10.79,7.839,275,64.07,66.21
6/20/2022 15:00,11.54,165.2,11.9,8.75,267.1,64.16,64.79
6/20/2022 16:00,10.78,168.7,11.67,7.778,264.1,63.62,64.22
6/20/2022 17:00,8.52,176.1,9.98,6.376,257.8,63.49,64.14
6/20/2022 18:00,6.258,178.3,6.144,4.058,254.2,63.72,64.34
6/20/2022 19:00,5.452,182.4,4.865,3.335,250.7,63.53,63.99
6/20/2022 20:00,5.034,181.5,4.458,2.984,252.2,63.51,63.94
6/20/2022 21:00,3.201,188,2.772,2.009,243.7,63.55,63.89
6/20/2022 22:00,0.645,194,2.714,1.802,243,63.68,64.06
6/20/2022 23:00,2.534,178.5,2.249,1.802,246.3,63.74,64.06
6/21/2022 0:00,2.552,175,2.482,1.791,247.9,62.96,63.8
6/21/2022 1:00,0.56,177.8,2.656,1.869,245.4,NAN,NAN
6/21/2022 2:00,0.077,178.4,3.237,2.584,247.2,62.38,65.16
6/21/2022 3:00,3.928,187.4,10.33,5.72,246.1,63.64,65.51
6/21/2022 4:00,8.16,190.2,9.86,7.369,243.1,62.89,64.89
6/21/2022 5:00,9.67,190.1,11.84,7.394,242.1,61.46,64.79
6/21/2022 6:00,9.81,190,9.69,6.851,241.6,58.31,64.1
6/21/2022 7:00,8.34,187.2,9.11,5.469,244.5,55.73,57.58
6/21/2022 8:00,8.8,181.9,9.28,5.916,249.5,55.01,57.23
6/21/2022 9:00,10.95,181.7,11.61,7.526,249.8,54.99,59.07
6/21/2022 10:00,12.91,179.6,12.19,9.14,252.3,53.24,55.51
6/21/2022 11:00,11.92,177.2,12.36,8.58,254.2,55.31,59.36
6/21/2022 12:00,9.41,170.7,10.97,7.002,260.4,50.98,56.91
6/21/2022 13:00,7.651,173.7,8,5.49,256.7,49.66,55.77
6/21/2022 14:00,3.201,219.8,6.783,2.212,213.8,54.83,59.78
6/21/2022 15:00,5.226,230.6,8.06,2.956,208.2,57.13,58.73
6/21/2022 16:00,5.189,224.4,6.958,2.582,214,60.13,62.21
6/21/2022 17:00,2.486,274.7,6.202,1.364,184,62.61,67
6/21/2022 18:00,3.204,257.4,7.423,3.033,182.4,62.89,64.82
6/21/2022 19:00,7.944,209.3,8.12,5.524,222.3,63.38,65.94
6/21/2022 20:00,9.41,215.2,8.76,6.149,215.4,58.61,62.45
6/21/2022 21:00,8.8,221.7,8.82,6.179,210.1,43.38,52.81
6/21/2022 22:00,10.16,218.3,9.28,6.732,212.9,42.28,45.79
6/21/2022 23:00,5.636,223.9,8.29,4.155,209.5,54.76,64.78
6/22/2022 0:00,2.44,273.2,7.307,1.891,181.2,61.97,63.38
6/22/2022 1:00,3.792,228.1,8.12,2.327,211.9,64.28,66.26
6/22/2022 2:00,3.582,221.6,6.609,2.387,212.6,60.75,66.15
6/22/2022 3:00,2.461,224.4,7.423,1.759,213.5,63.6,66.71
6/22/2022 4:00,1.813,212.3,5.795,1.156,233.8,57.78,62.16
6/22/2022 5:00,4.071,215.9,10.16,2.48,220.5,51.31,58.9
6/22/2022 6:00,3.584,222.8,6.26,2.233,216,47.21,53.73
6/22/2022 7:00,3.124,234.5,7.016,2.912,202.7,50.93,60.46
6/22/2022 8:00,3.133,233.6,6.842,2.806,203.1,56.35,65.2
6/22/2022 9:00,2.576,243.7,6.725,2.495,195.5,61.94,66.31
6/22/2022 10:00,2.198,242.1,8.47,1.849,203.9,63.01,66.03
6/22/2022 11:00,1.678,229.7,5.911,1.4,202.9,63.63,67.2
6/22/2022 12:00,2.847,228.7,5.505,1.719,212.7,58.91,64.35
6/22/2022 13:00,1.158,210.7,6.318,0.794,237.2,59.44,64.14
6/22/2022 14:00,0.001,224.8,1.203,0.069,260.9,55.41,58.04
6/22/2022 15:00,0.019,126.3,1.435,0.083,283.2,54.86,57.76
6/22/2022 16:00,0,0,1.668,0.214,318.1,51.73,53.78
6/22/2022 17:00,0,0,0.738,0.081,286.9,53.95,55.81
6/22/2022 18:00,0,0,0.912,0.06,293.5,57.52,60.6
6/22/2022 19:00,0.02,204.3,1.61,0.113,283.7,57.25,62.79
6/22/2022 20:00,0.03,247.9,3.121,0.155,248.9,63.46,65.73
6/22/2022 21:00,0.309,224.9,2.307,0.3,241.8,62.95,65.49
6/22/2022 22:00,0.771,205.4,6.609,0.419,237.8,60.41,63.15
6/22/2022 23:00,0.292,198.4,4.923,0.22,268.9,59,62.15
6/23/2022 0:00,0.162,209.5,2.889,0.149,283.9,59.14,63.21
6/23/2022 1:00,0.097,180.7,2.772,0.32,302.8,59.01,62.48
6/23/2022 2:00,0.098,223.4,2.598,0.28,276.2,59.11,62.42
6/23/2022 3:00,0.033,87.6,3.005,0.165,278.4,62.22,64.64
6/23/2022 4:00,0.263,201.4,3.761,0.318,249.7,56.85,62.05
6/23/2022 5:00,0.589,216.1,6.435,0.676,230.9,54.28,57
6/23/2022 6:00,2.892,220.1,7.655,1.97,213.6,56.92,58.38
6/23/2022 7:00,1.026,213.5,6.842,1.085,223.4,57.98,61.12
6/23/2022 8:00,1.15,236,5.795,1.343,210.1,59.99,65.03
6/23/2022 9:00,1.4,237.2,4.226,1.17,205.4,62.09,65.82
6/23/2022 10:00,1.252,196.5,3.819,1.188,224.1,63.41,66.02
6/23/2022 11:00,0.721,222.2,3.935,0.952,216.4,63.71,65.91
6/23/2022 12:00,1.208,238.4,4.749,1.124,206.6,61.18,66.53
6/23/2022 13:00,1.851,243.8,4.981,1.084,213,51.53,62.51
6/23/2022 14:00,0.005,343,1.726,0.122,282.2,54.24,62.29
6/23/2022 15:00,0,0,0.796,0.093,269,51.5,59.05
6/23/2022 16:00,0,0,0.098,0.04,220.8,57.73,62.05
6/23/2022 17:00,0,0,0.738,0.065,221.8,61.27,64.76
6/23/2022 18:00,0,108.4,1.958,0.216,311.7,53.44,64.3
6/23/2022 19:00,0.043,191.8,1.9,0.161,306.7,48.07,52.32
6/23/2022 20:00,0.003,189.5,1.61,0.088,293,49.04,50.66
6/23/2022 21:00,0.25,92.7,3.702,0.2,230.4,53.76,62.16
6/23/2022 22:00,0.066,110.9,2.482,0.325,305.2,59.82,63.27
6/23/2022 23:00,0.057,72.71,1.842,0.187,284.3,55.18,57.37
6/24/2022 0:00,0.066,115.1,2.598,0.185,268.9,56.92,64.31
6/24/2022 1:00,1.58,219.1,4.633,0.9,249,NAN,NAN
6/24/2022 2:00,0.041,245.7,2.598,0.137,265.5,64.18,66.77
6/24/2022 3:00,0.113,222.7,3.935,0.294,239.3,58.71,65.35
6/24/2022 4:00,0.008,98.8,2.482,0.071,271.1,50.72,54.31
6/24/2022 5:00,0,0,0.679,0.043,240.9,47.71,50.62
6/24/2022 6:00,0.808,225.6,5.795,0.729,220.1,57.6,64.92
6/24/2022 7:00,0.649,234,5.098,1.366,213.7,62.32,67.04
6/24/2022 8:00,1.247,240.1,4.691,1.553,199.5,62.95,65.61
6/24/2022 9:00,0.885,270.3,4.691,1.035,192.2,63.13,65.98
6/24/2022 10:00,0.403,252.8,3.877,1.029,199.7,63.15,65.53
6/24/2022 11:00,0.93,196.7,3.354,1.163,220,63.68,66.19
6/24/2022 12:00,2.53,177,4.574,1.798,247.4,64.2,66.29
6/24/2022 13:00,0.547,139.7,3.702,0.822,271.1,64.61,67.52
6/24/2022 14:00,0,134.2,1.9,0.327,294.3,64.13,67.07
6/24/2022 15:00,0.069,130,1.435,0.088,308.7,64.05,65.61
6/24/2022 16:00,0.024,96.1,1.203,0.067,314.9,63.85,64.42
6/24/2022 17:00,0.048,90.7,1.377,0.368,338.6,63.66,64.62
6/24/2022 18:00,0,0,0.738,0.067,347.7,64.01,64.79
6/24/2022 19:00,0.019,89.5,0.854,0.122,3.283,63.66,64.39
6/24/2022 20:00,0,0,0.04,0.04,66.04,63.37,64.41
6/24/2022 21:00,0.152,74.85,2.307,0.113,5.962,63.63,64.39
6/24/2022 22:00,0.515,70.33,2.714,0.438,345.6,63.69,64.27
6/24/2022 23:00,0.024,70.56,1.145,0.099,320.3,63.55,64.13
6/25/2022 0:00,1.097,130.6,2.307,0.52,289.9,63.63,64.08
6/25/2022 1:00,0.125,53.56,2.714,0.298,259.7,63.57,65.26
6/25/2022 2:00,0.036,63.5,0.447,0.045,258.8,63.94,66.39
6/25/2022 3:00,0.053,63.48,0.912,0.048,221.4,65.33,69.08
6/25/2022 4:00,0.042,28.5,2.54,0.095,230.5,62.26,65.09
6/25/2022 5:00,0.129,228.5,3.702,0.342,222.6,61.92,64.6
6/25/2022 6:00,0.244,221.3,5.446,0.466,227.5,63.17,65.79
6/25/2022 7:00,0.233,235.5,4.458,0.774,223.2,62.46,66.97
6/25/2022 8:00,0.444,232.9,3.586,1.052,208.6,60.99,65.29
6/25/2022 9:00,0.047,215.6,3.295,0.776,216.2,62.19,63.99
6/25/2022 10:00,0.038,220.6,2.54,0.482,223.1,62.49,65.46
6/25/2022 11:00,0.567,163,3.586,0.789,238.6,62.83,65.68
6/25/2022 12:00,0.422,151.7,2.307,0.355,239.1,63.97,66.84
6/25/2022 13:00,0,0,0.621,0.054,261.1,62.42,64.88
6/25/2022 14:00,0,0,1.493,0.331,304.5,61.15,62.94
6/25/2022 15:00,0.48,70.73,2.191,1.216,329.5,61.64,63.37
6/25/2022 16:00,0.758,125.9,3.354,1.214,305.7,59.42,61.4
6/25/2022 17:00,4.237,123.1,5.214,3.451,301.5,62.84,64.86
6/25/2022 18:00,2.212,91,3.761,2.053,327.8,62.56,64.5
6/25/2022 19:00,2.564,78.18,6.144,2.62,339.1,60.45,65.34
6/25/2022 20:00,3.453,104.8,7.365,4.227,321.4,65.25,66.84
6/25/2022 21:00,3.487,97.4,7.016,3.412,322.9,63.97,64.55
6/25/2022 22:00,0.405,142.9,5.737,0.352,245.3,63.75,64.73
6/25/2022 23:00,3.626,156.9,7.655,2.394,267.5,64.33,64.8
6/26/2022 0:00,2.263,168.9,5.911,1.524,260.7,64.27,64.65
6/26/2022 1:00,0.464,193.4,2.772,0.563,258.2,64.98,66.1
6/26/2022 2:00,0.089,121.8,1.784,0.155,263.3,66.59,68.04
6/26/2022 3:00,0.175,107.7,4.633,0.47,269.4,67.04,68.8
6/26/2022 4:00,0.029,116.2,2.54,0.377,263.9,68.39,70.07
6/26/2022 5:00,0.019,106.4,2.889,0.13,244,69.76,71.21
6/26/2022 6:00,0.001,106.4,0.97,0.174,243.3,65.49,70.84
6/26/2022 7:00,0,0,3.179,0.213,244.4,61.77,64.02
6/26/2022 8:00,0.008,252.8,2.191,0.554,229.1,60.72,63.49
6/26/2022 9:00,0.166,226.9,3.354,0.606,214.5,59.42,63.88
6/26/2022 10:00,0.309,248.4,3.702,0.587,227.9,59.05,64.86
6/26/2022 11:00,0.15,231.9,3.354,0.474,223,59.15,62.99
6/26/2022 12:00,0.015,215.8,2.423,0.217,226.1,58.69,61.44
6/26/2022 13:00,0,0,2.075,0.126,214.9,60.72,63.47
6/26/2022 14:00,0.014,350.2,1.668,0.083,230.8,64.22,65.71
6/26/2022 15:00,0.311,79.42,4.226,0.646,306,65.1,67.2
6/26/2022 16:00,0.004,64.17,1.435,0.132,269.9,63.92,65.72
6/26/2022 17:00,2.21,139.3,4.342,2.09,290.5,64.72,65.36
6/26/2022 18:00,3.331,134,4.865,3.061,293.6,64.32,64.93
6/26/2022 19:00,3.284,130.8,5.33,2.484,293.5,64.32,64.74
6/26/2022 20:00,3.64,132.3,6.842,2.703,291.7,64.52,65.14
6/26/2022 21:00,1.259,125.3,6.202,0.715,276.8,64.51,64.95
6/26/2022 22:00,0.678,147.9,3.354,0.407,259.7,64.45,64.81
6/26/2022 23:00,0.085,92.3,3.063,0.071,233.3,64.36,64.74
6/27/2022 0:00,0.007,90.1,0.97,0.061,236.7,63.94,64.65
6/27/2022 1:00,0.024,92.6,2.249,0.14,246,NAN,NAN
6/27/2022 2:00,1.724,130.4,6.26,1.129,245.5,64.38,68.02
6/27/2022 3:00,3.261,120.7,9.46,2.245,281,63.76,64.97
6/27/2022 4:00,0.261,245,3.644,0.373,234.7,65.8,67.8
6/27/2022 5:00,0,0,1.145,0.056,225.8,68.77,70.4
6/27/2022 6:00,0.756,142.1,3.935,0.899,261.5,63.59,66.85
6/27/2022 7:00,2.644,137.9,4.807,2.13,269.3,63.44,65.39
6/27/2022 8:00,3.297,158.9,5.505,2.516,264.8,64.91,66.03
6/27/2022 9:00,2.765,152.8,5.679,2.346,268.3,65.23,66.32
6/27/2022 10:00,3.168,148.7,6.725,2.506,262.3,64.6,66.05
6/27/2022 11:00,1.14,123.9,7.307,1.206,280.9,64.7,66.43
6/27/2022 12:00,1.88,163,5.214,1.442,255,65.29,68.75
6/27/2022 13:00,3.52,156.6,4.4,2.188,266.6,64.88,67.68
6/27/2022 14:00,1.71,148.7,3.877,1.504,282.4,64.36,67.17
6/27/2022 15:00,0.356,137.6,2.54,0.684,265.3,64.33,64.88
6/27/2022 16:00,0.179,118.9,2.482,0.229,267.3,64.58,64.89
6/27/2022 17:00,0.349,140.3,3.121,0.288,246.5,64.49,64.88
6/27/2022 18:00,1.48,166.7,4.923,0.875,262.9,64.31,64.68
6/27/2022 19:00,0.013,157.1,1.086,0.054,246.8,64.21,64.54
6/27/2022 20:00,0.492,93.2,4.284,0.291,262.1,63.9,64.42
6/27/2022 21:00,3.268,101.7,10.39,2.289,312,63.04,63.7
6/27/2022 22:00,4.976,127.3,13,3.573,291.3,62.69,63.17
6/27/2022 23:00,4.342,91.3,13.99,2.308,332.6,62.46,63.05
6/28/2022 0:00,4.493,158.4,9.75,1.832,248.7,62.44,63.43
6/28/2022 1:00,3.938,219.2,8.64,1.842,216.1,62.34,62.65
6/28/2022 2:00,3.465,119.3,9.98,1.502,282.7,62.33,64.19
6/28/2022 3:00,3.48,83.5,7.307,1.836,334.2,62.42,63.93
6/28/2022 4:00,2.99,4.582,6.667,2.183,112,62.87,64.33
6/28/2022 5:00,2.319,227.6,6.493,1.443,215.5,62.83,65.14
6/28/2022 6:00,1.651,134.8,6.609,1.302,258.8,63.59,66.68
6/28/2022 7:00,0.319,87.8,3.644,0.47,273.6,65.08,68.95
6/28/2022 8:00,0.822,156.6,5.272,0.883,245.9,65.05,68.56
6/28/2022 9:00,2.899,166.7,5.563,2.045,254.7,64.02,65.06
6/28/2022 10:00,1.99,173.1,5.33,1.795,252.3,64.03,66.3
6/28/2022 11:00,0.346,162,4.167,0.756,225.2,64.25,65.46
6/28/2022 12:00,0.152,170.3,3.121,0.572,240.2,64.2,65.82
6/28/2022 13:00,0.249,164.8,4.923,0.436,241.5,64.86,67.15
6/28/2022 14:00,0.083,234.1,3.005,0.168,224,63.95,66.47
6/28/2022 15:00,0.175,96.2,3.761,0.247,237.7,63.17,63.64
6/28/2022 16:00,2.496,89.3,7.365,2.408,330.5,63.26,63.72
6/28/2022 17:00,2.753,90.3,6.958,2.393,332,63.6,64.3
6/28/2022 18:00,1.601,87.1,4.226,0.96,322.4,63.61,63.98
6/28/2022 19:00,0.605,106.5,3.121,0.627,335.3,63.32,63.87
6/28/2022 20:00,2.964,119.5,4.516,2.504,305.1,63.43,63.87
6/28/2022 21:00,0.556,118,3.412,0.555,344.7,63.3,63.84
6/28/2022 22:00,0.602,83.4,3.644,0.723,352.4,63.57,64.1
6/28/2022 23:00,0.151,77.78,2.889,0.321,37.48,63.14,63.95
6/29/2022 0:00,0.073,33.21,0.97,0.138,59.78,63.05,63.85
6/29/2022 1:00,0,0,0.854,0.245,311.4,63.37,64.26
6/29/2022 2:00,0.001,33.53,1.435,0.076,325,63.87,66.3
6/29/2022 3:00,1.404,152.8,3.644,1.016,266.9,64.63,67.82
6/29/2022 4:00,2.999,172.1,5.156,2.05,257.4,63.42,64.5
6/29/2022 5:00,2.573,160,4.458,2.355,269.2,63.3,65.83
6/29/2022 6:00,5.155,160.4,6.202,3.799,268.9,63.44,64.95
6/29/2022 7:00,3.581,169.2,6.086,2.533,254.4,64.4,66.12
6/29/2022 8:00,4.973,184.1,5.621,3.38,249.5,64.24,65.37
6/29/2022 9:00,4.91,171.1,6.086,3.348,257.9,64.89,66.26
6/29/2022 10:00,3.346,179.8,5.97,2.293,248.5,64.62,66.31
6/29/2022 11:00,1.943,177.1,3.644,1.353,236.2,65.04,66.94
6/29/2022 12:00,0.286,237.8,2.83,0.838,202.8,64.92,67.42
6/29/2022 13:00,0.207,261.6,3.237,0.518,221.9,64.83,67.38
6/29/2022 14:00,0.084,168,1.9,0.24,233.5,64.6,67.26
6/29/2022 15:00,0,0,1.551,0.224,228.8,64.53,64.87
6/29/2022 16:00,0.002,142.1,1.028,0.082,243.2,64.54,65.08
6/29/2022 17:00,0.57,145.4,0.04,0.04,257,64.52,64.86
6/29/2022 18:00,0.224,147,0.04,0.04,260,64.4,64.98
6/29/2022 19:00,0,0,0.04,0.04,239.2,63.65,64.34
6/29/2022 20:00,0,0,0.04,0.04,255.4,63.82,64.42
6/29/2022 21:00,4.458,166.9,0.04,0.04,265.4,63.93,64.28
6/29/2022 22:00,3.017,158.5,0.04,0.04,273.7,63.85,64.2
6/29/2022 23:00,1.773,144.1,0.04,0.04,291.4,63.72,64.16
6/30/2022 0:00,0,0,0.04,0.04,355,63.66,64.15
6/30/2022 1:00,0.478,83.1,0.04,0.04,351.6,NAN,NAN
6/30/2022 2:00,0.104,193.9,2.017,0.082,248.8,66.36,68.53
6/30/2022 3:00,0.305,204.3,2.772,0.272,238.5,68.4,70.4
6/30/2022 4:00,0.11,207.7,3.354,0.466,237.7,70.21,71.94
6/30/2022 5:00,0.15,182.9,2.423,0.89,237,68.32,70.18
6/30/2022 6:00,2.745,172.8,4.167,1.748,250.9,66.65,70.28
6/30/2022 7:00,3.571,176.7,3.877,2.241,253.2,66.48,68.08
6/30/2022 8:00,2.634,178.4,3.761,1.908,252.1,67.42,69.41
6/30/2022 9:00,3.289,173.7,4.633,2.129,253,67.13,68.81
6/30/2022 10:00,4.347,141.8,7.423,3.398,285.4,64.32,67.27
6/30/2022 11:00,4.457,150.3,7.772,3.381,278.8,64.96,68.71
6/30/2022 12:00,5.664,145.5,9.23,4.296,283.8,64.4,66.01
6/30/2022 13:00,2.511,135.6,6.435,2.291,276.8,64.36,66.84
6/30/2022 14:00,0.91,138.6,4.342,0.683,254.6,63.1,65.54
6/30/2022 15:00,0.642,0.048,5.446,0.424,268.3,62.82,63.44
6/30/2022 16:00,0.435,20.87,4.691,0.457,303,63.12,63.48
6/30/2022 17:00,0.265,77.89,4.807,0.291,220.5,62.5,63.45
6/30/2022 18:00,0.041,101.6,1.958,0.163,261.8,62,62.64
6/30/2022 19:00,0.608,88,5.098,0.579,297.7,62.07,62.85
6/30/2022 20:00,0.022,94.3,0.679,0.049,209.9,61.54,62.43
6/30/2022 21:00,0,0,0.447,0.043,221.1,61.4,61.81
6/30/2022 22:00,0.074,102.9,1.203,0.078,209.1,61.77,62.73
6/30/2022 23:00,0,0,1.203,0.09,219.1,61.79,62.18
7/1/2022 0:00,0.171,90,4.167,0.235,202.8,61.74,62.4
7/1/2022 1:00,0.3,91.1,3.528,0.379,339.7,62.28,62.85
7/1/2022 2:00,0.123,80.6,3.005,0.247,282.7,63.46,65.75
7/1/2022 3:00,0.288,96.5,3.005,0.403,273.7,63.98,65.08
7/1/2022 4:00,0.071,110.8,2.656,0.255,275.8,64.71,66.78
7/1/2022 5:00,0.702,126.5,3.528,1.049,293.9,63.31,64.97
7/1/2022 6:00,0.084,129.6,4.633,0.244,253.1,66.82,69.11
7/1/2022 7:00,0,0,1.261,0.103,237.5,69.53,70.55
7/1/2022 8:00,0.189,182.5,3.121,0.567,256.7,66.18,70.61
7/1/2022 9:00,1.393,181.1,5.214,1.411,237.5,65.44,68.33
7/1/2022 10:00,2.24,122.8,7.074,1.754,292.5,63.98,65.44
7/1/2022 11:00,0.953,98.4,6.26,1.117,313.5,64.14,66.07
7/1/2022 12:00,0.656,76.09,5.098,0.882,314,63.88,65.19
7/1/2022 13:00,0.054,170.9,2.075,0.207,231.3,64.92,65.94
7/1/2022 14:00,0.014,58.97,2.017,0.235,216.4,64.46,64.94
7/1/2022 15:00,0.222,83.9,5.098,0.48,290.9,63.68,64.35
7/1/2022 16:00,0,0,1.028,0.067,247.1,64.16,64.73
7/1/2022 17:00,0.02,174.3,2.249,0.051,219.5,63.75,64.39
7/1/2022 18:00,0.041,228.8,2.133,0.083,218.6,63.08,63.9
7/1/2022 19:00,0.173,224.9,2.889,0.122,243.3,62.66,63.25
7/1/2022 20:00,0.021,107.2,2.133,0.099,315.5,62.77,63.33
7/1/2022 21:00,0.03,205.3,2.307,0.083,291.9,62.79,63.23
7/1/2022 22:00,0.314,109.3,3.761,0.304,236.5,63.26,64.22
7/1/2022 23:00,0.999,91,4.342,0.876,305.8,63.54,64.18
7/2/2022 0:00,0.51,86,4.284,0.475,279.7,62.52,63.4
7/2/2022 1:00,0.151,300.3,4.342,0.106,227.4,62.41,62.84
7/2/2022 2:00,0.115,116.8,2.54,0.122,251.7,63.25,64.56
7/2/2022 3:00,0,0,1.261,0.05,226.9,64.53,65.95
7/2/2022 4:00,0.013,64.07,2.249,0.221,274.4,64.12,66.43
7/2/2022 5:00,0,0,0.04,0.04,257.2,66.37,68.98
7/2/2022 6:00,0,0,1.261,0.241,246.9,64.9,66.99
7/2/2022 7:00,0.164,121.9,3.295,0.645,251.4,63.97,65.5
7/2/2022 8:00,0.606,171,4.226,1.113,263.3,64.41,65.71
7/2/2022 9:00,0.33,182.4,3.819,0.789,243.6,65.6,67.38
7/2/2022 10:00,0.333,176.5,3.761,0.726,242.6,64.86,67.05
7/2/2022 11:00,0,0,2.249,0.48,250.2,64.4,65.1
7/2/2022 12:00,0.172,181.4,3.877,0.744,245.7,64.07,64.62
7/2/2022 13:00,0.135,139.8,3.47,0.47,257.3,64.21,64.8
7/2/2022 14:00,0,0,1.145,0.088,227.7,64.32,64.85
7/2/2022 15:00,0.002,183.4,1.668,0.084,222.2,64.18,64.77
7/2/2022 16:00,0.037,102.8,1.958,0.081,225.2,63.77,64.25
7/2/2022 17:00,0.018,235.4,1.028,0.064,235.5,63.48,64
7/2/2022 18:00,0,0,1.028,0.073,214.5,63.22,63.67
7/2/2022 19:00,0.098,105.8,3.121,0.552,289.4,63.44,64.44
7/2/2022 20:00,0.059,135.2,2.423,0.392,328.1,63.1,64.2
7/2/2022 21:00,0.016,133,1.61,0.079,210.2,62.03,62.52
7/2/2022 22:00,0.021,71.8,2.075,0.07,46.2,62.61,63.4
7/2/2022 23:00,0.159,246.3,2.482,0.223,168.6,63.13,63.61
7/3/2022 0:00,0.015,229.9,1.261,0.107,210.5,63.01,63.47
7/3/2022 1:00,0.803,87.2,5.621,0.881,339.1,NAN,NAN
7/3/2022 2:00,0.043,59.82,3.121,0.261,321.6,63.66,65.77
7/3/2022 3:00,0.27,262,2.656,0.445,243.2,64.04,65.53
7/3/2022 4:00,0,0,0.912,0.061,225,67.84,69.23
7/3/2022 5:00,0,0,1.145,0.119,217.6,69.4,70.23
7/3/2022 6:00,0.035,41.18,3.644,0.271,231.4,67.24,70.22
7/3/2022 7:00,0.141,236.2,4.342,0.538,228,64.3,67.34
7/3/2022 8:00,0.038,240.4,3.47,0.362,241.3,65.81,67.15
7/3/2022 9:00,0.169,89.4,7.074,0.774,251.3,64.27,66.29
7/3/2022 10:00,0.257,103.8,6.435,0.835,248.5,64.91,67.31
7/3/2022 11:00,0.546,124.8,4.574,0.701,260.6,64.29,66.27
7/3/2022 12:00,0.281,118.6,4.633,0.598,242.7,63.98,65.96
7/3/2022 13:00,0.004,146.6,2.947,0.206,228.8,64.07,64.64
7/3/2022 14:00,0.788,93.6,5.97,0.795,271.7,63.14,64.66
7/3/2022 15:00,0.083,225.1,4.167,0.303,233.3,63.57,65.47
7/3/2022 16:00,0,0,0.563,0.054,251.3,63.29,63.73
7/3/2022 17:00,0,0,0.04,0.04,248.4,63.42,63.84
7/3/2022 18:00,0,0,0.04,0.04,248.5,63.25,63.66
7/3/2022 19:00,0,0,0.04,0.04,241.8,63.05,63.44
7/3/2022 20:00,0.014,191.2,0.04,0.04,239.8,62.9,63.21
7/3/2022 21:00,0.337,229,2.423,0.199,229.2,62.66,63.33
7/3/2022 22:00,1.654,228.1,3.237,0.789,221,62.42,62.89
7/3/2022 23:00,0.77,231,2.598,0.555,219.8,62.43,62.79
7/4/2022 0:00,0.137,235.6,2.598,0.286,243.2,62,62.55
7/4/2022 1:00,0.068,248.1,1.551,0.276,227.4,62.08,62.74
7/4/2022 2:00,0.057,322.1,1.9,0.267,238.6,62.32,63.09
7/4/2022 3:00,0.76,263.5,2.947,0.529,219.3,62.32,63.11
7/4/2022 4:00,0.39,228.2,2.714,0.979,218.3,63.56,65.19
7/4/2022 5:00,0.485,225.9,3.47,1.169,222.9,65.5,66.83
7/4/2022 6:00,0.212,201.4,4.691,0.796,235.1,66.7,68.05
7/4/2022 7:00,0.5,222.3,7.888,0.909,238.3,65.51,68.69
7/4/2022 8:00,0.464,219.3,4.923,0.712,233.8,66.96,68.92
7/4/2022 9:00,0.097,213.8,2.54,0.521,236.6,67.38,69.42
7/4/2022 10:00,0.102,216.3,3.295,0.479,233.3,67.51,69.91
7/4/2022 11:00,0.016,198.5,1.9,0.415,242.7,65.46,67.62
7/4/2022 12:00,0,216.6,2.54,0.292,238.1,65.23,66.8
7/4/2022 13:00,0.146,139.1,3.993,0.324,244.1,64.46,68.86
7/4/2022 14:00,0,0,0.97,0.11,245.4,64.09,65.1
7/4/2022 15:00,0.023,139.4,1.842,0.111,252,63.68,64.12
7/4/2022 16:00,0,0,0.854,0.059,269.3,63.57,63.98
7/4/2022 17:00,0,0,0.04,0.04,255.7,63.48,63.79
7/4/2022 18:00,0,0,0.04,0.04,251.6,63.43,63.78
7/4/2022 19:00,0,0,0.04,0.04,254.9,63.47,63.76
7/4/2022 20:00,0,0,0.04,0.04,253.9,63.45,63.77
7/4/2022 21:00,0,0,0.04,0.04,269,63.2,63.66
7/4/2022 22:00,0,0,0.04,0.04,257.2,62.53,63.19
7/4/2022 23:00,0,0,0.04,0.04,224.9,62.14,63.91
7/5/2022 0:00,0,0,4.109,0.137,210.7,61.66,62.01
7/5/2022 1:00,0,0,5.33,0.759,261,60.93,61.97
7/5/2022 2:00,0,0,2.83,0.425,214.3,61.83,64.02
7/5/2022 3:00,0,0,2.423,0.412,197.1,64.44,66.06
7/5/2022 4:00,0,0,2.482,0.371,233.9,65.44,67.06
7/5/2022 5:00,0.047,99,5.33,0.62,235.2,65.67,67.71
7/5/2022 6:00,0.075,79.28,4.749,0.696,281.6,63.37,66.82
7/5/2022 7:00,0.16,152.2,5.97,0.765,258.2,66.29,69.46
7/5/2022 8:00,0.619,231.6,12.83,1.145,223.1,68.6,70.94
7/5/2022 9:00,0.059,251.4,3.528,0.504,230.6,69.81,71.99
7/5/2022 10:00,0.131,240.2,3.877,0.656,222.3,68.25,70.41
7/5/2022 11:00,0.119,214.1,4.284,0.599,227.3,67.05,68.51
7/5/2022 12:00,0.048,240.3,3.935,0.392,226.6,65.71,66.61
7/5/2022 13:00,0.018,128,2.191,0.16,242.4,64.48,65.77
7/5/2022 14:00,0,0,1.261,0.103,251.5,63.55,64.11
7/5/2022 15:00,0,0,0.854,0.057,255,63.3,63.75
7/5/2022 16:00,0.022,75.45,2.307,0.118,268.3,63.14,63.54
7/5/2022 17:00,0.442,203.8,5.505,0.719,242.7,61.91,63.42
7/5/2022 18:00,0.055,51.58,2.889,0.261,256.1,61.46,62.25
7/5/2022 19:00,0.281,115.8,4.226,0.502,261.1,62.13,62.59
7/5/2022 20:00,0.251,227.6,4.458,1.241,212.6,62.3,62.65
7/5/2022 21:00,0.708,202.9,9.23,1.595,226.8,62.17,62.69
7/5/2022 22:00,0.807,177.2,5.505,0.72,285.9,61.6,62.19
7/5/2022 23:00,0.921,198.5,5.039,0.971,225.6,61.95,62.43
7/6/2022 0:00,0.911,202.5,9.11,0.926,242.4,61.87,62.43
7/6/2022 1:00,0.014,88.6,1.668,0.122,245.5,NAN,NAN
7/6/2022 2:00,0.118,156,2.191,0.212,220.9,62.48,64.37
7/6/2022 3:00,0.226,239.1,6.842,0.575,215.6,63.39,64.87
7/6/2022 4:00,0.016,279.7,2.423,0.27,226.6,64.54,66.47
7/6/2022 5:00,0,212.3,2.54,0.336,232.6,65.2,67.68
7/6/2022 6:00,0.047,130.9,2.249,0.395,236.8,65.54,67.88
7/6/2022 7:00,0.026,124.5,2.423,0.479,256.5,66.19,70.68
7/6/2022 8:00,0,259.5,3.354,0.666,235.4,67.5,69.95
7/6/2022 9:00,0.045,230.4,3.528,0.65,231.1,68.56,72.07
7/6/2022 10:00,0.05,301.2,3.644,0.592,250.1,66.67,70
7/6/2022 11:00,0.052,78.06,2.889,0.474,250.3,65.59,68.78
7/6/2022 12:00,0,0,2.772,0.534,231.2,66.44,68.16
7/6/2022 13:00,0.015,232.3,2.133,0.45,228.4,65.51,67.2
7/6/2022 14:00,0.007,329.3,2.017,0.161,229.5,61.86,63
7/6/2022 15:00,0,0,0.447,0.045,243.2,62.15,63.04
7/6/2022 16:00,0.034,244.9,1.668,0.13,234.2,61.9,63.93
7/6/2022 17:00,0.063,236.3,2.423,0.382,210.6,62.69,63.25
7/6/2022 18:00,0.772,227.5,8.41,0.537,216.4,61.55,62.37
7/6/2022 19:00,0.425,191.3,3.063,0.268,211.3,61.79,62.29
7/6/2022 20:00,0.042,213.8,1.9,0.204,272.3,62.35,63.19
7/6/2022 21:00,0.009,247.3,1.668,0.171,235,62.26,63.05
7/6/2022 22:00,0.005,333.5,1.319,0.29,208.8,62.16,62.74
7/6/2022 23:00,0.032,238.9,1.261,0.272,207.9,62.07,62.62
7/7/2022 0:00,0.034,80.9,2.482,0.195,288.8,61.6,63.4
7/7/2022 1:00,0.067,108.2,1.319,0.104,233.5,61.38,62.08
7/7/2022 2:00,0.033,143.8,2.133,0.236,236,62.88,64.43
7/7/2022 3:00,0.345,223.3,3.644,0.621,237,61.47,62.97
7/7/2022 4:00,0.258,201.3,3.179,0.514,235.3,61.99,64.2
7/7/2022 5:00,0.373,87.8,5.563,0.746,306.1,58.39,62.2
7/7/2022 6:00,0.002,70.01,2.482,0.289,292.3,59.78,64.04
7/7/2022 7:00,0,149.6,2.772,0.217,242.1,62.48,66.4
7/7/2022 8:00,0.27,227,4.633,0.569,225.3,63.98,67.21
7/7/2022 9:00,0.385,210.9,5.33,0.651,227.3,64.68,68.33
7/7/2022 10:00,0.066,210.6,3.295,0.443,241,62.9,66.25
7/7/2022 11:00,0.001,97.8,3.121,0.39,241.3,63.74,66.28
7/7/2022 12:00,0.003,246,2.075,0.291,230.3,64.05,66.26
7/7/2022 13:00,0.042,228.2,2.075,0.274,226,62.5,65.46
7/7/2022 14:00,0,0,1.435,0.088,228.6,60,62.25
7/7/2022 15:00,0.039,231.3,2.249,0.217,245.7,57.82,59.64
7/7/2022 16:00,0.009,105.5,2.482,0.326,241.2,57.37,59.37
7/7/2022 17:00,0.184,158.4,5.214,0.285,244.7,57.33,59.11
7/7/2022 18:00,0.152,78.39,5.214,0.405,284.5,57.23,58.89
7/7/2022 19:00,0.098,101.7,3.47,0.307,277.9,56.31,59.36
7/7/2022 20:00,0.298,112.4,8.47,0.424,271.4,58.39,61.64
7/7/2022 21:00,0.169,125.8,5.098,0.266,271.6,59.32,62.66
7/7/2022 22:00,0.068,80.5,2.482,0.165,262.5,58.48,60.41
7/7/2022 23:00,0.192,143.9,4.284,0.287,263.3,57.17,59.27
7/8/2022 0:00,0.063,348.6,2.075,0.095,212.2,56.82,58.45
7/8/2022 1:00,0.013,80.8,2.249,0.18,251.6,57.04,59.56
7/8/2022 2:00,0.067,77.86,4.807,0.251,227.2,55.94,59.4
7/8/2022 3:00,0.008,85.3,3.063,0.248,226.5,56.26,60.27
7/8/2022 4:00,0.012,114.5,2.191,0.303,225.2,57.04,59.44
7/8/2022 5:00,0,0,1.842,0.463,223.4,56.83,61.26
7/8/2022 6:00,0.039,222.8,3.47,0.525,227,57.32,60.48
7/8/2022 7:00,0.102,211,3.295,0.44,236,58.04,63.01
7/8/2022 8:00,0.027,224.8,1.958,0.411,237.1,57.55,60.58
7/8/2022 9:00,0,133,1.958,0.451,229.2,59.38,63.58
7/8/2022 10:00,0.061,203.3,3.528,0.503,230,60.29,62.7
7/8/2022 11:00,0.024,215.4,2.249,0.26,241.6,57.89,61.33
7/8/2022 12:00,0.029,179.7,1.842,0.25,244.6,59.91,62.84
7/8/2022 13:00,0,0,1.261,0.142,242.4,62.19,64.2
7/8/2022 14:00,0.006,159.5,1.958,0.435,212.2,64.45,65.18
7/8/2022 15:00,0.017,237.1,1.61,0.363,212,64.16,64.71
7/8/2022 16:00,0,0,2.249,0.197,226.4,64.37,65.42
7/8/2022 17:00,0.339,252.9,5.33,0.362,206.9,64.48,65.34
7/8/2022 18:00,0.289,237.4,4.051,0.258,195.8,64.51,64.93
7/8/2022 19:00,0.245,253.5,5.97,0.217,191.1,63.86,64.54
7/8/2022 20:00,0.243,228,4.458,0.262,196.4,63.74,65.53
7/8/2022 21:00,0.181,263.8,2.307,0.298,197.3,64.06,64.54
7/8/2022 22:00,0.055,239.2,1.842,0.22,215.3,63.32,64.93
7/8/2022 23:00,0.079,336,1.842,0.218,206.5,63.6,64.19
7/9/2022 0:00,0.194,235.8,2.249,0.321,206.1,63.74,64.5
7/9/2022 1:00,0.45,228.8,3.47,0.518,210.7,NAN,NAN
7/9/2022 2:00,0.435,206.8,3.644,0.441,224.9,62.25,63.96
7/9/2022 3:00,0.491,190.6,5.272,0.779,224.2,62.97,64.75
7/9/2022 4:00,0.37,221.4,2.656,0.953,226.5,64.51,66.39
7/9/2022 5:00,0.745,237.2,3.586,1.235,222.6,59.95,64.76
7/9/2022 6:00,0.368,246,4.4,1.015,242.4,56.27,61.92
7/9/2022 7:00,0.158,105.7,4.574,1.205,284.3,61.72,69.79
7/9/2022 8:00,0.182,224.6,5.156,0.871,231.7,59.02,69.71
7/9/2022 9:00,0.001,236.8,2.075,0.651,233.5,55.38,60.65
7/9/2022 10:00,0,231.1,2.889,0.628,253.2,56.21,61.38
7/9/2022 11:00,0,0,3.179,0.435,273,56.31,62.93
7/9/2022 12:00,0.004,91.7,4.167,0.719,304.4,51.39,58.75
7/9/2022 13:00,0.032,74.98,3.237,0.535,315.1,50.65,58.39
7/9/2022 14:00,0,0,2.889,0.334,295.3,53.3,56.73
7/9/2022 15:00,0,0,1.377,0.078,271.7,51.97,55.01
7/9/2022 16:00,0.118,76.55,6.493,0.221,299.4,53.46,56.49
7/9/2022 17:00,0,0,1.9,0.139,295.9,56.38,58.54
7/9/2022 18:00,0.004,71.79,2.656,0.338,319.2,52.47,55.88
7/9/2022 19:00,0.013,75.57,2.423,0.33,334.1,49.78,54.09
7/9/2022 20:00,0,0,2.54,0.149,297.9,49.95,55.01
7/9/2022 21:00,0.047,227.8,3.121,0.086,225,54.67,58.97
7/9/2022 22:00,0.695,146.4,9.05,0.735,301.4,57.94,62.26
7/9/2022 23:00,0.32,227.1,6.202,0.563,289.7,59.4,64.25
7/10/2022 0:00,0.338,190.8,4.109,0.378,292.1,57.44,63.54
7/10/2022 1:00,0.02,128.4,2.365,0.137,281.3,50.72,54.97
7/10/2022 2:00,0,0,3.295,0.394,289.4,47.78,53.12
7/10/2022 3:00,0,0,3.354,0.864,328.7,39.9,45.67
7/10/2022 4:00,0.004,352.2,2.598,0.728,318.5,39.95,45.14
7/10/2022 5:00,0,0,4.516,0.748,319.2,35.29,44.41
7/10/2022 6:00,0,0,3.121,0.309,290.2,40.73,48.81
7/10/2022 7:00,0,0,1.842,0.215,277,45.36,60.56
7/10/2022 8:00,2.233,245.7,6.086,1.552,211.7,53.57,65.05
7/10/2022 9:00,1.71,225.9,6.028,1.453,221.2,55.31,60.95
7/10/2022 10:00,0.274,189.5,4.458,0.724,230.5,49.16,53.89
7/10/2022 11:00,0.132,216.1,5.098,0.978,215.7,49.12,59.14
7/10/2022 12:00,0.209,261.7,3.935,0.364,223,52.95,59.77
7/10/2022 13:00,0.093,272.8,3.412,0.283,227.7,43.48,48.89
7/10/2022 14:00,0,0,1.145,0.081,266,42.93,47.97
7/10/2022 15:00,0,0,0.04,0.04,212.6,53.09,61.86
7/10/2022 16:00,0,0,1.435,0.048,218.2,57.72,63.51
7/10/2022 17:00,0.052,280.7,1.9,0.061,230.6,53.78,55.69
7/10/2022 18:00,0,226.7,1.028,0.107,226.9,61.89,66.74
7/10/2022 19:00,0.402,226.8,3.877,0.391,216.9,60.42,64.08
7/10/2022 20:00,0,0,0.679,0.053,217.3,54.28,57.2
7/10/2022 21:00,0.102,212.1,3.063,0.155,289.8,54,57.72
7/10/2022 22:00,0,189.8,0.796,0.076,210,58.7,60.91
7/10/2022 23:00,0,95.7,0.621,0.048,227.1,59.57,61.75
7/11/2022 0:00,0.002,127,1.203,0.065,227,61.61,63.84
7/11/2022 1:00,0,0,1.726,0.113,260.3,60.59,62.82
7/11/2022 2:00,0.025,78.1,3.47,0.465,295.7,60.95,64.01
7/11/2022 3:00,0.007,83.7,3.295,0.584,302.4,60.58,63.83
7/11/2022 4:00,0.043,89.6,3.935,0.661,307.6,59.58,62.65
7/11/2022 5:00,0,61.89,4.284,0.601,308.5,53.89,57.86
7/11/2022 6:00,0.02,110.4,5.563,0.351,283,54.35,63.89
7/11/2022 7:00,0.016,67.83,2.075,0.277,239.7,54.18,64.8
7/11/2022 8:00,0.245,224.1,4.458,0.592,230.3,47.11,53.94
7/11/2022 9:00,0.24,226.8,4.167,0.732,221.4,44.44,50.16
7/11/2022 10:00,1.151,232.7,4.284,1.237,208.6,50.86,59.38
7/11/2022 11:00,0.498,211.3,4.981,0.717,235.6,49.38,54.59
7/11/2022 12:00,0.122,218.2,5.563,0.315,245.5,55.5,63.4
7/11/2022 13:00,0.095,217.7,4.749,0.238,270.2,63.49,65.5
7/11/2022 14:00,0.005,82.3,2.83,0.232,290.4,62.56,64.5
7/11/2022 15:00,0.019,64.18,1.958,0.175,311.9,63.35,65.73
7/11/2022 16:00,0.005,70.84,1.203,0.154,321,64.88,66.35
7/11/2022 17:00,0.002,25.09,1.145,0.138,324.4,63.41,64.86
7/11/2022 18:00,0,0,1.61,0.163,344.1,61.66,64.78
7/11/2022 19:00,0.007,81.4,1.9,0.199,341.4,54.36,59.04
7/11/2022 20:00,0.055,81.5,3.935,0.283,334.2,49.54,54.16
7/11/2022 21:00,0.006,61.71,1.377,0.138,355.3,41.5,51.45
7/11/2022 22:00,0.003,57.7,1.086,0.065,149.8,38.68,43.71
7/11/2022 23:00,0,0,0.273,0.04,190.4,42.92,45.63
7/12/2022 0:00,0,0,0.331,0.041,187.7,44.49,46.63
7/12/2022 1:00,0.002,347.8,0.97,0.05,203.7,NAN,NAN
7/12/2022 2:00,0.023,171.3,1.784,0.094,207.8,45.22,50.29
7/12/2022 3:00,0.001,90.8,1.726,0.126,222.3,37.63,42.17
7/12/2022 4:00,0.001,264.7,1.9,0.201,222.4,36.97,42.04
7/12/2022 5:00,0.072,338.3,3.819,0.259,221.8,36.83,43.58
7/12/2022 6:00,0.009,64.2,3.528,0.354,234.9,41.22,57.99
7/12/2022 7:00,0,0,1.958,0.31,242.2,50.03,56.27
7/12/2022 8:00,0.068,237.6,3.528,0.541,242.4,49.01,61
7/12/2022 9:00,0.098,243.7,5.098,0.406,237.8,49.38,61.92
7/12/2022 10:00,0.131,204.5,4.516,0.529,239,48.47,55.47
7/12/2022 11:00,0.538,215.1,7.539,0.759,232.4,50.86,58.56
7/12/2022 12:00,0,0,1.377,0.11,249.2,45.91,58.24
7/12/2022 13:00,0,0,2.423,0.095,232.9,50.75,57.44
7/12/2022 14:00,0,0,0.621,0.051,222.1,55.02,58.42
7/12/2022 15:00,0.012,59.25,2.365,0.172,292.8,58.77,61.12
7/12/2022 16:00,0,0,0.505,0.047,266.8,57.93,60.84
7/12/2022 17:00,0,0,1.086,0.062,247,57.85,61.35
7/12/2022 18:00,0.015,72.13,3.237,0.113,266.8,57.71,60.48
7/12/2022 19:00,0,0,1.377,0.108,262.9,60.28,63.42
7/12/2022 20:00,0.043,8.9,2.075,0.161,275.3,62.8,66.42
7/12/2022 21:00,0.097,229.3,2.017,0.166,211,64.95,66.36
7/12/2022 22:00,0.153,222.1,4.574,0.14,206,63.75,65.16
7/12/2022 23:00,0.005,227.8,2.017,0.07,186.2,62.79,65.02
7/13/2022 0:00,0,0,0.679,0.044,131.9,62.61,63.77
7/13/2022 1:00,0,0,0.738,0.047,101.8,62.65,63.55
7/13/2022 2:00,0.004,61.11,1.319,0.061,224.4,64.62,69.44
7/13/2022 3:00,0.011,40.18,1.551,0.19,218.2,55.37,63.27
7/13/2022 4:00,0.04,237.3,1.784,0.2,236.5,50.11,55.35
7/13/2022 5:00,0.001,80.2,1.668,0.208,256.3,52.98,59.78
7/13/2022 6:00,0.047,81.4,3.121,0.45,271.9,57.78,66.71
7/13/2022 7:00,0.285,213.4,3.005,0.544,237.9,50.72,65.82
7/13/2022 8:00,0.291,207.4,4.516,0.656,237.6,46.9,57.5
7/13/2022 9:00,0.71,230.4,5.156,0.885,231.9,48.98,56.72
7/13/2022 10:00,0.928,224.7,6.783,0.963,230.2,47.15,52.79
7/13/2022 11:00,0.81,257.1,4.226,0.749,220.7,54.24,61.7
7/13/2022 12:00,0.058,222.8,2.714,0.177,234.2,54.1,58.58
7/13/2022 13:00,0.093,256.5,2.83,0.274,218.8,62.79,66.45
7/13/2022 14:00,0,0,1.145,0.137,301.1,63.69,65.28
7/13/2022 15:00,0,233.4,2.017,0.049,229.8,64.14,66.37
7/13/2022 16:00,0,0,0.331,0.042,310.3,63.74,65.15
7/13/2022 17:00,0,0,0.389,0.042,348.2,63.1,64.68
7/13/2022 18:00,0.002,43.63,1.203,0.122,351.8,63.65,65.38
7/13/2022 19:00,0,0,1.028,0.135,350.1,63.42,64.28
7/13/2022 20:00,0.006,77.8,1.842,0.252,348.9,63.36,64.32
7/13/2022 21:00,0.011,80.6,2.365,0.279,354.6,63.03,63.87
7/13/2022 22:00,0.026,82.4,2.947,0.308,4.096,63.19,63.94
7/13/2022 23:00,0.031,81.9,1.784,0.275,357,62.61,63.26
7/14/2022 0:00,0.032,77.29,1.958,0.289,356.3,62.37,63.24
7/14/2022 1:00,0,79.28,1.61,0.282,353.9,62.21,64.03
7/14/2022 2:00,0.046,79.91,2.423,0.356,328.4,62.34,64.35
7/14/2022 3:00,0.114,83.8,6.551,0.848,321.2,62.13,63.16
7/14/2022 4:00,0.009,121.4,3.063,0.42,289.1,63.08,65.21
7/14/2022 5:00,0.007,94.8,4.109,0.552,289.7,62.51,65.44
7/14/2022 6:00,0.071,128.6,4.749,0.595,293.6,61.54,65.98
7/14/2022 7:00,0.249,216.6,4.633,0.514,250.2,57.47,69.02
7/14/2022 8:00,0.306,253.7,3.179,0.563,228.6,46.66,56.05
7/14/2022 9:00,0.555,229.7,5.098,0.726,227.4,47.72,52.98
7/14/2022 10:00,0.131,239.9,4.4,0.562,224.6,42.03,48.83
7/14/2022 11:00,0.788,227.5,5.737,0.936,222.3,42.49,53.2
7/14/2022 12:00,0.93,235.9,3.935,0.758,211.8,52.73,58.57
7/14/2022 13:00,0.894,225.4,5.039,0.751,211.6,60.06,65.08
7/14/2022 14:00,0,0,1.028,0.057,226.4,63.44,65.51
7/14/2022 15:00,0.013,150.2,0.738,0.112,238.3,63.39,65.48
7/14/2022 16:00,0.008,132.3,1.435,0.121,270.3,64.04,64.98
7/14/2022 17:00,0,0,0.854,0.066,203.7,63.73,64.52
7/14/2022 18:00,0,0,0.738,0.053,201.2,63.16,64.01
7/14/2022 19:00,0,0,1.261,0.058,228.6,63.27,63.59
7/14/2022 20:00,0,0,1.028,0.062,284.9,63.19,63.81
7/14/2022 21:00,0,0,1.086,0.065,298.4,62.77,64.02
7/14/2022 22:00,0,0,1.9,0.159,322.1,61.81,63.39
7/14/2022 23:00,0.145,102.8,3.528,0.306,318.6,61.13,62.21
7/15/2022 0:00,0.131,111.6,2.83,0.258,310.3,62.26,63.66
7/15/2022 1:00,0.023,73.99,1.842,0.136,343.4,NAN,NAN
7/15/2022 2:00,0,0,1.145,0.109,281.6,61.94,65.09
7/15/2022 3:00,0.099,98.8,4.691,0.361,279,61.98,63.96
7/15/2022 4:00,0.032,252.2,1.958,0.217,245.5,62.29,66.72
7/15/2022 5:00,0.221,92.5,5.446,0.88,298.4,53.27,63.57
7/15/2022 6:00,2.199,223.1,14.92,1.509,241.9,49.09,57.04
7/15/2022 7:00,2.099,227.8,5.446,1.458,220.2,39.33,48.76
7/15/2022 8:00,2.499,227,5.214,1.79,211.3,36.64,41.9
7/15/2022 9:00,1.844,197.3,4.109,1.946,235.7,45.56,54.2
7/15/2022 10:00,3.027,180.4,4.574,2.254,253.9,48.76,59.94
7/15/2022 11:00,1.18,165.6,3.702,1.443,253.8,47.94,59.32
7/15/2022 12:00,1.687,173.7,4.4,1.483,250.5,55.88,62.8
7/15/2022 13:00,1.015,180.8,3.179,0.992,248.7,49.67,59.51
7/15/2022 14:00,0,0,1.261,0.056,302.8,26.52,42.28
7/15/2022 15:00,0,0,0.97,0.07,325.5,21.16,26.17
7/15/2022 16:00,0.259,84.8,4.167,0.351,281.8,37.05,43.79
7/15/2022 17:00,0.041,87,3.528,0.197,284.2,35.97,41.82
7/15/2022 18:00,0,0,1.086,0.084,305.5,36.82,41.69
7/15/2022 19:00,0,0,0.912,0.122,326.5,43.93,50.81
7/15/2022 20:00,0,0,1.086,0.096,307.5,58.78,62.43
7/15/2022 21:00,2.227,209.7,4.691,0.984,264.6,61.04,63.45
7/15/2022 22:00,0.595,218.4,4.923,0.384,306.3,63.65,65.8
7/15/2022 23:00,1.675,331.9,4.226,0.612,125.8,58.63,64.08
7/16/2022 0:00,3.008,294.4,5.156,1.064,152.4,53.49,55.3
7/16/2022 1:00,1.053,209.3,4.691,0.549,280.7,52.82,54.62
7/16/2022 2:00,0.831,207.6,5.214,0.637,261.9,53.83,57.7
7/16/2022 3:00,1.256,215.8,7.307,1.261,297.1,57.85,61.6
7/16/2022 4:00,3.32,218.5,6.609,2.009,216.7,55.9,58.1
7/16/2022 5:00,4.179,227.3,7.074,2.604,209.1,50.38,53.03
7/16/2022 6:00,3.178,247.2,6.26,2.329,196.5,49.09,51.65
7/16/2022 7:00,3.247,227.1,6.493,2.512,210.7,52.16,57.07
7/16/2022 8:00,1.847,233.6,7.19,1.543,211.8,55.86,64.35
7/16/2022 9:00,1.753,203.8,4.4,1.72,218.6,57.68,65.34
7/16/2022 10:00,0.116,233.3,4.516,0.693,210.6,55.51,61.38
7/16/2022 11:00,0.093,198.7,2.307,0.388,206.2,50.52,56.85
7/16/2022 12:00,0.728,165.4,3.702,1.004,247.4,53.57,65.25
7/16/2022 13:00,0.729,160.6,2.889,0.621,227.4,58.24,62.64
7/16/2022 14:00,0,0,0.331,0.043,247.1,59.94,64.55
7/16/2022 15:00,0.108,178.7,2.83,0.101,285.2,63.15,66.02
7/16/2022 16:00,0.816,237.2,4.342,0.374,221.1,64.17,66.15
7/16/2022 17:00,0.748,331.5,3.993,0.824,114.1,64.31,65.5
7/16/2022 18:00,0.079,228,3.005,0.172,313.6,63.52,64.17
7/16/2022 19:00,0.024,347.2,1.493,0.381,214.9,63.41,64.54
7/16/2022 20:00,0,0,0.098,0.04,99.2,63.33,64.7
7/16/2022 21:00,0.059,86.5,3.295,0.325,8.12,63.58,64.88
7/16/2022 22:00,0.058,74.18,2.423,0.186,357.3,63.41,64.31
7/16/2022 23:00,0.251,210.6,3.644,0.168,181,62.44,63.45
7/17/2022 0:00,0.033,114.3,1.9,0.129,266.3,61.88,62.88
7/17/2022 1:00,0.38,84.8,5.446,0.73,334.6,62.23,63.17
7/17/2022 2:00,0.007,218.1,1.9,0.115,224.5,64.22,67.89
7/17/2022 3:00,0.237,101.7,4.633,0.481,272.7,59.95,66.8
7/17/2022 4:00,0.001,303,1.9,0.122,221.4,36.77,50.65
7/17/2022 5:00,0.127,172,5.098,0.344,232.7,29.79,37.97
7/17/2022 6:00,0,0,3.237,0.092,240.4,28.14,39.02
7/17/2022 7:00,0.422,215.7,5.214,0.544,241.1,47.68,56.94
7/17/2022 8:00,0.26,250.4,3.877,0.624,234.2,53.97,61.15
7/17/2022 9:00,0.479,225.9,3.354,0.916,215.9,49.51,57.97
7/17/2022 10:00,0.311,226.8,5.098,0.638,225.2,53.66,60.12
7/17/2022 11:00,0.688,245.9,4.342,0.854,216.9,48.39,59.74
7/17/2022 12:00,0.431,222.9,5.214,0.658,220.9,51.89,59.82
7/17/2022 13:00,0.023,234.8,3.295,0.321,224.6,50.48,59.05
7/17/2022 14:00,0,0,0.331,0.041,231.5,58.28,61.55
7/17/2022 15:00,0.277,81.6,4.691,0.307,225.8,62.19,64.74
7/17/2022 16:00,0.213,219.2,3.528,0.306,254.6,56.04,60.56
7/17/2022 17:00,0.033,243.3,1.377,0.054,216.7,59.28,63.07
7/17/2022 18:00,0.028,83.5,2.423,0.142,226.9,60.88,66.39
7/17/2022 19:00,0.489,83.8,4.574,0.678,311,64.4,67.39
7/17/2022 20:00,0.289,87.9,4.807,0.341,264.4,61.34,63.6
7/17/2022 21:00,0,0,0.04,0.04,170.1,60.41,62.42
7/17/2022 22:00,0.005,82.6,0.854,0.056,215.6,62.21,63.73
7/17/2022 23:00,0.096,84.9,2.482,0.114,288.4,60.3,62.21
7/18/2022 0:00,0.773,108.3,5.563,0.551,278.5,61.33,63.28
7/18/2022 1:00,0.022,203.8,1.668,0.071,212.9,NAN,NAN
7/18/2022 2:00,0,203.5,1.261,0.058,224.2,65.8,69.52
7/18/2022 3:00,0.511,204.6,3.47,0.452,227,63.14,67.79
7/18/2022 4:00,0.09,313,4.574,0.186,231.3,52.47,58.22
7/18/2022 5:00,0.175,120.6,2.133,0.38,230.6,49.52,57.69
7/18/2022 6:00,0.039,214.6,2.482,0.398,241.1,49.8,58.95
7/18/2022 7:00,0.123,191.8,2.83,0.492,241.1,54.11,59.72
7/18/2022 8:00,1.093,161.3,3.877,1.211,249.2,60.96,68.19
7/18/2022 9:00,2.088,155.5,5.039,1.774,261.9,64.9,68.11
7/18/2022 10:00,0.35,141.3,3.644,1.093,285.1,64.25,65.55
7/18/2022 11:00,0.815,145.1,3.586,0.636,257.4,65.6,67.99
7/18/2022 12:00,1.738,167.8,5.214,1.331,256.3,64.4,65.9
7/18/2022 13:00,1.362,138.4,3.644,0.882,256.5,64.71,65.72
7/18/2022 14:00,1.954,134.1,4.923,1.59,285,64.74,65.44
7/18/2022 15:00,1.73,146.6,6.609,1.306,268.7,64.58,65.34
7/18/2022 16:00,0.258,74.96,4.284,0.321,252.6,64.59,65.2
7/18/2022 17:00,0.223,53.95,4.807,0.412,247.1,64.32,65.21
7/18/2022 18:00,0.188,95.5,4.516,0.468,295.2,64.16,64.77
7/18/2022 19:00,0.677,101.2,5.156,0.751,301.9,64.15,64.9
7/18/2022 20:00,0.92,104.2,7.423,1.519,314.6,64.64,66.18
7/18/2022 21:00,0.294,105.7,5.156,0.483,241.9,64.05,64.83
7/18/2022 22:00,0,0,1.435,0.061,237,64.1,64.66
7/18/2022 23:00,0.075,90.6,3.354,0.186,281.1,62.81,63.98
7/19/2022 0:00,0.454,83.9,5.214,0.491,310.2,63.1,63.64
7/19/2022 1:00,0.003,98.3,1.086,0.043,249.1,62.51,63.31
7/19/2022 2:00,0,97.9,0.621,0.042,247,64.13,67.1
7/19/2022 3:00,0.041,62.38,2.83,0.101,273.2,66.08,68.38
7/19/2022 4:00,0.328,343.5,6.086,0.328,299.9,65.4,67.59
7/19/2022 5:00,0.449,247.6,3.702,0.326,237.9,68.39,70.69
7/19/2022 6:00,0.014,242.4,1.726,0.378,253.3,67.94,70.24
7/19/2022 7:00,0.176,144.5,3.877,0.875,256.1,65.97,68.19
7/19/2022 8:00,0.1,158.9,3.702,1.253,250.4,65.8,68.89
7/19/2022 9:00,1.689,170,4.051,1.51,246,65.55,68.53
7/19/2022 10:00,0.151,169,3.063,0.726,237,66.27,68.14
7/19/2022 11:00,0.264,174.7,2.656,0.852,258.1,63.97,66.22
7/19/2022 12:00,3.022,160.1,4.109,2.132,258.7,63.52,64.19
7/19/2022 13:00,2.767,170.2,3.47,1.621,254.2,64.12,64.64
7/19/2022 14:00,2.217,156.8,3.702,1.901,266.5,64.6,65.14
7/19/2022 15:00,3.306,147,3.935,2.086,275.7,64.53,65.24
7/19/2022 16:00,0.502,150.3,3.063,0.496,276.7,64.39,64.88
7/19/2022 17:00,0.781,140.5,4.458,0.896,318.1,64.03,64.66
7/19/2022 18:00,3.855,141,4.226,2.861,286,63.9,64.48
7/19/2022 19:00,4.632,153.8,5.679,3.587,276.1,63.69,64.08
7/19/2022 20:00,4.458,149.3,5.214,3.632,282.1,63.53,63.91
7/19/2022 21:00,5.649,152.4,5.679,4.712,281.1,63.28,63.79
7/19/2022 22:00,6.703,146.1,10.04,6.025,285.5,63.05,63.52
7/19/2022 23:00,8.05,153.2,8.47,6.716,280,63.98,64.74
7/20/2022 0:00,6.518,146.9,7.249,5.296,283.9,64.03,64.45
7/20/2022 1:00,4.786,152.6,6.144,3.646,278.8,64.05,64.43
7/20/2022 2:00,3.421,162.8,4.749,2.203,265.9,64.41,66.24
7/20/2022 3:00,4.448,169.4,4.633,2.7,259.2,65.03,65.74
7/20/2022 4:00,2.88,150.2,4.691,2.15,272,64.3,65.28
7/20/2022 5:00,3.173,179.3,4.342,2.373,251.9,66.16,67.06
7/20/2022 6:00,3.692,184.3,5.505,2.712,248,67.32,68.01
7/20/2022 7:00,3.373,179.5,5.098,2.528,252.9,68.03,68.87
7/20/2022 8:00,4.34,178,6.086,3.139,254.4,68.58,69.64
7/20/2022 9:00,9.1,171.4,8.41,6.56,259.9,67.74,69.42
7/20/2022 10:00,10.39,170,8.53,7.112,260.8,66.65,68.65
7/20/2022 11:00,12.09,167.8,11.26,8.45,263.2,65.08,67.27
7/20/2022 12:00,11.38,168.6,10.85,7.703,261.7,65.31,66.36
7/20/2022 13:00,7.242,170.4,8.76,5.587,257.6,65.11,66.69
7/20/2022 14:00,0,170.3,7.772,5.624,263.4,64.43,65.69
7/20/2022 15:00,0,0,5.97,4.269,256,64.88,65.92
7/20/2022 16:00,0,0,5.911,4.68,261.7,64.4,65.26
7/20/2022 17:00,0,0,5.563,4.738,263.7,64.17,64.65
7/20/2022 18:00,0,0,4.807,3.676,266.5,64.12,64.61
7/20/2022 19:00,0,0,4.167,2.447,260.8,64.41,64.84
7/20/2022 20:00,0,0,0.04,0.04,260.1,64.5,65.01
7/20/2022 21:00,0,0,0.04,0.04,267.9,63.73,64.48
7/20/2022 22:00,0,0,0.04,0.04,263.7,63.29,63.8
7/20/2022 23:00,0,0,0.04,0.04,246.2,62.36,63.02
7/21/2022 0:00,0,0,0.04,0.04,255.6,62.2,62.57
7/21/2022 1:00,0,0,0.04,0.04,254.5,NAN,NAN
7/21/2022 2:00,0,0,0.04,0.04,247.2,63.43,64.37
7/21/2022 3:00,0,0,0.04,0.04,237.2,65.14,67.22
7/21/2022 4:00,0,0,0.04,0.04,236.8,68.53,70.32
7/21/2022 5:00,0,0,0.098,0.04,230.8,71.71,73.97
7/21/2022 6:00,0,0,0.04,0.04,232.2,72.53,72.94
7/21/2022 7:00,0,0,0.04,0.04,244.2,72.21,72.81
7/21/2022 8:00,0.013,166.1,0.04,0.04,245.4,72.08,72.67
7/21/2022 9:00,0.037,163.3,0.04,0.04,253.6,71.49,72.26
7/21/2022 10:00,0.027,198,0.04,0.04,244.3,71.22,72.06
7/21/2022 11:00,0,0,0.04,0.04,246.9,70.71,71.85
7/21/2022 12:00,0.066,165.3,0.04,0.04,242.9,68.73,69.37
7/21/2022 13:00,0.015,148.1,0.04,0.04,233.2,68.74,69.17
7/21/2022 14:00,0.001,152.3,0.04,0.04,230.2,67.79,68.58
7/21/2022 15:00,0.004,168.8,0.505,0.045,217.6,67.1,67.68
7/21/2022 16:00,0.002,167.7,0.505,0.042,234.3,66.88,67.21
7/21/2022 17:00,0.014,162.6,0.04,0.04,222.4,66.77,67.06
7/21/2022 18:00,0.009,157.9,0.04,0.04,219.8,66.72,67.17
7/21/2022 19:00,0.011,157.6,0.04,0.04,209,66.69,67
7/21/2022 20:00,0.005,157.1,0.04,0.04,199.7,66.66,67.28
7/21/2022 21:00,0.001,157.1,0.04,0.04,209.6,66.59,66.89
7/21/2022 22:00,0.003,142.1,0.04,0.04,214.8,66.49,66.96
7/21/2022 23:00,0,0,0.04,0.04,223.6,66.38,66.7
7/22/2022 0:00,0,0,0.04,0.04,260.8,66.27,66.57
7/22/2022 1:00,0.003,139.6,0.505,0.041,234.2,66.17,66.5
7/22/2022 2:00,0.013,139.4,1.145,0.064,240.8,66.18,66.48
7/22/2022 3:00,0.007,159.5,2.191,0.12,248.1,66.44,66.98
7/22/2022 4:00,0.019,188,1.61,0.369,242.8,67.05,67.58
7/22/2022 5:00,0.018,174.1,1.958,0.702,240.6,67.8,68.43
7/22/2022 6:00,0.036,178,3.586,1.217,239.4,68.53,69.52
7/22/2022 7:00,0.039,180.4,4.691,2.196,253.9,69.26,69.79
7/22/2022 8:00,0.029,175.1,3.528,1.542,246.9,69.88,70.39
7/22/2022 9:00,0.047,172.9,4.167,1.263,235.8,70.29,70.75
7/22/2022 10:00,0.029,169.5,4.342,2.359,258.6,70.63,71.05
7/22/2022 11:00,0.05,172.7,5.446,2.55,258.7,70.87,71.2
7/22/2022 12:00,0.031,167.1,5.911,2.9,259.7,70.97,71.31
7/22/2022 13:00,0.066,161.6,5.737,3.541,266.6,70.96,71.25
7/22/2022 14:00,0.024,184.5,4.865,0.946,256.7,70.83,71.21
7/22/2022 15:00,0.019,212.6,1.086,0.053,195.5,70.6,70.98
7/22/2022 16:00,0.006,270.2,0.97,0.054,282.5,70.32,70.71
7/22/2022 17:00,0.004,283,0.621,0.054,214.2,70.02,70.43
7/22/2022 18:00,0.001,283,0.621,0.044,6.904,69.72,70.13
7/22/2022 19:00,0.013,288.1,0.854,0.076,174.1,69.45,69.83
7/22/2022 20:00,0.013,304.7,0.97,0.075,199.8,69.18,69.57
7/22/2022 21:00,0.022,312.6,0.796,0.06,205.1,68.91,69.29
7/22/2022 22:00,0.046,344.2,0.912,0.063,173.5,68.68,69.07
7/22/2022 23:00,0.031,333.1,0.738,0.068,225.8,68.47,68.81
7/23/2022 0:00,0.052,325.1,1.086,0.086,231.8,68.29,68.87
7/23/2022 1:00,0.008,16.69,0.97,0.066,173.1,68.13,68.44
7/23/2022 2:00,0.002,30.9,0.04,0.04,225.1,68.02,68.33
7/23/2022 3:00,0.01,51.62,0.04,0.04,230.2,68.02,68.58
7/23/2022 4:00,0.007,87.6,1.958,0.46,232.9,68.19,68.59
7/23/2022 5:00,0.107,108.4,2.191,0.682,235.6,68.53,68.94
7/23/2022 6:00,0.941,164.7,3.005,1.26,242.3,68.84,69.24
7/23/2022 7:00,0.701,170.6,3.702,1.459,247.6,69.18,69.59
7/23/2022 8:00,1.406,168.5,3.586,1.506,240.9,69.52,69.92
7/23/2022 9:00,1.95,163.7,3.761,1.803,249.9,69.79,70.13
7/23/2022 10:00,3.095,182.5,4.574,2.344,252.6,69.96,70.3
7/23/2022 11:00,4.19,171.2,4.633,2.875,260,70.06,70.39
7/23/2022 12:00,2.526,170.9,4.342,1.754,259.1,70.05,70.48
7/23/2022 13:00,6.664,169.8,7.249,4.773,262.6,69.9,70.25
7/23/2022 14:00,5.344,163.7,4.807,3.783,267.2,69.66,70.05
7/23/2022 15:00,4.499,152.3,5.388,3.298,279.6,69.43,69.79
7/23/2022 16:00,2.773,126.4,4.749,2.402,302,69.21,69.64
7/23/2022 17:00,1.762,119.2,3.179,1.672,307.7,69.03,69.8
7/23/2022 18:00,1.196,117.9,4.226,1.579,304.1,68.87,69.21
7/23/2022 19:00,0.51,96.8,2.889,0.693,329.8,68.72,69.06
7/23/2022 20:00,0.291,76.81,1.958,0.554,317.9,68.56,68.9
7/23/2022 21:00,0.02,99.2,1.319,0.115,20.88,68.38,68.73
7/23/2022 22:00,0.064,108.6,1.028,0.073,83.9,68.21,68.55
7/23/2022 23:00,0.021,90.1,2.482,0.216,8.72,68.06,68.39
7/24/2022 0:00,0,0,1.668,0.41,352.4,67.86,68.22
7/24/2022 1:00,0,0,1.435,0.455,346.4,NAN,NAN
7/24/2022 2:00,0,112.6,2.075,0.189,271.6,67.49,67.86
7/24/2022 3:00,0.042,91.4,3.819,0.351,264.3,67.4,67.7
7/24/2022 4:00,0.03,153.2,2.133,0.108,238.4,67.46,67.78
7/24/2022 5:00,0.001,158.3,2.365,0.31,240.6,67.6,67.96
7/24/2022 6:00,0.005,168.7,3.877,0.575,230.6,67.83,68.21
7/24/2022 7:00,0,0,3.179,1.153,232.5,68.07,68.43
7/24/2022 8:00,0,0,3.121,0.565,224.8,68.27,68.6
7/24/2022 9:00,0,0,0.04,0.04,246.9,68.44,68.78
7/24/2022 10:00,0.048,194,0.04,0.04,228.3,68.6,68.92
7/24/2022 11:00,0.028,214.2,0.04,0.04,200.7,68.69,68.98
7/24/2022 12:00,0,0,0.04,0.04,229.6,68.72,68.99
7/24/2022 13:00,0.001,248,0.04,0.04,212.1,68.75,69.06
7/24/2022 14:00,0.073,226.8,0.04,0.04,222.6,68.69,69
7/24/2022 15:00,0,0,0.04,0.04,284.1,68.57,68.89
7/24/2022 16:00,0,329.9,0.04,0.04,244.2,68.45,68.76
7/24/2022 17:00,0.246,247.6,0.04,0.04,273.8,68.33,68.64
7/24/2022 18:00,0.128,356.8,0.04,0.04,341.3,68.22,68.52
7/24/2022 19:00,0,0,0.04,0.04,346.4,68.12,68.42
7/24/2022 20:00,0,0,0.04,0.04,336.8,68.04,68.62
7/24/2022 21:00,0.001,94.6,0.04,0.04,30.55,67.95,68.26
7/24/2022 22:00,0.072,341.3,0.04,0.04,9.8,67.84,68.17
7/24/2022 23:00,0,0,0.04,0.04,4.254,67.72,68.03
7/25/2022 0:00,0.006,93.7,0.04,0.04,10.27,67.61,67.96
7/25/2022 1:00,0,0,0.04,0.04,357.5,67.49,67.79
7/25/2022 2:00,0,0,0.04,0.04,331.4,67.38,68.2
7/25/2022 3:00,0,0,0.04,0.04,255.1,67.3,67.62
7/25/2022 4:00,0,73.4,0.04,0.04,262.1,67.28,67.6
7/25/2022 5:00,0,0,1.028,0.052,259.8,67.35,67.68
7/25/2022 6:00,0.006,53.87,2.656,0.369,231.4,67.51,67.87
7/25/2022 7:00,0.761,184.3,4.167,1.394,236.4,67.74,68.12
7/25/2022 8:00,3.558,179.3,5.563,2.757,251.2,68.02,68.4
7/25/2022 9:00,1.176,176,4.458,1.611,233.6,68.24,68.57
7/25/2022 10:00,0.531,171.6,3.179,1.056,264.7,68.34,68.63
7/25/2022 11:00,3.241,172.8,4.865,2.331,255.6,68.39,68.77
7/25/2022 12:00,0.614,141.4,4.923,0.868,283,68.38,68.71
7/25/2022 13:00,0.906,122.9,5.33,1.308,275.3,68.32,68.64
7/25/2022 14:00,0.892,109.7,7.016,0.795,258.6,68.22,68.51
7/25/2022 15:00,2.078,30.57,5.156,1.746,36.18,68.1,68.43
7/25/2022 16:00,0.322,35.03,3.354,0.525,350.5,67.98,68.31
7/25/2022 17:00,0.096,51.62,3.005,0.678,337.6,67.86,68.18
7/25/2022 18:00,0.012,200.9,2.017,0.104,319.1,67.77,68.08
7/25/2022 19:00,0.765,164.1,5.098,0.672,279.3,67.68,68.01
7/25/2022 20:00,1.877,71.19,5.33,1.547,333.4,67.6,68.61
7/25/2022 21:00,0,0,0.854,0.053,178.3,67.51,67.92
7/25/2022 22:00,0,0,0.273,0.04,55.94,67.42,67.71
7/25/2022 23:00,0,0,0.04,0.04,40.63,67.34,67.64
7/26/2022 0:00,0,0,0.098,0.04,63.38,67.26,67.58
7/26/2022 1:00,0,0,0.273,0.04,75.22,67.17,67.79
7/26/2022 2:00,0,0,0.273,0.04,114.6,67.09,67.72
7/26/2022 3:00,0,0,0.389,0.041,194.8,67.03,67.32
7/26/2022 4:00,0.03,12.57,1.958,0.102,229.8,67.02,67.32
7/26/2022 5:00,0.057,102.1,1.784,0.15,230.6,67.07,67.37
7/26/2022 6:00,0,130.1,1.551,0.315,241.3,67.21,67.56
7/26/2022 7:00,0.154,221.7,2.947,0.654,241,67.42,67.79
7/26/2022 8:00,0.713,170.8,3.528,1.138,231.5,67.66,68.03
7/26/2022 9:00,2.101,168.3,4.226,1.857,246.6,67.9,69.32
7/26/2022 10:00,0.693,184.6,4.4,1.198,223.5,68.17,68.51
7/26/2022 11:00,1.381,158.1,3.877,1.248,253.7,68.35,68.68
7/26/2022 12:00,0.747,169,3.47,0.99,245,68.5,68.83
7/26/2022 13:00,0.172,167.5,3.295,0.383,230.3,68.57,68.87
7/26/2022 14:00,0,0,0.156,0.04,214.3,68.51,68.87
7/26/2022 15:00,0.042,242.3,3.179,0.238,222.5,68.23,68.66
7/26/2022 16:00,0.627,99.4,5.156,0.656,271.5,67.9,68.51
7/26/2022 17:00,0.008,223.1,2.133,0.096,208.1,67.72,68.03
7/26/2022 18:00,0.028,247.6,1.319,0.091,222.3,67.61,67.93
7/26/2022 19:00,0.088,215.3,2.482,0.144,264.2,67.54,67.86
7/26/2022 20:00,0.176,123,2.191,0.133,247.7,67.52,67.8
7/26/2022 21:00,0.54,99.4,3.179,1.321,320.6,67.48,68.87
7/26/2022 22:00,0.042,94.7,3.412,0.902,346.2,67.43,67.72
7/26/2022 23:00,0.03,90.6,3.005,0.145,352,67.32,68.55
7/27/2022 0:00,0,0,0.447,0.043,44.75,67.34,67.65
7/27/2022 1:00,0,0,0.04,0.04,87.3,NAN,NAN
7/27/2022 2:00,0.072,207.2,2.365,0.163,209.3,67.15,67.45
7/27/2022 3:00,0,0,0.679,0.044,207.1,67.05,67.34
7/27/2022 4:00,0.013,150,2.54,0.184,265.5,67.01,67.29
7/27/2022 5:00,0.001,139.2,2.307,0.286,311.8,67.05,67.37
7/27/2022 6:00,0.003,86.2,2.191,0.237,246.9,67.13,67.59
7/27/2022 7:00,0.577,227.2,4.284,0.842,219.4,67.28,67.64
7/27/2022 8:00,0.286,223.4,3.295,0.905,219.7,67.5,67.89
7/27/2022 9:00,0.271,186.3,3.47,0.94,222.6,67.75,68.16
7/27/2022 10:00,0.005,176.9,2.889,0.942,213.9,68.01,68.67
7/27/2022 11:00,0.028,171.8,3.005,0.602,230.7,68.22,69.39
7/27/2022 12:00,0,0,1.668,0.249,253.1,68.34,68.94
7/27/2022 13:00,0.005,100.4,1.435,0.077,251.4,68.39,68.68
7/27/2022 14:00,0,0,1.203,0.061,243.1,68.38,69.26
7/27/2022 15:00,0,0,0.331,0.041,209,68.29,68.6
7/27/2022 16:00,0.092,228.4,2.365,0.117,233.8,68.14,68.48
7/27/2022 17:00,0,0,0.679,0.049,338.5,67.97,68.3
7/27/2022 18:00,0,0,0.505,0.046,229,67.87,68.18
7/27/2022 19:00,0,0,0.447,0.047,13.12,67.79,68.09
7/27/2022 20:00,0.013,63.85,0.447,0.044,10.77,67.72,68.03
7/27/2022 21:00,0.01,80.1,2.075,0.418,301.5,67.66,67.97
7/27/2022 22:00,0,0,0.156,0.04,7.445,67.55,67.86
7/27/2022 23:00,0.039,88.2,3.005,0.23,355.8,67.46,68.19
7/28/2022 0:00,0.484,46.88,2.772,1.073,20.7,67.34,67.79
7/28/2022 1:00,0.604,67.17,3.295,0.734,27.17,67.22,67.54
7/28/2022 2:00,0.064,204.1,2.54,0.182,288.6,67.1,67.41
7/28/2022 3:00,0.173,221.1,2.54,0.203,218.1,67.02,67.36
7/28/2022 4:00,0.16,212.6,2.772,0.252,230.9,66.98,67.87
7/28/2022 5:00,0,0,0.912,0.049,249.1,66.99,67.3
7/28/2022 6:00,0,0,1.203,0.107,236.7,67.08,67.43
7/28/2022 7:00,0.087,149.4,2.133,0.55,238.6,67.26,67.63
7/28/2022 8:00,0.164,154.1,4.981,0.715,262,67.42,67.74
7/28/2022 9:00,0.025,200.2,2.482,0.525,233.5,67.55,67.87
7/28/2022 10:00,0.191,142.4,4.342,1.259,284.6,67.65,67.94
7/28/2022 11:00,2.76,151.8,6.609,2.27,264.8,67.69,67.96
7/28/2022 12:00,0,0,0.912,0.078,204.4,67.71,68.57
7/28/2022 13:00,0.031,173.8,2.307,0.607,266.9,67.69,67.99
7/28/2022 14:00,0.962,182.9,3.354,0.743,220.1,67.64,67.92
7/28/2022 15:00,0.062,195.9,1.319,0.108,259,67.56,67.86
7/28/2022 16:00,0,197.1,0.331,0.045,25.96,67.5,67.79
7/28/2022 17:00,0.001,132.7,2.075,0.279,350.2,67.44,69.17
7/28/2022 18:00,1.15,65.84,3.761,2.001,352.3,67.36,68.05
7/28/2022 19:00,0.47,54.02,3.237,0.611,0.087,67.3,67.59
7/28/2022 20:00,1.744,53.05,4.923,2.255,6.651,67.25,68.83
7/28/2022 21:00,0.566,66.25,3.761,1.225,10.2,67.2,67.48
7/28/2022 22:00,0.024,167.1,1.551,0.111,75.84,67.14,67.45
7/28/2022 23:00,0.16,73.12,4.226,0.258,13.11,67.06,67.37
7/29/2022 0:00,0.002,123.8,0.621,0.046,41.01,66.97,67.41
7/29/2022 1:00,0.117,111.5,5.214,0.15,155.5,66.89,67.25
7/29/2022 2:00,0,0,1.435,0.072,213.4,66.78,67.09
7/29/2022 3:00,0,0,0.505,0.045,203.4,66.68,66.99
7/29/2022 4:00,0.014,85.4,2.249,0.123,215.8,66.65,66.93
7/29/2022 5:00,0.014,95.1,3.761,0.269,262.5,66.69,66.99
7/29/2022 6:00,0,0,1.319,0.153,251.9,66.79,67.13
7/29/2022 7:00,0.368,150.9,3.528,0.939,255.9,66.95,67.3
7/29/2022 8:00,0.658,130.8,5.795,1.153,279.4,67.14,67.6
7/29/2022 9:00,1.31,155.9,5.563,1.306,257.3,67.32,67.68
7/29/2022 10:00,1.447,149.1,7.423,1.586,266.1,67.52,67.86
7/29/2022 11:00,2.403,170.4,6.26,2.035,248.6,67.71,68.09
7/29/2022 12:00,2.967,169.7,7.307,2.446,257.4,67.92,68.26
7/29/2022 13:00,0.835,149.2,7.597,0.841,272.7,68.04,68.34
7/29/2022 14:00,0.235,135.4,4.4,0.337,235.7,68.02,68.33
7/29/2022 15:00,0,0,1.145,0.053,222.1,67.72,68.15
7/29/2022 16:00,0,0,0.04,0.04,242.4,67.41,67.82
7/29/2022 17:00,0.036,92.8,4.109,0.147,258.2,67.14,67.52
7/29/2022 18:00,0,0,0.04,0.04,259.3,66.93,67.27
7/29/2022 19:00,0,0,0.04,0.04,77.24,66.8,67.12
7/29/2022 20:00,0.004,228.1,0.04,0.04,22.57,66.71,67.01
7/29/2022 21:00,0,0,0.04,0.04,8.09,66.68,66.96
7/29/2022 22:00,0.008,209.7,1.842,0.051,302,66.62,67.48
7/29/2022 23:00,0,0,0.04,0.04,94.3,66.55,66.83
7/30/2022 0:00,0,0,0.04,0.04,80.4,66.49,66.78
7/30/2022 1:00,0,0,0.098,0.04,111.9,NAN,NAN
7/30/2022 2:00,0,0,0.098,0.04,186.7,NAN,NAN
7/30/2022 3:00,0,0,0.505,0.045,195.3,NAN,NAN
7/30/2022 4:00,0,0,0.505,0.042,237,NAN,NAN
12/19/2022 4:00,0,0,30.27,23.93,268,NAN,NAN
12/19/2022 5:00,0,0,29.22,25.51,267.9,NAN,NAN
12/19/2022 6:00,0,0,33.93,28.1,268.5,NAN,NAN
12/19/2022 7:00,0,0,33.41,28.42,268,NAN,NAN
12/19/2022 8:00,0,0,34.51,29.07,268.4,NAN,NAN
12/19/2022 9:00,0,0,34.98,28.68,267.3,NAN,NAN
12/19/2022 10:00,0,0,32.65,26.71,267.5,NAN,NAN
12/19/2022 11:00,0,0,32.01,24.43,264.1,NAN,NAN
12/19/2022 12:00,0,0,32.77,24.88,264.2,NAN,NAN
12/20/2022 3:00,0,0,28.93,22.76,260.1,NAN,NAN
12/20/2022 4:00,0,0,29.75,22.4,259.3,35.02,45.32
12/20/2022 5:00,0,0,30.27,22.15,258.6,45.64,47.94
12/20/2022 6:00,0,0,29.75,23.3,258.2,47.94,51.4
12/20/2022 7:00,0,0,28.87,22.89,258.3,48.97,52.1
12/20/2022 8:00,0,0,31.84,22.68,258.1,45.67,47.32
12/20/2022 9:00,0,0,30.21,21.85,257.3,46.05,48.23
12/20/2022 10:00,0,0,30.44,22.31,259.4,45.4,47.24
12/20/2022 11:00,0,0,29.86,22.28,258.8,46.3,47.92
12/20/2022 12:00,0,0,28.41,22.55,256.5,45.59,48.23
12/20/2022 13:00,0,0,27.36,22.24,255.7,41,43.68
12/21/2022 3:00,0,0,31.03,25.32,250.3,NAN,NAN
12/21/2022 4:00,0,0,30.91,26.13,250.5,51.23,57.22
12/21/2022 5:00,0,0,33.47,26.11,250.3,48.09,51.05
12/21/2022 6:00,0,0,34.92,26.43,249.9,47.14,50.41
12/21/2022 7:00,0,0,33.58,26.6,250.2,46.92,50.08
12/21/2022 8:00,0,0,34.69,26.64,250.8,47.96,53.21
12/21/2022 9:00,0,0,38.35,27.24,247,45.69,49.96
12/21/2022 10:00,0,0,35.5,27.88,246,41.35,44.23
12/21/2022 11:00,0,0,32.54,27.33,245.7,41.35,43.15
12/23/2022 3:00,0,0,31.37,26.66,264.9,NAN,NAN
12/23/2022 4:00,0,0,30.79,25.53,261.6,33.49,35.89
12/23/2022 5:00,0,0,28.58,24.64,259.7,41.67,50.62
12/23/2022 6:00,0,0,27.19,22.18,257.9,47.91,53.05
12/23/2022 7:00,0,0,24.63,20.08,255.3,49.86,53.13
12/23/2022 8:00,0,0,26.2,20.19,257,38.48,44.73
12/23/2022 9:00,0,0,27.3,20.56,258.5,34,39.2
12/23/2022 10:00,0,0,26.32,19.07,260,39.66,44.1
12/23/2022 11:00,0,0,25.62,19.5,260,46.8,53.26
5/15/2023 1:00,0,0,13.53,7.105,264.9,NAN,NAN
5/15/2023 2:00,0,0,18.58,8.64,254.3,0,0
5/15/2023 3:00,0,0,19.57,10.08,265.4,0,0
5/15/2023 4:00,0,0,20.27,14.06,276.8,NAN,NAN
5/15/2023 5:00,0,0,18.99,14.41,269.7,0.142,11.41
5/15/2023 6:00,0,0,17.83,12.99,262,0.042,8.97
5/15/2023 7:00,0,0,18.41,12.9,253.2,0.059,8.39
5/15/2023 8:00,0,0,18,13.88,251.8,0.051,9.6
5/15/2023 9:00,0,0,21.14,14.94,249,0.208,13.01
5/15/2023 10:00,0,0,21.9,15.29,247.9,0.013,5.761
5/15/2023 11:00,0,0,21.72,15.06,248.7,0.194,12.76
5/15/2023 12:00,0,0,19.69,12.66,249.8,0,0
5/15/2023 13:00,0,0,13.76,10.82,256.5,0,0
5/15/2023 14:00,0,0,14.52,11.47,269.9,0,0
5/15/2023 15:00,0,0,11.67,9.32,272.8,0,0
5/15/2023 16:00,0,0,12.31,9.85,267,0,0
5/15/2023 17:00,0,0,12.25,9.79,251.9,NAN,NAN
5/15/2023 18:00,0,0,12.54,9.58,246.8,0,0
5/15/2023 19:00,0,0,12.25,10.15,249.8,0,0
5/15/2023 20:00,0,0,15.21,11.52,250.7,0,0
5/15/2023 21:00,0,0,15.33,13.1,249.7,0,0
5/15/2023 22:00,0,0,15.97,13.05,256,0,0
5/15/2023 23:00,0,0,16.9,13.74,258.4,0,0
5/16/2023 0:00,0,0,17.25,13.74,266,0,0
5/16/2023 1:00,0,0,16.49,13.29,269.8,0,0
5/16/2023 2:00,0,0,20.85,16.08,269.6,0.004,3.812
5/16/2023 3:00,0,0,23.64,18.29,263.9,0.494,10.71
5/16/2023 4:00,0,0,24.17,18.38,262.5,1.459,15.81
5/16/2023 5:00,0,0,23.82,16.73,258.5,0.974,17.1
5/16/2023 6:00,0,0,22.6,13.37,261.2,0.187,14.86
5/16/2023 7:00,0,0,21.9,13.06,279.2,0.099,12.47
5/16/2023 8:00,0,0,21.55,14.84,280.3,0.536,17.6
5/16/2023 9:00,0,0,20.68,13.81,264.7,0.646,13.7
5/16/2023 10:00,0,0,21.37,12.94,256,0.589,16.75
5/16/2023 11:00,0,0,18.58,9.71,242.8,0.058,11.39
5/16/2023 12:00,0,0,16.9,7.829,247.7,0,0
5/16/2023 13:00,0,0,15.21,6.085,264.8,0,0
5/16/2023 14:00,0,0,13.53,8.18,276.9,0,0
5/16/2023 15:00,0,0,12.07,8.89,266.9,0,0
5/16/2023 16:00,0,0,11.49,7.385,261.1,0,0
5/16/2023 17:00,0,0,8.06,5.503,246.6,0,0
5/16/2023 18:00,0,0,5.853,4.062,239,0,0
5/16/2023 19:00,0,0,5.853,4.273,237.6,0,0
5/16/2023 20:00,0,0,8.76,5.728,235.7,0,0
5/16/2023 21:00,0,0,9.23,7.317,233.5,0,0
5/16/2023 22:00,0,0,9.57,6.656,221.8,0,0
5/16/2023 23:00,0,0,10.04,7.798,217.5,0,0
5/17/2023 0:00,0,0,9.81,7.028,220,0,0
5/17/2023 1:00,0,0,9.98,7.584,229.3,0,0
5/17/2023 2:00,0,0,9.75,6.301,233.7,0,0
5/17/2023 3:00,0,0,8.47,6.086,232.2,0,0
5/17/2023 4:00,0,0,9.4,6.669,235.8,0,0
5/17/2023 5:00,0,0,7.888,5.891,246.2,0,0
5/17/2023 6:00,0,0,8.76,6.435,251.4,0,0
5/17/2023 7:00,0,0,10.1,5.683,255.4,0,0
5/17/2023 8:00,0,0,12.31,7.399,258.4,0,0
5/17/2023 9:00,0,0,13.76,8.59,260.2,0,0
5/17/2023 10:00,0,0,12.54,8.73,263.2,0,0
5/17/2023 11:00,0,0,13.47,8.53,262.1,0,0
5/17/2023 12:00,0,0,11.72,8.27,274.5,0,0
5/17/2023 13:00,0,0,11.96,7.194,268.9,0,0
5/17/2023 14:00,0,0,10.45,3.315,267.4,0,0
5/17/2023 15:00,0,0,9.17,3.761,267.2,0,0
5/17/2023 16:00,0,0,8.59,5.771,268.6,0,0
5/17/2023 17:00,0,0,11.32,6.285,261.1,0,0
5/17/2023 18:00,0,0,9.81,7.669,251.6,0,0
5/17/2023 19:00,0,0,9.57,8.04,256.8,0,0
5/17/2023 20:00,0,0,10.74,8.98,251.9,0,0
5/17/2023 21:00,0,0,13.35,11.13,248.4,0,0
5/17/2023 22:00,0,0,17.31,12.72,250.3,0,0
5/17/2023 23:00,0,0,16.9,13.87,258.4,0,0
5/18/2023 0:00,0,0,16.38,13.21,268.3,0,0
5/18/2023 1:00,0,0,17.6,13.2,270.6,0,0
5/18/2023 2:00,0,0,16.43,10.96,277.5,0,0
5/18/2023 3:00,0,0,16.38,11.58,277.4,0,0
5/18/2023 4:00,0,0,15.21,10.91,274.1,0,0
5/18/2023 5:00,0,0,15.79,12.26,270.8,0,0
5/18/2023 6:00,0,0,14.34,11.37,268.7,0,0
5/18/2023 7:00,0,0,13.29,9.73,274.7,0,0
5/18/2023 8:00,0,0,13.29,7.448,263.7,0,0
5/18/2023 9:00,0,0,8.76,2.039,253.4,0,0
5/18/2023 10:00,0,0,7.655,2.106,277.4,0,0
5/18/2023 11:00,0,0,5.621,1.802,232.8,0,0
5/18/2023 12:00,0,0,8.35,2.923,234.5,0,0
5/18/2023 13:00,0,0,5.737,0.675,224.3,0,0
5/18/2023 14:00,0,0,2.54,0.14,202.6,0,0
5/18/2023 15:00,0,0,0.97,0.062,204.4,0,0
5/18/2023 16:00,0,0,2.772,0.463,207.4,0,0
5/18/2023 17:00,0,0,3.121,1.17,220.8,0,0
5/18/2023 18:00,0,0,4.691,3.464,232.1,0,0
5/18/2023 19:00,0,0,5.098,3.671,239.6,0,0
5/18/2023 20:00,0,0,6.551,4.412,247.1,0,0
5/18/2023 21:00,0,0,8,6.125,245.4,0,0
5/18/2023 22:00,0,0,11.55,7.035,241.1,0,0
5/18/2023 23:00,0,0,13.76,8.74,252.2,0,0
5/19/2023 0:00,0,0,14.75,11.63,253.2,0,0
5/19/2023 1:00,0,0,16.49,10.89,241.9,0,0
5/19/2023 2:00,0,0,13.99,10.17,241.5,0,0
5/19/2023 3:00,0,0,13.59,10.29,248.2,0,0
5/19/2023 4:00,0,0,16.26,12.17,252.4,0,0
5/19/2023 5:00,0,0,16.38,12.39,254.2,0,0
5/19/2023 6:00,0,0,13.35,11.14,251.8,0,0
5/19/2023 7:00,0,0,17.07,11.46,251.4,0,0
5/19/2023 8:00,0,0,14.4,9.58,258.6,0,0
5/19/2023 9:00,0,0,14.11,9.56,259,0,0
5/19/2023 10:00,0,0,15.27,10.24,256.5,0,0
5/19/2023 11:00,0,0,16.43,11.58,262.9,0,0
5/19/2023 12:00,0,0,16.03,10.99,273.5,0,0
5/19/2023 13:00,0,0,12.31,7.658,276.7,0,0
5/19/2023 14:00,0,0,10.74,5.74,277.8,0,0
5/19/2023 15:00,0,0,7.074,4.427,280.9,0,0
5/19/2023 16:00,0,0,8.88,6.503,266.9,0,0
5/19/2023 17:00,0,0,8.59,6.335,253.5,0,0
5/19/2023 18:00,0,0,7.19,5.105,239.6,0,0
5/19/2023 19:00,0,0,8.24,5.942,248.2,0,0
5/19/2023 20:00,0,0,14.75,9.9,268.3,0,0
5/19/2023 21:00,0,0,16.38,11.62,271,0,0
5/19/2023 22:00,0,0,17.31,13.22,272.5,0,0
5/19/2023 23:00,0,0,18.93,12.12,276.4,0,0
5/20/2023 0:00,0,0,18.29,14.18,268.2,0.011,5.573
5/20/2023 1:00,0,0,18,14.46,266,0.002,2.669
5/20/2023 2:00,0,0,17.01,13.55,261,0,0
5/20/2023 3:00,0,0,15.33,12.89,256.9,0,0
5/20/2023 4:00,0,0,15.56,13.03,254.7,0,0
5/20/2023 5:00,0,0,16.38,13.36,254.5,0,0
5/20/2023 6:00,0,0,16.67,13.01,256.5,0,0
5/20/2023 7:00,0,0,16.96,12.63,260.2,0.004,4.959
5/20/2023 8:00,0,0,16.78,12.67,262.9,0,0
5/20/2023 9:00,0,0,17.25,13.32,257.5,0.01,4.57
5/20/2023 10:00,0,0,18.06,13.74,256.7,0.033,9.24
5/20/2023 11:00,0,0,19.63,15.12,256.5,0.342,10.58
5/20/2023 12:00,0,0,21.26,15.19,258.3,0.521,12.8
5/20/2023 13:00,0,0,21.2,14.72,264.4,0.521,14.46
5/20/2023 14:00,0,0,16.08,10.16,266,0,0
5/20/2023 15:00,0,0,9.86,5.903,256.3,0,0
5/20/2023 16:00,0,0,10.68,7.499,265.1,0,0
5/20/2023 17:00,0,0,9.98,7.014,270,0,0
5/20/2023 18:00,0,0,6.9,4.881,258.1,0,0
5/20/2023 19:00,0,0,6.609,5.245,257.3,0,0
5/20/2023 20:00,0,0,7.481,5.578,260.7,0,0
5/20/2023 21:00,0,0,6.725,4.611,261.7,0,0
5/20/2023 22:00,0,0,6.667,4.711,256.4,0,0
5/20/2023 23:00,0,0,7.423,5.546,265.8,0,0
5/21/2023 0:00,0,0,6.493,5.165,263.1,0,0
5/21/2023 1:00,0,0,6.493,4.84,268.4,0,0
5/21/2023 2:00,0,0,7.888,5.825,264.8,0,0
5/21/2023 3:00,0,0,9.23,6.956,257.6,0,0
5/21/2023 4:00,0,0,8.47,7.125,256.4,0,0
5/21/2023 5:00,0,0,7.83,6.205,260.4,0,0
5/21/2023 6:00,0,0,14.57,10.15,267.2,0,0
5/21/2023 7:00,0,0,15.97,10.77,274.5,0,0
5/21/2023 8:00,0,0,15.68,7.927,271.8,0,0
5/21/2023 9:00,0,0,10.33,3.655,260.8,0,0
5/21/2023 10:00,0,0,10.1,4.747,259.3,0,0
5/21/2023 11:00,0,0,9.63,5.637,262.4,0,0
5/21/2023 12:00,0,0,11.61,7.336,252.3,0,0
5/21/2023 13:00,0,0,10.33,5.465,263.5,0,0
5/21/2023 14:00,0,0,6.842,3.584,264.1,0,0
5/21/2023 15:00,0,0,7.016,3.499,272.5,0,0
5/21/2023 16:00,0,0,8.99,5.097,293.6,0,0
5/21/2023 17:00,0,0,10.21,6.474,295.2,0,0
5/21/2023 18:00,0,0,10.79,6.979,280,0,0
5/21/2023 19:00,0,0,10.62,6.993,275.7,0,0
5/21/2023 20:00,0,0,11.03,6.638,281.1,0,0
5/21/2023 21:00,0,0,10.45,6.816,289.6,0,0
5/21/2023 22:00,0,0,11.9,7.139,293,0,0
5/21/2023 23:00,0,0,12.25,7.79,288.9,0,0
5/22/2023 0:00,0,0,10.91,6.863,302.1,0,0
5/22/2023 1:00,0,0,11.32,3.444,304,0,0
5/22/2023 2:00,0,0,9.23,5.813,290.2,NAN,NAN
5/22/2023 3:00,0,0,8.64,5.025,293.3,0,0
5/22/2023 4:00,0,0,8.41,5.392,285.1,0,0
5/22/2023 5:00,0,0,10.5,7.328,279.8,0,0
5/22/2023 6:00,0,0,11.78,8.35,277.6,0,0
5/22/2023 7:00,0,0,9.92,5.975,276.8,0,0
5/22/2023 8:00,0,0,10.27,5.528,255.8,0,0
5/22/2023 9:00,0,0,9.63,5.453,255.9,0,0
5/22/2023 10:00,0,0,8.24,4.495,260.3,0,0
5/22/2023 11:00,0,0,6.609,1.955,252.6,0,0
5/22/2023 12:00,0,0,2.017,0.215,227.7,0,0
5/22/2023 13:00,0,0,2.249,0.697,237.6,0,0
5/22/2023 14:00,0,0,1.261,0.088,253,0,0
5/22/2023 15:00,0,0,0.04,0.04,196.8,0,0
5/22/2023 16:00,0,0,4.284,0.307,213.4,0,0
5/22/2023 17:00,0,0,3.47,0.234,308.8,0,0
5/22/2023 18:00,0,0,5.853,3.413,200.9,0,0
5/22/2023 19:00,0,0,8.18,6.033,235.6,0,0
5/22/2023 20:00,0,0,9.34,7.244,239.4,0,0
5/22/2023 21:00,0,0,13.24,9.07,246.1,0,0
5/22/2023 22:00,0,0,10.56,8.66,247.3,0,0
5/22/2023 23:00,0,0,10.27,8.55,253.6,0,0
5/23/2023 0:00,0,0,10.45,8.06,255.2,0,0
5/23/2023 1:00,0,0,14.69,9.85,248.3,0,0
5/23/2023 2:00,0,0,13.99,9.56,241.2,0,0
5/23/2023 3:00,0,0,9.52,7.065,242.4,0,0
5/23/2023 4:00,0,0,10.45,7.448,255.6,0,0
5/23/2023 5:00,0,0,7.714,5.45,279.6,0,0
5/23/2023 6:00,0,0,8.12,4.222,293.6,0,0
5/23/2023 7:00,0,0,10.1,2.871,292.1,0,0
5/23/2023 8:00,0,0,8.06,1.861,258.9,0,0
5/23/2023 9:00,0,0,12.42,4.436,299,0,0
5/23/2023 10:00,0,0,11.84,4.088,284.5,0,0
5/23/2023 11:00,0,0,13.06,4.752,295.6,0,0
5/23/2023 12:00,0,0,10.1,3.447,263.5,0,0
5/23/2023 13:00,0,0,11.43,5.882,283.7,0,0
5/23/2023 14:00,0,0,9.17,2.339,256.6,0,0
5/23/2023 15:00,0,0,5.737,3.309,252.2,0,0
5/23/2023 16:00,0,0,6.377,1.054,249.6,0,0
5/23/2023 17:00,0,0,3.877,0.702,258.4,0,0
5/23/2023 18:00,0,0,4.923,2.224,265.3,0,0
5/23/2023 19:00,0,0,6.783,2.901,272.7,0,0
5/23/2023 20:00,0,0,8.64,5.013,349.7,0,0
5/23/2023 21:00,0,0,6.667,3.022,336.4,0,0
5/23/2023 22:00,0,0,5.679,2.045,338.1,0,0
5/23/2023 23:00,0,0,5.679,1.574,334.2,0,0
5/24/2023 0:00,0,0,3.586,0.376,326.6,0,0
5/24/2023 1:00,0,0,1.958,0.078,224.3,0,0
5/24/2023 2:00,0,0,4.167,1.067,281.3,0,0
5/24/2023 3:00,0,0,4.342,1.021,260.1,0,0
5/24/2023 4:00,0,0,6.783,1.202,266.1,0,0
5/24/2023 5:00,0,0,6.144,2.645,311,0,0
5/24/2023 6:00,0,0,6.493,3.166,294.4,0,0
5/24/2023 7:00,0,0,5.272,2.282,277.7,0,0
5/24/2023 8:00,0,0,9.46,5.611,256.9,0,0
5/24/2023 9:00,0,0,11.09,8.79,248.5,0,0
5/24/2023 10:00,0,0,11.96,8.54,246,0,0
5/24/2023 11:00,0,0,11.14,8.51,251.3,0,0
5/24/2023 12:00,0,0,10.79,8.23,256.5,0,0
5/24/2023 13:00,0,0,9.81,6.703,262.6,0,0
5/24/2023 14:00,0,0,9.23,7.195,249.5,0,0
5/24/2023 15:00,0,0,14.34,10.55,252.8,0,0
5/24/2023 16:00,0,0,13.29,9.94,243.2,0,0
5/24/2023 17:00,0,0,10.85,8.83,247,0,0
5/24/2023 18:00,0,0,11.72,10.21,247.1,0,0
5/24/2023 19:00,0,0,11.9,9.34,243.5,0,0
5/24/2023 20:00,0,0,11.49,7.911,240.4,0,0
5/24/2023 21:00,0,0,13.88,10.17,240.3,0,0
5/24/2023 22:00,0,0,18.64,13.92,254.9,0.001,0.737
5/24/2023 23:00,0,0,14.28,10.8,273,0,0
5/25/2023 0:00,0,0,13.29,9.56,273.9,0,0
5/25/2023 1:00,0,0,13.88,10.33,273.2,0,0
5/25/2023 2:00,0,0,17.25,13.01,271.7,0,0
5/25/2023 3:00,0,0,16.49,12.64,269.8,0,0
5/25/2023 4:00,0,0,14.46,11.38,273.3,0,0
5/25/2023 5:00,0,0,14.17,11.3,270.1,0,0
5/25/2023 6:00,0,0,11.84,9.68,262.6,0,0
5/25/2023 7:00,0,0,11.49,9.21,256.4,0,0
5/25/2023 8:00,0,0,11.67,7.92,251.6,0,0
5/25/2023 9:00,0,0,12.42,8.78,246,0,0
5/25/2023 10:00,0,0,11.55,7.49,235.9,0,0
5/25/2023 11:00,0,0,10.62,7.095,234.5,0,0
5/25/2023 12:00,0,0,12.89,9.05,234.1,0,0
5/25/2023 13:00,0,0,14.28,9.51,232.9,0,0
5/25/2023 14:00,0,0,11.55,7.686,240.2,0,0
5/25/2023 15:00,0,0,10.21,8.17,241.6,0,0
5/25/2023 16:00,0,0,11.84,8.22,247,0,0
5/25/2023 17:00,0,0,8.35,5.497,239.9,0,0
5/25/2023 18:00,0,0,6.842,5.293,237.2,0,0
5/25/2023 19:00,0,0,7.597,5.697,231.2,0,0
5/25/2023 20:00,0,0,9.05,6.709,230.3,0,0
5/25/2023 21:00,0,0,8.53,6.889,230.8,0,0
5/25/2023 22:00,0,0,8.76,6.662,234.3,0,0
5/25/2023 23:00,0,0,8.41,6.714,235.6,0,0
5/26/2023 0:00,0,0,9.17,6.36,240.5,0,0
5/26/2023 1:00,0,0,11.55,9.14,245.9,0,0
5/26/2023 2:00,0,0,11.14,8.83,255.2,0,0
5/26/2023 3:00,0,0,11.55,8.13,258.3,0,0
5/26/2023 4:00,0,0,12.89,9.43,254.6,0,0
5/26/2023 5:00,0,0,14.92,11.45,250,0,0
5/26/2023 6:00,0,0,16.9,13.03,252.7,0,0
5/26/2023 7:00,0,0,18.12,15.26,260.1,0,0
5/26/2023 8:00,0,0,20.15,15.39,269.8,0.049,7.243
5/26/2023 9:00,0,0,19.28,15.6,270.4,0.516,12.66
5/26/2023 10:00,0,0,21.14,15.98,264.3,0.457,15.15
5/26/2023 11:00,0,0,19.11,13.61,261.6,0.003,3.847
5/26/2023 12:00,0,0,17.36,13.95,255.1,0,0
5/26/2023 13:00,0,0,15.5,13.21,250.5,0,0
5/26/2023 14:00,0,0,15.1,13.01,246.4,0,0
5/26/2023 15:00,0,0,14.92,10.92,240.4,0,0
5/26/2023 16:00,0,0,12.71,10.03,239,0,0
5/26/2023 17:00,0,0,12.95,9.29,236.4,0,0
5/26/2023 18:00,0,0,12.83,9.24,236,0,0
5/26/2023 19:00,0,0,12.13,8.4,233.1,0,0
5/26/2023 20:00,0,0,9.57,7.235,232.4,0,0
5/26/2023 21:00,0,0,8.06,6.249,231.1,0,0
5/26/2023 22:00,0,0,10.79,7.587,230.4,0,0
5/26/2023 23:00,0,0,9.05,6.875,228.8,0,0
5/27/2023 0:00,0,0,7.655,5.356,229.1,0,0
5/27/2023 1:00,0,0,9.75,4.97,228.4,0,0
5/27/2023 2:00,0,0,6.028,3.738,232,0,0
5/27/2023 3:00,0,0,6.202,4.042,237.2,0,0
5/27/2023 4:00,0,0,14.34,8.35,242.2,0,0
5/27/2023 5:00,0,0,16.08,11.58,253,0,0
5/27/2023 6:00,0,0,17.83,13.51,256,0,0
5/27/2023 7:00,0,0,18,14.64,255.7,0,0
5/27/2023 8:00,0,0,23.53,17.98,258.9,0.038,8.18
5/27/2023 9:00,0,0,27.01,22.08,262.9,9.75,23.32
5/27/2023 10:00,0,0,26.32,19.65,268.4,6.099,20.88
5/27/2023 11:00,0,0,19.57,14.7,273.3,0.527,14.53
5/27/2023 12:00,0,0,18.29,12,258.8,0.102,10.65
5/27/2023 13:00,0,0,15.91,9.58,269.8,0,0
5/27/2023 14:00,0,0,12.95,9.63,267,0,0
5/27/2023 15:00,0,0,10.27,7.311,254.9,0,0
5/27/2023 16:00,0,0,9.28,6.657,240.4,0,0
5/27/2023 17:00,0,0,10.39,7.385,232.3,0,0
5/27/2023 18:00,0,0,12.48,8.8,230.8,0,0
5/27/2023 19:00,0,0,12.07,9.56,231.2,0,0
5/27/2023 20:00,0,0,13.47,10.65,239.2,0,0
5/27/2023 21:00,0,0,13.93,10.94,241.8,0,0
5/27/2023 22:00,0,0,14.52,10.92,243.9,0,0
5/27/2023 23:00,0,0,15.68,12.56,246.7,0,0
5/28/2023 0:00,0,0,19.11,13.29,248.8,0,0
5/28/2023 1:00,0,0,16.72,13.36,251.8,0,0
5/28/2023 2:00,0,0,15.27,12.83,260,0,0
5/28/2023 3:00,0,0,15.85,10.68,280.7,0,0
5/28/2023 4:00,0,0,14.75,10.88,272.8,0,0
5/28/2023 5:00,0,0,13.7,10.37,270.1,0,0
5/28/2023 6:00,0,0,12.95,9.36,271.1,0,0
5/28/2023 7:00,0,0,13.29,9.62,274.4,0,0
5/28/2023 8:00,0,0,13.53,9.43,266.1,0,0
5/28/2023 9:00,0,0,16.32,10.22,263.2,0,0
5/28/2023 10:00,0,0,15.56,10.72,269.6,0,0
5/28/2023 11:00,0,0,15.85,10.81,267.4,0.003,3.759
5/28/2023 12:00,0,0,15.85,11.06,265.7,0.007,6.813
5/28/2023 13:00,0,0,15.74,11.56,280.2,0,0
5/28/2023 14:00,0,0,14.57,10.99,273,0,0
5/28/2023 15:00,0,0,13.88,10.57,269.4,0,0
5/28/2023 16:00,0,0,11.9,8.62,268,0,0
5/28/2023 17:00,0,0,11.09,8.52,265.3,0,0
5/28/2023 18:00,0,0,9.34,7.185,265.2,0,0
5/28/2023 19:00,0,0,9.75,6.921,264.7,0,0
5/28/2023 20:00,0,0,9.57,7.151,251.9,0,0
5/28/2023 21:00,0,0,11.2,8.88,241.1,0,0
5/28/2023 22:00,0,0,13.93,9.55,239.2,0,0
5/28/2023 23:00,0,0,11.67,8.96,232.3,0,0
5/29/2023 0:00,0,0,10.39,7.663,231.6,0,0
5/29/2023 1:00,0,0,10.91,7.593,235.9,0,0
5/29/2023 2:00,0,0,9.28,6.535,229.9,0,0
5/29/2023 3:00,0,0,9.86,7.436,234.8,0,0
5/29/2023 4:00,0,0,9.98,7.951,238.6,0,0
5/29/2023 5:00,0,0,12.25,8.82,236.3,0,0
5/29/2023 6:00,0,0,11.26,8.99,237.6,0,0
5/29/2023 7:00,0,0,12.02,9.96,238.7,0,0
5/29/2023 8:00,0,0,13.99,10.02,235,0,0
5/29/2023 9:00,0,0,13.99,9.93,236.5,0,0
5/29/2023 10:00,0,0,15.5,9.33,233.7,0,0
5/29/2023 11:00,0,0,13.53,9.19,233.7,0,0
5/29/2023 12:00,0,0,11.78,8.43,235.2,0,0
5/29/2023 13:00,0,0,10.27,7.74,237.5,0,0
5/29/2023 14:00,0,0,11.49,9.1,238.7,0,0
5/29/2023 15:00,0,0,11.96,9.25,237.5,0,0
5/29/2023 16:00,0,0,12.71,9.7,238.3,0,0
5/29/2023 17:00,0,0,11.61,8.88,237.7,0,0
5/29/2023 18:00,0,0,13.24,9.85,238.8,0,0
5/29/2023 19:00,0,0,11.84,9.19,240.1,0,0
5/29/2023 20:00,0,0,13.47,10.08,242.9,0,0
5/29/2023 21:00,0,0,14.98,11.15,242.8,0,0
5/29/2023 22:00,0,0,14.98,11.05,240.3,0,0
5/29/2023 23:00,0,0,17.07,11.92,238.6,0.004,4.207
5/30/2023 0:00,0,0,15.5,11.07,233.8,0,0
5/30/2023 1:00,0,0,14.92,11.63,236.8,0,0
5/30/2023 2:00,0,0,13.35,10.27,232,0,0
5/30/2023 3:00,0,0,13,10.49,232.2,0,0
5/30/2023 4:00,0,0,14.46,10.71,232.3,0,0
5/30/2023 5:00,0,0,14.69,11.14,232.9,0,0
5/30/2023 6:00,0,0,15.04,11.88,234.9,0.001,1.299
5/30/2023 7:00,0,0,16.84,13.27,240.1,0.012,4.722
5/30/2023 8:00,0,0,22.13,13.47,242.2,0.044,11.53
5/30/2023 9:00,0,0,17.07,13.29,244.1,0.04,7.308
5/30/2023 10:00,0,0,17.71,12.9,243.8,0.042,7.265
5/30/2023 11:00,0,0,17.65,13.51,245.6,0.015,6.412
5/30/2023 12:00,0,0,15.15,13,250.4,0,0
5/30/2023 13:00,0,0,15.21,12.66,252.3,0,0
5/30/2023 14:00,0,0,14.98,12.41,248.2,0,0
5/30/2023 15:00,0,0,13.41,11.47,246.9,0,0
5/30/2023 16:00,0,0,15.27,10.41,244.5,0,0
5/30/2023 17:00,0,0,12.54,9.42,242.2,0,0
5/30/2023 18:00,0,0,11.9,8.98,240,0,0
5/30/2023 19:00,0,0,13.59,9.28,239.4,0,0
5/30/2023 20:00,0,0,11.61,9.13,232.7,0,0
5/30/2023 21:00,0,0,13.76,10.38,234.5,0,0
5/30/2023 22:00,0,0,12.95,10.42,237,0,0
5/30/2023 23:00,0,0,11.84,8.01,230.5,0,0
5/31/2023 0:00,0,0,12.89,10.16,237.2,0,0
5/31/2023 1:00,0,0,14.11,10.54,237.1,0,0
5/31/2023 2:00,0,0,13.88,11.53,237.9,0,0
5/31/2023 3:00,0,0,13.59,10.69,234.7,0,0
5/31/2023 4:00,0,0,16.67,11.03,235.4,0,0
5/31/2023 5:00,0,0,14.69,11.58,235.6,0.004,4.558
5/31/2023 6:00,0,0,13.53,10.56,232.2,0,0
5/31/2023 7:00,0,0,13.88,10.79,232.8,0,0
5/31/2023 8:00,0,0,14.57,11.6,235.8,0.002,1.947
5/31/2023 9:00,0,0,15.15,12.87,239,0.009,7.365
5/31/2023 10:00,0,0,16.08,12.83,240.1,0.006,7.639
5/31/2023 11:00,0,0,14.57,11.85,237.6,0.002,2.658
5/31/2023 12:00,0,0,15.21,10.83,234.7,0.007,7.966
5/31/2023 13:00,0,0,14.34,10.3,233.2,0,0
5/31/2023 14:00,0,0,12.89,9.8,233.9,0,0
5/31/2023 15:00,0,0,11.84,9.24,234.9,0,0
5/31/2023 16:00,0,0,11.9,8.8,231.9,0,0
5/31/2023 17:00,0,0,12.71,9.36,229,0,0
5/31/2023 18:00,0,0,13.53,10.68,231.8,0,0
5/31/2023 19:00,0,0,16.14,12.26,234.4,0,0
5/31/2023 20:00,0,0,16.78,11.69,232.8,0,0
5/31/2023 21:00,0,0,16.38,12.52,234.4,0,0
5/31/2023 22:00,0,0,19.22,13.9,235.8,0.067,7.81
5/31/2023 23:00,0,0,18.58,13.43,230.4,0.053,10.93
6/1/2023 0:00,0,0,20.85,14.66,233,0.151,11.1
6/1/2023 1:00,0,0,20.1,15.44,234.6,NAN,NAN
6/1/2023 2:00,0,0,20.04,14.1,230.7,0.111,11.79
6/1/2023 3:00,0,0,23.99,14.09,229.1,0.211,16.24
6/1/2023 4:00,0,0,19.69,14.72,231.7,0.433,12.67
6/1/2023 5:00,0,0,22.54,16.11,234.7,1.081,13.09
6/1/2023 6:00,0,0,21.96,17.17,240.9,0.825,13.65
6/1/2023 7:00,0,0,20.15,16.62,242.5,0.78,12.19
6/1/2023 8:00,0,0,20.91,15.81,244.7,0.546,12.36
6/1/2023 9:00,0,0,21.26,15.34,243.5,0.484,13.83
6/1/2023 10:00,0,0,19.92,14.53,243.4,0.203,8.42
6/1/2023 11:00,0,0,19.05,14.84,244.1,0.43,12.23
6/1/2023 12:00,0,0,16.9,13.66,243.5,0.078,8.92
6/1/2023 13:00,0,0,17.31,14.73,245.5,0.098,9.38
6/1/2023 14:00,0,0,15.62,13.55,248.2,0.002,2.906
6/1/2023 15:00,0,0,15.27,13.26,247.8,0,0
6/1/2023 16:00,0,0,15.62,13.52,247.3,0,0
6/1/2023 17:00,0,0,15.79,12.89,244.6,0,0
6/1/2023 18:00,0,0,15.33,12.01,242.7,0,0
6/1/2023 19:00,0,0,17.54,11.55,240.4,0,0
6/1/2023 20:00,0,0,16.72,12.46,242,0.005,3.639
6/1/2023 21:00,0,0,19.57,13.35,242.5,0.027,10.04
6/1/2023 22:00,0,0,16.55,12.64,243.1,0,0
6/1/2023 23:00,0,0,16.67,12.07,241.6,0,0
6/2/2023 0:00,0,0,16.96,12.15,240.7,0.006,6.689
6/2/2023 1:00,0,0,19.05,13.12,242.7,0.026,9.74
6/2/2023 2:00,0,0,21.03,14.03,242.7,0.183,14.36
6/2/2023 3:00,0,0,20.62,14.75,239.5,0.142,12.76
6/2/2023 4:00,0,0,23.47,15.36,237.1,0.278,11.32
6/2/2023 5:00,0,0,23.53,16.49,239.6,0.564,15.68
6/2/2023 6:00,0,0,24.57,16.27,240.6,0.533,14.69
6/2/2023 7:00,0,0,21.67,15.29,241.5,0.289,13.83
6/2/2023 8:00,0,0,19.75,15.11,241.3,0.223,12.6
6/2/2023 9:00,0,0,21.2,15.04,239.7,0.473,13.03
6/2/2023 10:00,0,0,24.8,14.41,240.3,0.493,14.32
6/2/2023 11:00,0,0,23.06,14.85,242.3,0.821,15.18
6/2/2023 12:00,0,0,22.6,16.11,242,1.349,15.11
6/2/2023 13:00,0,0,25.04,17.92,243.2,3.195,17.39
6/2/2023 14:00,0,0,25.68,19.04,243,3.831,22.22
6/2/2023 15:00,0,0,27.89,18.49,243.3,3.185,25.77
6/2/2023 16:00,0,0,26.43,17.32,242.5,1.17,21.05
6/2/2023 17:00,0,0,25.15,17.76,243.3,1.611,21.31
6/2/2023 18:00,0,0,25.68,18.12,243.1,2.137,20.99
6/2/2023 19:00,0,0,27.65,19.22,246.7,3.345,24.09
6/2/2023 20:00,0,0,25.27,18.34,244.3,1.968,19.43
6/2/2023 21:00,0,0,23.53,18.31,244.5,1.526,14.69
6/2/2023 22:00,0,0,22.25,18.07,244,1.304,14.51
6/2/2023 23:00,0,0,21.96,17.42,243.1,1.109,14.12
6/3/2023 0:00,0,0,25.68,17.41,243.7,1.008,17.65
6/3/2023 1:00,0,0,22.25,17.5,243.7,1.041,16.64
6/3/2023 2:00,0,0,20.74,18.04,245,1.077,14.62
6/3/2023 3:00,0,0,22.89,18.1,245.4,1.198,13.39
6/3/2023 4:00,0,0,21.26,17.62,244.7,0.668,12.52
6/3/2023 5:00,0,0,19.57,17.32,248.7,0.534,11.42
6/3/2023 6:00,0,0,20.04,16.8,250.4,0.302,10.29
6/3/2023 7:00,0,0,19.17,16.12,249.9,0.143,9.95
6/3/2023 8:00,0,0,19.4,15.95,249.2,0.194,8.22
6/3/2023 9:00,0,0,19.92,16.16,249.6,0.195,9.88
6/3/2023 10:00,0,0,18.7,16.05,249.9,0.323,9.48
6/3/2023 11:00,0,0,18.53,15.95,250.1,0.315,9.02
6/3/2023 12:00,0,0,18.29,15.78,251.3,0.346,11.13
6/3/2023 13:00,0,0,18.82,16.29,251.1,0.482,11.4
6/3/2023 14:00,0,0,20.62,15.72,252.9,0.29,10.62
6/3/2023 15:00,0,0,18.76,14.95,253,0.062,11.04
6/3/2023 16:00,0,0,17.65,14.05,251.7,0.002,2.952
6/3/2023 17:00,0,0,16.78,14.03,248.4,0,0
6/3/2023 18:00,0,0,15.85,13.57,250.7,0,0
6/3/2023 19:00,0,0,15.45,13.35,251.6,0,0
6/3/2023 20:00,0,0,14.98,13.51,250.4,0,0
6/3/2023 21:00,0,0,16.03,13.8,250.4,0,0
6/3/2023 22:00,0,0,15.5,13.61,245.6,0,0
6/3/2023 23:00,0,0,17.77,13.28,244.8,0,0
6/4/2023 0:00,0,0,16.55,13.78,249.8,0,0
6/4/2023 1:00,0,0,16.38,13.68,251.6,0,0
6/4/2023 2:00,0,0,17.07,13.9,250.1,0,0
6/4/2023 3:00,0,0,15.79,13.56,247.4,NAN,NAN
6/4/2023 4:00,0,0,16.43,13.46,249.3,0,0.549
6/4/2023 5:00,0,0,16.78,13.51,252,0,0
6/4/2023 6:00,0,0,15.1,12.08,255.6,0,0
6/4/2023 7:00,0,0,15.1,12.18,261.8,0,0
6/4/2023 8:00,0,0,14.46,11.61,263,0,0
6/4/2023 9:00,0,0,13.7,11.39,261.8,0,0
6/4/2023 10:00,0,0,14.22,11.48,259.4,0,0
6/4/2023 11:00,0,0,14.86,11.07,261.4,0,0
6/4/2023 12:00,0,0,13.12,9.72,270.1,0,0
6/4/2023 13:00,0,0,11.72,8.88,268.3,0,0
6/4/2023 14:00,0,0,10.56,8.29,264.1,0,0
6/4/2023 15:00,0,0,9.98,8.21,260.7,0,0
6/4/2023 16:00,0,0,8.76,6.807,260.7,0,0
6/4/2023 17:00,0,0,6.725,5.613,260.7,0,0
6/4/2023 18:00,0,0,6.318,4.851,255.2,0,0
6/4/2023 19:00,0,0,7.946,6.303,250.1,0,0
6/4/2023 20:00,0,0,6.493,5.494,246,0,0
6/4/2023 21:00,0,0,8.7,6.32,239.8,0,0
6/4/2023 22:00,0,0,7.19,5.753,233.8,0,0
6/4/2023 23:00,0,0,10.16,6.299,233.6,0,0
6/5/2023 0:00,0,0,8.29,5.609,227.1,0,0
6/5/2023 1:00,0,0,8.24,6.176,223.5,0,0
6/5/2023 2:00,0,0,8.24,5.727,232.5,0,0
6/5/2023 3:00,0,0,8.24,5.069,231.2,0,0
6/5/2023 4:00,0,0,10.56,7.487,232,0,0
6/5/2023 5:00,0,0,9.69,8.25,234,0,0
6/5/2023 6:00,0,0,10.91,8.59,233.1,0,0
6/5/2023 7:00,0,0,10.74,7.362,227.1,0,0
6/5/2023 8:00,0,0,12.07,7.91,230.9,0,0
6/5/2023 9:00,0,0,10.56,7.294,231.4,0,0
6/5/2023 10:00,0,0,11.96,8.05,236.1,0,0
6/5/2023 11:00,0,0,12.95,9.59,234.1,0,0
6/5/2023 12:00,0,0,11.61,7.666,231.8,0,0
6/5/2023 13:00,0,0,11.72,8.7,235.7,0,0
6/5/2023 14:00,0,0,12.36,8.24,234.7,0,0
6/5/2023 15:00,0,0,10.16,7.708,234.8,0,0
6/5/2023 16:00,0,0,9.81,7.497,234.6,0,0
6/5/2023 17:00,0,0,12.83,8.51,233.6,0,0
6/5/2023 18:00,0,0,12.95,8.08,228.5,0,0
6/5/2023 19:00,0,0,14.81,10.82,235.3,0,0
6/5/2023 20:00,0,0,16.08,12.66,238.9,0,0
6/5/2023 21:00,0,0,18.24,12.82,237.9,0.008,9.48
6/5/2023 22:00,0,0,15.85,12.19,235.6,0,0
6/5/2023 23:00,0,0,15.56,10.54,231.1,0.002,2.569
6/6/2023 0:00,0,0,16.72,12.04,235.4,0,0
6/6/2023 1:00,0,0,16.14,12.43,236.5,0.003,3.594
6/6/2023 2:00,0,0,18.76,13.83,238.8,0.003,3.009
6/6/2023 3:00,0,0,16.55,13.9,239.9,0.005,6.513
6/6/2023 4:00,0,0,17.71,14.05,242,0.039,6.859
6/6/2023 5:00,0,0,17.19,14.42,244.3,0.09,9.64
6/6/2023 6:00,0,0,15.85,13.5,244.3,0.017,5.841
6/6/2023 7:00,0,0,18.12,13.71,251.5,0.023,12.94
6/6/2023 8:00,0,0,21.03,13.45,255.8,0.082,7.192
6/6/2023 9:00,0,0,15.97,12.87,258.2,0.009,4.427
6/6/2023 10:00,0,0,13.76,10.69,258.3,0,0
6/6/2023 11:00,0,0,12.36,10.15,247.9,0,0
6/6/2023 12:00,0,0,11.72,8.18,235.8,0,0
6/6/2023 13:00,0,0,10.45,8.4,238.7,0,0
6/6/2023 14:00,0,0,11.14,8.37,238.5,0,0
6/6/2023 15:00,0,0,11.78,9.34,235.3,0,0
6/6/2023 16:00,0,0,12.02,9.94,236.4,0,0
6/6/2023 17:00,0,0,12.65,10.72,234.8,0,0
6/6/2023 18:00,0,0,12.65,10.5,233.2,0,0
6/6/2023 19:00,0,0,13.82,10.73,232.3,0,0
6/6/2023 20:00,0,0,16.32,11.4,232.9,0,0
6/6/2023 21:00,0,0,14.81,11.37,234.7,0,0
6/6/2023 22:00,0,0,14.22,11.05,238.4,0,0
6/6/2023 23:00,0,0,13.99,10.81,238.1,0,0
6/7/2023 0:00,0,0,14.22,10.24,237.3,0,0
6/7/2023 1:00,0,0,15.27,12.14,240.5,0,0
6/7/2023 2:00,0,0,15.5,13.27,242.1,0,0
6/7/2023 3:00,0,0,17.13,14.55,242.9,0,0
6/7/2023 4:00,0,0,16.55,14.21,241.1,0.003,3.782
6/7/2023 5:00,0,0,16.84,14.05,239.6,0.006,3.985
6/7/2023 6:00,0,0,14.81,12.54,238.4,0,0
6/7/2023 7:00,0,0,14.28,11.47,239.4,0,0
6/7/2023 8:00,0,0,16.84,12.51,241.9,0.005,2.524
6/7/2023 9:00,0,0,18.12,14.64,238.6,0.156,7.824
6/7/2023 10:00,0,0,17.25,13.77,234.1,0.356,10.77
6/7/2023 11:00,0,0,17.07,12.35,233,0.044,8.68
6/7/2023 12:00,0,0,14.22,11,239.2,0,0
6/7/2023 13:00,0,0,12.36,8.71,241.1,0,0
6/7/2023 14:00,0,0,11.32,7.057,235.9,0,0
6/7/2023 15:00,0,0,11.96,8.83,240.4,0,0
6/7/2023 16:00,0,0,12.42,9.02,240,0,0
6/7/2023 17:00,0,0,11.55,8.67,239.2,0,0
6/7/2023 18:00,0,0,13.12,9.19,238.2,0,0
6/7/2023 19:00,0,0,13.76,9.83,235.8,0,0
6/7/2023 20:00,0,0,14.92,10.63,238,0,0
6/7/2023 21:00,0,0,13.76,10.72,235.5,0,0
6/7/2023 22:00,0,0,14.75,10.19,234.3,0,0
6/7/2023 23:00,0,0,13.35,10.4,233.4,0,0
6/8/2023 0:00,0,0,13.12,10.42,232.5,0,0
6/8/2023 1:00,0,0,12.89,10.25,233.4,0,0
6/8/2023 2:00,0,0,13.12,10.37,234.2,0,0
6/8/2023 3:00,0,0,14.63,10.33,234.7,0,0
6/8/2023 4:00,0,0,15.33,12.84,233.1,0.027,13
6/8/2023 5:00,0,0,15.39,12.63,230.4,0.008,5.701
6/8/2023 6:00,0,0,15.45,12.37,229.4,0.022,6.55
6/8/2023 7:00,0,0,16.55,13.23,232.1,0.055,9.33
6/8/2023 8:00,0,0,17.07,14.36,238.2,0.113,7.002
6/8/2023 9:00,0,0,16.08,13.82,239,0.035,6.789
6/8/2023 10:00,0,0,16.03,12.91,242,0,0
6/8/2023 11:00,0,0,14.22,11.62,243.5,0,0
6/8/2023 12:00,0,0,11.55,9.19,241.4,0,0
6/8/2023 13:00,0,0,12.19,9.51,234.6,0,0
6/8/2023 14:00,0,0,14.98,9.63,219.9,0,0
6/8/2023 15:00,0,0,12.65,9.17,227.9,0,0
6/8/2023 16:00,0,0,14.63,11.19,230.5,0.004,4.916
6/8/2023 17:00,0,0,13.99,11.08,228.9,0,0
6/8/2023 18:00,0,0,12.83,9.46,227.3,0,0
6/8/2023 19:00,0,0,13.53,8.57,223,0,0
6/8/2023 20:00,0,0,12.48,8.45,224.8,0,0
6/8/2023 21:00,0,0,13.35,9.47,226.2,0,0
6/8/2023 22:00,0,0,12.54,8.67,227.5,0,0
6/8/2023 23:00,0,0,13.12,9.37,231.6,0,0
6/9/2023 0:00,0,0,12.07,8.69,230.1,0,0
6/9/2023 1:00,0,0,13.59,9.48,232.8,0,0
6/9/2023 2:00,0,0,16.08,11.16,233.7,0,0
6/9/2023 3:00,0,0,15.27,12.49,230.6,0.012,5.529
6/9/2023 4:00,0,0,15.56,13.43,232.5,0.005,3.448
6/9/2023 5:00,0,0,15.91,13.84,233,0.018,6.442
6/9/2023 6:00,0,0,16.49,13.71,234.5,0.029,6.683
6/9/2023 7:00,0,0,18.18,14.6,233.7,0.297,12.18
6/9/2023 8:00,0,0,16.61,13.85,232,0.194,8.44
6/9/2023 9:00,0,0,17.13,13.54,235.4,0.222,8.3
6/9/2023 10:00,0,0,15.15,11.83,232.9,0.021,5.471
6/9/2023 11:00,0,0,14.4,11.26,233.2,0,0
6/9/2023 12:00,0,0,14.34,11.14,237.8,0,0
6/9/2023 13:00,0,0,13.35,11.07,242.4,0,0
6/9/2023 14:00,0,0,14.22,10.22,239.7,0.002,2.298
6/9/2023 15:00,0,0,12.89,10.92,241.4,0,0
6/9/2023 16:00,0,0,14.69,11.59,241.6,0,0
6/9/2023 17:00,0,0,12.89,9.38,240.5,0,0
6/9/2023 18:00,0,0,11.96,9.66,238.3,0,0
6/9/2023 19:00,0,0,11.55,9.07,235.1,0,0
6/9/2023 20:00,0,0,12.71,9.51,236.5,0,0
6/9/2023 21:00,0,0,14.11,9.89,236.6,0,0
6/9/2023 22:00,0,0,11.32,7.219,232,0,0
6/9/2023 23:00,0,0,9.52,6.177,226.2,0,0
6/10/2023 0:00,0,0,8.82,5.674,226.5,0,0
6/10/2023 1:00,0,0,10.27,5.904,234.7,0,0
6/10/2023 2:00,0,0,11.67,6.781,233,0,0
6/10/2023 3:00,0,0,11.14,7.591,234.4,0,0
6/10/2023 4:00,0,0,11.32,8.49,235.5,0,0
6/10/2023 5:00,0,0,12.36,9.4,232.2,0,0
6/10/2023 6:00,0,0,12.25,9.4,234.3,0,0
6/10/2023 7:00,0,0,13.99,9.58,236.9,0,0
6/10/2023 8:00,0,0,14.05,10.61,237.8,0,0
6/10/2023 9:00,0,0,13.7,11.37,238.9,0,0
6/10/2023 10:00,0,0,15.1,12.67,240,0,0
6/10/2023 11:00,0,0,16.67,13.13,239.9,0.005,2.773
6/10/2023 12:00,0,0,17.19,12.4,242.8,0.029,9.25
6/10/2023 13:00,0,0,14.11,10.93,242.5,0,0
6/10/2023 14:00,0,0,12.65,10.09,244.9,0,0
6/10/2023 15:00,0,0,12.31,9.65,242.3,0,0
6/10/2023 16:00,0,0,9.92,7.037,240.6,0,0
6/10/2023 17:00,0,0,6.958,5.25,239.8,0,0
6/10/2023 18:00,0,0,6.725,5.289,239.5,0,0
6/10/2023 19:00,0,0,7.365,5.812,241.5,0,0
6/10/2023 20:00,0,0,7.423,5.374,242.9,0,0
6/10/2023 21:00,0,0,7.132,5.044,233.6,0,0
6/10/2023 22:00,0,0,8.59,6.561,245.8,0,0
6/10/2023 23:00,0,0,7.83,6.424,252.6,0,0
6/11/2023 0:00,0,0,8.93,7.095,261.9,0,0
6/11/2023 1:00,0,0,8.64,6.708,269.8,0,0
6/11/2023 2:00,0,0,11.84,5.947,293.4,0,0
6/11/2023 3:00,0,0,11.26,2.964,267.1,0,0
6/11/2023 4:00,0,0,7.888,4.133,317.7,0,0
6/11/2023 5:00,0,0,5.563,3.55,276.1,0,0
6/11/2023 6:00,0,0,5.737,3.245,278.6,0,0
6/11/2023 7:00,0,0,5.737,3.581,252.5,0,0
6/11/2023 8:00,0,0,6.377,2.773,248.8,0,0
6/11/2023 9:00,0,0,8.7,4.717,260.5,0,0
6/11/2023 10:00,0,0,5.098,2.258,250.8,0,0
6/11/2023 11:00,0,0,6.493,3.643,253.9,0,0
6/11/2023 12:00,0,0,7.19,3.872,262.8,0,0
6/11/2023 13:00,0,0,8.29,5.281,260.4,0,0
6/11/2023 14:00,0,0,8.24,6.479,260.2,0,0
6/11/2023 15:00,0,0,8.76,6.667,268.5,0,0
6/11/2023 16:00,0,0,9.46,6.957,277.1,0,0
6/11/2023 17:00,0,0,9.92,7.351,278.7,0,0
6/11/2023 18:00,0,0,9.4,7.968,262.4,0,0
6/11/2023 19:00,0,0,9.63,7.585,254.5,0,0
6/11/2023 20:00,0,0,9.63,8.25,247.6,0,0
6/11/2023 21:00,0,0,11.55,8.25,246.7,0,0
6/11/2023 22:00,0,0,10.85,7.505,244,0,0
6/11/2023 23:00,0,0,12.6,9.23,255.7,0,0
6/12/2023 0:00,0,0,14.69,9.79,245.4,0,0
6/12/2023 1:00,0,0,9.52,5.587,232.6,0,0
6/12/2023 2:00,0,0,6.086,3.973,229.9,0,0
6/12/2023 3:00,0,0,4.865,3.329,229.9,0,0
6/12/2023 4:00,0,0,7.016,4.349,238.8,0,0
6/12/2023 5:00,0,0,6.318,4.043,245,0,0
6/12/2023 6:00,0,0,7.597,5.008,241,0,0
6/12/2023 7:00,0,0,8.41,4.34,236.8,0,0
6/12/2023 8:00,0,0,10.91,5.86,243.1,0,0
6/12/2023 9:00,0,0,11.03,8.02,256,0,0
6/12/2023 10:00,0,0,13.06,9.42,263.5,0,0
6/12/2023 11:00,0,0,13.76,10.11,271.7,0,0
6/12/2023 12:00,0,0,15.85,11.45,274.4,0.049,10.81
6/12/2023 13:00,0,0,16.84,13.5,271.6,0.299,11.07
6/12/2023 14:00,0,0,16.38,13.06,270.3,0.216,9.72
6/12/2023 15:00,0,0,13.7,10.99,267.7,0,0
6/12/2023 16:00,0,0,15.74,13.07,269.2,0.043,6.081
6/12/2023 17:00,0,0,14.34,11.72,266.9,0,0
6/12/2023 18:00,0,0,14.52,11.72,269.6,0,0
6/12/2023 19:00,0,0,16.32,12.15,269.9,0.013,7.021
6/12/2023 20:00,0,0,14.75,10.2,266,0,0
6/12/2023 21:00,0,0,12.19,9.08,264.4,0,0
6/12/2023 22:00,0,0,10.97,8.11,261.3,0,0
6/12/2023 23:00,0,0,9.05,7.391,262.3,0,0
6/13/2023 0:00,0,0,9.05,8.12,257.7,0,0
6/13/2023 1:00,0,0,8.64,7.046,256.2,0,0
6/13/2023 2:00,0,0,7.365,5.672,249.4,0,0
6/13/2023 3:00,0,0,6.26,4.218,238.9,0,0
6/13/2023 4:00,0,0,5.098,3.875,240.7,0,0
6/13/2023 5:00,0,0,4.226,3.076,243.6,0,0
6/13/2023 6:00,0,0,11.61,4.682,245.5,0,0
6/13/2023 7:00,0,0,13,9.57,254.6,0,0
6/13/2023 8:00,0,0,12.83,9.77,260.8,0,0
6/13/2023 9:00,0,0,14.34,11.09,263.3,0,0
6/13/2023 10:00,0,0,16.67,13.45,263.4,0.118,10.19
6/13/2023 11:00,0,0,18.58,14.12,261.2,0.461,11.41
6/13/2023 12:00,0,0,17.83,13.39,264.9,0.196,9.32
6/13/2023 13:00,0,0,16.55,12.74,268,0.067,7.885
6/13/2023 14:00,0,0,17.6,14.03,265.6,0.212,8.66
6/13/2023 15:00,0,0,17.19,13.41,265.8,0.185,11.54
6/13/2023 16:00,0,0,16.03,12.31,264.2,0.02,5.743
6/13/2023 17:00,0,0,14.69,11.73,261.3,0,0
6/13/2023 18:00,0,0,13.93,10.75,257.3,0,0
6/13/2023 19:00,0,0,12.77,9.22,264,0,0
6/13/2023 20:00,0,0,12.07,8.04,258.2,0,0
6/13/2023 21:00,0,0,11.84,7.716,261.6,0,0
6/13/2023 22:00,0,0,11.49,8.58,255.5,0,0
6/13/2023 23:00,0,0,11.72,9.99,251.6,0,0
6/14/2023 0:00,0,0,8.93,5.986,248.2,0,0
6/14/2023 1:00,0,0,7.365,5.01,251.9,0,0
6/14/2023 2:00,0,0,7.539,4.711,250.3,0,0
6/14/2023 3:00,0,0,15.91,8.96,250,0,0
6/14/2023 4:00,0,0,14.57,11.43,247.7,0,0
6/14/2023 5:00,0,0,18.64,13.83,248.8,0.049,8.44
6/14/2023 6:00,0,0,18.47,15.47,256.4,0.666,10.6
6/14/2023 7:00,0,0,16.49,12.06,269.2,0.118,9.74
6/14/2023 8:00,0,0,17.31,10.43,267.9,0.143,10.88
6/14/2023 9:00,0,0,18.47,12,269.9,0.186,13.31
6/14/2023 10:00,0,0,17.13,12.43,275,0.12,8.54
6/14/2023 11:00,0,0,18.64,14.76,266.2,0.801,11.47
6/14/2023 12:00,0,0,17.48,14.1,264.2,0.444,11.47
6/14/2023 13:00,0,0,16.84,13.03,268.9,0.06,7.254
6/14/2023 14:00,0,0,16.03,12.34,279.8,0.016,5.07
6/14/2023 15:00,0,0,18.35,12.46,277.2,0.089,11.45
6/14/2023 16:00,0,0,18.18,13.9,273,0.403,11.87
6/14/2023 17:00,0,0,18,12.05,278.7,0.018,6.887
6/14/2023 18:00,0,0,16.78,12.04,273.1,0.007,5.608
6/14/2023 19:00,0,0,14.28,11.68,263.1,0.003,4.173
6/14/2023 20:00,0,0,12.95,9,270,0,0
6/14/2023 21:00,0,0,11.72,8.9,272.8,0,0
6/14/2023 22:00,0,0,12.07,8.7,276.4,0,0
6/14/2023 23:00,0,0,11.2,7.628,278.3,0,0
6/15/2023 0:00,0,0,11.03,6.517,278.6,0,0
6/15/2023 1:00,0,0,13.47,9.8,277.9,0.025,10.25
6/15/2023 2:00,0,0,17.54,11.98,276.9,0.03,8.81
6/15/2023 3:00,0,0,17.54,12.53,280.2,0.026,11.75
6/15/2023 4:00,0,0,13.99,10.42,282.6,0,0
6/15/2023 5:00,0,0,20.79,12.41,280.2,0.174,12.46
6/15/2023 6:00,0,0,18,11.39,277.3,0.014,5.666
6/15/2023 7:00,0,0,17.19,11.75,285.2,0.021,6.796
6/15/2023 8:00,0,0,16.32,12.27,275.4,0.131,12.7
6/15/2023 9:00,0,0,16.61,12.15,280.5,0.024,5.986
6/15/2023 10:00,0,0,17.83,12.67,269,0.272,12.51
6/15/2023 11:00,0,0,22.48,13.83,264.1,0.564,14.15
6/15/2023 12:00,0,0,17.31,13.14,272.1,0.128,8.95
6/15/2023 13:00,0,0,16.49,12.48,278.1,0.07,8.17
6/15/2023 14:00,0,0,14.69,7.576,255,0.01,8.77
6/15/2023 15:00,0,0,15.91,8.44,256,0,0
6/15/2023 16:00,0,0,16.03,7.62,265.9,0.007,8.92
6/15/2023 17:00,0,0,15.45,10.54,281.1,0.014,6.918
6/15/2023 18:00,0,0,16.72,12.06,275.5,0.017,6.419
6/15/2023 19:00,0,0,16.67,12.17,272.2,0.023,7.187
6/15/2023 20:00,0,0,15.79,12.35,273.4,0.011,3.842
6/15/2023 21:00,0,0,15.04,11.87,272.6,0.003,3.946
6/15/2023 22:00,0,0,14.52,11.37,272.8,0,0
6/15/2023 23:00,0,0,13.64,10.91,269.4,0,0
6/16/2023 0:00,0,0,14.22,11.49,268.2,0,0
6/16/2023 1:00,0,0,15.56,12.99,268.4,0.019,6
6/16/2023 2:00,0,0,16.49,13.08,271.1,0.041,7.395
6/16/2023 3:00,0,0,16.84,13.37,271.8,0.152,8.76
6/16/2023 4:00,0,0,17.89,13.89,273.1,0.351,11.7
6/16/2023 5:00,0,0,18.82,14.59,272.5,0.759,13.29
6/16/2023 6:00,0,0,19.46,14.58,277.3,0.47,12.92
6/16/2023 7:00,0,0,21.32,14.5,272.4,0.853,15.23
6/16/2023 8:00,0,0,19.57,14.14,279.5,0.409,14.26
6/16/2023 9:00,0,0,19.17,13.32,274.2,0.41,12.86
6/16/2023 10:00,0,0,20.97,12.94,273.3,0.228,12.45
6/16/2023 11:00,0,0,19.46,12.78,266.7,0.314,12.17
6/16/2023 12:00,0,0,19.98,14.13,272.1,0.547,14.03
6/16/2023 13:00,0,0,20.04,13.05,265.5,0.692,15.21
6/16/2023 14:00,0,0,23.53,16.01,276.3,1.724,20.37
6/16/2023 15:00,0,0,19.46,14.35,279.3,0.47,16.58
6/16/2023 16:00,0,0,20.85,12.85,287.2,0.284,16.98
6/16/2023 17:00,0,0,18.76,10.25,271.3,0.064,16.7
6/16/2023 18:00,0,0,16.78,10.45,276.7,0.052,10.14
6/16/2023 19:00,0,0,18.24,12.78,285.3,0.029,8.39
6/16/2023 20:00,0,0,18.76,14.4,283.2,0.077,9.31
6/16/2023 21:00,0,0,16.9,12.7,275.6,0.029,9.52
6/16/2023 22:00,0,0,15.45,12.05,274.8,0.011,5.014
6/16/2023 23:00,0,0,17.25,13.04,273.6,0.061,7.145
6/17/2023 0:00,0,0,18.88,12.7,277.5,0.06,11.23
6/17/2023 1:00,0,0,15.27,11.96,272,0,0
6/17/2023 2:00,0,0,15.1,11.34,271.8,0,0
6/17/2023 3:00,0,0,16.72,12.84,272.4,0.127,10.92
6/17/2023 4:00,0,0,16.32,12.5,273.4,0.038,5.778
6/17/2023 5:00,0,0,16.67,13.3,271.6,0.119,9.74
6/17/2023 6:00,0,0,17.65,13.6,272.5,0.238,13.23
6/17/2023 7:00,0,0,18.41,13.34,277.9,0.276,10.04
6/17/2023 8:00,0,0,18.35,9.46,264.5,0.153,13.61
6/17/2023 9:00,0,0,18.24,9.97,255.4,0.275,16.14
6/17/2023 10:00,0,0,13.06,5.839,258.4,0,0
6/17/2023 11:00,0,0,13.93,7.438,256.7,0,0
6/17/2023 12:00,0,0,14.98,8.01,256.5,0,0
6/17/2023 13:00,0,0,14.46,7.362,253.3,0,0
6/17/2023 14:00,0,0,8.99,4.644,261.1,0,0
6/17/2023 15:00,0,0,8.24,4.278,273.7,0,0
6/17/2023 16:00,0,0,13.18,4.321,282.7,0,0
6/17/2023 17:00,0,0,17.48,6.686,257,0,0
6/17/2023 18:00,0,0,17.48,7.603,258.6,0.002,1.924
6/17/2023 19:00,0,0,15.56,6.259,253.3,0,0
6/17/2023 20:00,0,0,13.35,5.455,254,0,0
6/17/2023 21:00,0,0,13.41,5.112,264.7,0,0
6/17/2023 22:00,0,0,16.55,9.61,267.2,0,0
6/17/2023 23:00,0,0,15.5,9.01,270.9,0.012,5.936
6/18/2023 0:00,0,0,13.76,10.48,274.2,0,0
6/18/2023 1:00,0,0,13.06,9.99,270.6,0,0
6/18/2023 2:00,0,0,13.53,10.54,272.1,0,0
6/18/2023 3:00,0,0,17.07,10.39,280.8,0.003,3.312
6/18/2023 4:00,0,0,14.34,7.983,269.6,0,0
6/18/2023 5:00,0,0,12.65,4.34,269.3,0,0
6/18/2023 6:00,0,0,16.26,5.712,301.5,0,0
6/18/2023 7:00,0,0,13.7,4.841,306,0,0
6/18/2023 8:00,0,0,15.21,3.791,287.9,0,0
6/18/2023 9:00,0,0,9.92,4.409,273.4,0,0
6/18/2023 10:00,0,0,8.93,5.102,263.8,0,0
6/18/2023 11:00,0,0,9.17,5.34,264.7,0,0
6/18/2023 12:00,0,0,5.853,3.202,258.8,0,0
6/18/2023 13:00,0,0,4.167,1.08,213.5,0,0
6/18/2023 14:00,0,0,2.947,0.397,185.5,0,0
6/18/2023 15:00,0,0,3.993,0.373,182,0,0
6/18/2023 16:00,0,0,2.889,0.238,178.3,0,0
6/18/2023 17:00,0,0,5.97,1.882,252.5,0,0
6/18/2023 18:00,0,0,6.086,2.57,271.7,0,0
6/18/2023 19:00,0,0,6.377,3.011,280.3,0,0
6/18/2023 20:00,0,0,8.64,2.957,252,0,0
6/18/2023 21:00,0,0,5.446,2.095,247.8,0,0
6/18/2023 22:00,0,0,6.9,3.055,275.4,0,0
6/18/2023 23:00,0,0,7.539,2.817,278.6,0,0
6/19/2023 0:00,0,0,9.57,4.722,295.5,0,0
6/19/2023 1:00,0,0,8.7,5.527,274.2,0,0
6/19/2023 2:00,0,0,8.06,5.131,271.6,0,0
6/19/2023 3:00,0,0,6.783,4.97,268.7,0,0
6/19/2023 4:00,0,0,9.86,6.841,269.2,0,0
6/19/2023 5:00,0,0,9.4,6.368,272.5,0,0
6/19/2023 6:00,0,0,8.41,6.521,270.5,0,0
6/19/2023 7:00,0,0,11.96,6.93,271.4,0,0
6/19/2023 8:00,0,0,11.49,6.089,265.4,0,0
6/19/2023 9:00,0,0,10.16,4.912,272.2,0,0
6/19/2023 10:00,0,0,14.22,10,261.4,0,0
6/19/2023 11:00,0,0,14.63,10.8,266.9,0.003,4.029
6/19/2023 12:00,0,0,13.76,10.18,272.3,0,0
6/19/2023 13:00,0,0,13.18,10.46,271.5,0,0
6/19/2023 14:00,0,0,13.35,9.72,274.4,0,0
6/19/2023 15:00,0,0,13.12,6.754,272.6,0,0
6/19/2023 16:00,0,0,13.76,6.392,267.8,0,0
6/19/2023 17:00,0,0,8.7,1.957,244.4,0,0
6/19/2023 18:00,0,0,5.97,0.865,198.7,0,0
6/19/2023 19:00,0,0,6.783,0.488,125.9,0,0
6/19/2023 20:00,0,0,11.96,3.591,272.1,0,0
6/19/2023 21:00,0,0,12.71,8.47,271.2,0,0
6/19/2023 22:00,0,0,12.36,6.997,257.2,0,0
6/19/2023 23:00,0,0,9.17,4.949,268.4,0,0
6/20/2023 0:00,0,0,10.04,5.165,271.7,0,0
6/20/2023 1:00,0,0,12.65,5.843,273.3,0,0
6/20/2023 2:00,0,0,13.59,9.01,290.7,0,0
6/20/2023 3:00,0,0,11.84,9.4,275.1,0,0
6/20/2023 4:00,0,0,12.19,10.6,262.4,0,0
6/20/2023 5:00,0,0,12.77,10.52,262.6,0,0
6/20/2023 6:00,0,0,11.43,9.31,260.2,0,0
6/20/2023 7:00,0,0,9.75,6.814,266,0,0
6/20/2023 8:00,0,0,10.79,7.382,273.4,0,0
6/20/2023 9:00,0,0,12.65,6.203,258.9,0,0
6/20/2023 10:00,0,0,12.83,7.431,252.3,0,0
6/20/2023 11:00,0,0,11.2,7.323,256.4,0,0
6/20/2023 12:00,0,0,11.67,7.689,263.5,0,0
6/20/2023 13:00,0,0,11.96,8.7,272.8,0,0
6/20/2023 14:00,0,0,11.43,9.03,272.8,0,0
6/20/2023 15:00,0,0,10.45,8.55,269,0,0
6/20/2023 16:00,0,0,9.23,7.025,264.9,0,0
6/20/2023 17:00,0,0,6.958,5.393,270.3,0,0
6/20/2023 18:00,0,0,9.81,7.641,268.1,0,0
6/20/2023 19:00,0,0,9.69,7.967,270.2,0,0
6/20/2023 20:00,0,0,8.76,6.727,272.1,0,0
6/20/2023 21:00,0,0,8.76,5.902,276.3,0,0
6/20/2023 22:00,0,0,8.53,5.982,272.9,0,0
6/20/2023 23:00,0,0,10.74,7.673,279.3,0,0
6/21/2023 0:00,0,0,10.85,8.03,285,0,0
6/21/2023 1:00,0,0,10.39,6.425,296,0,0
6/21/2023 2:00,0,0,9.17,6.329,300.8,0,0
6/21/2023 3:00,0,0,8.24,6.039,290.6,0,0
6/21/2023 4:00,0,0,8.88,7,289.4,0,0
6/21/2023 5:00,0,0,10.62,6.502,282.5,0,0
6/21/2023 6:00,0,0,12.02,7.606,284.5,0.007,8.51
6/21/2023 7:00,0,0,11.9,6.577,277,0,0
6/21/2023 8:00,0,0,8.06,2.858,253.5,0,0
6/21/2023 9:00,0,0,6.086,1.162,239.1,0,0
6/21/2023 10:00,0,0,7.597,2.721,266.7,0,0
6/21/2023 11:00,0,0,8.99,4.723,266.7,0,0
6/21/2023 12:00,0,0,9.11,5.237,260.5,0,0
6/21/2023 13:00,0,0,6.783,1.95,255.1,0,0
6/21/2023 14:00,0,0,4.807,0.329,267,0,0
6/21/2023 15:00,0,0,4.865,0.429,261.5,0,0
6/21/2023 16:00,0,0,4.807,0.422,244.1,0,0
6/21/2023 17:00,0,0,0.04,0.04,197.7,0,0
6/21/2023 18:00,0,0,0.04,0.04,186,0,0
6/21/2023 19:00,0,0,0.331,0.04,212.8,0,0
6/21/2023 20:00,0,0,10.91,2.642,310.3,0,0
6/21/2023 21:00,0,0,12.48,4.147,326,0,0
6/21/2023 22:00,0,0,12.95,3.615,316.1,0,0
6/21/2023 23:00,0,0,5.098,0.528,215.6,0,0
6/22/2023 0:00,0,0,13,2.137,228.7,0,0
6/22/2023 1:00,0,0,11.67,2.413,203.9,0,0
6/22/2023 2:00,0,0,12.19,2.937,292.7,0,0
6/22/2023 3:00,0,0,12.13,2.98,294.8,0,0
6/22/2023 4:00,0,0,15.74,2.988,216.8,0,0
6/22/2023 5:00,0,0,11.26,2.197,264.6,0,0
6/22/2023 6:00,0,0,8.06,1.891,275.9,0,0
6/22/2023 7:00,0,0,7.307,1.321,286.4,0,0
6/22/2023 8:00,0,0,6.493,1.732,243.3,0,0
6/22/2023 9:00,0,0,7.249,3.692,253.4,0,0
6/22/2023 10:00,0,0,7.249,3.097,236.6,0,0
6/22/2023 11:00,0,0,7.946,1.974,236.5,0,0
6/22/2023 12:00,0,0,5.505,0.892,228.6,0,0
6/22/2023 13:00,0,0,3.121,0.358,245.2,0,0
6/22/2023 14:00,0,0,4.226,0.213,243.5,0,0
6/22/2023 15:00,0,0,3.295,0.128,260.2,0,0
6/22/2023 16:00,0,0,3.295,0.154,265.4,0,0
6/22/2023 17:00,0,0,4.865,0.18,299,0,0
6/22/2023 18:00,0,0,4.749,0.661,257.2,0,0
6/22/2023 19:00,0,0,8.7,0.745,259.6,0,0
6/22/2023 20:00,0,0,6.725,0.602,292.7,0,0
6/22/2023 21:00,0,0,14.57,3.321,291.2,0,0
6/22/2023 22:00,0,0,15.45,3.09,297,0,0
6/22/2023 23:00,0,0,15.56,4.242,307.4,0,0
6/23/2023 0:00,0,0,13,3.902,319.6,0,0
6/23/2023 1:00,0,0,14.63,2.659,292.3,0,0
6/23/2023 2:00,0,0,11.9,2.703,273.3,0,0
6/23/2023 3:00,0,0,10.5,2.315,271.1,0,0
6/23/2023 4:00,0,0,10.1,2.358,261.8,0,0
6/23/2023 5:00,0,0,10.56,1.262,217,0,0
6/23/2023 6:00,0,0,7.946,0.816,213.5,0,0
6/23/2023 7:00,0,0,7.83,1.307,223.3,0,0
6/23/2023 8:00,0,0,9.23,1.435,246.8,0,0
6/23/2023 9:00,0,0,11.38,2.422,294.5,0,0
6/23/2023 10:00,0,0,9.81,3.002,329.5,0,0
6/23/2023 11:00,0,0,8.64,1.797,259,0,0
6/23/2023 12:00,0,0,7.249,2.128,244.4,0,0
6/23/2023 13:00,0,0,6.9,2.184,234.8,0,0
6/23/2023 14:00,0,0,5.679,0.708,244.5,0,0
6/23/2023 15:00,0,0,9.75,1.405,257.5,0,0
6/23/2023 16:00,0,0,10.1,2.418,297.3,0,0
6/23/2023 17:00,0,0,7.307,1.183,284.6,0,0
6/23/2023 18:00,0,0,13,4.867,328,0,0
6/23/2023 19:00,0,0,8.53,1.336,228.4,0,0
6/23/2023 20:00,0,0,3.354,1.032,199.3,0,0
6/23/2023 21:00,0,0,3.005,0.771,194.9,0,0
6/23/2023 22:00,0,0,2.598,0.792,193.5,0,0
6/23/2023 23:00,0,0,2.249,0.614,195.5,0,0
6/24/2023 0:00,0,0,3.179,0.429,199,0,0
6/24/2023 1:00,0,0,3.528,0.529,194,0,0
6/24/2023 2:00,0,0,4.633,0.736,189.5,0,0
6/24/2023 3:00,0,0,7.481,1.511,194.1,0,0
6/24/2023 4:00,0,0,11.43,2.46,322.1,0,0
6/24/2023 5:00,0,0,7.307,1.578,328.8,0,0
6/24/2023 6:00,0,0,1.261,0.079,209.2,0,0
6/24/2023 7:00,0,0,2.307,0.343,229.2,0,0
6/24/2023 8:00,0,0,4.807,1.359,235.2,0,0
6/24/2023 9:00,0,0,5.97,2.667,246.1,0,0
6/24/2023 10:00,0,0,4.516,1.33,225.6,0,0
6/24/2023 11:00,0,0,6.842,2.163,266.3,0,0
6/24/2023 12:00,0,0,8.59,1.405,304.5,NAN,NAN
6/24/2023 13:00,0,0,9.92,2.709,322.1,0,0
6/24/2023 14:00,0,0,6.667,1.594,304.9,0,0
6/24/2023 15:00,0,0,8.82,2.932,329.3,0,0
6/24/2023 16:00,0,0,8.53,3.555,333.1,0,0
6/24/2023 17:00,0,0,8.99,3.446,326.4,0,0
6/24/2023 18:00,0,0,10.91,4.269,325.8,0,0
6/24/2023 19:00,0,0,9.34,3.416,326.3,0,0
6/24/2023 20:00,0,0,8.06,1.122,310.2,0,0
6/24/2023 21:00,0,0,3.761,0.593,326.4,0,0
6/24/2023 22:00,0,0,4.691,0.381,320.3,0,0
6/24/2023 23:00,0,0,2.365,0.339,324.6,0,0
6/25/2023 0:00,0,0,3.412,0.324,233.6,0,0
6/25/2023 1:00,0,0,3.121,0.699,311.1,0,0
6/25/2023 2:00,0,0,3.237,0.7,319.4,0,0
6/25/2023 3:00,0,0,2.017,0.429,301,0,0
6/25/2023 4:00,0,0,1.493,0.055,232.6,0,0
6/25/2023 5:00,0,0,2.075,0.187,276.3,0,0
6/25/2023 6:00,0,0,2.889,0.096,204,0,0
6/25/2023 7:00,0,0,3.993,0.326,203.5,0,0
6/25/2023 8:00,0,0,4.342,0.772,197.4,0,0
6/25/2023 9:00,0,0,4.865,1.344,193.1,0,0
6/25/2023 10:00,0,0,3.993,0.725,184.3,0,0
6/25/2023 11:00,0,0,5.795,0.725,171.7,0,0
6/25/2023 12:00,0,0,3.586,0.605,195.7,0,0
6/25/2023 13:00,0,0,2.482,0.257,212.9,0,0
6/25/2023 14:00,0,0,2.889,0.221,206.1,0,0
6/25/2023 15:00,0,0,0.156,0.04,205.1,0,0
6/25/2023 16:00,0,0,0.389,0.041,187,0,0
6/25/2023 17:00,0,0,0.389,0.041,186.2,0,0
6/25/2023 18:00,0,0,0.04,0.04,208,0,0
6/25/2023 19:00,0,0,1.726,0.086,195.2,0,0
6/25/2023 20:00,0,0,2.598,0.201,221.4,0,0
6/25/2023 21:00,0,0,0.912,0.067,310.3,0,0
6/25/2023 22:00,0,0,2.075,0.138,217.7,0,0
6/25/2023 23:00,0,0,0.796,0.088,321.2,0,0
6/26/2023 0:00,0,0,1.435,0.093,302.7,0,0
6/26/2023 1:00,0,0,2.249,0.097,282.8,0,0
6/26/2023 2:00,0,0,0.04,0.04,280,0,0
6/26/2023 3:00,0,0,1.261,0.172,298.4,0,0
6/26/2023 4:00,0,0,1.61,0.155,301.2,0,0
6/26/2023 5:00,0,0,2.482,0.171,221.3,0,0
6/26/2023 6:00,0,0,2.365,0.716,217.6,0,0
6/26/2023 7:00,0,0,3.354,1.512,225.2,0,0
6/26/2023 8:00,0,0,4.284,2.163,242.5,0,0
6/26/2023 9:00,0,0,5.098,2.715,246.9,0,0
6/26/2023 10:00,0,0,5.446,2.667,246.6,0,0
6/26/2023 11:00,0,0,6.144,2.561,245.9,0,0
6/26/2023 12:00,0,0,4.284,1.783,250.3,0,0
6/26/2023 13:00,0,0,3.644,1.684,242.3,0,0
6/26/2023 14:00,0,0,2.714,0.846,257.2,0,0
6/26/2023 15:00,0,0,3.354,1.007,285.8,0,0
6/26/2023 16:00,0,0,4.691,1.553,318,0,0
6/26/2023 17:00,0,0,3.237,0.515,305.7,0,0
6/26/2023 18:00,0,0,4.051,2.553,350.9,0,0
6/26/2023 19:00,0,0,3.47,0.939,337.6,0,0
6/26/2023 20:00,0,0,1.028,0.101,301.1,0,0
6/26/2023 21:00,0,0,2.249,0.306,310.1,0,0
6/26/2023 22:00,0,0,2.947,0.39,196.8,0,0
6/26/2023 23:00,0,0,3.354,0.966,156.3,0,0
6/27/2023 0:00,0,0,2.365,0.301,212,0,0
6/27/2023 1:00,0,0,3.702,0.625,193.8,0,0
6/27/2023 2:00,0,0,5.272,2.319,174.1,0,0
6/27/2023 3:00,0,0,6.26,3.706,199.7,0,0
6/27/2023 4:00,0,0,4.749,2.807,196.7,0,0
6/27/2023 5:00,0,0,5.098,3.256,209.6,0,0
6/27/2023 6:00,0,0,5.388,3.022,224.6,0,0
6/27/2023 7:00,0,0,5.098,2.868,218.4,0,0
6/27/2023 8:00,0,0,4.807,1.522,228.6,0,0
6/27/2023 9:00,0,0,4.342,2.005,239.6,0,0
6/27/2023 10:00,0,0,4.865,2.391,238.3,0,0
6/27/2023 11:00,0,0,5.679,2.597,240.2,0,0
6/27/2023 12:00,0,0,5.272,1.266,211.3,0,0
6/27/2023 13:00,0,0,3.179,0.81,198.2,0,0
6/27/2023 14:00,0,0,1.842,0.265,274.5,0,0
6/27/2023 15:00,0,0,3.121,0.309,199.6,0,0
6/27/2023 16:00,0,0,2.714,0.273,217.3,0,0
6/27/2023 17:00,0,0,1.493,0.078,234.4,0,0
6/27/2023 18:00,0,0,2.598,0.259,260.7,0,0
6/27/2023 19:00,0,0,2.83,0.406,209.7,0,0
6/27/2023 20:00,0,0,1.551,0.161,67.63,0,0
6/27/2023 21:00,0,0,0.563,0.091,289.8,0,0
6/27/2023 22:00,0,0,1.261,0.056,346.1,0,0
6/27/2023 23:00,0,0,1.9,0.157,337.3,0,0
6/28/2023 0:00,0,0,1.435,0.165,355,0,0
6/28/2023 1:00,0,0,2.017,0.265,193.7,0,0
6/28/2023 2:00,0,0,2.947,0.356,259.3,0,0
6/28/2023 3:00,0,0,3.761,0.614,211.2,0,0
6/28/2023 4:00,0,0,4.458,0.732,209.7,0,0
6/28/2023 5:00,0,0,4.574,0.687,251.9,0,0
6/28/2023 6:00,0,0,5.272,0.397,222.8,0,0
6/28/2023 7:00,0,0,4.342,0.663,201.5,0,0
6/28/2023 8:00,0,0,8.29,1.09,189.9,0,0
6/28/2023 9:00,0,0,4.342,1.704,224.9,0,0
6/28/2023 10:00,0,0,4.691,1.856,230.3,0,0
6/28/2023 11:00,0,0,3.877,1.214,233.5,0,0
6/28/2023 12:00,0,0,4.749,1.292,228,0,0
6/28/2023 13:00,0,0,5.737,1.774,246,0,0
6/28/2023 14:00,0,0,2.307,0.298,290.9,0,0
6/28/2023 15:00,0,0,2.83,0.281,236.2,0,0
6/28/2023 16:00,0,0,3.354,0.292,308.3,0,0
6/28/2023 17:00,0,0,3.121,0.294,295.4,0,0
6/28/2023 18:00,0,0,3.993,0.574,187.5,0,0
6/28/2023 19:00,0,0,6.667,1.006,206.1,0,0
6/28/2023 20:00,0,0,7.83,3.528,198.9,0,0
6/28/2023 21:00,0,0,6.609,1.193,194.5,0,0
6/28/2023 22:00,0,0,5.039,0.344,263.6,0,0
6/28/2023 23:00,0,0,6.26,1.058,253,0,0
6/29/2023 0:00,0,0,6.028,0.836,227.5,0,0
6/29/2023 1:00,0,0,3.761,1.081,173.2,0,0
6/29/2023 2:00,0,0,4.458,1.929,185.5,0,0
6/29/2023 3:00,0,0,3.702,0.828,179,0,0
6/29/2023 4:00,0,0,6.26,0.621,185.6,0,0
6/29/2023 5:00,0,0,6.725,0.95,199.3,0,0
6/29/2023 6:00,0,0,7.249,2.116,162.9,0,0
6/29/2023 7:00,0,0,6.028,1.189,198.4,0,0
6/29/2023 8:00,0,0,4.051,0.933,196.8,0,0
6/29/2023 9:00,0,0,4.4,1.681,201.2,0,0
6/29/2023 10:00,0,0,4.633,2.117,212.6,0,0
6/29/2023 11:00,0,0,6.086,2.636,244.2,0,0
6/29/2023 12:00,0,0,5.853,2.239,233.9,0,0
6/29/2023 13:00,0,0,3.702,0.742,233.2,0,0
6/29/2023 14:00,0,0,1.784,0.288,222.2,0,0
6/29/2023 15:00,0,0,3.063,1.181,257.3,0,0
6/29/2023 16:00,0,0,3.644,1.357,261,0,0
6/29/2023 17:00,0,0,5.446,3.21,260,0,0
6/29/2023 18:00,0,0,5.446,4.36,245,0,0
6/29/2023 19:00,0,0,5.563,3.587,236.1,0,0
6/29/2023 20:00,0,0,4.284,2.005,233.4,0,0
6/29/2023 21:00,0,0,4.458,2.735,232.7,0,0
6/29/2023 22:00,0,0,5.214,3.833,233.9,0,0
6/29/2023 23:00,0,0,4.516,2.65,235.7,0,0
6/30/2023 0:00,0,0,5.098,3.589,242.6,0,0
6/30/2023 1:00,0,0,4.749,3.444,243,0,0
6/30/2023 2:00,0,0,3.528,2.126,236.3,0,0
6/30/2023 3:00,0,0,2.714,1.49,204.3,0,0
6/30/2023 4:00,0,0,4.4,2.312,193,0,0
6/30/2023 5:00,0,0,4.691,2.937,233.9,0,0
6/30/2023 6:00,0,0,9.52,4.429,239,0,0
6/30/2023 7:00,0,0,7.249,3.715,237.1,0,0
6/30/2023 8:00,0,0,8.41,5.164,240.1,0,0
6/30/2023 9:00,0,0,8.24,4.168,239.8,0,0
6/30/2023 10:00,0,0,7.481,4.511,240.9,0,0
6/30/2023 11:00,0,0,11.61,7.51,253.3,0,0
6/30/2023 12:00,0,0,12.25,8.21,255.7,0,0
6/30/2023 13:00,0,0,10.74,7.949,255.3,0,0
6/30/2023 14:00,0,0,9.46,7.198,251.3,0,0
6/30/2023 15:00,0,0,8.64,6.278,242.4,0,0
6/30/2023 16:00,0,0,5.563,4.106,239.1,0,0
6/30/2023 17:00,0,0,5.156,4.082,241,0,0
6/30/2023 18:00,0,0,4.981,3.427,233.1,0,0
6/30/2023 19:00,0,0,3.761,3.047,235.5,0,0
6/30/2023 20:00,0,0,4.923,3.758,237.9,0,0
6/30/2023 21:00,0,0,4.574,3.677,238.9,0,0
6/30/2023 22:00,0,0,4.051,3.234,242.4,0,0
6/30/2023 23:00,0,0,3.644,3.072,241.7,0,0
7/1/2023 0:00,0,0,2.54,1.616,231.2,0,0
7/1/2023 1:00,0,0,1.784,0.26,241.6,0,0
7/1/2023 2:00,0,0,0.04,0.04,231.6,0,0
7/1/2023 3:00,0,0,0.04,0.04,204.9,0,0
7/1/2023 4:00,0,0,0.331,0.041,190.8,0,0
7/1/2023 5:00,0,0,0.04,0.04,218.2,0,0
7/1/2023 6:00,0,0,4.051,0.823,208.4,0,0
7/1/2023 7:00,0,0,5.33,2.23,223.5,0,0
7/1/2023 8:00,0,0,5.563,3.319,242.2,0,0
7/1/2023 9:00,0,0,6.318,4.661,239.8,0,0
7/1/2023 10:00,0,0,8.64,5.521,242.3,0,0
7/1/2023 11:00,0,0,9.86,7.504,240.1,0,0
7/1/2023 12:00,0,0,10.85,8.61,242.9,0,0
7/1/2023 13:00,0,0,8.18,6.334,245.4,0,0
7/1/2023 14:00,0,0,7.772,6.046,249,0,0
7/1/2023 15:00,0,0,6.842,5.42,261.2,0,0
7/1/2023 16:00,0,0,6.725,4.945,264.9,0,0
7/1/2023 17:00,0,0,8,6.8,257.3,0,0
7/1/2023 18:00,0,0,7.19,5.204,256.8,0,0
7/1/2023 19:00,0,0,4.923,3.895,264.1,0,0
7/1/2023 20:00,0,0,4.574,2.759,272,0,0
7/1/2023 21:00,0,0,5.388,3.8,272.2,0,0
7/1/2023 22:00,0,0,5.039,3.803,270.1,0,0
7/1/2023 23:00,0,0,4.4,3.55,261.6,0,0
7/2/2023 0:00,0,0,4.865,2.539,274.6,0,0
7/2/2023 1:00,0,0,1.726,0.628,307.6,0,0
7/2/2023 2:00,0,0,4.226,2.364,276.9,0,0
7/2/2023 3:00,0,0,4.981,3.003,260.2,0,0
7/2/2023 4:00,0,0,7.074,5.204,248.7,0,0
7/2/2023 5:00,0,0,8.53,6.315,245.9,0,0
7/2/2023 6:00,0,0,8,5.62,250.5,0,0
7/2/2023 7:00,0,0,7.307,4.185,251.3,0,0
7/2/2023 8:00,0,0,6.377,4.231,250.5,0,0
7/2/2023 9:00,0,0,7.016,3.002,248.1,0,0
7/2/2023 10:00,0,0,6.725,3.901,259.1,0,0
7/2/2023 11:00,0,0,7.249,5.601,263.8,0,0
7/2/2023 12:00,0,0,7.074,5.256,266.5,0,0
7/2/2023 13:00,0,0,5.505,3.503,267.2,0,0
7/2/2023 14:00,0,0,5.446,2.523,276.2,0,0
7/2/2023 15:00,0,0,4.981,3.347,282,0,0
7/2/2023 16:00,0,0,6.842,4.451,281.3,0,0
7/2/2023 17:00,0,0,7.132,3.591,277.9,0,0
7/2/2023 18:00,0,0,4.109,1.788,294.5,0,0
7/2/2023 19:00,0,0,2.83,1.138,300,0,0
7/2/2023 20:00,0,0,2.482,0.518,261,0,0
7/2/2023 21:00,0,0,3.993,2.372,282,0,0
7/2/2023 22:00,0,0,4.516,2.278,269.8,0,0
7/2/2023 23:00,0,0,5.505,3.272,270.7,0,0
7/3/2023 0:00,0,0,6.667,4.357,274.2,0,0
7/3/2023 1:00,0,0,7.83,4.37,301.3,0,0
7/3/2023 2:00,0,0,8.47,6.248,313,0,0
7/3/2023 3:00,0,0,8,5.686,313.8,0,0
7/3/2023 4:00,0,0,7.249,5.924,313.8,0,0
7/3/2023 5:00,0,0,7.074,4.254,314.1,0,0
7/3/2023 6:00,0,0,8,3.653,305.2,0,0
7/3/2023 7:00,0,0,8.06,0.864,251.1,0,0
7/3/2023 8:00,0,0,6.783,0.771,243.2,0,0
7/3/2023 9:00,0,0,9.4,1.933,234.4,0,0
7/3/2023 10:00,0,0,4.807,1.828,230.7,0,0
7/3/2023 11:00,0,0,4.691,1.662,234.8,0,0
7/3/2023 12:00,0,0,5.33,1.916,241.4,0,0
7/3/2023 13:00,0,0,4.4,1.834,256.2,0,0
7/3/2023 14:00,0,0,3.528,2.46,268.1,0,0
7/3/2023 15:00,0,0,3.179,1.482,288.5,0,0
7/3/2023 16:00,0,0,3.063,1.747,278.9,0,0
7/3/2023 17:00,0,0,2.249,0.661,284.3,0,0
7/3/2023 18:00,0,0,2.423,1.09,268.4,0,0
7/3/2023 19:00,0,0,2.423,1.318,254,0,0
7/3/2023 20:00,0,0,2.54,1.541,244.7,0,0
7/3/2023 21:00,0,0,3.761,1.94,247.8,0,0
7/3/2023 22:00,0,0,3.761,2.815,239.9,0,0
7/3/2023 23:00,0,0,4.516,3.684,247.5,0,0
7/4/2023 0:00,0,0,4.284,2.772,243.5,0,0
7/4/2023 1:00,0,0,3.354,2.395,242.7,0,0
7/4/2023 2:00,0,0,3.993,2.497,244,0,0
7/4/2023 3:00,0,0,4.284,2.548,238.2,0,0
7/4/2023 4:00,0,0,4.4,3.034,234.6,0,0
7/4/2023 5:00,0,0,5.388,3.168,224.1,0,0
7/4/2023 6:00,0,0,6.842,3.178,228.7,0,0
7/4/2023 7:00,0,0,6.551,2.549,218.5,0,0
7/4/2023 8:00,0,0,7.365,3.027,225,0,0
7/4/2023 9:00,0,0,6.144,3.832,237.2,0,0
7/4/2023 10:00,0,0,8.59,6.296,238.8,0,0
7/4/2023 11:00,0,0,9.81,7.557,248.2,0,0
7/4/2023 12:00,0,0,9.98,7.269,246.6,0,0
7/4/2023 13:00,0,0,6.9,4.795,247.1,0,0
7/4/2023 14:00,0,0,6.551,4.283,249.4,0,0
7/4/2023 15:00,0,0,6.9,4.64,246.9,0,0
7/4/2023 16:00,0,0,7.597,5.676,241,0,0
7/4/2023 17:00,0,0,7.539,5.141,239.7,0,0
7/4/2023 18:00,0,0,8.47,4.49,246.5,0,0
7/4/2023 19:00,0,0,9.05,4.359,237.9,0,0
7/4/2023 20:00,0,0,7.714,5.188,244,0,0
7/4/2023 21:00,0,0,9.81,7.27,245.9,0,0
7/4/2023 22:00,0,0,9.75,7.513,250.9,0,0
7/4/2023 23:00,0,0,10.04,7.93,251.9,0,0
7/5/2023 0:00,0,0,8.59,6.307,245.9,0,0
7/5/2023 1:00,0,0,6.958,5.025,241.1,0,0
7/5/2023 2:00,0,0,5.97,4.385,234.5,0,0
7/5/2023 3:00,0,0,6.377,4.745,230.1,0,0
7/5/2023 4:00,0,0,6.144,4.18,228.5,0,0
7/5/2023 5:00,0,0,6.9,5.517,231.2,0,0
7/5/2023 6:00,0,0,7.074,4.922,220.4,0,0
7/5/2023 7:00,0,0,7.714,5.595,224.2,0,0
7/5/2023 8:00,0,0,7.888,4.604,228.4,0,0
7/5/2023 9:00,0,0,6.202,2.73,239.1,0,0
7/5/2023 10:00,0,0,0.04,0.04,241.4,0,0
7/5/2023 11:00,0,0,0.04,0.04,245.7,0,0
7/5/2023 12:00,0,0,0.04,0.04,245.8,0,0
7/5/2023 13:00,0,0,0.04,0.04,247.4,0,0
7/5/2023 14:00,0,0,0.04,0.04,248,0,0
7/5/2023 15:00,0,0,0.04,0.04,250.5,0,0
7/5/2023 16:00,0,0,0.04,0.04,252.8,0,0
7/5/2023 17:00,0,0,0.04,0.04,255.7,0,0
7/5/2023 18:00,0,0,0.04,0.04,255,0,0
7/5/2023 19:00,0,0,0.04,0.04,248.5,0,0
7/5/2023 20:00,0,0,0.04,0.04,248.2,0,0
7/5/2023 21:00,0,0,0.04,0.04,245.3,0,0
7/5/2023 22:00,0,0,0.04,0.04,241.4,0,0
7/5/2023 23:00,0,0,0.04,0.04,241.9,0,0
7/6/2023 0:00,0,0,0.04,0.04,241.8,0,0
7/6/2023 1:00,0,0,0.04,0.04,248.7,0,0
7/6/2023 2:00,0,0,0.04,0.04,250,0,0
7/6/2023 3:00,0,0,0.04,0.04,247.5,0,0
7/6/2023 4:00,0,0,0.04,0.04,241.9,0,0
7/6/2023 5:00,0,0,0.04,0.04,238.8,0,0
7/6/2023 6:00,0,0,0.04,0.04,240.7,0,0
7/6/2023 7:00,0,0,0.04,0.04,241.6,0,0
7/6/2023 8:00,0,0,9.05,7.243,241.7,0,0
7/6/2023 9:00,0,0,9.11,6.302,243,0,0
7/6/2023 10:00,0,0,8.99,7.354,246,0,0
7/6/2023 11:00,0,0,8.7,7.238,249.7,0,0
7/6/2023 12:00,0,0,8.93,6.684,253.9,0,0
7/6/2023 13:00,0,0,6.377,5.396,261.9,0,0
7/6/2023 14:00,0,0,5.97,4.669,268.2,0,0
7/6/2023 15:00,0,0,5.039,3.088,269.5,0,0
7/6/2023 16:00,0,0,4.691,2.841,271.9,0,0
7/6/2023 17:00,0,0,5.214,3.775,268.6,0,0
7/6/2023 18:00,0,0,6.783,4.172,274.8,0,0
7/6/2023 19:00,0,0,4.574,2.855,284,0,0
7/6/2023 20:00,0,0,4.633,2.657,321.4,0,0
7/6/2023 21:00,0,0,4.284,0.349,256.2,0,0
7/6/2023 22:00,0,0,3.354,0.239,265.1,0,0
7/6/2023 23:00,0,0,3.935,0.947,279.1,0,0
7/7/2023 0:00,0,0,1.261,0.155,198.4,0,0
7/7/2023 1:00,0,0,1.493,0.133,195.6,0,0
7/7/2023 2:00,0,0,0.331,0.04,207.4,0,0
7/7/2023 3:00,0,0,0.854,0.056,238.8,0,0
7/7/2023 4:00,0,0,3.005,0.252,266.3,0,0
7/7/2023 5:00,0,0,6.26,1.83,192.2,0,0
7/7/2023 6:00,0,0,3.121,0.361,196.8,0,0
7/7/2023 7:00,0,0,4.458,0.646,194,0,0
7/7/2023 8:00,0,0,4.633,1.223,191.2,0,0
7/7/2023 9:00,0,0,5.737,2.151,190.9,0,0
7/7/2023 10:00,0,0,5.853,1.587,182.2,0,0
7/7/2023 11:00,0,0,5.97,1.479,181.8,0,0
7/7/2023 12:00,0,0,5.446,2.345,200.8,0,0
7/7/2023 13:00,0,0,4.633,2.89,218.4,0,0
7/7/2023 14:00,0,0,4.749,2.847,219.5,0,0
7/7/2023 15:00,0,0,4.284,3.038,229.9,0,0
7/7/2023 16:00,0,0,3.295,2.189,239.2,0,0
7/7/2023 17:00,0,0,2.714,1.4,210.9,0,0
7/7/2023 18:00,0,0,5.272,2.898,191.4,0,0
7/7/2023 19:00,0,0,4.749,2.84,174.2,0,0
7/7/2023 20:00,0,0,5.039,2.958,188.4,0,0
7/7/2023 21:00,0,0,5.098,3.589,198.8,0,0
7/7/2023 22:00,0,0,4.458,2.844,192.2,0,0
7/7/2023 23:00,0,0,4.342,2.224,171.3,0,0
7/8/2023 0:00,0,0,3.935,1.037,189.7,0,0
7/8/2023 1:00,0,0,4.516,2.26,185.1,0,0
7/8/2023 2:00,0,0,2.482,0.398,212.7,0,0
7/8/2023 3:00,0,0,2.017,0.177,280.2,0,0
7/8/2023 4:00,0,0,1.435,0.204,305.9,0,0
7/8/2023 5:00,0,0,1.435,0.084,260.3,0,0
7/8/2023 6:00,0,0,2.772,0.279,195.4,0,0
7/8/2023 7:00,0,0,3.063,0.698,198.9,0,0
7/8/2023 8:00,0,0,4.516,1.038,194.6,0,0
7/8/2023 9:00,0,0,4.574,1.36,187.5,0,0
7/8/2023 10:00,0,0,5.272,1.432,188.7,0,0
7/8/2023 11:00,0,0,3.935,1.681,242.5,0,0
7/8/2023 12:00,0,0,3.412,0.913,222.4,0,0
7/8/2023 13:00,0,0,1.726,0.244,241.2,0,0
7/8/2023 14:00,0,0,1.493,0.219,286.9,0,0
7/8/2023 15:00,0,0,3.237,0.85,337.5,0,0
7/8/2023 16:00,0,0,1.028,0.15,317.9,0,0
7/8/2023 17:00,0,0,1.668,0.13,193.1,0,0
7/8/2023 18:00,0,0,0.447,0.043,200.8,0,0
7/8/2023 19:00,0,0,2.017,0.288,234.6,0,0
7/8/2023 20:00,0,0,3.179,0.294,311.2,0,0
7/8/2023 21:00,0,0,1.842,0.116,184.7,0,0
7/8/2023 22:00,0,0,2.191,0.147,255.4,0,0
7/8/2023 23:00,0,0,2.423,0.116,332.6,0,0
7/9/2023 0:00,0,0,3.063,0.199,203.5,0,0
7/9/2023 1:00,0,0,3.586,0.238,216.3,0,0
7/9/2023 2:00,0,0,1.028,0.083,261.9,0,0
7/9/2023 3:00,0,0,2.83,0.162,181.4,0,0
7/9/2023 4:00,0,0,2.133,0.503,316.6,0,0
7/9/2023 5:00,0,0,4.981,0.395,267.1,0,0
7/9/2023 6:00,0,0,2.365,0.246,215.1,0,0
7/9/2023 7:00,0,0,5.098,0.639,204.3,0,0
7/9/2023 8:00,0,0,5.272,1.617,189.1,0,0
7/9/2023 9:00,0,0,5.97,1.278,190.3,0,0
7/9/2023 10:00,0,0,4.342,0.965,190.6,0,0
7/9/2023 11:00,0,0,6.086,1.103,190.1,0,0
7/9/2023 12:00,0,0,4.981,0.901,192.8,0,0
7/9/2023 13:00,0,0,4.284,0.454,193.5,0,0
7/9/2023 14:00,0,0,1.551,0.075,198.3,0,0
7/9/2023 15:00,0,0,1.784,0.077,328.8,0,0
7/9/2023 16:00,0,0,0.854,0.073,327.2,0,0
7/9/2023 17:00,0,0,1.203,0.074,196.9,0,0
7/9/2023 18:00,0,0,1.319,0.088,337.8,0,0
7/9/2023 19:00,0,0,1.435,0.127,339.4,0,0
7/9/2023 20:00,0,0,1.435,0.135,339.5,0,0
7/9/2023 21:00,0,0,0.854,0.049,345.2,0,0
7/9/2023 22:00,0,0,1.61,0.099,337.2,0,0
7/9/2023 23:00,0,0,2.947,0.536,344.1,0,0
7/10/2023 0:00,0,0,1.842,0.146,4.983,0,0
7/10/2023 1:00,0,0,1.086,0.187,1.357,0,0
7/10/2023 2:00,0,0,0.389,0.044,256.2,0,0
7/10/2023 3:00,0,0,1.784,0.154,181.3,0,0
7/10/2023 4:00,0,0,1.145,0.122,178.6,0,0
7/10/2023 5:00,0,0,0.796,0.058,182.9,0,0
7/10/2023 6:00,0,0,3.179,0.484,194,0,0
7/10/2023 7:00,0,0,4.284,0.666,197.7,0,0
7/10/2023 8:00,0,0,4.516,0.972,193.3,0,0
7/10/2023 9:00,0,0,4.284,0.569,204.5,0,0
7/10/2023 10:00,0,0,3.179,0.938,199.2,0,0
7/10/2023 11:00,0,0,3.586,1.034,198.3,0,0
7/10/2023 12:00,0,0,5.795,0.992,190.3,0,0
7/10/2023 13:00,0,0,2.017,0.15,217.9,0,0
7/10/2023 14:00,0,0,0.912,0.1,209.2,0,0
7/10/2023 15:00,0,0,0.621,0.06,329,0,0
7/10/2023 16:00,0,0,1.9,0.423,266.3,0,0
7/10/2023 17:00,0,0,1.145,0.208,232.6,0,0
7/10/2023 18:00,0,0,1.261,0.326,221.6,0,0
7/10/2023 19:00,0,0,0.796,0.198,314,0,0
7/10/2023 20:00,0,0,2.075,0.599,286.4,0,0
7/10/2023 21:00,0,0,2.947,1.47,296.9,0,0
7/10/2023 22:00,0,0,3.761,2.072,329.6,0,0
7/10/2023 23:00,0,0,2.889,0.437,334.8,0,0
7/11/2023 0:00,0,0,3.644,1.414,345.9,0,0
7/11/2023 1:00,0,0,3.819,0.83,335.6,0,0
7/11/2023 2:00,0,0,2.54,0.181,291.8,0,0
7/11/2023 3:00,0,0,1.958,0.083,206.8,0,0
7/11/2023 4:00,0,0,1.842,0.259,216.7,0,0
7/11/2023 5:00,0,0,2.075,0.407,228.4,0,0
7/11/2023 6:00,0,0,3.237,1.385,243.2,0,0
7/11/2023 7:00,0,0,4.458,1.886,241.4,0,0
7/11/2023 8:00,0,0,5.214,2.3,244.9,0,0
7/11/2023 9:00,0,0,8.29,4.607,250.4,0,0
7/11/2023 10:00,0,0,8.18,6.125,257.7,0,0
7/11/2023 11:00,0,0,7.597,5.866,265.4,0,0
7/11/2023 12:00,0,0,7.539,4.471,267.2,0,0
7/11/2023 13:00,0,0,5.911,3.117,271.7,0,0
7/11/2023 14:00,0,0,8.82,5.9,269.3,0,0
7/11/2023 15:00,0,0,9.92,8.21,266.3,0,0
7/11/2023 16:00,0,0,8.64,7.206,268.7,0,0
7/11/2023 17:00,0,0,10.45,7.423,268.8,0,0
7/11/2023 18:00,0,0,10.74,8.71,266.3,0,0
7/11/2023 19:00,0,0,9.17,6.055,268.8,0,0
7/11/2023 20:00,0,0,7.249,4.693,271.7,0,0
7/11/2023 21:00,0,0,6.842,2.884,268.2,0,0
7/11/2023 22:00,0,0,7.481,0.835,255.6,0,0
7/11/2023 23:00,0,0,5.214,0.746,278.9,0,0
7/12/2023 0:00,0,0,9.52,3.023,247.4,0,0
7/12/2023 1:00,0,0,8,0.774,231.3,0,0
7/12/2023 2:00,0,0,3.702,0.332,226,0,0
7/12/2023 3:00,0,0,7.19,1.882,296.9,0,0
7/12/2023 4:00,0,0,3.005,0.322,210,0,0
7/12/2023 5:00,0,0,2.772,0.326,241.8,0,0
7/12/2023 6:00,0,0,3.295,1.239,282.4,0,0
7/12/2023 7:00,0,0,4.051,0.745,232.9,0,0
7/12/2023 8:00,0,0,3.993,1.169,224.3,0,0
7/12/2023 9:00,0,0,3.702,0.992,237.7,0,0
7/12/2023 10:00,0,0,3.121,0.717,228.4,0,0
7/12/2023 11:00,0,0,2.598,0.402,223.6,0,0
7/12/2023 12:00,0,0,2.54,0.133,214.7,0,0
7/12/2023 13:00,0,0,2.482,0.282,217.3,0,0
7/12/2023 14:00,0,0,3.935,0.858,332.8,0,0
7/12/2023 15:00,0,0,3.063,0.786,332,0,0
7/12/2023 16:00,0,0,1.958,0.658,299.7,0,0
7/12/2023 17:00,0,0,1.551,0.412,295.5,0,0
7/12/2023 18:00,0,0,1.203,0.341,283.3,0,0
7/12/2023 19:00,0,0,3.005,0.984,277.7,0,0
7/12/2023 20:00,0,0,1.551,0.271,298.9,0,0
7/12/2023 21:00,0,0,3.528,1.249,285.2,0,0
7/12/2023 22:00,0,0,2.656,0.535,332.9,0,0
7/12/2023 23:00,0,0,3.063,1.724,335.3,0,0
7/13/2023 0:00,0,0,3.063,1.543,336.2,0,0
7/13/2023 1:00,0,0,0,0,0,0,0
7/13/2023 2:00,0,0,1.493,0.114,300.3,0,0
7/13/2023 3:00,0,0,2.423,0.244,299.2,0,0
7/13/2023 4:00,0,0,1.319,0.128,171.5,0,0
7/13/2023 5:00,0,0,0.04,0.04,264.4,0,0
7/13/2023 6:00,0,0,1.086,0.056,205.7,0,0
7/13/2023 7:00,0,0,3.47,0.536,219.7,0,0
7/13/2023 8:00,0,0,3.993,1.275,231,0,0
7/13/2023 9:00,0,0,4.109,1.389,221.2,0,0
7/13/2023 10:00,0,0,4.4,0.979,228,0,0
7/13/2023 11:00,0,0,2.947,0.771,216.2,0,0
7/13/2023 12:00,0,0,1.784,0.153,163.4,0,0
7/13/2023 13:00,0,0,2.714,0.227,194,0,0
7/13/2023 14:00,0,0,1.9,0.112,184.7,0,0
7/13/2023 15:00,0,0,1.668,0.085,192.6,0,0
7/13/2023 16:00,0,0,0.621,0.053,333.1,0,0
7/13/2023 17:00,0,0,0.621,0.046,299.7,0,0
7/13/2023 18:00,0,0,2.017,0.077,233,0,0
7/13/2023 19:00,0,0,0.563,0.05,332.9,0,0
7/13/2023 20:00,0,0,1.9,0.239,323.2,0,0
7/13/2023 21:00,0,0,1.319,0.059,341.4,0,0
7/13/2023 22:00,0,0,0.04,0.04,317.7,0,0
7/13/2023 23:00,0,0,0.04,0.04,318.1,0,0
7/14/2023 0:00,0,0,1.261,0.084,280.8,0,0
7/14/2023 1:00,0,0,6.9,0.878,303.3,0,0
7/14/2023 2:00,0,0,1.9,0.305,197.1,0,0
7/14/2023 3:00,0,0,2.423,0.462,175.4,0,0
7/14/2023 4:00,0,0,1.203,0.077,192.5,0,0
7/14/2023 5:00,0,0,1.668,0.209,200.9,0,0
7/14/2023 6:00,0,0,2.714,0.433,203.7,0,0
7/14/2023 7:00,0,0,3.877,0.631,204.7,0,0
7/14/2023 8:00,0,0,2.656,0.513,207.2,0,0
7/14/2023 9:00,0,0,2.83,0.436,206.3,0,0
7/14/2023 10:00,0,0,2.714,0.359,205,0,0
7/14/2023 11:00,0,0,3.644,0.69,184.5,0,0
7/14/2023 12:00,0,0,4.167,0.61,187.4,0,0
7/14/2023 13:00,0,0,2.017,0.174,188.8,0,0
7/14/2023 14:00,0,0,1.958,0.115,232.4,0,0
7/14/2023 15:00,0,0,2.83,0.206,324.7,0,0
7/14/2023 16:00,0,0,1.61,0.173,335.4,0,0
7/14/2023 17:00,0,0,2.307,0.167,340.7,0,0
7/14/2023 18:00,0,0,1.784,0.172,333.1,0,0
7/14/2023 19:00,0,0,3.644,0.351,319.2,0,0
7/14/2023 20:00,0,0,2.947,0.6,337.3,0,0
7/14/2023 21:00,0,0,2.947,0.246,342.4,0,0
7/14/2023 22:00,0,0,3.063,0.412,342.6,0,0
7/14/2023 23:00,0,0,1.842,0.104,338.6,0,0
7/15/2023 0:00,0,0,1.435,0.065,310,0,0
7/15/2023 1:00,0,0,2.017,0.286,336.3,0,0
7/15/2023 2:00,0,0,5.214,0.719,330.8,0,0
7/15/2023 3:00,0,0,3.935,0.652,320.4,0,0
1/20/2024 7:00,0,0,40.68,36.44,82.2,NAN,NAN
1/20/2024 8:00,0,0,42.07,37.29,82.2,NAN,NAN
1/20/2024 9:00,0,0,42.77,37.64,82.2,NAN,NAN
1/20/2024 10:00,0,0,46.72,38.87,82.2,NAN,NAN
1/20/2024 11:00,0,0,46.08,40.52,82.2,NAN,NAN
1/21/2024 4:00,0,0,50.21,41.15,82.2,NAN,NAN
1/21/2024 5:00,0,0,49.16,41.56,82.2,29.37,55.98
1/21/2024 6:00,0,0,53.87,40.74,82.2,29.71,54.53
1/21/2024 7:00,0,0,48.35,39.22,82.2,27.51,54.06
1/21/2024 8:00,0,0,50.15,37.93,82.2,26.93,51.4
1/21/2024 9:00,0,0,47.13,36.82,82.2,27.4,51.7
1/21/2024 10:00,0,0,43.17,35.9,82.2,27.38,52.09
1/21/2024 11:00,0,0,46.31,34.31,82.2,26.52,50.77
1/21/2024 12:00,0,0,43.58,33.42,82.2,24.42,52.81
1/22/2024 4:00,0,0,42.48,30.46,82.2,NAN,NAN
1/22/2024 5:00,0,0,38.93,30.23,82.2,20.46,44.94
1/22/2024 6:00,0,0,37.36,30.18,82.2,20.75,49.74
1/22/2024 7:00,0,0,37.71,29.73,82.2,20.36,42.86
