,TIMESTAMP,T_HMP,RH,WS,WD,WS_MAX,WS_2,WD_2,WS_2_MAX,SW_IN_AVG,SW_OUT_AVG,LW_IN_AVG,LW_OUT_AVG,PRESS,OMEGA0TO30_WS_MS_Avg,OMEGA0TO30_WS_MS_Max,RHi
2022-05-09 07:00:00,2022-05-09 07:00:00,-19.77,5.371,18.05,145.8,21.44,15.29,289.3,18.35,1158.343,560.9733,113.767,241.3849,338.912,,,6.5069455049028475
2022-05-09 08:00:00,2022-05-09 08:00:00,-19.22,6.453,17.11,144.4,20.75,14.49,290.2,18.82,1058.961,569.8915,115.5851,243.1737,338.985,2.537,13.93,7.776684005340593
2022-05-09 09:00:00,2022-05-09 09:00:00,-18.51,4.649,17.78,146.8,20.62,15.06,287.4,17.65,677.5612,541.5087,113.596,241.6821,338.9883,4.249,13.92,5.564589036881643
2022-05-09 10:00:00,2022-05-09 10:00:00,-18.5,5.423,17.88,144.9,21.58,15.19,289.5,19.17,652.5264,494.0609,111.0428,238.4766,338.9117,4.791,15.42,6.490399702480067
2022-05-09 11:00:00,2022-05-09 11:00:00,-18.02,4.215,17.43,149.0,21.71,14.66,285.6,18.24,603.7762,416.603,107.4712,234.852,339.0183,4.98,15.12,5.021417022238927
2022-05-09 12:00:00,2022-05-09 12:00:00,-18.34,5.38,17.57,151.5,23.08,14.58,282.9,18.76,364.1719,295.1574,107.1143,228.9995,339.115,5.266,14.89,6.429047315741491
2022-05-09 13:00:00,2022-05-09 13:00:00,-19.08,5.04,16.79,151.4,23.22,13.9,283.5,19.17,128.22726315789475,121.8159,105.6272,219.3986,339.355,4.428,15.16,6.065689387327483
2022-05-09 14:00:00,2022-05-09 14:00:00,-20.09,4.223,15.99,152.9,21.03,13.2,281.7,16.84,0.0,0.0,103.1413,206.4655,339.6667,3.244,13.76,5.131847049472779
2022-05-09 15:00:00,2022-05-09 15:00:00,-21.02,4.063,16.03,150.3,20.34,13.39,284.1,16.61,0.0,0.0,102.2768,210.8798,339.86,2.949,13.03,4.981507690692342
2022-05-09 16:00:00,2022-05-09 16:00:00,-21.65,3.89,16.21,147.9,20.21,13.65,287.0,17.6,0.0,0.0,101.411,208.1706,339.8233,2.718,13.49,4.798155271355595
2022-05-09 17:00:00,2022-05-09 17:00:00,-21.9,4.06,16.83,149.7,22.4,14.15,284.8,18.29,0.0,0.0,101.1322,206.8796,339.7816,3.254,15.04,5.019790016123423
2022-05-09 18:00:00,2022-05-09 18:00:00,-22.56,5.061,16.47,155.9,23.08,13.41,278.8,18.24,0.0,0.0,100.2018,204.6991,339.56,2.375,15.26,6.296866027140693
2022-05-09 19:00:00,2022-05-09 19:00:00,-22.97,6.501,17.34,160.5,24.73,13.82,274.7,19.28,0.0,0.0,100.3895,203.2865,339.1417,2.942,14.2,8.120089562878372
2022-05-09 20:00:00,2022-05-09 20:00:00,-23.08,6.077,19.78,160.4,26.1,15.75,275.1,20.44,0.0,0.0,100.7673,202.9229,338.6483,5.461,16.99,7.598426214727119
2022-05-09 21:00:00,2022-05-09 21:00:00,-23.14,6.041,20.1,157.3,26.78,16.2,277.6,21.67,0.0,0.0,102.1802,202.8423,338.325,6.05,16.07,7.55771821432151
2022-05-09 22:00:00,2022-05-09 22:00:00,-23.47,8.26,21.45,157.4,28.01,17.4,278.0,22.54,0.0,0.0,101.0933,202.2633,337.9883,7.981,20.43,10.366259747543102
2022-05-09 23:00:00,2022-05-09 23:00:00,-23.69,6.307,22.87,154.8,31.17,18.97,279.8,23.82,0.0,0.0,100.8241,201.8871,337.8083,10.23,21.41,7.931784808219857
2022-05-10 00:00:00,2022-05-10 00:00:00,-23.61,6.111,23.62,154.6,32.67,19.6,280.3,24.98,0.0,0.0,100.8203,202.048,337.9283,11.04,22.43,7.679465094909975
2022-05-10 01:00:00,2022-05-10 01:00:00,-23.95,6.65,23.11,157.1,28.97,18.74,277.4,23.35,66.4385,24.64221,98.61826,198.9643,338.2233,,,8.383777756558954
2022-05-10 02:00:00,2022-05-10 02:00:00,-23.68,6.839,23.52,160.4,31.3,18.81,274.7,23.93,399.4232,53.37374,103.0032,199.6887,338.6417,9.69,19.15,8.600021253996424
2022-05-10 03:00:00,2022-05-10 03:00:00,-23.69,6.891,24.03,160.5,30.62,19.2,274.4,23.24,649.3113,156.0897,106.3907,204.6614,338.9716,10.56,19.56,8.666232616686703
2022-05-10 04:00:00,2022-05-10 04:00:00,-23.93,6.516,22.41,164.4,30.21,17.39,270.5,23.0,866.2305,284.203,108.6947,215.1056,339.17,7.988,19.14,8.21328528657594
2022-05-10 05:00:00,2022-05-10 05:00:00,-23.83,6.103,22.52,165.1,29.25,17.47,270.2,22.48,1030.047,389.8703,110.3969,222.9791,339.28,8.19,18.88,7.685422208211974
2022-05-10 06:00:00,2022-05-10 06:00:00,-23.38,7.385,22.71,165.4,28.56,17.62,270.2,21.61,1131.589,468.783,111.9844,226.716,339.2833,8.91,18.35,9.260228668446018
2022-05-10 07:00:00,2022-05-10 07:00:00,-22.95,8.17,24.28,164.9,29.25,18.78,270.0,22.54,1164.771,514.0188,112.8852,234.8275,338.9317,10.76,19.5,10.202819243921846
2022-05-10 08:00:00,2022-05-10 08:00:00,-22.73,8.19,25.03,164.6,29.8,19.51,270.7,22.83,1043.878,522.6074,113.1641,235.3542,338.8083,11.84,19.0,10.206434161552808
2022-05-10 09:00:00,2022-05-10 09:00:00,-22.83,8.37,25.64,164.9,30.07,20.0,270.6,23.53,690.0061,503.2818,110.2534,232.1331,338.6283,12.68,21.24,10.440670542170519
2022-05-10 10:00:00,2022-05-10 10:00:00,-22.72,8.93,27.68,164.2,32.95,21.71,270.8,25.33,674.1103,453.8156,107.3261,230.0094,338.285,14.7,23.62,11.127569346135267
2022-05-10 11:00:00,2022-05-10 11:00:00,-22.73,9.0,27.41,164.8,33.77,21.44,270.6,25.91,606.6206,374.7885,101.9819,223.927,338.2283,14.44,23.24,11.215861715992098
2022-05-10 12:00:00,2022-05-10 12:00:00,-23.16,8.98,26.79,163.7,31.85,21.03,271.2,25.21,362.6667,264.9878,101.2175,219.4311,338.3833,13.83,22.21,11.236748708469046
2022-05-10 13:00:00,2022-05-10 13:00:00,-23.53,8.24,26.66,164.7,36.1,20.79,270.4,26.9,119.41947368421053,113.4485,100.3768,210.7149,338.4467,13.29,23.03,10.3470468406263
2022-05-10 14:00:00,2022-05-10 14:00:00,-24.82,7.529,27.29,163.1,33.22,21.6,271.9,26.26,0.0,0.0,98.30137,199.4323,338.3883,13.53,23.73,9.57038969821858
2022-05-10 15:00:00,2022-05-10 15:00:00,-25.61,6.196,28.85,163.0,35.14,22.8,272.3,26.72,0.0,0.0,96.94151,201.2986,338.3933,14.39,23.32,7.934884871097999
2022-05-10 16:00:00,2022-05-10 16:00:00,-25.38,5.156,28.69,163.5,34.73,22.57,271.7,26.9,0.0,0.0,102.3363,200.9984,338.54,13.99,25.27,6.588713401460836
2022-05-10 17:00:00,2022-05-10 17:00:00,-25.45,10.29,26.9,162.3,33.63,21.3,272.6,25.33,0.0,0.0,97.2243,199.8428,338.5783,12.42,21.58,13.157994704069212
2022-05-10 18:00:00,2022-05-10 18:00:00,-25.4,26.06,26.61,164.5,32.26,20.88,271.1,23.99,0.0,0.0,95.77802,199.7815,338.37,11.88,21.96,33.30765204395039
2022-05-10 19:00:00,2022-05-10 19:00:00,-25.86,6.86,25.65,166.5,31.3,19.6,268.5,23.99,0.0,0.0,97.6357,197.8706,337.98,10.22,19.68,8.805943360994256
2022-05-10 20:00:00,2022-05-10 20:00:00,-26.28,19.0,26.33,169.6,30.07,19.66,265.4,22.77,0.0,0.0,105.8378,197.4899,337.5217,9.53,18.59,24.48619328388972
2022-05-10 21:00:00,2022-05-10 21:00:00,-26.53,76.36,24.64,168.1,29.25,19.4,267.4,24.05,0.0,0.0,141.1251,201.8887,337.2166,9.12,19.36,98.64015766508851
2022-05-10 22:00:00,2022-05-10 22:00:00,-26.76,53.5,23.86,168.4,27.33,18.97,267.0,21.43,0.0,0.0,127.3758,200.3907,337.0683,3.944,16.31,69.25950212520786
2022-05-10 23:00:00,2022-05-10 23:00:00,-26.28,28.09,23.83,165.9,28.56,18.54,269.3,22.31,0.0,0.0,100.4895,196.4042,337.1817,8.09,17.87,36.200903649708536
2022-05-11 00:00:00,2022-05-11 00:00:00,-26.34,15.44,24.67,164.7,30.62,19.41,270.8,22.94,0.0,0.0,93.24899,195.2547,337.24,9.66,20.85,19.909478790579186
2022-05-11 01:00:00,2022-05-11 01:00:00,-25.77,22.9,23.72,161.9,28.84,18.93,273.6,22.48,66.2638,21.59726,100.5149,197.6504,337.6183,8.47,19.29,29.371034036627528
2022-05-11 02:00:00,2022-05-11 02:00:00,-25.76,5.303,22.08,162.2,28.15,17.47,273.2,21.26,397.8941,47.50826,103.8131,197.4602,338.03,6.768,17.02,6.800870159138922
2022-05-11 03:00:00,2022-05-11 03:00:00,-25.98,5.274,18.56,159.6,27.74,14.89,275.5,22.13,644.2481,145.1208,113.0522,200.6305,338.4083,3.897,16.28,6.777701074244352
2022-05-11 04:00:00,2022-05-11 04:00:00,-25.97,6.039,18.27,160.2,21.44,14.81,275.7,17.6,862.329,266.0736,115.1605,210.0499,338.55,3.13,13.68,7.760084431344913
2022-05-11 05:00:00,2022-05-11 05:00:00,-25.19,7.702,15.34,157.4,20.62,12.63,278.2,16.14,1029.635,365.6653,116.354,223.0522,338.7583,1.003,12.27,9.82455538292113
2022-05-11 06:00:00,2022-05-11 06:00:00,-23.81,32.41,11.63,150.7,14.18,9.95,284.4,12.42,1129.645,441.6499,116.9075,237.5131,338.8933,0.003,3.277,40.805723534179634
2022-05-11 07:00:00,2022-05-11 07:00:00,-22.89,44.49,12.68,149.7,18.01,10.62,285.2,16.43,1163.641,491.9575,119.2112,245.7698,338.86,0.222,11.68,55.52811895277638
2022-05-11 08:00:00,2022-05-11 08:00:00,-22.5,47.18,14.47,153.1,18.97,12.12,282.1,16.14,1045.005,505.3976,120.7275,244.9902,338.8267,1.516,12.75,58.66758365022553
2022-05-11 09:00:00,2022-05-11 09:00:00,-22.08,50.05,11.72,147.4,15.68,9.66,286.9,13.47,717.2402,488.063,118.4345,249.4722,338.9267,0.185,8.2,61.98808861256826
2022-05-11 10:00:00,2022-05-11 10:00:00,-21.73,50.43,12.28,147.4,15.41,10.19,287.7,14.34,679.4495,444.4512,116.3548,246.6171,338.7516,0.396,9.83,62.25079199491421
2022-05-11 11:00:00,2022-05-11 11:00:00,-21.32,79.06,13.63,157.7,19.52,10.97,277.3,15.74,432.435,386.909,149.3562,245.2417,338.5783,0.888,10.43,97.21079898899578
2022-05-11 12:00:00,2022-05-11 12:00:00,-21.46,79.97,10.72,157.5,17.74,8.48,276.5,14.63,280.72210526315786,266.686,163.8292,239.3442,338.6833,0.066,9.2,98.46114398437807
2022-05-11 13:00:00,2022-05-11 13:00:00,-21.05,80.8,6.699,152.6,11.16,5.336,280.1,9.17,99.77081,76.01526,214.6677,231.7352,338.9283,,,99.09454724892727
2022-05-11 14:00:00,2022-05-11 14:00:00,-22.18,80.3,4.019,149.1,7.053,3.433,281.7,8.41,0.0,0.0,206.9917,217.9498,339.24,,,99.54816200745715
2022-05-11 15:00:00,2022-05-11 15:00:00,-22.81,79.71,1.412,146.2,5.683,1.296,280.1,7.539,0.0,0.0,198.1795,220.634,339.6,,,99.41071393040238
2022-05-11 16:00:00,2022-05-11 16:00:00,-24.16,78.73,2.138,134.2,5.272,1.978,287.5,6.725,0.0,0.0,151.5533,211.7666,339.7683,,,99.45393986371516
2022-05-11 17:00:00,2022-05-11 17:00:00,-24.96,78.25,0.302,101.6,2.943,0.859,302.7,4.284,0.0,0.0,124.9113,206.3877,339.85,,,99.59806735022931
2022-05-11 18:00:00,2022-05-11 18:00:00,-24.28,78.96,3.674,144.9,7.327,3.381,288.2,5.679,0.0,0.0,168.0808,211.532,339.73,,,99.85783179258726
2022-05-11 19:00:00,2022-05-11 19:00:00,-24.15,78.94,6.889,154.4,10.62,5.599,279.4,7.888,0.0,0.0,197.4478,214.9385,339.255,,,99.7097782534869
2022-05-11 20:00:00,2022-05-11 20:00:00,-24.98,78.26,7.908,146.1,12.4,7.506,288.8,13.82,0.0,0.0,176.7482,210.4097,338.7583,,,99.62960800612842
2022-05-11 21:00:00,2022-05-11 21:00:00,-24.58,76.22,14.22,144.4,22.4,12.85,290.4,20.44,0.0,0.0,101.9295,206.1399,338.3617,0.011,7.349,96.66655838425595
2022-05-11 22:00:00,2022-05-11 22:00:00,-21.34,16.94,14.79,143.5,26.78,12.16,290.5,20.5,0.0,0.0,100.3483,207.0135,338.285,1.404,19.25,20.833104377587908
2022-05-11 23:00:00,2022-05-11 23:00:00,-21.0,10.69,15.4,156.6,26.64,11.26,277.8,22.83,0.0,0.0,100.6908,206.6504,338.4517,2.424,23.32,13.104146510672118
2022-05-12 00:00:00,2022-05-12 00:00:00,-20.88,6.691,11.44,161.4,25.96,8.03,272.1,21.61,0.0,0.0,101.276,206.4797,338.68,1.123,23.71,8.192647902253926
2022-05-12 01:00:00,2022-05-12 01:00:00,-22.33,12.76,5.238,160.8,17.74,3.013,266.9,12.65,64.33662,23.42192,101.9113,201.7432,339.07,0.007,6.348,15.841214366838893
2022-05-12 02:00:00,2022-05-12 02:00:00,-21.11,10.6,8.58,158.9,20.75,5.67,272.4,16.14,388.1419,56.021,108.6995,201.8577,339.3766,0.254,13.14,13.007476879505152
2022-05-12 03:00:00,2022-05-12 03:00:00,-20.01,6.631,16.78,160.0,23.63,12.74,275.6,19.46,633.9809,195.6501,111.4748,213.9947,339.54,3.241,18.44,8.051913325723834
2022-05-12 04:00:00,2022-05-12 04:00:00,-19.62,4.334,16.01,149.2,22.4,13.05,286.5,19.4,865.3778,349.7703,112.0341,221.414,339.625,3.16,18.51,5.243084630543061
2022-05-12 05:00:00,2022-05-12 05:00:00,-18.83,2.815,17.65,147.2,25.27,14.74,287.5,22.36,1037.288,469.5741,113.8383,229.1598,339.585,5.534,20.35,3.3797629559241367
2022-05-12 06:00:00,2022-05-12 06:00:00,-18.49,3.412,18.11,145.6,24.59,15.66,289.4,21.55,1141.12,569.5776,114.1238,237.0141,339.6883,6.146,18.77,4.083185864992043
2022-05-12 07:00:00,2022-05-12 07:00:00,-18.08,5.168,17.21,141.1,21.71,15.04,293.8,20.21,1172.391,620.7795,114.5197,242.6612,339.6483,4.672,15.66,6.160297886743121
2022-05-12 08:00:00,2022-05-12 08:00:00,-18.57,7.646,18.77,138.3,22.4,16.73,296.7,21.37,1057.815,616.3975,113.9377,242.8581,339.3367,6.687,19.7,9.157102827675727
2022-05-12 09:00:00,2022-05-12 09:00:00,-20.04,25.03,17.09,141.0,23.36,15.01,293.5,21.78,738.9355,577.189,112.2765,240.4841,339.0683,5.023,18.22,30.402243283178468
2022-05-12 10:00:00,2022-05-12 10:00:00,-18.22,7.113,19.23,138.8,22.95,16.98,296.1,21.49,649.0926,536.2722,107.2647,237.1135,339.0,7.195,20.48,8.490170129165866
2022-05-12 11:00:00,2022-05-12 11:00:00,-17.66,5.315,21.11,143.1,25.55,18.18,291.9,23.29,622.9998,448.266,103.9045,234.686,338.7367,9.41,20.79,6.309985728735292
2022-05-12 12:00:00,2022-05-12 12:00:00,-18.75,10.41,22.81,141.5,28.29,19.71,293.4,25.62,369.1836,317.8406,103.4623,226.0755,338.7,10.92,24.91,12.488925719794247
2022-05-12 13:00:00,2022-05-12 13:00:00,-20.4,28.4,19.62,155.1,32.4,15.7,280.3,26.03,142.7661052631579,135.6278,111.8594,217.8606,338.85,7.056,24.33,34.614577994969906
2022-05-12 14:00:00,2022-05-12 14:00:00,-21.3,54.02,19.29,163.1,30.34,14.49,272.5,23.76,0.0,0.0,115.3962,209.2701,339.2067,5.399,23.4,66.4093756459615
2022-05-12 15:00:00,2022-05-12 15:00:00,-21.64,34.67,18.63,156.3,27.06,15.01,279.6,22.77,0.0,0.0,116.9123,213.6896,339.4967,5.212,21.86,42.759944349192544
2022-05-12 16:00:00,2022-05-12 16:00:00,-20.5,27.31,19.79,149.1,25.27,16.64,286.0,22.42,0.0,0.0,119.5574,214.4567,339.76,6.794,19.9,33.317906767975316
2022-05-12 17:00:00,2022-05-12 17:00:00,-21.02,39.57,17.22,150.3,24.18,14.34,284.7,20.68,0.0,0.0,112.9608,213.3458,339.7417,3.786,16.25,48.51544654705784
2022-05-12 18:00:00,2022-05-12 18:00:00,-21.78,52.97,16.48,150.5,21.58,13.74,284.4,18.12,0.0,0.0,117.1062,212.3275,339.4467,2.797,14.91,65.41733700555186
2022-05-12 19:00:00,2022-05-12 19:00:00,-22.46,71.09,15.35,144.5,20.21,13.06,290.3,18.12,0.0,0.0,120.0615,211.8738,339.13,1.388,14.35,88.36565925335404
2022-05-12 20:00:00,2022-05-12 20:00:00,-22.19,31.0,14.35,144.8,18.7,12.22,290.2,17.25,0.0,0.0,109.8151,208.3834,338.8817,0.715,11.26,38.43445631765505
2022-05-12 21:00:00,2022-05-12 21:00:00,-20.71,5.073,16.97,143.3,20.62,14.68,291.4,19.11,0.0,0.0,103.0455,207.5517,338.65,3.045,14.85,6.201442061697967
2022-05-12 22:00:00,2022-05-12 22:00:00,-20.78,2.692,16.08,149.8,18.97,13.54,285.5,17.65,0.0,0.0,104.1693,207.9661,338.5033,2.559,13.58,3.293012593212317
2022-05-12 23:00:00,2022-05-12 23:00:00,-21.69,7.993,14.78,152.5,18.01,12.49,282.3,15.74,0.0,0.0,118.9492,208.3229,338.43,1.465,12.23,9.862797727470722
2022-05-13 00:00:00,2022-05-13 00:00:00,-21.48,15.67,16.01,156.6,19.66,13.15,278.3,16.38,0.0,0.0,120.444,208.8163,338.56,1.873,11.61,19.296992551409634
2022-05-13 01:00:00,2022-05-13 01:00:00,-21.74,48.64,15.17,155.2,19.93,12.39,279.5,15.68,67.13161,23.90343,119.2336,208.4589,338.7833,,,60.04693942828329
2022-05-13 02:00:00,2022-05-13 02:00:00,-21.14,54.31,14.98,153.4,18.84,12.44,281.1,16.14,374.1902,52.59911,125.9505,208.4399,338.9767,1.503,11.79,66.66400268268835
2022-05-13 03:00:00,2022-05-13 03:00:00,-20.79,34.83,16.93,155.5,20.48,13.9,279.6,17.31,628.9906,176.9999,119.7315,217.6935,339.03,3.863,14.73,42.6101739849411
2022-05-13 04:00:00,2022-05-13 04:00:00,-20.52,7.389,17.67,155.5,22.67,14.97,280.0,19.05,872.0759,336.9063,112.9186,222.3996,339.04,5.425,15.59,9.016224657808715
2022-05-13 05:00:00,2022-05-13 05:00:00,-19.76,2.657,18.71,154.8,21.99,15.74,280.8,19.28,1033.707,456.2891,121.5868,230.5537,338.9933,7.081,17.78,3.218636814880288
2022-05-13 06:00:00,2022-05-13 06:00:00,-19.62,2.923,19.99,152.2,23.22,16.94,282.4,20.74,1129.879,544.5632,129.521,235.7195,338.8983,8.9,18.07,3.536118222214437
2022-05-13 07:00:00,2022-05-13 07:00:00,-19.24,3.294,21.36,153.5,26.37,18.02,281.7,21.14,1167.543,592.3442,118.3119,236.9706,338.7267,10.64,20.72,3.97044949138429
2022-05-13 08:00:00,2022-05-13 08:00:00,-19.73,3.539,21.97,152.3,25.41,18.43,282.5,22.25,1060.693,588.6821,113.8564,235.1484,338.3717,11.03,21.01,4.285842286738686
2022-05-13 09:00:00,2022-05-13 09:00:00,-19.92,4.516,20.0,150.7,27.74,16.77,284.7,22.65,761.431,554.0683,111.6119,236.0285,338.37,8.41,21.07,5.478980992662548
2022-05-13 10:00:00,2022-05-13 10:00:00,-20.9,6.099,17.67,150.5,28.56,14.91,284.3,22.07,651.0956,507.1568,106.7164,234.8289,338.2883,5.48,17.62,7.469213381396296
2022-05-13 11:00:00,2022-05-13 11:00:00,-20.52,6.659,21.02,157.7,25.96,17.17,277.5,21.67,612.2111,420.9773,103.1105,226.1945,338.09,9.85,21.52,8.125462173006934
2022-05-13 12:00:00,2022-05-13 12:00:00,-21.24,69.37,21.79,158.4,28.15,17.73,277.1,22.07,328.7935789473685,312.3539,119.1698,227.7613,338.16,10.11,19.04,85.23104840444863
2022-05-13 13:00:00,2022-05-13 13:00:00,-21.18,17.29,20.01,151.7,23.36,17.08,282.9,20.5,141.33757894736843,134.2707,101.6736,214.9086,338.3717,8.88,17.74,21.231095819449695
2022-05-13 14:00:00,2022-05-13 14:00:00,-22.36,4.36,19.73,148.5,25.41,17.0,286.4,23.12,0.0,0.0,98.69019,204.5058,338.425,7.533,17.76,5.414374288110057
2022-05-13 15:00:00,2022-05-13 15:00:00,-20.59,3.804,20.83,141.3,27.06,18.16,293.9,24.75,0.0,0.0,100.2883,210.9162,338.925,7.257,20.3,4.644834112074417
2022-05-13 16:00:00,2022-05-13 16:00:00,-19.3,1.896,18.04,149.1,21.71,15.26,286.5,19.05,0.0,0.0,101.935,212.6063,339.3517,5.091,17.48,2.2866740997961057
2022-05-13 17:00:00,2022-05-13 17:00:00,-20.94,3.007,16.49,149.1,20.48,13.98,286.7,18.82,0.0,0.0,103.2516,210.0021,339.2667,3.414,15.22,3.683965838570782
2022-05-13 18:00:00,2022-05-13 18:00:00,-22.62,47.56,16.88,145.5,21.71,14.56,289.8,20.68,0.0,0.0,101.8989,207.9733,338.8167,3.254,16.36,59.20764291665294
2022-05-13 19:00:00,2022-05-13 19:00:00,-21.75,25.7,15.88,145.2,22.95,13.56,289.8,20.91,0.0,0.0,100.6414,207.2438,338.6583,2.094,19.89,31.730128406709376
2022-05-13 20:00:00,2022-05-13 20:00:00,-20.54,7.646,15.28,147.1,20.75,12.99,288.0,19.22,0.0,0.0,101.4099,207.9153,338.5133,1.843,15.9,9.331606074457776
2022-05-13 21:00:00,2022-05-13 21:00:00,-20.57,9.58,13.82,156.3,22.81,10.83,277.9,17.83,0.0,0.0,102.3489,207.151,338.3133,0.849,17.51,11.695321726409253
2022-05-13 22:00:00,2022-05-13 22:00:00,-19.78,2.733,6.008,159.6,18.01,3.793,269.4,15.1,0.0,0.0,103.1974,205.0331,338.4167,0.027,8.59,3.3113359573992307
2022-05-13 23:00:00,2022-05-13 23:00:00,-20.24,2.281,7.496,150.6,18.97,5.004,277.9,16.03,0.0,0.0,102.0582,203.9527,338.495,0.117,12.03,2.7758838441018994
2022-05-14 00:00:00,2022-05-14 00:00:00,-19.29,1.639,12.58,157.4,20.07,9.33,276.0,17.36,0.0,0.0,104.2912,208.1884,338.77,0.659,15.01,1.9765292805723398
2022-05-14 01:00:00,2022-05-14 01:00:00,-18.96,1.658,13.72,146.6,24.04,11.24,287.5,20.21,70.45547,24.60666,106.3842,210.1992,339.06,1.575,18.87,1.993123308498453
2022-05-14 02:00:00,2022-05-14 02:00:00,-19.75,3.072,15.21,141.3,19.38,13.13,293.7,17.89,388.5476,54.53958,107.4271,207.3914,339.2267,2.119,14.95,3.7210031125462426
2022-05-14 03:00:00,2022-05-14 03:00:00,-19.85,6.776,14.85,141.8,18.84,12.59,292.9,17.89,641.6006,189.5608,112.5179,215.9937,339.5167,1.779,12.93,8.215389481477315
2022-05-14 04:00:00,2022-05-14 04:00:00,-19.39,8.54,14.99,150.7,20.75,12.53,284.7,17.25,855.3482,336.1288,118.068,224.002,339.8917,1.948,15.17,10.308572673258048
2022-05-14 05:00:00,2022-05-14 05:00:00,-19.04,7.866,12.84,152.7,19.38,10.47,282.2,15.79,1051.926,458.2199,118.4806,236.3429,340.19,0.88,15.04,9.463176147753627
2022-05-14 06:00:00,2022-05-14 06:00:00,-18.74,8.82,13.99,145.3,18.97,11.93,289.8,17.65,1131.04,534.5404,120.0076,241.6896,340.2033,1.639,13.13,10.580379565709809
2022-05-14 07:00:00,2022-05-14 07:00:00,-18.44,11.61,14.29,144.6,19.38,12.13,290.3,17.83,1167.7,585.0111,119.2316,248.1742,340.1833,1.717,13.11,13.887170719286736
2022-05-14 08:00:00,2022-05-14 08:00:00,-18.29,16.35,15.13,149.1,20.75,12.66,286.2,17.95,1076.428,586.0125,119.6559,248.0955,340.0866,2.488,16.42,19.528706000363062
2022-05-14 09:00:00,2022-05-14 09:00:00,-18.82,23.51,16.37,151.8,23.22,13.54,284.0,19.86,782.2134,555.7371,116.6758,245.7006,339.8317,3.868,19.54,28.224014618680215
2022-05-14 10:00:00,2022-05-14 10:00:00,-18.74,22.65,16.63,156.5,22.81,13.41,279.0,20.27,653.1902,517.1721,112.0983,242.0368,339.7667,4.021,19.37,27.17070262622757
2022-05-14 11:00:00,2022-05-14 11:00:00,-18.47,26.57,14.31,163.8,21.71,10.56,270.7,17.71,618.3858,428.8032,109.6466,241.1524,339.7883,1.551,15.55,31.7905656173065
2022-05-14 12:00:00,2022-05-14 12:00:00,-17.84,30.47,9.63,171.7,21.44,6.507,260.9,16.08,361.9178,299.4667,111.3697,238.7185,340.0966,0.258,12.62,36.23677142306653
2022-05-14 13:00:00,2022-05-14 13:00:00,-17.73,27.02,4.413,162.5,11.71,2.816,265.1,8.12,136.58252631578947,129.7534,111.2377,230.7759,340.46,,,32.09984260304488
2022-05-14 14:00:00,2022-05-14 14:00:00,-19.68,20.83,5.253,158.2,13.63,3.322,270.3,11.2,0.0,0.0,106.1351,210.2558,340.7033,0.005,5.791,25.213717277714267
2022-05-14 15:00:00,2022-05-14 15:00:00,-20.32,13.82,7.32,163.7,15.55,4.716,265.4,13.24,0.0,0.0,103.7024,212.3628,341.0567,0.008,7.144,16.831252185253806
2022-05-14 16:00:00,2022-05-14 16:00:00,-20.21,7.749,9.49,164.0,17.47,6.489,268.3,13.47,0.0,0.0,103.5547,211.102,341.41,0.016,5.014,9.427510095861608
2022-05-14 17:00:00,2022-05-14 17:00:00,-20.24,5.531,10.47,160.2,18.42,7.484,272.5,14.86,0.0,0.0,104.3092,210.3854,341.4066,0.105,9.99,6.731001114304078
2022-05-14 18:00:00,2022-05-14 18:00:00,-20.6,5.703,6.889,148.0,16.09,4.84,281.7,12.25,0.0,0.0,108.3444,208.14,341.2417,0.002,2.594,6.964253763572449
2022-05-14 19:00:00,2022-05-14 19:00:00,-20.15,3.719,11.36,149.2,18.84,9.08,283.7,16.61,0.0,0.0,107.642,209.0038,341.0417,0.345,10.98,4.521975237873688
2022-05-14 20:00:00,2022-05-14 20:00:00,-20.06,3.445,14.09,143.8,18.01,12.07,290.1,16.61,0.0,0.0,110.5612,210.3263,340.7483,1.084,12.71,4.185208960168355
2022-05-14 21:00:00,2022-05-14 21:00:00,-20.44,4.074,13.8,145.3,18.29,11.66,288.5,16.78,0.0,0.0,112.3356,209.7437,340.6,1.086,12.39,4.967385447823343
2022-05-14 22:00:00,2022-05-14 22:00:00,-20.81,4.053,9.55,151.2,18.42,7.345,280.4,16.96,0.0,0.0,109.9388,207.9199,340.5017,0.351,12.13,4.959289120049063
2022-05-14 23:00:00,2022-05-14 23:00:00,-21.79,9.39,4.416,138.0,13.49,3.162,287.5,11.61,0.0,0.0,103.1906,202.2916,340.495,,,11.597646630317564
2022-05-15 00:00:00,2022-05-15 00:00:00,-22.45,28.24,8.38,135.4,14.04,7.248,296.7,14.22,0.0,0.0,104.143,203.7979,340.4783,0.011,4.966,35.09929415412661
2022-05-15 01:00:00,2022-05-15 01:00:00,-22.4,26.57,8.66,162.0,16.37,6.016,270.2,13.0,71.47044,24.64021,105.4439,204.6527,340.67,0.008,7.235,33.00795680563354
2022-05-15 02:00:00,2022-05-15 02:00:00,-21.99,24.61,8.37,147.3,15.14,6.593,284.1,12.89,399.9493,53.80088,109.0377,201.83,341.0133,0.007,5.619,30.453940757190697
2022-05-15 03:00:00,2022-05-15 03:00:00,-21.09,7.568,10.99,146.8,13.49,9.14,285.4,12.07,650.8768,182.8362,109.6664,213.9314,341.2417,,,9.285074473073244
2022-05-15 04:00:00,2022-05-15 04:00:00,-20.44,3.695,10.35,151.6,13.9,8.51,281.7,11.55,868.1371,326.0846,113.4306,224.8971,341.4283,,,4.505274725014053
2022-05-15 05:00:00,2022-05-15 05:00:00,-20.11,4.785,11.04,156.3,13.9,8.77,277.1,11.26,1027.962,444.2002,116.439,235.365,341.5133,0.008,4.855,5.815910236403549
2022-05-15 06:00:00,2022-05-15 06:00:00,-19.77,5.882,9.88,158.2,14.86,7.781,275.5,12.07,1137.074,534.4333,118.2623,243.2367,341.655,0.009,3.84,7.126020007417343
2022-05-15 07:00:00,2022-05-15 07:00:00,-19.26,12.6,9.25,158.6,15.0,7.175,275.0,12.77,1165.155,575.7852,122.6054,252.9814,341.51,,,15.190424689040587
2022-05-15 08:00:00,2022-05-15 08:00:00,-18.86,24.6,12.3,151.7,18.01,9.98,281.8,14.92,1064.986,578.4246,123.9492,253.6301,341.1133,0.283,10.77,29.543911479075383
2022-05-15 09:00:00,2022-05-15 09:00:00,-18.31,21.4,13.11,154.2,17.6,10.65,280.2,14.22,815.2559,546.224,128.3525,252.8854,341.0417,0.532,8.44,25.565420512745888
2022-05-15 10:00:00,2022-05-15 10:00:00,-17.88,22.6,12.55,159.0,17.05,9.96,275.0,14.52,641.9944,508.2146,120.5116,251.1138,341.06,0.237,8.6,26.887631169535425
2022-05-15 11:00:00,2022-05-15 11:00:00,-18.02,26.51,12.28,160.4,16.78,9.64,273.3,13.24,617.305,424.8469,113.616,246.3691,341.0233,0.135,8.5,31.58191346608635
2022-05-15 12:00:00,2022-05-15 12:00:00,-18.37,15.17,12.05,161.9,15.96,9.38,271.8,12.89,363.7411,302.5942,110.2659,236.8265,341.0783,0.081,5.802,18.133227014245517
2022-05-15 13:00:00,2022-05-15 13:00:00,-18.81,8.2,11.33,159.5,14.73,8.86,274.1,12.02,128.87705263157895,122.4332,107.3204,226.9017,341.2,0.018,5.63,9.84324574321081
2022-05-15 14:00:00,2022-05-15 14:00:00,-19.86,5.719,11.12,160.2,13.22,8.74,273.4,10.74,0.0,0.0,104.2488,211.8733,341.4433,,,6.934520645189574
2022-05-15 15:00:00,2022-05-15 15:00:00,-20.68,4.556,8.88,158.5,11.99,6.941,274.9,9.4,0.0,0.0,108.1989,213.8939,341.6466,,,5.567843569749882
2022-05-15 16:00:00,2022-05-15 16:00:00,-21.04,6.074,8.72,163.6,10.07,6.626,269.3,8.47,0.0,0.0,107.6263,211.1648,341.8217,,,7.448549602247108
2022-05-15 17:00:00,2022-05-15 17:00:00,-21.41,3.967,9.24,165.7,12.12,7.046,267.6,9.81,0.0,0.0,113.8562,209.6662,341.7133,,,4.881944464888398
2022-05-15 18:00:00,2022-05-15 18:00:00,-21.43,3.443,11.2,169.1,13.49,8.42,264.7,10.04,0.0,0.0,122.6101,210.0206,341.3833,,,4.237898188648482
2022-05-15 19:00:00,2022-05-15 19:00:00,-21.68,4.156,11.12,175.2,14.04,8.09,258.8,10.5,0.0,0.0,146.9192,211.8082,340.9633,,,5.127721739274848
2022-05-15 20:00:00,2022-05-15 20:00:00,-21.75,26.45,12.43,170.5,17.19,9.36,263.5,13.47,0.0,0.0,137.1223,211.4241,340.4983,0.017,5.045,32.6561049166328
2022-05-15 21:00:00,2022-05-15 21:00:00,-22.21,55.44,11.25,175.0,16.78,8.09,258.6,12.89,0.0,0.0,122.1545,210.3044,340.225,,,68.74877461029355
2022-05-15 22:00:00,2022-05-15 22:00:00,-21.95,30.87,10.89,182.8,14.04,7.499,250.8,10.62,0.0,0.0,106.7753,206.7527,339.955,,,38.185899785958746
2022-05-15 23:00:00,2022-05-15 23:00:00,-21.55,4.42,9.51,188.4,12.81,6.044,244.0,9.46,0.0,0.0,105.0062,204.6308,339.7617,,,5.44669238667684
2022-05-16 00:00:00,2022-05-16 00:00:00,-21.64,3.562,9.97,186.9,12.94,6.368,244.9,9.52,0.0,0.0,104.1499,203.8758,339.7166,,,4.393161862469681
2022-05-16 01:00:00,2022-05-16 01:00:00,-21.53,4.191,10.12,190.7,13.63,6.159,241.7,10.16,74.92108,26.73168,102.5956,201.6152,339.8366,,,5.163514528718137
2022-05-16 02:00:00,2022-05-16 02:00:00,-21.43,5.893,9.15,192.5,14.45,5.432,241.8,12.02,402.5486,57.06629,108.5815,198.0867,339.9767,,,7.253538781790736
2022-05-16 03:00:00,2022-05-16 03:00:00,-21.97,9.7,7.083,197.9,11.57,4.237,235.8,7.655,656.3056,183.5006,112.0423,213.7549,340.05,,,12.001095132167963
2022-05-16 04:00:00,2022-05-16 04:00:00,-21.91,14.52,7.345,200.3,11.71,4.541,234.0,8.47,864.3134,323.0005,115.0331,225.859,340.165,,,17.95426007655021
2022-05-16 05:00:00,2022-05-16 05:00:00,-22.15,18.8,8.07,191.8,13.22,5.263,241.6,9.23,1036.798,435.3351,116.9962,236.6503,340.155,,,23.299762834941365
2022-05-16 06:00:00,2022-05-16 06:00:00,-22.02,14.67,8.78,181.3,13.63,6.063,252.2,9.92,1132.336,515.6987,119.1054,244.4397,340.0333,,,18.158756354010613
2022-05-16 07:00:00,2022-05-16 07:00:00,-21.39,7.978,11.87,172.8,15.82,8.8,261.4,11.96,1160.802,563.0243,120.3932,247.6551,339.9183,0.005,3.032,9.81616387277133
2022-05-16 08:00:00,2022-05-16 08:00:00,-20.41,9.67,13.01,159.1,17.05,10.5,274.6,13.64,1040.412,560.1996,120.5825,249.8033,339.7317,0.208,6.873,11.787147291607333
2022-05-16 09:00:00,2022-05-16 09:00:00,-19.79,50.38,14.81,164.0,18.42,11.54,270.1,14.46,862.1529,526.3116,126.7693,252.4225,339.4867,1.196,11.52,61.04686580496051
2022-05-16 10:00:00,2022-05-16 10:00:00,-19.66,16.34,15.31,161.7,18.7,12.13,271.9,15.33,598.0731,492.077,116.0318,245.3735,339.3433,1.494,10.98,19.774998024898327
2022-05-16 11:00:00,2022-05-16 11:00:00,-18.95,34.18,15.34,159.2,19.93,12.22,274.2,16.03,615.5964,419.4578,122.102,242.6806,339.1583,2.211,14.27,41.08469134652703
2022-05-16 12:00:00,2022-05-16 12:00:00,-21.05,58.56,13.73,156.8,17.74,11.07,276.3,15.33,183.5083,129.8717,187.2073,235.5364,338.99,1.063,12.54,71.81901840219284
2022-05-16 13:00:00,2022-05-16 13:00:00,-21.63,66.52,14.1,155.3,21.44,11.57,278.6,17.48,21.94978,17.086,179.9195,222.9694,339.0883,1.228,13.48,82.0340441672227
2022-05-16 14:00:00,2022-05-16 14:00:00,-21.19,81.6,10.7,153.6,13.63,9.38,280.2,12.42,0.0,0.0,203.794,218.0907,339.4467,0.017,3.662,100.0
2022-05-16 15:00:00,2022-05-16 15:00:00,-22.47,79.86,11.1,156.4,16.09,9.91,277.9,14.57,0.0,0.0,183.272,220.6441,339.5316,,,99.27631067754925
2022-05-16 16:00:00,2022-05-16 16:00:00,-22.37,80.5,12.23,157.3,15.96,10.63,276.3,13.88,0.0,0.0,185.0829,221.0531,339.545,,,99.97674499963853
2022-05-16 17:00:00,2022-05-16 17:00:00,-22.38,80.3,14.55,160.8,20.34,12.73,274.0,17.31,0.0,0.0,209.7178,222.2196,339.3917,0.305,10.54,99.73784588258117
2022-05-16 18:00:00,2022-05-16 18:00:00,-22.32,80.4,12.45,165.4,15.55,10.37,268.7,13.0,0.0,0.0,212.6594,223.022,339.525,0.054,6.051,99.80504929547266
2022-05-16 19:00:00,2022-05-16 19:00:00,-22.33,80.7,10.1,167.1,13.08,8.19,267.8,10.33,0.0,0.0,203.1727,221.5054,339.31,,,100.0
2022-05-16 20:00:00,2022-05-16 20:00:00,-22.17,80.6,10.61,163.6,14.31,8.55,270.7,11.32,0.0,0.0,222.169,222.852,338.8883,,,99.91056012044552
2022-05-16 21:00:00,2022-05-16 21:00:00,-21.96,80.7,12.22,165.6,15.41,9.75,267.8,12.25,0.0,0.0,225.6183,223.8798,338.325,,,99.83465163376255
2022-05-16 22:00:00,2022-05-16 22:00:00,-22.21,80.4,11.33,171.4,14.73,8.66,262.0,12.31,0.0,0.0,224.2223,223.3512,338.0,0.01,6.176,99.70060387207074
2022-05-16 23:00:00,2022-05-16 23:00:00,-25.16,77.85,12.6,168.2,15.14,9.87,266.8,12.31,0.0,0.0,150.628,212.092,337.6733,,,99.27618298490538
2022-05-17 00:00:00,2022-05-17 00:00:00,-26.38,66.65,14.03,169.4,19.25,11.61,265.5,15.33,11.178557894736844,10.61963,106.361,204.1733,337.65,0.122,11.69,85.9757555866062
2022-05-17 01:00:00,2022-05-17 01:00:00,-24.07,9.77,16.71,169.5,19.79,13.05,265.4,15.97,90.41908,35.03017,106.8489,204.2133,337.8233,0.744,10.88,12.331225678926431
2022-05-17 02:00:00,2022-05-17 02:00:00,-23.25,3.845,17.24,170.5,21.3,12.94,264.5,16.67,412.4919,64.71244,109.3995,201.1557,338.1367,0.832,13.36,4.815393059635397
2022-05-17 03:00:00,2022-05-17 03:00:00,-23.61,4.243,18.05,172.0,21.3,13.32,262.8,16.26,660.3984,190.3706,111.7842,210.1429,338.15,1.553,13.1,5.332019374521851
2022-05-17 04:00:00,2022-05-17 04:00:00,-23.4,4.257,20.44,171.0,23.49,15.18,263.9,17.54,875.8683,320.2214,115.3721,218.6143,338.09,3.813,13.05,5.338967489706137
2022-05-17 05:00:00,2022-05-17 05:00:00,-23.32,4.51,21.17,170.5,24.04,15.86,264.9,18.64,1033.51,421.0792,115.45,226.112,338.065,5.221,14.66,5.6519782283543885
2022-05-17 06:00:00,2022-05-17 06:00:00,-23.11,5.723,19.84,169.4,24.04,15.04,266.0,18.18,1133.662,499.373,114.8885,232.9196,338.0966,4.526,13.54,7.157838382946087
2022-05-17 07:00:00,2022-05-17 07:00:00,-22.67,6.576,21.8,170.8,24.59,16.39,264.3,18.53,1161.154,542.2789,115.1708,237.8619,337.9767,6.183,14.47,8.190382933507975
2022-05-17 08:00:00,2022-05-17 08:00:00,-22.13,7.545,23.76,172.5,27.19,17.75,262.4,20.5,1032.933,546.8519,115.071,237.5896,337.755,7.678,17.1,9.349108286512159
2022-05-17 09:00:00,2022-05-17 09:00:00,-22.39,9.09,24.11,174.3,27.06,17.84,260.3,20.97,861.676,522.4233,113.8076,236.8669,337.485,7.555,18.83,11.291448217284469
2022-05-17 10:00:00,2022-05-17 10:00:00,-22.73,10.14,26.04,174.2,31.58,18.99,260.1,23.24,605.491,482.5342,108.6862,231.2745,336.995,9.28,19.51,12.636537533351099
2022-05-17 11:00:00,2022-05-17 11:00:00,-21.88,9.05,29.36,175.3,35.55,21.51,258.6,25.33,614.1583,398.1945,105.9213,229.1564,336.695,11.8,24.07,11.187301319649404
2022-05-17 12:00:00,2022-05-17 12:00:00,-22.2,8.4,31.61,175.5,37.33,22.99,258.7,26.9,366.0208,283.2505,103.9376,222.41,336.56,13.71,25.85,10.415489387463078
2022-05-17 13:00:00,2022-05-17 13:00:00,-22.75,6.692,31.86,174.9,36.23,23.42,259.2,26.26,135.15873684210527,128.4008,102.0195,214.6131,336.7433,3.336,24.28,8.341201980219203
2022-05-17 14:00:00,2022-05-17 14:00:00,-24.27,5.225,32.27,173.7,37.47,23.95,260.8,28.06,0.0,0.0,98.11607,202.9223,336.815,,,6.607241636145888
2022-05-17 15:00:00,2022-05-17 15:00:00,-25.07,4.916,32.05,174.6,37.47,23.76,260.2,28.18,0.0,0.0,96.12034,204.4158,336.9883,,,6.2636783017659114
2022-05-17 16:00:00,2022-05-17 16:00:00,-25.14,4.324,29.99,175.8,36.51,21.65,258.7,27.01,0.0,0.0,95.03305,202.784,337.2183,,,5.513027699315902
2022-05-17 17:00:00,2022-05-17 17:00:00,-25.81,3.921,29.94,169.2,33.91,22.4,265.9,25.68,0.0,0.0,94.36246,200.6284,337.0183,,,5.030882498519814
2022-05-17 18:00:00,2022-05-17 18:00:00,-26.42,9.22,28.39,163.3,33.08,22.38,271.6,25.39,0.0,0.0,95.21793,199.1366,336.73,6.548,22.5,11.897891332646566
2022-05-17 19:00:00,2022-05-17 19:00:00,-26.13,48.3,24.76,160.5,34.18,19.87,274.6,25.73,0.0,0.0,115.5417,201.8212,336.7367,40.83,61.93,62.158749716383404
2022-05-17 20:00:00,2022-05-17 20:00:00,-26.21,51.81,22.08,157.4,32.26,17.86,277.1,25.5,0.0,0.0,105.9279,200.7688,336.615,46.43,59.9,66.72605609132196
2022-05-17 21:00:00,2022-05-17 21:00:00,-24.63,64.17,21.78,154.4,28.97,18.54,280.5,24.17,0.0,0.0,142.5744,207.7053,336.524,54.27,64.15,81.422535988973
2022-05-17 22:00:00,2022-05-17 22:00:00,-23.26,79.12,14.83,147.6,22.4,13.78,279.2,20.68,0.0,0.0,216.9658,219.8034,336.56,,,99.09754612881436
2022-05-17 23:00:00,2022-05-17 23:00:00,-23.27,78.98,12.87,142.4,18.29,10.75,276.5,13.47,0.0,0.0,188.6861,219.6708,336.7933,61.93,62.84,98.93158653091828
2022-05-18 00:00:00,2022-05-18 00:00:00,-25.21,72.54,15.04,142.4,17.19,12.29,269.8,15.1,0.0,0.0,100.4576,212.6319,337.0033,58.6,61.48,92.54839539655072
2022-05-18 01:00:00,2022-05-18 01:00:00,-24.54,41.07,15.89,142.5,18.7,13.41,268.4,16.61,81.26197,19.83251,99.42265,208.7369,337.3466,41.16,47.78,52.06762556810592
2022-05-18 02:00:00,2022-05-18 02:00:00,-23.47,23.63,16.8,155.7,18.84,14.3,270.5,16.03,428.431,39.06106,103.7164,198.2476,337.69,26.26,40.38,29.65553484678493
2022-05-18 03:00:00,2022-05-18 03:00:00,-23.02,11.45,17.17,163.0,18.97,14.82,271.8,16.43,671.7827,157.3732,107.1868,210.554,337.9117,5.498,21.59,14.308444151617811
2022-05-18 04:00:00,2022-05-18 04:00:00,-22.78,7.909,18.76,164.9,20.89,15.59,270.6,17.07,885.56,284.8311,109.557,219.8278,337.9883,0.055,10.54,9.860935662615217
2022-05-18 05:00:00,2022-05-18 05:00:00,-22.7,7.033,18.25,167.6,20.75,14.3,268.4,17.19,1044.429,392.8325,111.5279,227.3506,338.08,,,8.76207350822811
2022-05-18 06:00:00,2022-05-18 06:00:00,-22.17,4.77,20.5,167.8,24.73,15.5,268.9,19.69,1138.537,477.2864,113.1138,235.4668,337.97,,,5.9128209897583766
2022-05-18 07:00:00,2022-05-18 07:00:00,-21.72,4.667,23.11,167.7,26.37,17.51,269.2,21.03,1163.296,531.6995,114.009,239.0205,337.78,,,5.760395675006381
2022-05-18 08:00:00,2022-05-18 08:00:00,-22.47,5.244,23.71,166.3,28.01,18.34,270.1,21.67,1039.947,533.174,113.2325,236.8929,337.5867,,,6.518970363048688
2022-05-18 09:00:00,2022-05-18 09:00:00,-22.98,5.961,23.69,166.2,30.48,18.5,269.8,23.93,888.3708,505.5557,109.6694,235.3215,337.2417,,,7.446308621340721
2022-05-18 10:00:00,2022-05-18 10:00:00,-23.13,6.047,24.05,167.5,31.03,18.6,268.7,23.7,575.4446,467.8951,104.16,231.9758,337.1933,,,7.564506325363698
2022-05-18 11:00:00,2022-05-18 11:00:00,-23.31,6.114,24.04,168.8,31.85,18.29,266.0,24.22,612.2438,388.3165,101.6072,227.6804,337.0866,,,7.661400335576222
2022-05-18 12:00:00,2022-05-18 12:00:00,-23.76,5.893,24.38,163.2,30.34,19.2,271.1,22.6,364.9239,276.6817,100.4681,220.6507,337.22,,,7.41605083347527
2022-05-18 13:00:00,2022-05-18 13:00:00,-23.77,4.215,27.57,164.4,30.21,21.6,270.6,23.76,124.29873684210527,118.0838,99.31769,211.9722,337.3083,,,5.304873074524044
2022-05-18 14:00:00,2022-05-18 14:00:00,-23.9,3.617,28.5,165.1,31.58,22.16,270.5,24.17,0.0,0.0,97.5503,200.4263,337.3333,,,4.557859284161941
2022-05-18 15:00:00,2022-05-18 15:00:00,-23.99,3.17,26.75,168.5,31.3,20.05,266.7,24.28,0.0,0.0,99.02312,206.042,337.63,,,3.9979919717874246
2022-05-18 16:00:00,2022-05-18 16:00:00,-23.71,57.73,23.93,168.0,27.74,18.16,267.3,20.97,0.0,0.0,122.5052,209.161,337.86,44.71,64.51,72.6159441847036
2022-05-18 17:00:00,2022-05-18 17:00:00,-23.17,64.51,17.89,164.7,22.12,14.4,270.1,17.54,0.0,0.0,155.674,212.8393,338.2667,51.59,62.8,80.72956424298197
2022-05-18 18:00:00,2022-05-18 18:00:00,-23.88,10.01,19.06,169.2,23.08,14.34,266.0,17.71,0.0,0.0,98.70964,203.6811,338.01,5.271,28.79,12.611425824452832
2022-05-18 19:00:00,2022-05-18 19:00:00,-24.6,4.808,16.17,173.2,20.75,12.1,261.4,16.49,0.0,0.0,95.42399,200.4346,337.7467,,,6.098933309530518
2022-05-18 20:00:00,2022-05-18 20:00:00,-24.9,3.126,15.28,169.3,17.33,11.7,265.6,13.41,0.0,0.0,95.11991,198.5447,337.3533,,,3.976577654379963
2022-05-18 21:00:00,2022-05-18 21:00:00,-24.4,3.369,16.87,172.3,18.7,12.86,262.8,14.28,0.0,0.0,99.4195,199.268,337.035,,,4.265491399315323
2022-05-18 22:00:00,2022-05-18 22:00:00,-24.69,3.687,15.66,173.7,18.56,11.84,261.3,13.76,0.0,0.0,103.6909,198.8522,336.8017,,,4.68092850487799
2022-05-18 23:00:00,2022-05-18 23:00:00,-24.92,3.566,14.29,174.8,17.33,10.6,259.9,13.29,0.0,0.0,100.5387,197.6888,336.7533,,,4.537157568215558
2022-05-19 00:00:00,2022-05-19 00:00:00,-24.88,5.571,13.85,174.3,17.33,10.35,260.5,13.06,0.0,0.0,99.54564,197.1268,336.78,0.637,14.8,7.085518205348691
2022-05-19 01:00:00,2022-05-19 01:00:00,-24.96,10.64,13.01,171.6,16.09,9.8,263.1,12.13,79.29504,23.03175,101.2485,195.1208,336.8767,,,13.542791522127029
2022-05-19 02:00:00,2022-05-19 02:00:00,-24.94,36.93,12.52,167.0,15.14,9.6,267.8,11.84,412.9223,50.02833,109.2256,195.3936,336.9983,37.31,48.4,46.996320224598804
2022-05-19 03:00:00,2022-05-19 03:00:00,-25.28,55.66,13.44,166.5,16.37,10.32,268.2,12.83,657.1039,161.16,113.7417,208.2935,337.09,49.99,54.7,71.05936638015095
2022-05-19 04:00:00,2022-05-19 04:00:00,-25.64,59.22,13.47,163.7,15.82,10.77,271.4,12.71,872.287,280.7845,111.4005,218.0251,337.1867,51.88,55.49,75.86131663800245
2022-05-19 05:00:00,2022-05-19 05:00:00,-25.13,61.24,13.45,164.1,15.82,10.63,270.8,13.0,1034.944,376.8718,112.6929,228.7837,337.28,53.0,55.17,78.0726079578381
2022-05-19 06:00:00,2022-05-19 06:00:00,-24.99,46.15,13.06,154.0,16.78,10.88,280.6,16.03,1134.151,454.6183,110.9604,234.6073,337.3583,43.42,55.94,58.757226520347274
2022-05-19 07:00:00,2022-05-19 07:00:00,-24.43,24.4,12.16,153.6,16.51,10.09,280.6,13.99,1164.722,503.9369,109.6503,240.6221,337.4417,23.88,39.14,30.90161119013984
2022-05-19 08:00:00,2022-05-19 08:00:00,-22.87,5.73,14.65,162.1,17.33,11.8,272.6,14.05,1057.047,515.194,109.0157,245.2781,337.5083,,,7.150273300388682
2022-05-19 09:00:00,2022-05-19 09:00:00,-23.27,4.843,18.12,163.6,20.89,14.55,271.6,16.9,899.4421,491.1562,105.469,239.3029,337.2583,,,6.066417745875376
2022-05-19 10:00:00,2022-05-19 10:00:00,-22.81,31.04,21.7,167.6,27.33,16.47,267.5,20.44,513.4106,437.6054,141.0557,240.3887,336.9733,25.16,58.44,38.71168686989951
2022-05-19 11:00:00,2022-05-19 11:00:00,-21.7,20.07,24.8,167.7,29.25,18.62,267.0,22.31,594.1791,366.9279,129.0114,236.7642,336.8933,17.68,53.09,24.76732411071581
2022-05-19 12:00:00,2022-05-19 12:00:00,-22.5,7.065,20.63,157.2,27.19,16.75,277.4,21.49,367.7159,266.7181,97.53645,225.3142,337.2033,2.738,16.78,8.78521573736421
2022-05-19 13:00:00,2022-05-19 13:00:00,-22.04,3.377,21.19,149.6,25.14,17.85,284.6,21.32,128.70031578947368,122.2653,96.58675,217.1147,337.3533,,,4.180899979575743
2022-05-19 14:00:00,2022-05-19 14:00:00,-21.59,2.15,20.41,152.1,25.0,17.04,282.3,20.44,0.0,0.0,97.68922,208.5798,337.6533,,,2.650419992368346
2022-05-19 15:00:00,2022-05-19 15:00:00,-22.92,3.486,18.32,149.3,24.73,15.3,285.3,21.32,0.0,0.0,133.03,212.8592,338.0216,,,4.352128743923429
2022-05-19 16:00:00,2022-05-19 16:00:00,-23.29,3.535,18.29,150.9,22.26,15.44,283.7,18.7,0.0,0.0,147.7291,212.4951,338.035,,,4.428837071480992
2022-05-19 17:00:00,2022-05-19 17:00:00,-22.36,1.828,19.03,151.3,24.32,15.92,282.9,20.74,0.0,0.0,119.7956,210.5178,337.9317,,,2.270063348317703
2022-05-19 18:00:00,2022-05-19 18:00:00,-22.89,2.31,18.89,149.9,21.71,15.81,284.1,19.34,0.0,0.0,114.5442,208.3232,337.5467,,,2.883118785815092
2022-05-19 19:00:00,2022-05-19 19:00:00,-23.71,3.706,18.9,149.5,22.67,15.87,284.8,19.63,0.0,0.0,106.376,205.3542,337.12,,,4.661609027343002
2022-05-19 20:00:00,2022-05-19 20:00:00,-22.73,2.057,19.96,152.8,24.04,16.68,282.2,19.98,0.0,0.0,97.64068,205.3532,336.8967,,,2.5634475055328605
2022-05-19 21:00:00,2022-05-19 21:00:00,-24.19,17.55,19.15,153.6,22.95,15.83,280.9,19.46,0.0,0.0,96.12256,203.1798,336.7483,15.68,51.99,22.17594785720273
2022-05-19 22:00:00,2022-05-19 22:00:00,-25.33,60.8,18.59,154.7,23.22,15.3,279.7,20.27,0.0,0.0,102.3569,202.3031,336.5567,52.34,63.39,77.65805599906523
2022-05-19 23:00:00,2022-05-19 23:00:00,-25.08,74.78,15.94,151.3,18.56,13.47,283.2,16.32,0.0,0.0,126.1452,204.7438,336.4817,59.84,63.21,95.28927520556297
2022-05-20 00:00:00,2022-05-20 00:00:00,-24.76,80.6,15.92,152.4,18.84,13.64,282.2,16.14,0.0,0.0,145.5049,207.5735,336.515,62.54,65.65,100.0
2022-05-20 01:00:00,2022-05-20 01:00:00,-24.87,78.71,15.57,157.7,18.56,13.47,277.4,16.03,81.25256,26.25351,170.7481,209.9171,336.7283,61.66,64.16,100.0
2022-05-20 02:00:00,2022-05-20 02:00:00,-25.04,78.03,18.98,160.5,23.36,14.33,275.1,17.42,271.8672,60.97593,157.1848,207.0097,336.9183,61.3,63.53,99.39308986521256
2022-05-20 03:00:00,2022-05-20 03:00:00,-25.02,77.79,19.41,165.8,23.49,15.12,269.5,18.47,424.0617,141.6223,156.7588,211.094,336.985,61.16,63.35,99.06867612796007
2022-05-20 04:00:00,2022-05-20 04:00:00,-24.13,78.29,18.41,170.8,22.67,13.65,264.7,16.96,584.5638,230.8615,165.392,220.1931,337.16,61.45,63.33,98.87003605025086
2022-05-20 05:00:00,2022-05-20 05:00:00,-23.73,78.7,14.27,172.4,18.84,9.37,262.2,12.71,729.6346,307.1887,194.6289,226.7725,337.31,61.6,63.42,99.01192347772697
2022-05-20 06:00:00,2022-05-20 06:00:00,-25.3,77.03,16.0,173.1,20.62,11.06,263.1,14.81,1143.991,476.8254,112.4097,230.9508,337.3883,60.54,62.45,98.36032460862411
2022-05-20 07:00:00,2022-05-20 07:00:00,-24.57,60.17,16.7,173.8,20.75,11.8,261.4,14.86,1170.352,532.7966,111.2836,238.0535,337.285,50.56,62.44,76.30381729399068
2022-05-20 08:00:00,2022-05-20 08:00:00,-22.6,11.49,16.84,174.6,21.44,12.14,259.9,16.2,1071.75,535.3497,110.4563,243.2533,337.2133,5.101,22.55,14.301228837638627
2022-05-20 09:00:00,2022-05-20 09:00:00,-22.03,9.67,17.7,176.0,22.12,13.03,258.5,16.32,886.6788,507.825,108.043,241.4628,336.86,1.353,11.6,11.970817976239758
2022-05-20 10:00:00,2022-05-20 10:00:00,-22.37,10.74,18.35,173.5,22.12,13.55,261.1,16.55,579.595,466.2996,101.2723,239.5624,336.5717,3.979,26.67,13.338512314237489
2022-05-20 11:00:00,2022-05-20 11:00:00,-22.08,15.5,17.97,172.3,21.71,13.38,262.2,16.26,622.9736,387.125,100.2426,232.6817,336.4167,10.55,42.43,19.197110359536627
2022-05-20 12:00:00,2022-05-20 12:00:00,-22.51,29.72,17.1,171.7,19.79,12.67,263.0,14.81,370.4335,275.7548,106.2416,230.7376,336.3233,21.89,64.21,36.9598654208514
2022-05-20 13:00:00,2022-05-20 13:00:00,-23.84,15.59,15.99,163.5,19.52,12.5,271.3,15.04,127.50252631578947,121.1274,101.3221,217.8107,336.2733,12.57,34.72,19.634128499342747
2022-05-20 14:00:00,2022-05-20 14:00:00,-24.56,11.46,13.4,150.6,17.47,11.29,284.6,15.21,0.0,0.0,116.024,205.9285,336.4483,6.716,29.26,14.531478760619056
2022-05-20 15:00:00,2022-05-20 15:00:00,-24.05,28.21,7.422,143.6,13.77,5.918,285.8,12.95,0.0,0.0,123.1863,209.8436,336.785,31.2,37.71,35.59856726791249
2022-05-20 16:00:00,2022-05-20 16:00:00,-24.25,34.25,4.467,134.6,9.38,3.314,287.3,10.97,0.0,0.0,125.6739,207.3976,336.835,36.29,41.99,43.30243042019907
2022-05-20 17:00:00,2022-05-20 17:00:00,-24.48,37.98,5.794,144.1,11.85,4.437,285.0,9.52,0.0,0.0,124.4289,205.9783,336.7283,39.12,42.11,48.12288199296264
2022-05-20 18:00:00,2022-05-20 18:00:00,-24.6,43.31,4.04,152.0,8.15,2.956,275.1,8.93,0.0,0.0,129.9275,204.9223,336.645,42.74,44.78,54.938602669668626
2022-05-20 19:00:00,2022-05-20 19:00:00,-24.82,50.01,5.329,143.0,10.34,4.449,288.1,8.18,0.0,0.0,130.5595,204.7999,336.3233,46.87,51.24,63.56955622365669
2022-05-20 20:00:00,2022-05-20 20:00:00,-24.38,59.46,4.182,157.7,6.505,3.119,270.6,5.214,0.0,0.0,129.0186,203.5837,336.0083,52.33,54.68,75.26807334947625
2022-05-20 21:00:00,2022-05-20 21:00:00,-24.79,66.23,4.997,179.2,6.916,3.316,250.8,5.214,0.0,0.0,126.7038,202.7404,335.7466,55.83,57.57,84.16354017727357
2022-05-20 22:00:00,2022-05-20 22:00:00,-25.24,70.26,5.147,178.7,6.642,3.383,252.1,4.865,0.0,0.0,123.7598,201.319,335.3767,57.81,58.89,89.6648867377294
2022-05-20 23:00:00,2022-05-20 23:00:00,-25.26,72.55,7.489,182.0,10.34,5.193,250.4,7.714,0.0,0.0,120.8595,201.4324,335.1717,58.93,60.28,92.6048245401308
2022-05-21 00:00:00,2022-05-21 00:00:00,-25.67,74.27,8.06,193.4,10.48,5.594,238.0,8.0,0.0,0.0,112.3238,200.4529,335.2483,59.69,60.7,95.16738511524322
2022-05-21 01:00:00,2022-05-21 01:00:00,-26.22,72.94,7.245,181.9,12.53,4.944,250.6,9.4,89.54716,22.11251,106.3073,198.6051,335.3083,58.99,60.14,93.9481985588701
2022-05-21 02:00:00,2022-05-21 02:00:00,-26.23,70.29,3.073,179.8,6.779,1.91,250.1,5.098,410.0483,48.27383,109.8253,199.0241,335.3383,57.71,61.71,90.54345739653162
2022-05-21 03:00:00,2022-05-21 03:00:00,-26.39,63.75,0.233,176.7,3.217,0.586,269.6,2.365,485.0007,123.8288,119.372,201.8517,335.44,54.36,58.07,82.24260276434143
2022-05-21 04:00:00,2022-05-21 04:00:00,-26.27,65.41,0.08,120.4,3.08,0.776,295.7,4.284,720.5441,225.6924,132.5891,219.9677,335.53,55.1,59.51,84.28901836236054
2022-05-21 05:00:00,2022-05-21 05:00:00,-25.73,65.63,2.008,106.7,4.998,2.199,313.8,6.144,891.5812,371.6417,145.658,231.8607,335.61,55.11,61.29,84.14388473909436
2022-05-21 06:00:00,2022-05-21 06:00:00,-23.7,72.32,3.052,149.2,9.38,2.219,271.6,7.074,1062.614,516.7597,160.3931,249.0342,335.85,58.3,63.41,90.95941943475208
2022-05-21 07:00:00,2022-05-21 07:00:00,-22.1,79.49,2.43,153.5,7.19,1.563,263.0,5.505,766.2887,462.1645,219.9604,256.477,335.855,61.83,64.58,98.46896582012734
2022-05-21 08:00:00,2022-05-21 08:00:00,-22.16,78.36,1.909,154.1,6.231,1.372,262.5,4.574,769.5316,547.7205,218.5245,253.1678,335.7483,61.17,63.44,97.12464164541217
2022-05-21 09:00:00,2022-05-21 09:00:00,-22.06,79.31,5.927,165.3,10.48,4.013,264.7,7.83,668.6909,579.5707,217.3503,245.6828,335.5433,61.65,63.3,98.20857114428347
2022-05-21 10:00:00,2022-05-21 10:00:00,-21.45,79.07,2.689,150.0,7.327,2.086,275.9,7.132,665.5925263157895,632.3129,187.0594,250.7233,335.425,61.62,63.69,97.3437545257868
2022-05-21 11:00:00,2022-05-21 11:00:00,-22.6,78.6,7.534,152.9,13.36,5.789,278.8,10.74,560.4368421052632,532.415,139.3468,233.2268,335.2083,61.28,63.47,97.83086045590913
2022-05-21 12:00:00,2022-05-21 12:00:00,-23.67,73.85,11.07,165.6,14.18,8.23,267.6,11.03,420.00884210526317,399.0084,111.9914,220.174,335.1217,59.19,62.15,92.85734197493143
2022-05-21 13:00:00,2022-05-21 13:00:00,-25.48,55.72,8.54,161.0,12.12,6.377,271.2,9.34,195.08389473684213,185.3297,103.2,207.4859,335.1217,49.8,55.92,71.27024613883893
2022-05-21 14:00:00,2022-05-21 14:00:00,-26.7,50.38,8.01,159.4,12.94,5.868,272.4,10.16,0.0,0.0,96.42326,192.6965,335.2367,45.79,55.81,65.18372759864981
2022-05-21 15:00:00,2022-05-21 15:00:00,-24.45,9.06,9.39,151.4,14.73,7.571,280.6,13.0,0.0,0.0,93.84702,198.5061,335.3533,5.572,23.1,11.476293520182349
2022-05-21 16:00:00,2022-05-21 16:00:00,-24.48,4.153,12.16,168.1,15.14,9.12,265.6,11.43,0.0,0.0,93.52071,198.3825,335.295,,,5.26209396831948
2022-05-21 17:00:00,2022-05-21 17:00:00,-25.74,4.579,10.76,179.0,14.18,7.568,255.3,10.56,0.0,0.0,92.54365,194.7881,334.9917,,,5.871265232249581
2022-05-21 18:00:00,2022-05-21 18:00:00,-26.79,8.76,12.39,172.5,17.6,9.0,261.4,13.7,0.0,0.0,91.82005,192.816,334.5583,0.371,6.405,11.343627229398539
2022-05-21 19:00:00,2022-05-21 19:00:00,-27.06,15.41,14.01,173.9,21.85,10.11,260.0,16.84,0.0,0.0,93.51743,193.2368,334.195,11.39,44.51,20.005535818566024
2022-05-21 20:00:00,2022-05-21 20:00:00,-27.72,30.75,22.84,171.7,28.15,16.52,261.2,20.97,0.0,0.0,105.6111,196.3167,333.4283,32.24,45.05,40.167627725234226
2022-05-21 21:00:00,2022-05-21 21:00:00,-28.29,63.82,26.52,170.5,33.22,19.51,262.0,24.75,0.0,0.0,142.1133,199.5938,332.9267,53.72,62.5,83.81079581838588
2022-05-21 22:00:00,2022-05-21 22:00:00,-28.01,72.92,24.54,172.5,30.48,18.72,261.3,22.89,0.0,0.0,184.486,202.8589,332.7,58.83,61.95,95.51128792759802
2022-05-21 23:00:00,2022-05-21 23:00:00,-27.94,75.66,19.84,176.1,24.45,14.72,257.1,18.53,0.0,0.0,196.1652,203.3424,332.6533,60.3,60.74,99.03538673931138
2022-05-22 00:00:00,2022-05-22 00:00:00,-28.11,75.55,17.78,180.7,22.81,12.82,251.9,16.26,11.25792,8.548462,162.4248,201.6795,332.595,60.24,60.83,99.04853478184268
2022-05-22 01:00:00,2022-05-22 01:00:00,-28.89,74.89,14.91,177.1,19.11,11.08,256.3,14.75,87.9008,32.61953,126.0384,196.3423,332.915,,,98.89973102303404
2022-05-22 02:00:00,2022-05-22 02:00:00,-29.48,73.83,13.85,169.0,17.74,10.49,264.4,12.89,354.2831,52.12404,120.3217,193.6844,333.4183,59.2,61.56,98.036078861524
2022-05-22 03:00:00,2022-05-22 03:00:00,-28.44,35.43,15.48,168.5,19.25,11.26,264.9,14.22,628.9742,194.7838,152.2335,203.647,333.5783,34.32,58.8,46.59313135285148
2022-05-22 04:00:00,2022-05-22 04:00:00,-26.33,49.45,16.29,162.8,23.63,12.36,270.8,17.77,652.9,320.1413,199.8192,218.7862,333.7716,40.71,61.67,63.758497469155216
2022-05-22 05:00:00,2022-05-22 05:00:00,-24.31,77.64,15.64,174.9,23.36,11.0,258.5,18.0,674.4222,405.9388,214.9621,228.0224,334.1233,61.32,63.0,98.21635287879889
2022-05-22 06:00:00,2022-05-22 06:00:00,-23.94,77.84,13.86,181.4,21.16,9.59,250.4,15.56,802.7738,480.8355,216.3275,234.2342,334.225,61.36,63.18,98.12502945421737
2022-05-22 07:00:00,2022-05-22 07:00:00,-24.3,77.56,10.74,192.4,16.37,6.507,238.8,11.72,733.2823,474.7484,217.3228,233.2048,334.1333,61.11,62.73,98.10586774592369
2022-05-22 08:00:00,2022-05-22 08:00:00,-26.11,76.64,16.32,187.5,22.81,10.63,244.7,15.27,588.6152,384.5031,212.2422,217.5427,333.545,60.56,62.26,98.61181226700496
2022-05-22 09:00:00,2022-05-22 09:00:00,-25.43,76.96,14.3,193.1,23.9,9.9,238.4,15.79,564.9354,359.5251,212.3251,219.2557,333.3333,60.91,63.13,98.39148282218771
2022-05-22 10:00:00,2022-05-22 10:00:00,-27.61,75.27,15.07,187.7,19.11,10.16,244.2,14.28,532.2923,329.8262,204.7433,220.7365,332.965,59.88,61.15,98.2214166499581
2022-05-22 11:00:00,2022-05-22 11:00:00,-27.34,75.43,16.23,185.1,21.85,11.29,247.0,16.96,442.2795789473684,420.1656,123.0821,219.7847,332.8116,60.0,60.85,98.18178738309683
2022-05-22 12:00:00,2022-05-22 12:00:00,-26.35,52.87,16.47,173.5,21.85,12.14,259.1,15.97,325.00568421052634,308.7554,110.6363,216.31,332.725,47.79,61.76,68.18089856462444
2022-05-22 13:00:00,2022-05-22 13:00:00,-26.47,37.27,18.63,165.8,22.81,14.28,266.6,17.42,147.1965263157895,139.8367,111.8713,208.0359,332.7083,38.41,44.12,48.117435620488074
2022-05-22 14:00:00,2022-05-22 14:00:00,-27.51,42.77,17.41,161.0,21.03,13.89,271.4,17.89,0.0,0.0,110.7202,194.2563,332.955,42.26,45.67,55.75928495201189
2022-05-22 15:00:00,2022-05-22 15:00:00,-27.96,56.5,15.34,164.2,18.84,11.92,267.6,15.1,0.0,0.0,110.3289,199.1902,333.3416,50.41,57.15,73.96966584606
2022-05-22 16:00:00,2022-05-22 16:00:00,-27.99,68.17,17.1,165.3,20.89,13.32,266.7,16.78,0.0,0.0,109.2232,198.2299,333.39,56.5,62.2,89.27301599295822
2022-05-22 17:00:00,2022-05-22 17:00:00,-28.23,53.05,14.31,162.5,22.26,11.39,269.7,17.71,0.0,0.0,104.8056,195.8308,333.355,48.51,60.54,69.62824008832965
2022-05-22 18:00:00,2022-05-22 18:00:00,-29.04,75.7,10.56,166.9,19.11,8.16,265.8,15.62,0.0,0.0,112.2295,193.156,333.2917,60.16,61.81,100.0
2022-05-22 19:00:00,2022-05-22 19:00:00,-27.02,37.86,9.31,170.8,13.22,6.784,260.9,9.69,0.0,0.0,100.7125,191.4987,333.2917,29.71,60.94,49.132097821479455
2022-05-22 20:00:00,2022-05-22 20:00:00,-27.57,11.34,11.46,180.7,15.27,7.965,252.4,11.43,0.0,0.0,90.96253,190.5365,332.935,9.76,32.18,14.792269750731133
2022-05-22 21:00:00,2022-05-22 21:00:00,-28.64,10.9,14.8,176.6,19.93,10.74,256.2,14.86,0.0,0.0,90.90941,188.119,332.6167,6.987,32.49,14.361069454849883
2022-05-22 22:00:00,2022-05-22 22:00:00,-28.14,8.52,19.36,167.6,24.04,14.69,264.6,18.06,0.0,0.0,137.056,194.0956,332.3783,3.654,33.21,11.173129025972937
2022-05-22 23:00:00,2022-05-22 23:00:00,-27.12,74.78,17.61,170.0,24.32,13.81,262.2,18.7,0.0,0.0,188.329,205.1884,332.485,59.87,61.95,97.13533469259106
2022-05-23 00:00:00,2022-05-23 00:00:00,-26.75,76.59,16.66,175.3,20.48,12.81,258.6,15.85,0.0,0.0,171.9221,206.6593,332.63,60.88,61.26,99.14182234282468
2022-05-23 01:00:00,2022-05-23 01:00:00,-26.63,76.66,14.38,179.4,19.52,11.18,253.8,15.74,69.45847,41.27605,188.1808,209.0177,333.0867,60.88,61.22,99.12072363460145
2022-05-23 02:00:00,2022-05-23 02:00:00,-26.35,76.94,15.87,178.4,20.89,12.54,254.8,17.95,145.443,62.94698,187.01,204.1799,333.2583,60.99,63.49,99.22145518369973
2022-05-23 03:00:00,2022-05-23 03:00:00,-25.73,77.5,16.98,183.5,21.99,13.04,248.1,17.01,317.1645,158.277,202.4745,208.6319,333.64,61.27,64.54,99.3623505604116
2022-05-23 04:00:00,2022-05-23 04:00:00,-24.18,78.23,15.47,184.6,20.75,12.09,247.4,19.4,453.1741,251.9724,215.8119,215.2115,334.1067,61.7,64.16,98.84103683396785
2022-05-23 05:00:00,2022-05-23 05:00:00,-23.08,78.95,14.46,181.3,19.93,10.96,249.3,15.45,660.3566,344.3891,217.7491,220.5927,334.3317,62.09,63.84,98.71577252800824
2022-05-23 06:00:00,2022-05-23 06:00:00,-23.32,78.3,10.74,184.3,18.84,9.24,247.1,17.36,875.0848,455.0273,205.9756,224.8899,334.4667,61.69,63.71,98.12636258983339
2022-05-23 07:00:00,2022-05-23 07:00:00,-24.29,77.43,9.81,179.3,10.48,7.901,251.6,10.45,1143.207,571.9441,165.9828,227.572,334.5017,61.1,62.2,97.93216319232253
2022-05-23 08:00:00,2022-05-23 08:00:00,-25.13,77.0,10.06,175.9,10.48,8.4,255.2,9.98,1141.387,599.2651,117.2761,223.8571,334.41,60.78,62.92,98.16444828140975
2022-05-23 09:00:00,2022-05-23 09:00:00,-24.58,76.76,10.42,176.3,11.16,9.64,255.3,12.25,779.8319,579.381,107.8329,227.3432,334.1633,60.76,63.51,97.35141723400011
2022-05-23 10:00:00,2022-05-23 10:00:00,-24.57,65.57,10.71,179.9,11.44,11.27,252.9,13.93,560.9555789473684,532.9078,105.4277,226.6819,334.245,55.3,59.49,83.1517583507889
2022-05-23 11:00:00,2022-05-23 11:00:00,-24.27,40.71,19.4,182.2,25.14,12.74,250.7,16.96,466.89442105263157,443.5497,97.87235,221.841,334.375,40.52,51.0,51.47958028851658
2022-05-23 12:00:00,2022-05-23 12:00:00,-24.21,23.38,18.21,180.1,21.44,12.47,252.6,14.75,336.39200000000005,319.5724,96.58339,216.1034,334.6633,26.2,34.63,29.54825181310969
2022-05-23 13:00:00,2022-05-23 13:00:00,-24.82,19.35,17.87,180.7,23.77,12.13,251.7,17.07,154.76473684210526,147.0265,95.36346,207.6251,334.8067,21.18,29.77,24.59649895876339
2022-05-23 14:00:00,2022-05-23 14:00:00,-25.25,7.08,16.93,183.1,21.3,11.37,249.2,14.75,0.0,0.0,93.9994,197.0184,335.4467,0.478,12.46,9.036255164628304
2022-05-23 15:00:00,2022-05-23 15:00:00,-25.58,4.95,15.09,185.7,20.62,9.63,246.8,15.27,0.0,0.0,98.76767,199.7672,335.7766,,,6.337407815311883
2022-05-23 16:00:00,2022-05-23 16:00:00,-25.9,5.7,13.83,189.4,19.25,8.6,243.0,13.29,0.0,0.0,104.0877,198.6234,335.92,,,7.319647296530365
2022-05-23 17:00:00,2022-05-23 17:00:00,-26.54,7.16,12.62,188.0,16.92,8.1,244.9,12.19,0.0,0.0,106.6962,196.6944,335.9433,,,9.249998196056767
2022-05-23 18:00:00,2022-05-23 18:00:00,-26.51,5.715,13.74,183.4,17.19,9.36,249.7,12.71,0.0,0.0,110.1605,196.5669,335.835,,,7.381123857559955
2022-05-23 19:00:00,2022-05-23 19:00:00,-24.54,7.713,11.82,185.3,16.37,7.839,247.7,11.67,0.0,0.0,115.9899,199.9625,336.0367,,,9.77836854168008
2022-05-23 20:00:00,2022-05-23 20:00:00,-24.8,11.09,10.58,186.3,14.45,6.802,246.5,10.85,0.0,0.0,118.5761,199.0771,336.0533,6.718,15.88,14.094244974559095
2022-05-23 21:00:00,2022-05-23 21:00:00,-24.85,14.61,11.59,186.7,18.42,7.474,245.3,13.29,0.0,0.0,119.6084,199.2145,336.0717,12.18,33.08,18.57657367533886
2022-05-23 22:00:00,2022-05-23 22:00:00,-26.02,31.47,15.66,170.5,20.34,11.56,261.6,15.97,0.0,0.0,119.3042,199.3515,335.7967,33.03,54.56,40.457820874197786
2022-05-23 23:00:00,2022-05-23 23:00:00,-26.99,77.29,14.91,160.3,21.44,12.1,271.7,16.72,0.0,0.0,145.7064,201.8782,335.8883,60.83,63.51,100.0
2022-05-24 00:00:00,2022-05-24 00:00:00,-25.52,71.84,13.13,172.6,18.29,9.73,259.5,13.59,9.176103157894737,8.717298,151.8795,205.0193,336.4966,58.4,61.68,91.92363999527188
2022-05-24 01:00:00,2022-05-24 01:00:00,-25.41,78.32,13.5,185.0,18.01,9.16,248.1,13.18,94.15627,28.20486,128.3259,204.8138,336.7183,61.37,64.15,100.0
2022-05-24 02:00:00,2022-05-24 02:00:00,-25.39,79.01,12.46,188.3,17.74,8.29,244.3,13.06,356.6825,70.23901,132.765,203.0876,336.988,,,100.0
2022-05-24 03:00:00,2022-05-24 03:00:00,-25.33,68.64,12.06,187.4,15.68,8.08,245.8,11.55,591.6963,199.1793,144.8314,210.3798,337.2166,56.61,65.15,87.67185795683945
2022-05-24 04:00:00,2022-05-24 04:00:00,-23.44,80.5,13.04,199.6,18.56,9.05,232.5,13.0,695.6497,316.1146,189.5049,224.9205,337.4133,62.46,66.46,100.0
2022-05-24 05:00:00,2022-05-24 05:00:00,-22.3,79.71,14.06,192.1,17.33,10.16,240.2,13.53,752.6703,395.9645,188.6481,231.7814,337.5033,62.17,63.96,98.92968056430402
2022-05-24 06:00:00,2022-05-24 06:00:00,-22.26,79.49,14.87,187.9,19.79,10.2,244.9,14.46,789.2775,447.7223,211.0176,231.1868,337.5216,62.01,64.1,98.61908003927086
2022-05-24 07:00:00,2022-05-24 07:00:00,-21.62,80.1,12.58,175.4,19.25,8.69,239.8,13.82,657.5858,407.5522,224.907,227.3292,337.4783,62.35,64.5,98.77180462166393
2022-05-24 08:00:00,2022-05-24 08:00:00,-22.17,79.51,10.46,171.6,17.74,7.832,241.7,12.07,621.7745,400.6139,224.5104,225.8452,337.455,62.41,64.58,98.55941234710453
2022-05-24 09:00:00,2022-05-24 09:00:00,-22.73,79.16,8.93,171.6,13.63,7.035,243.8,10.33,640.6098,441.8581,217.881,225.7833,337.3133,61.88,64.38,98.64973482643717
2022-05-24 10:00:00,2022-05-24 10:00:00,-23.66,78.08,10.26,184.7,14.04,7.843,240.8,10.5,538.1876842105263,511.2783,160.6216,225.8123,337.0917,61.17,63.61,98.16674232486098
2022-05-24 11:00:00,2022-05-24 11:00:00,-24.8,76.4,10.79,191.1,13.08,7.601,238.2,9.23,352.7509,316.4908,192.5505,224.1403,337.155,60.28,62.66,97.09651181752163
2022-05-24 12:00:00,2022-05-24 12:00:00,-24.99,70.38,10.14,191.8,13.08,6.75,238.4,9.46,234.02168421052633,222.3206,170.055,217.7088,337.2667,57.43,61.45,89.60636191770404
2022-05-24 13:00:00,2022-05-24 13:00:00,-25.46,55.76,10.93,190.9,14.59,7.096,241.2,10.21,153.4755789473684,145.8018,152.2289,211.4391,337.1866,49.18,60.28,71.3079643090925
2022-05-24 14:00:00,2022-05-24 14:00:00,-26.34,38.58,12.46,190.8,16.51,7.85,240.7,11.38,0.0,0.0,150.5234,202.4075,337.0733,38.23,55.64,49.74790749614929
2022-05-24 15:00:00,2022-05-24 15:00:00,-26.74,68.45,15.84,197.7,29.66,9.88,235.5,15.79,0.0,0.0,175.0295,208.1778,337.155,56.51,61.71,88.59669547455954
2022-05-24 16:00:00,2022-05-24 16:00:00,-26.45,77.77,19.09,201.4,28.56,10.95,231.7,16.49,0.0,0.0,212.8755,210.4012,336.995,61.02,62.4,100.0
2022-05-24 17:00:00,2022-05-24 17:00:00,-27.06,76.73,19.21,201.4,27.47,10.93,231.5,14.28,0.0,0.0,211.3288,208.8512,336.79,60.48,61.3,99.61224940678593
2022-05-24 18:00:00,2022-05-24 18:00:00,-26.64,77.08,19.47,201.9,26.23,11.38,232.3,16.03,0.0,0.0,209.4398,208.6836,336.7033,60.71,61.4,99.67313724766476
2022-05-24 19:00:00,2022-05-24 19:00:00,-27.57,76.3,16.25,196.7,21.3,9.98,237.2,12.83,0.0,0.0,178.1244,203.7914,336.2967,60.28,60.87,99.52823474257367
2022-05-24 20:00:00,2022-05-24 20:00:00,-29.43,74.99,18.1,197.6,22.81,11.18,235.9,13.53,0.0,0.0,106.3744,194.9836,336.0567,59.5,60.05,99.53018279706144
2022-05-24 21:00:00,2022-05-24 21:00:00,-28.35,45.44,19.88,199.9,23.08,12.09,233.9,15.68,0.0,0.0,109.1087,194.7585,335.72,42.39,59.78,59.70690560687641
2022-05-24 22:00:00,2022-05-24 22:00:00,-27.6,26.44,17.84,197.2,21.71,11.74,235.4,14.69,0.0,0.0,111.6674,195.2694,335.4367,29.68,32.23,34.49888843841334
2022-05-24 23:00:00,2022-05-24 23:00:00,-27.91,21.98,17.05,197.4,20.89,11.52,235.6,15.97,0.0,0.0,111.9733,194.2945,335.3533,24.93,31.78,28.76272473423284
2022-05-25 00:00:00,2022-05-25 00:00:00,-28.6,12.97,17.21,196.3,21.16,12.47,236.3,17.13,16.57561,13.28131,122.1411,193.7677,335.3183,10.46,24.97,17.081987730308146
2022-05-25 01:00:00,2022-05-25 01:00:00,-28.73,25.23,16.83,194.6,21.16,13.0,237.8,17.83,118.1933,46.52117,128.5251,193.4285,335.5767,,,33.26914292725926
2022-05-25 02:00:00,2022-05-25 02:00:00,-27.98,78.43,14.17,194.6,16.92,10.82,239.1,14.28,477.0413,130.9189,150.8876,196.6611,336.1417,61.19,63.87,100.0
2022-05-25 03:00:00,2022-05-25 03:00:00,-27.29,77.03,13.87,198.6,18.01,10.22,234.2,13.7,635.8389,288.9814,179.9876,210.5349,336.4633,60.59,62.83,100.0
2022-05-25 04:00:00,2022-05-25 04:00:00,-26.91,76.48,15.56,198.2,20.48,12.01,235.3,16.84,626.764,370.7531,208.3154,215.6181,336.4217,60.3,62.22,99.14814966117723
2022-05-25 05:00:00,2022-05-25 05:00:00,-24.76,77.61,17.27,200.8,20.48,14.26,233.3,17.42,657.6266,419.6801,216.2433,221.814,336.3533,61.06,62.46,98.59702846097608
2022-05-25 06:00:00,2022-05-25 06:00:00,-23.38,78.47,16.0,200.4,20.07,12.8,233.7,16.49,711.9988,452.5585,219.5637,223.9321,336.385,61.63,63.39,98.39541551969656
2022-05-25 07:00:00,2022-05-25 07:00:00,-22.94,78.56,14.67,200.0,23.63,12.97,234.9,18.88,783.9851,489.2579,217.6731,223.5405,336.25,61.73,63.81,98.09759280737975
2022-05-25 08:00:00,2022-05-25 08:00:00,-23.05,78.61,16.78,214.7,26.51,12.24,219.3,18.12,889.0566,582.7552,209.5107,232.3603,336.4083,61.71,63.2,98.26264988414972
2022-05-25 09:00:00,2022-05-25 09:00:00,-23.56,78.36,15.27,202.4,25.55,11.53,229.5,15.91,781.0823,567.6664,195.8734,233.152,335.9883,61.43,63.61,98.42540177726266
2022-05-25 10:00:00,2022-05-25 10:00:00,-22.88,78.82,12.55,191.4,16.37,10.25,239.2,13.82,635.6402,451.5906,211.2346,231.9664,335.7033,61.76,63.49,98.36616028505246
2022-05-25 11:00:00,2022-05-25 11:00:00,-23.72,78.63,11.29,191.0,15.82,8.23,240.9,12.65,307.9568,210.7118,218.7609,219.9657,335.685,61.63,63.73,98.91448050142868
2022-05-25 12:00:00,2022-05-25 12:00:00,-24.15,78.59,10.48,197.6,13.9,7.852,234.2,14.28,159.6976,119.6998,216.4804,214.3316,335.6633,61.64,63.81,99.2676903083549
2022-05-25 13:00:00,2022-05-25 13:00:00,-25.32,77.76,9.95,194.7,13.08,9.8,237.6,16.14,65.66158,60.95891,197.0312,207.8286,335.655,61.17,64.17,99.31119980233069
2022-05-25 14:00:00,2022-05-25 14:00:00,-28.03,75.85,10.09,191.0,11.57,10.08,240.8,13.59,0.0,0.0,131.5351,196.9429,335.6683,60.02,62.2,99.3675880566035
2022-05-25 15:00:00,2022-05-25 15:00:00,-28.46,75.93,11.85,193.9,18.42,11.17,238.0,15.45,0.0,0.0,108.284,200.7649,335.7067,60.08,60.78,99.8723179471113
2022-05-25 16:00:00,2022-05-25 16:00:00,-28.98,75.24,16.44,195.0,22.53,11.67,236.2,17.07,0.0,0.0,132.9351,199.3106,335.8366,59.69,60.17,99.44518733455443
2022-05-25 17:00:00,2022-05-25 17:00:00,-29.46,71.78,19.87,198.3,25.0,13.72,234.2,18.12,0.0,0.0,100.1746,194.2687,335.7583,58.01,59.86,95.29626443448556
2022-05-25 18:00:00,2022-05-25 18:00:00,-29.92,60.02,18.93,192.5,26.37,13.38,240.4,19.69,0.0,0.0,101.3377,192.1192,335.405,52.12,55.54,80.02421153355678
2022-05-25 19:00:00,2022-05-25 19:00:00,-29.68,56.06,17.69,188.7,21.99,12.88,244.9,16.78,0.0,0.0,99.64056,191.3696,335.2683,50.06,52.56,74.57825014586517
2022-05-25 20:00:00,2022-05-25 20:00:00,-28.88,56.2,18.18,188.6,20.75,12.92,244.9,15.97,0.0,0.0,98.18338,192.2777,334.8633,50.2,53.62,74.21081063192696
2022-05-25 21:00:00,2022-05-25 21:00:00,-29.52,50.41,17.41,188.0,20.07,12.42,245.4,15.39,0.0,0.0,96.67448,190.1672,334.6067,46.75,59.66,66.96240191912719
2022-05-25 22:00:00,2022-05-25 22:00:00,-29.52,76.68,15.97,185.7,19.11,11.8,247.2,14.92,0.0,0.0,161.0976,195.6321,334.3267,60.46,62.82,100.0
2022-05-25 23:00:00,2022-05-25 23:00:00,-30.09,74.58,15.92,183.5,18.84,11.55,248.7,14.86,0.0,0.0,149.5916,193.5542,334.155,59.45,60.01,99.59365060742437
2022-05-26 00:00:00,2022-05-26 00:00:00,-29.7,55.7,20.97,182.8,25.82,15.01,249.7,19.28,0.0,0.0,95.08467,189.6967,334.0483,48.45,60.0,74.11307893134793
2022-05-26 01:00:00,2022-05-26 01:00:00,-28.05,12.75,22.66,183.5,25.27,16.21,249.9,19.11,90.32856,32.69895,93.60966,191.659,334.2717,9.65,23.95,16.70630721484451
2022-05-26 02:00:00,2022-05-26 02:00:00,-27.09,8.53,21.82,184.2,25.0,14.99,248.3,18.18,424.351,76.4782,95.98634,182.3341,334.5667,0.292,14.57,11.07691192532029
2022-05-26 03:00:00,2022-05-26 03:00:00,-26.75,6.416,21.45,184.5,25.96,14.39,248.4,17.95,665.6198,236.259,97.32372,195.8139,334.8283,,,8.305182558448402
2022-05-26 04:00:00,2022-05-26 04:00:00,-26.18,5.288,22.82,183.3,26.37,15.55,249.4,19.86,876.5485,393.0182,100.1284,205.2273,334.985,,,6.808489930838888
2022-05-26 05:00:00,2022-05-26 05:00:00,-25.37,5.854,22.95,182.5,25.82,16.08,250.7,19.05,1035.018,511.5265,102.8981,211.2475,335.1683,,,7.479963427749068
2022-05-26 06:00:00,2022-05-26 06:00:00,-24.35,6.192,22.63,180.2,25.41,16.59,253.0,18.7,1133.86,597.6545,105.195,219.8633,335.265,,,7.835984803190445
2022-05-26 07:00:00,2022-05-26 07:00:00,-23.57,12.24,22.72,180.2,29.11,16.66,253.2,20.97,1165.507,645.9487,106.2905,221.6176,335.1967,7.793,24.12,15.375716854890802
2022-05-26 08:00:00,2022-05-26 08:00:00,-21.57,6.471,25.98,181.0,29.38,18.89,252.4,22.77,1108.99,648.0789,107.8342,229.2845,335.1183,,,7.975626558563926
2022-05-26 09:00:00,2022-05-26 09:00:00,-21.86,8.51,26.7,181.2,30.07,18.84,251.7,21.96,735.5714,599.0571,104.7371,228.3374,335.0433,1.454,25.37,10.517767141970573
2022-05-26 10:00:00,2022-05-26 10:00:00,-22.89,55.13,22.25,185.4,28.29,15.07,247.4,20.27,568.1192631578948,539.7133,130.2789,225.7561,335.1383,47.79,62.91,68.80793881471257
2022-05-26 11:00:00,2022-05-26 11:00:00,-23.4,68.1,20.46,181.9,26.1,14.21,251.0,19.11,465.47705263157894,442.2032,106.0665,223.7463,335.3233,55.66,63.42,85.40842989170494
2022-05-26 12:00:00,2022-05-26 12:00:00,-21.94,11.95,19.93,179.4,24.86,14.54,253.5,18.58,344.90915789473684,327.6637,96.67189,218.2824,335.4817,6.855,32.64,14.780629472913843
2022-05-26 13:00:00,2022-05-26 13:00:00,-22.63,13.44,18.54,179.5,21.58,13.5,252.9,16.08,165.34505263157894,157.0778,95.99301,211.0506,335.58,9.38,33.72,16.733103309599677
2022-05-26 14:00:00,2022-05-26 14:00:00,-25.12,20.01,16.13,180.3,19.11,11.56,252.2,14.46,0.0,0.0,93.42929,197.7876,335.745,19.2,40.26,25.50760057807084
2022-05-26 15:00:00,2022-05-26 15:00:00,-26.58,15.74,11.95,176.2,17.05,8.96,256.3,12.77,0.0,0.0,92.10104,197.2409,336.0583,10.66,54.87,20.34213302027859
2022-05-26 16:00:00,2022-05-26 16:00:00,-26.19,30.09,10.5,179.6,15.14,7.687,252.7,11.49,0.0,0.0,91.99491,195.3359,336.355,23.19,61.92,38.74559898024675
2022-05-26 17:00:00,2022-05-26 17:00:00,-25.16,5.761,13.6,177.9,16.23,9.97,254.9,12.54,0.0,0.0,92.22794,196.8158,336.1967,,,7.346565063276043
2022-05-26 18:00:00,2022-05-26 18:00:00,-25.11,4.501,11.66,176.2,14.45,8.7,256.3,10.79,0.0,0.0,92.28167,195.7025,335.955,,,5.737075232721271
2022-05-26 19:00:00,2022-05-26 19:00:00,-25.28,3.478,10.52,177.8,14.04,7.795,254.5,11.38,0.0,0.0,92.37296,194.28,335.615,,,4.440252897415828
2022-05-26 20:00:00,2022-05-26 20:00:00,-24.49,2.67,11.72,171.3,14.59,8.8,260.7,11.38,0.0,0.0,93.26853,195.3154,335.1967,,,3.3833661486305773
2022-05-26 21:00:00,2022-05-26 21:00:00,-24.23,2.992,10.58,169.7,12.12,7.901,261.8,9.28,0.0,0.0,92.63087,194.5782,334.8333,,,3.7820832347430042
2022-05-26 22:00:00,2022-05-26 22:00:00,-23.95,1.903,8.73,168.2,10.34,6.551,262.6,8.18,0.0,0.0,92.11643,193.6034,334.5866,,,2.3991472286814575
2022-05-26 23:00:00,2022-05-26 23:00:00,-24.09,1.447,7.548,169.7,9.25,5.632,261.6,6.958,0.0,0.0,92.02773,192.5617,334.6033,,,1.8266799316402103
2022-05-27 00:00:00,2022-05-27 00:00:00,-23.61,1.369,5.778,174.3,7.464,4.126,254.9,5.621,0.0,0.0,92.48615,192.3617,334.6767,,,1.7203710873722398
2022-05-27 01:00:00,2022-05-27 01:00:00,-23.62,1.962,4.866,184.9,7.053,3.331,244.1,5.098,85.30308,26.63643,93.70539,192.3344,334.87,,,2.4658058013656357
2022-05-27 02:00:00,2022-05-27 02:00:00,-22.96,1.883,2.933,195.8,5.683,2.342,228.3,4.226,418.428,62.12729,98.5773,191.6366,335.215,,,2.3517422166751363
2022-05-27 03:00:00,2022-05-27 03:00:00,-23.28,2.054,1.412,167.9,4.998,1.578,265.1,4.109,659.4024,208.8223,105.1822,201.0009,335.3683,,,2.573116826624851
2022-05-27 04:00:00,2022-05-27 04:00:00,-22.0,3.469,0.276,133.7,4.724,0.647,308.7,3.877,868.7175,357.1306,112.7305,220.7518,335.62,0.33,9.98,4.293164735902313
2022-05-27 05:00:00,2022-05-27 05:00:00,-19.44,8.17,0.002,316.5,0.477,0.279,229.3,2.307,1024.304,465.0374,121.3878,246.2861,335.83,3.822,20.72,9.866676110771992
2022-05-27 06:00:00,2022-05-27 06:00:00,-20.99,13.81,0.171,98.4,3.628,0.869,277.4,6.377,1109.626,544.3153,125.0418,254.7403,336.04,9.96,42.73,16.92712642655994
2022-05-27 07:00:00,2022-05-27 07:00:00,-19.99,69.27,0.209,127.3,5.409,0.442,232.7,5.039,971.5916,653.6671,231.5661,257.9421,336.1717,56.91,63.05,84.09730946174211
2022-05-27 08:00:00,2022-05-27 08:00:00,-20.36,73.7,1.809,165.3,7.875,1.502,245.9,6.377,980.6539,768.3189,286.9002,254.5913,336.2067,58.97,62.26,89.7929083571714
2022-05-27 09:00:00,2022-05-27 09:00:00,-21.65,78.8,4.427,166.8,8.56,3.092,257.8,7.132,764.397052631579,726.1772,209.1267,243.7833,336.2333,61.3,63.8,97.19656436576372
2022-05-27 10:00:00,2022-05-27 10:00:00,-20.74,79.28,1.523,164.0,6.231,1.347,241.3,4.749,609.9588421052632,579.4609,187.4907,240.5717,336.23,61.72,64.1,96.9428937148823
2022-05-27 11:00:00,2022-05-27 11:00:00,-20.98,79.17,3.943,174.4,8.97,2.625,251.8,6.609,514.2722105263158,488.5586,190.2879,235.1057,336.1467,61.7,63.85,97.03060241512877
2022-05-27 12:00:00,2022-05-27 12:00:00,-21.3,79.58,4.069,165.2,8.7,2.599,256.9,6.609,369.8453684210526,351.3531,180.8685,226.6349,336.4366,61.98,63.87,97.83150895789737
2022-05-27 13:00:00,2022-05-27 13:00:00,-21.98,78.89,1.355,91.6,5.683,0.925,281.6,5.737,214.01515789473686,203.3144,147.4295,209.5643,336.4433,61.61,64.4,97.61408126690746
2022-05-27 14:00:00,2022-05-27 14:00:00,-24.27,78.52,1.796,103.9,6.231,1.068,278.5,7.132,0.0,0.0,192.5635,205.5247,336.53,61.33,62.45,99.29198340099046
2022-05-27 15:00:00,2022-05-27 15:00:00,-24.38,78.79,0.048,162.5,1.71,0.068,231.4,1.203,0.0,0.0,218.741,211.455,336.8133,61.61,62.02,99.73715942154783
2022-05-27 16:00:00,2022-05-27 16:00:00,-24.53,78.79,0.218,85.8,4.176,0.205,228.3,5.33,0.0,0.0,217.5381,210.7593,337.1033,61.62,62.11,99.87875195085456
2022-05-27 17:00:00,2022-05-27 17:00:00,-24.0,79.22,0.001,119.0,0.477,0.5,240.6,2.191,0.0,0.0,221.5825,216.4836,337.205,61.88,62.39,99.92142668632972
2022-05-27 18:00:00,2022-05-27 18:00:00,-24.11,79.01,3.645,163.8,6.916,2.037,260.5,4.4,0.0,0.0,221.225,214.9658,337.0717,61.79,62.18,99.76041043621917
2022-05-27 19:00:00,2022-05-27 19:00:00,-24.43,78.8,2.134,169.2,6.094,1.492,258.4,4.458,0.0,0.0,219.525,213.4216,336.905,61.67,62.14,99.79700663045162
2022-05-27 20:00:00,2022-05-27 20:00:00,-24.62,78.73,3.367,159.7,5.272,2.307,267.4,4.807,0.0,0.0,218.6939,213.0954,336.6583,61.65,62.02,99.88764748505409
2022-05-27 21:00:00,2022-05-27 21:00:00,-24.97,78.22,1.048,151.8,4.724,0.81,305.1,4.691,0.0,0.0,216.8496,210.5127,336.59,61.39,61.92,99.56928392323798
2022-05-27 22:00:00,2022-05-27 22:00:00,-26.24,77.48,0.317,140.9,2.669,0.565,286.6,2.365,0.0,0.0,206.8622,199.1746,336.5933,60.92,61.52,99.81457775893955
2022-05-27 23:00:00,2022-05-27 23:00:00,-25.86,77.86,1.86,173.4,4.45,1.287,256.9,4.691,0.0,0.0,210.0562,203.6106,336.675,61.19,61.6,99.94617348207183
2022-05-28 00:00:00,2022-05-28 00:00:00,-27.0,76.83,0.052,92.5,2.258,0.238,335.7,1.958,0.0,0.0,204.2514,197.6257,336.8133,60.58,61.05,99.6859832671783
2022-05-28 01:00:00,2022-05-28 01:00:00,-26.48,77.64,0.116,95.3,2.258,0.275,325.5,3.586,101.3533,37.76401,202.7446,195.9448,337.125,,,100.0
2022-05-28 02:00:00,2022-05-28 02:00:00,-24.29,78.35,0.244,104.5,2.532,0.26,282.1,3.295,383.1549,107.6343,228.1861,214.04,337.38,61.58,66.15,99.09576373651646
2022-05-28 03:00:00,2022-05-28 03:00:00,-23.91,77.94,1.6,107.4,5.272,1.457,307.0,6.028,394.8116,243.2457,240.6066,220.6418,337.575,61.33,64.78,98.223170793318
2022-05-28 04:00:00,2022-05-28 04:00:00,-25.18,77.01,0.529,102.6,4.039,1.682,317.2,5.039,394.4934,357.8496,239.463,205.5382,337.765,60.63,63.05,98.2235297118162
2022-05-28 05:00:00,2022-05-28 05:00:00,-24.52,77.62,0.733,100.4,4.45,1.829,318.3,6.028,519.6217894736842,493.6407,247.8148,220.024,337.8583,60.93,62.76,98.38628898141609
2022-05-28 06:00:00,2022-05-28 06:00:00,-23.07,78.02,2.563,114.9,8.56,2.98,308.7,9.75,1064.152,736.0179,187.0612,234.9798,337.9483,61.14,63.3,97.54367529852695
2022-05-28 07:00:00,2022-05-28 07:00:00,-22.71,78.87,3.599,104.8,8.01,3.811,316.4,8.76,1180.25,813.095,157.7737,237.8676,338.0783,61.42,63.54,98.26964884077444
2022-05-28 08:00:00,2022-05-28 08:00:00,-19.26,81.1,1.228,111.9,5.135,1.34,283.6,7.655,988.5833,785.3151,210.6149,261.2381,338.12,62.71,64.38,97.77328906993583
2022-05-28 09:00:00,2022-05-28 09:00:00,-18.25,79.95,2.759,146.8,6.779,2.069,275.7,5.388,806.8309,740.4496,237.4517,260.107,338.1733,62.08,64.09,95.45688414307023
2022-05-28 10:00:00,2022-05-28 10:00:00,-19.06,80.1,5.373,149.7,10.48,3.881,278.2,7.888,719.5995789473684,683.6196,213.698,248.1682,338.125,62.1,64.73,96.38264142940412
2022-05-28 11:00:00,2022-05-28 11:00:00,-18.55,81.7,6.03,154.2,8.83,3.989,274.6,6.144,616.1633684210526,585.3552,169.674,235.3878,337.9817,62.99,64.51,97.82783478248642
2022-05-28 12:00:00,2022-05-28 12:00:00,-19.94,80.3,4.72,157.6,8.15,3.099,268.4,8.35,394.0852631578947,374.381,179.4811,228.5556,338.09,62.3,65.48,97.44163640019545
2022-05-28 13:00:00,2022-05-28 13:00:00,-21.39,80.2,1.743,173.5,6.505,1.149,250.9,5.621,76.10596842105264,72.30067,228.5643,222.7611,338.3883,62.2,64.67,98.67840844776394
2022-05-28 14:00:00,2022-05-28 14:00:00,-21.92,80.7,0.467,154.5,6.094,0.472,259.9,4.226,0.0,0.0,227.8941,216.8004,338.6183,62.49,64.69,99.79661431949542
2022-05-28 15:00:00,2022-05-28 15:00:00,-23.3,79.32,0.827,148.0,7.053,0.512,253.0,5.795,0.0,0.0,217.6508,200.2088,338.7317,61.8,62.83,99.38577071185449
2022-05-28 16:00:00,2022-05-28 16:00:00,-24.57,79.0,0.108,328.6,3.902,0.126,238.7,4.4,0.0,0.0,209.0309,192.5433,338.9517,61.6,62.14,100.0
2022-05-28 17:00:00,2022-05-28 17:00:00,-24.64,79.42,0.915,182.0,4.998,0.566,230.9,3.644,0.0,0.0,209.8106,198.434,339.0266,61.83,62.73,100.0
2022-05-28 18:00:00,2022-05-28 18:00:00,-24.42,78.93,0.14,187.6,2.943,0.173,244.2,2.191,0.0,0.0,210.9887,200.6514,338.8533,61.65,62.53,99.9521918767431
2022-05-28 19:00:00,2022-05-28 19:00:00,-24.7,79.04,0.07,59.15,2.532,0.148,298.0,2.83,0.0,0.0,207.265,198.4131,338.6566,61.7,62.15,100.0
2022-05-28 20:00:00,2022-05-28 20:00:00,-25.08,78.64,0.105,125.1,2.258,0.289,262.6,3.121,0.0,0.0,203.7215,198.3084,338.36,61.52,62.08,100.0
2022-05-28 21:00:00,2022-05-28 21:00:00,-24.48,79.1,2.317,147.3,7.738,1.904,276.5,7.772,0.0,0.0,210.507,206.6811,338.1167,61.81,62.46,100.0
2022-05-28 22:00:00,2022-05-28 22:00:00,-25.82,77.87,0.418,254.9,4.039,0.308,211.6,2.423,0.0,0.0,201.7111,195.7145,337.9716,61.09,61.6,99.92137400214234
2022-05-28 23:00:00,2022-05-28 23:00:00,-26.11,78.08,0.456,203.3,2.806,0.378,251.9,4.284,0.0,0.0,199.0623,191.458,337.9683,61.2,61.57,100.0
2022-05-29 00:00:00,2022-05-29 00:00:00,-25.87,78.26,0.807,179.8,5.683,0.475,241.5,4.226,0.0,0.0,200.4536,189.1823,338.175,61.31,61.71,100.0
2022-05-29 01:00:00,2022-05-29 01:00:00,-24.95,78.75,0.808,46.02,3.902,0.506,229.0,4.167,88.00113,38.28416,205.64,187.0675,338.4333,61.61,62.48,100.0
2022-05-29 02:00:00,2022-05-29 02:00:00,-23.0,78.43,0.148,235.9,3.765,0.357,228.2,3.295,409.4704,101.2642,224.5331,183.0119,338.6817,61.66,65.77,97.99110060108144
2022-05-29 03:00:00,2022-05-29 03:00:00,-22.06,79.18,0.124,125.8,2.943,0.414,248.8,3.354,531.7847,291.1284,241.215,203.3537,338.9867,61.98,64.1,98.04759378646281
2022-05-29 04:00:00,2022-05-29 04:00:00,-22.54,77.48,2.636,112.1,8.97,2.245,308.8,7.946,788.2054,439.2044,159.1207,217.0167,339.1533,60.99,64.8,96.38181835573535
2022-05-29 05:00:00,2022-05-29 05:00:00,-22.84,74.6,4.845,140.7,10.75,3.743,285.6,8.99,1038.418,633.0208,131.9748,228.4615,339.3267,59.54,62.59,93.06428273356003
2022-05-29 06:00:00,2022-05-29 06:00:00,-23.18,60.39,7.303,148.7,11.44,5.775,282.1,10.45,1121.894,727.9902,127.0539,231.2339,339.4183,52.26,58.84,75.58085998710777
2022-05-29 07:00:00,2022-05-29 07:00:00,-23.21,46.52,6.49,131.1,9.52,5.925,298.7,9.23,1149.963,777.0229,128.121,233.5046,339.3483,44.19,49.07,58.2385023194017
2022-05-29 08:00:00,2022-05-29 08:00:00,-22.49,39.02,8.67,140.4,11.44,7.417,290.8,10.33,1093.38,765.9439,127.9333,233.7124,339.2533,38.63,62.32,48.516137385470614
2022-05-29 09:00:00,2022-05-29 09:00:00,-20.19,78.67,5.935,144.6,11.3,4.816,284.4,9.34,758.2008421052632,720.2908,150.5305,245.1504,339.2133,61.3,65.43,95.69238628603749
2022-05-29 10:00:00,2022-05-29 10:00:00,-19.94,78.44,4.02,131.2,7.738,3.796,293.9,8.24,694.3897894736842,659.6703,144.7513,244.8163,339.2783,61.23,64.94,95.18458230674136
2022-05-29 11:00:00,2022-05-29 11:00:00,-17.41,55.21,0.459,151.7,4.587,0.575,218.9,4.342,579.2126315789474,550.252,126.7294,241.2156,339.405,49.49,54.16,65.38800238836059
2022-05-29 12:00:00,2022-05-29 12:00:00,-18.5,43.21,1.129,148.0,4.587,1.157,259.2,5.563,425.50189473684213,404.2268,122.84,226.2314,339.4383,41.87,47.85,51.71494950104438
2022-05-29 13:00:00,2022-05-29 13:00:00,-18.74,35.8,1.308,162.8,5.409,1.29,257.3,4.458,206.75463157894737,196.4169,121.8899,215.2137,339.6433,36.6,46.13,42.94530481319854
2022-05-29 14:00:00,2022-05-29 14:00:00,-21.95,23.7,3.612,103.5,6.231,3.393,322.2,8.06,0.0,0.0,116.8736,196.4859,339.8617,26.07,35.39,29.31667719232984
2022-05-29 15:00:00,2022-05-29 15:00:00,-21.72,13.94,3.481,88.8,4.998,3.604,338.9,5.039,0.0,0.0,110.5807,195.2231,340.2033,12.58,19.68,17.20589580235461
2022-05-29 16:00:00,2022-05-29 16:00:00,-21.16,3.889,3.974,121.1,7.327,3.548,304.2,5.737,0.0,0.0,107.8159,196.0542,340.2283,,,4.774549998022648
2022-05-29 17:00:00,2022-05-29 17:00:00,-21.35,3.496,5.659,127.8,8.29,4.883,299.9,7.249,0.0,0.0,107.9258,197.3589,340.1883,,,4.299851397780792
2022-05-29 18:00:00,2022-05-29 18:00:00,-21.6,2.944,5.654,130.8,8.97,4.748,297.6,8.12,0.0,0.0,110.1492,197.3732,339.9883,,,3.6295723419865147
2022-05-29 19:00:00,2022-05-29 19:00:00,-22.47,4.044,5.409,133.1,8.42,4.546,294.7,7.888,0.0,0.0,106.8737,195.4549,339.7317,,,5.027215131229767
2022-05-29 20:00:00,2022-05-29 20:00:00,-22.74,6.946,6.959,133.5,10.2,5.928,296.5,9.4,0.0,0.0,106.5794,196.3203,339.4783,,,8.656975742012959
2022-05-29 21:00:00,2022-05-29 21:00:00,-22.74,10.62,7.134,129.9,11.3,6.437,300.1,9.75,0.0,0.0,110.451,198.0192,339.1783,5.112,18.99,13.235975004344604
2022-05-29 22:00:00,2022-05-29 22:00:00,-23.35,7.188,5.789,115.8,8.42,6.124,313.4,10.56,0.0,0.0,112.9618,196.4526,338.9616,,,9.010640207864958
2022-05-29 23:00:00,2022-05-29 23:00:00,-23.8,3.915,5.723,115.7,9.52,5.863,312.6,10.97,0.0,0.0,113.9554,195.1999,338.9066,,,4.928703147676358
2022-05-30 00:00:00,2022-05-30 00:00:00,-23.92,3.345,6.324,116.8,8.83,7.183,313.0,9.81,0.0,0.0,111.7895,195.3305,339.1217,,,4.215904971789425
2022-05-30 01:00:00,2022-05-30 01:00:00,-22.25,11.58,7.653,133.5,10.48,6.459,294.8,9.28,77.49985,33.43163,117.4439,199.4237,339.4716,8.69,19.48,14.365332069176352
2022-05-30 02:00:00,2022-05-30 02:00:00,-21.72,5.569,6.947,141.4,9.38,5.624,288.0,8.41,413.5203,83.78084,126.2109,201.6292,339.755,0.056,10.95,6.873718344570504
2022-05-30 03:00:00,2022-05-30 03:00:00,-21.59,7.603,8.64,142.1,10.48,7.04,288.3,9.28,657.6263,270.5989,122.0442,211.2598,339.8083,1.297,14.67,9.372624745105366
2022-05-30 04:00:00,2022-05-30 04:00:00,-22.11,6.43,8.88,151.2,10.62,7.199,279.6,8.82,863.9114,444.113,126.2407,217.1344,339.91,,,7.965979953672949
2022-05-30 05:00:00,2022-05-30 05:00:00,-22.32,10.58,8.45,142.4,13.9,6.801,287.2,12.25,1024.599,577.4737,127.4561,227.3241,339.87,2.873,13.45,13.133550019230107
2022-05-30 06:00:00,2022-05-30 06:00:00,-21.81,15.64,6.465,135.8,15.14,5.262,290.9,11.84,1121.91,676.3104,130.0406,237.8936,339.965,15.53,23.52,19.320742335719565
2022-05-30 07:00:00,2022-05-30 07:00:00,-21.61,20.96,10.98,152.4,14.73,8.74,279.5,12.25,1153.099,728.2976,127.5689,236.3732,339.9133,23.16,29.31,25.843441129095844
2022-05-30 08:00:00,2022-05-30 08:00:00,-21.41,18.58,11.42,141.6,14.45,9.52,289.9,13.29,1093.7,721.3269,129.6516,236.9729,339.74,19.0,36.49,22.86527052120656
2022-05-30 09:00:00,2022-05-30 09:00:00,-21.1,22.99,12.55,143.1,16.23,10.55,289.2,14.17,710.2133684210527,674.7027,127.4737,234.4087,339.635,25.2,35.3,28.208806027453136
2022-05-30 10:00:00,2022-05-30 10:00:00,-20.88,31.97,12.66,144.6,15.68,10.57,287.0,14.22,633.4705263157896,601.797,123.5971,230.3248,339.53,33.79,46.25,39.14496389703452
2022-05-30 11:00:00,2022-05-30 11:00:00,-20.73,20.31,12.2,144.7,15.82,10.14,287.3,13.82,527.6731578947368,501.2895,119.6874,228.6518,339.4617,22.24,31.7,24.83251799962725
2022-05-30 12:00:00,2022-05-30 12:00:00,-20.93,24.47,12.19,146.5,17.33,10.07,285.0,14.34,381.3796842105263,362.3107,122.3476,223.8231,339.4683,26.72,36.54,29.976067213086385
2022-05-30 13:00:00,2022-05-30 13:00:00,-21.21,12.85,12.35,139.9,15.41,10.3,291.1,14.17,184.7203157894737,175.4843,119.2318,215.5057,339.6483,7.947,26.0,15.783557944801831
2022-05-30 14:00:00,2022-05-30 14:00:00,-22.13,9.58,11.16,141.2,14.73,9.23,289.9,12.83,0.0,0.0,105.7982,202.2969,339.965,3.582,14.55,11.87070343072054
2022-05-30 15:00:00,2022-05-30 15:00:00,-22.55,8.15,10.45,145.3,12.67,8.64,285.6,11.09,0.0,0.0,102.6096,203.7924,340.245,,,10.13921702562953
2022-05-30 16:00:00,2022-05-30 16:00:00,-22.57,4.437,10.04,149.7,11.85,8.3,281.4,10.21,0.0,0.0,101.1902,202.1093,340.3567,,,5.52101401066458
2022-05-30 17:00:00,2022-05-30 17:00:00,-22.71,3.908,9.78,148.8,11.3,8.12,282.7,9.86,0.0,0.0,107.9986,202.1109,340.32,,,4.869250509315918
2022-05-30 18:00:00,2022-05-30 18:00:00,-22.83,16.59,9.35,146.7,11.44,7.742,284.1,9.86,0.0,0.0,122.2473,204.1344,340.135,14.44,50.77,20.694232293262715
2022-05-30 19:00:00,2022-05-30 19:00:00,-23.22,57.57,10.42,147.5,13.08,8.67,283.4,11.32,0.0,0.0,124.8396,206.8579,339.7116,50.86,58.15,72.07886673263218
2022-05-30 20:00:00,2022-05-30 20:00:00,-23.53,47.3,10.76,151.3,12.94,8.92,280.2,11.03,0.0,0.0,125.4236,205.6874,339.3333,44.88,53.73,59.39506256815825
2022-05-30 21:00:00,2022-05-30 21:00:00,-23.11,35.86,8.91,136.3,11.44,7.612,294.4,10.68,0.0,0.0,128.5519,204.1049,339.0783,37.04,47.27,44.85061758036811
2022-05-30 22:00:00,2022-05-30 22:00:00,-22.71,48.24,8.04,134.3,11.44,6.824,296.0,10.62,0.0,0.0,123.871,204.2209,338.9633,44.41,53.96,60.10558970557828
2022-05-30 23:00:00,2022-05-30 23:00:00,-23.2,20.58,10.15,136.1,12.67,8.59,295.0,11.72,0.0,0.0,126.6158,202.893,338.885,21.22,49.73,25.76170677911689
2022-05-31 00:00:00,2022-05-31 00:00:00,-23.33,79.45,10.16,151.0,13.77,8.43,280.6,11.9,0.0,0.0,147.905,209.7422,338.9817,61.9,65.29,99.57700393557434
2022-05-31 01:00:00,2022-05-31 01:00:00,-22.79,28.78,8.84,148.9,11.16,7.34,281.8,9.4,67.46114,29.71776,118.1633,201.1848,339.2917,,,35.886294633751156
2022-05-31 02:00:00,2022-05-31 02:00:00,-22.38,9.41,6.67,146.0,9.11,5.422,283.0,7.539,417.4587,70.41624,115.6842,200.4607,339.6083,3.598,19.2,11.687834741657396
2022-05-31 03:00:00,2022-05-31 03:00:00,-22.54,3.969,4.851,144.3,6.642,3.789,282.0,5.621,656.2897,237.1762,117.1994,208.3814,339.7967,,,4.9372668695652235
2022-05-31 04:00:00,2022-05-31 04:00:00,-22.38,3.702,6.048,147.2,7.464,4.742,281.3,6.086,866.7929,395.1855,117.3579,221.7203,340.0,,,4.598125846292846
2022-05-31 05:00:00,2022-05-31 05:00:00,-22.45,6.362,7.301,150.7,9.52,5.775,279.1,8.0,1027.071,514.3646,117.1654,230.8522,339.9733,,,7.9072843274983535
2022-05-31 06:00:00,2022-05-31 06:00:00,-22.42,6.034,9.72,152.0,13.36,7.897,279.6,10.85,1126.753,604.7033,115.8976,235.0349,339.8917,0.021,7.451,7.497475205416103
2022-05-31 07:00:00,2022-05-31 07:00:00,-22.14,8.49,10.33,150.2,14.31,8.5,281.0,12.19,1158.943,655.2241,116.7029,236.7028,339.8033,0.119,5.181,10.521071919669208
2022-05-31 08:00:00,2022-05-31 08:00:00,-21.64,21.59,10.6,153.6,16.92,8.53,277.6,12.25,1092.96,658.3455,122.8314,242.7975,339.6817,21.59,40.58,26.627839587512746
2022-05-31 09:00:00,2022-05-31 09:00:00,-21.1,48.54,10.57,155.2,15.27,8.37,275.6,11.84,659.8061052631579,626.8158,127.4334,241.731,339.6233,44.99,61.19,59.55874052077318
2022-05-31 10:00:00,2022-05-31 10:00:00,-20.91,64.12,9.93,150.2,13.63,8.03,281.1,11.55,588.5876,553.3535,135.0949,243.0489,339.4666,54.19,64.03,78.53282706801795
2022-05-31 11:00:00,2022-05-31 11:00:00,-20.59,40.77,11.1,150.6,15.27,9.1,281.2,13.41,494.116,469.4102,113.4671,235.4319,339.3567,40.35,54.34,49.7817788510184
2022-05-31 12:00:00,2022-05-31 12:00:00,-19.88,43.51,9.1,163.0,15.55,6.711,267.5,11.9,362.87715789473685,344.7333,112.327,230.9346,339.6483,42.54,48.65,52.767753666713276
2022-05-31 13:00:00,2022-05-31 13:00:00,-19.59,28.31,6.834,161.2,11.16,4.917,268.0,9.11,173.83589473684214,165.1441,114.6429,222.5738,339.9366,30.14,47.89,34.238363124189554
2022-05-31 14:00:00,2022-05-31 14:00:00,-21.11,13.55,6.065,144.9,9.79,4.759,283.9,7.946,0.0,0.0,111.4056,204.012,340.3017,10.34,24.14,16.627482237480642
2022-05-31 15:00:00,2022-05-31 15:00:00,-21.66,14.89,6.523,143.5,7.875,5.279,285.5,6.783,0.0,0.0,107.5719,206.4588,340.5367,13.77,21.12,18.36795472250372
2022-05-31 16:00:00,2022-05-31 16:00:00,-21.86,17.46,5.861,148.2,8.7,4.628,279.9,6.842,0.0,0.0,105.0253,203.5673,340.625,18.35,23.53,21.579343630882047
2022-05-31 17:00:00,2022-05-31 17:00:00,-21.74,11.54,6.884,154.5,10.34,5.246,274.3,7.888,0.0,0.0,102.5785,201.9646,340.5933,5.511,23.82,14.246333902187276
2022-05-31 18:00:00,2022-05-31 18:00:00,-22.03,12.51,6.435,147.9,9.11,5.264,281.0,7.714,0.0,0.0,103.954,201.4574,340.3767,8.58,22.44,15.48654941910645
2022-05-31 19:00:00,2022-05-31 19:00:00,-22.21,14.68,7.582,139.3,10.07,6.264,290.4,8.82,0.0,0.0,109.4921,202.2585,340.1383,14.91,18.17,18.204040607487542
2022-05-31 20:00:00,2022-05-31 20:00:00,-22.15,13.17,7.739,137.4,9.79,6.363,292.5,8.59,0.0,0.0,114.1374,202.4919,339.8733,11.79,14.59,16.322227475328603
2022-05-31 21:00:00,2022-05-31 21:00:00,-22.28,15.69,7.478,143.4,8.83,6.102,286.2,7.714,0.0,0.0,115.2906,202.9431,339.7033,16.63,19.76,19.46946732660744
2022-05-31 22:00:00,2022-05-31 22:00:00,-22.31,17.53,7.789,145.2,9.93,6.422,284.8,8.53,0.0,0.0,112.4245,202.7547,339.6383,19.61,22.67,21.758905591647675
2022-05-31 23:00:00,2022-05-31 23:00:00,-22.74,16.1,7.726,147.9,10.89,6.396,282.2,9.05,0.0,0.0,111.7878,201.7772,339.5933,17.01,22.64,20.065837812612823
2022-06-01 00:00:00,2022-06-01 00:00:00,-22.57,13.29,8.64,150.3,11.03,7.18,280.3,9.52,0.0,0.0,111.1061,202.0045,339.6683,10.04,34.27,16.536911472105537
2022-06-01 01:00:00,2022-06-01 01:00:00,-22.49,8.54,7.587,154.7,8.83,5.996,275.1,7.132,66.94207,28.15578,107.9655,200.696,339.9517,2.564,30.33,10.618344778880548
2022-06-01 02:00:00,2022-06-01 02:00:00,-21.95,7.962,6.944,158.0,8.7,5.347,271.1,6.725,415.1136,65.85619,121.7643,201.7373,340.2433,1.004,15.43,9.848919147904228
2022-06-01 03:00:00,2022-06-01 03:00:00,-22.01,6.98,5.304,159.9,6.916,3.905,267.5,5.272,652.8031,220.0814,123.5082,213.4537,340.4517,,,8.639130687318742
2022-06-01 04:00:00,2022-06-01 04:00:00,-21.49,9.55,7.384,160.7,9.11,5.617,269.0,6.9,857.3218,368.8382,131.4495,226.5555,340.67,4.913,17.55,11.761573541110176
2022-06-01 05:00:00,2022-06-01 05:00:00,-20.55,6.503,7.873,167.2,8.97,5.771,262.9,6.667,1017.368,485.0016,133.9274,238.6193,340.82,0.017,5.341,7.937383768451991
2022-06-01 06:00:00,2022-06-01 06:00:00,-19.81,6.336,8.11,170.7,11.16,5.835,259.8,8.12,1121.378,573.9127,132.3059,248.8804,340.7833,,,7.6789805031865
2022-06-01 07:00:00,2022-06-01 07:00:00,-19.66,8.55,9.87,166.5,11.99,7.326,264.6,9.11,1154.43,625.2934,131.1779,252.7197,340.6167,0.309,13.58,10.3473826874468
2022-06-01 08:00:00,2022-06-01 08:00:00,-19.43,8.37,11.56,161.2,14.18,9.04,270.2,11.67,1091.28,631.4508,129.165,249.2061,340.4583,0.18,8.99,10.1072415637775
2022-06-01 09:00:00,2022-06-01 09:00:00,-19.14,10.01,12.24,157.5,15.27,9.81,274.6,12.6,633.3251578947369,601.6589,116.4764,246.4326,340.295,0.89,12.01,12.054068471967447
2022-06-01 10:00:00,2022-06-01 10:00:00,-18.3,15.73,10.89,153.2,13.9,8.77,278.0,11.49,571.0869,536.0283,115.9558,245.0435,340.3667,14.51,32.41,18.789973249696107
2022-06-01 11:00:00,2022-06-01 11:00:00,-18.09,16.21,9.44,151.8,13.77,7.581,278.6,11.26,473.8742105263158,450.1805,112.6861,242.9396,340.4617,15.74,27.48,19.32430884269788
2022-06-01 12:00:00,2022-06-01 12:00:00,-18.57,18.81,10.63,150.3,14.18,8.57,280.7,12.71,350.2705263157895,332.757,113.8784,233.5076,340.4317,18.35,40.96,22.527478967902223
2022-06-01 13:00:00,2022-06-01 13:00:00,-19.33,62.33,7.651,154.9,14.45,5.754,274.8,11.72,162.72568421052634,154.5894,126.9198,229.468,340.6133,53.37,60.81,75.19483032791577
2022-06-01 14:00:00,2022-06-01 14:00:00,-20.52,40.55,7.8,145.4,10.62,6.364,284.6,9.52,0.0,0.0,126.4517,214.8673,340.8717,40.42,52.8,49.480025696866065
2022-06-01 15:00:00,2022-06-01 15:00:00,-20.59,26.03,8.25,141.2,11.16,6.744,289.3,10.5,0.0,0.0,123.176,215.1843,341.1317,24.2,48.13,31.78365718646085
2022-06-01 16:00:00,2022-06-01 16:00:00,-20.74,13.37,8.55,139.2,13.63,7.315,291.9,12.02,0.0,0.0,124.4231,212.7581,341.3067,9.35,29.58,16.34871958839526
2022-06-01 17:00:00,2022-06-01 17:00:00,-20.76,21.32,8.73,142.1,13.22,7.278,289.1,11.09,0.0,0.0,125.0584,212.2719,341.345,21.34,40.23,26.07489325623666
2022-06-01 18:00:00,2022-06-01 18:00:00,-20.96,47.97,7.041,135.2,9.79,6.017,294.6,8.99,0.0,0.0,124.0669,211.514,341.1566,45.5,48.7,58.78071236899679
2022-06-01 19:00:00,2022-06-01 19:00:00,-20.79,19.18,7.502,138.5,10.07,6.109,291.3,9.11,0.0,0.0,119.015,208.8577,340.8983,15.16,46.81,23.464345019557
2022-06-01 20:00:00,2022-06-01 20:00:00,-21.07,17.05,7.525,137.4,9.25,6.28,292.6,8.29,0.0,0.0,118.2804,207.3619,340.6317,13.76,40.85,20.91441483392203
2022-06-01 21:00:00,2022-06-01 21:00:00,-21.06,8.52,6.993,141.5,8.97,5.722,287.9,8.24,0.0,0.0,117.6286,206.2682,340.475,0.002,2.554,10.450076292094366
2022-06-01 22:00:00,2022-06-01 22:00:00,-21.22,11.03,7.582,142.8,9.66,6.222,287.3,8.12,0.0,0.0,118.2969,206.4238,340.2483,7.117,19.14,13.549358891976016
2022-06-01 23:00:00,2022-06-01 23:00:00,-21.29,18.72,8.16,140.5,9.66,6.795,289.6,8.53,0.0,0.0,119.8456,206.7814,340.135,20.86,27.55,23.01119737373782
2022-06-02 00:00:00,2022-06-02 00:00:00,-21.44,17.89,8.28,141.3,9.93,6.925,288.9,9.17,0.0,0.0,119.0342,206.7515,340.1333,18.29,28.43,22.022431422898745
2022-06-02 01:00:00,2022-06-02 01:00:00,-21.66,22.88,7.761,139.1,9.79,6.475,290.4,8.59,67.22701,26.60474,118.8771,206.3616,340.255,26.01,31.81,28.224231299589324
2022-06-02 02:00:00,2022-06-02 02:00:00,-21.12,23.56,6.001,137.8,8.83,4.915,290.4,7.946,416.63,61.88217,121.7754,206.2664,340.55,26.49,36.2,28.913718372620913
2022-06-02 03:00:00,2022-06-02 03:00:00,-21.04,11.74,5.304,143.0,7.738,4.263,284.4,6.202,652.3889,207.311,122.1739,216.411,340.75,6.906,23.24,14.396768575960001
2022-06-02 04:00:00,2022-06-02 04:00:00,-20.95,7.137,8.09,154.0,11.57,6.373,276.1,8.88,861.0315,350.9654,124.1023,228.5981,340.81,0.112,11.63,8.744587820594464
2022-06-02 05:00:00,2022-06-02 05:00:00,-20.48,6.75,7.648,156.7,9.93,6.015,273.5,8.0,1020.66,461.6812,126.9906,238.158,340.8367,0.024,8.95,8.233352845811416
2022-06-02 06:00:00,2022-06-02 06:00:00,-20.0,8.61,6.262,153.9,9.66,5.01,274.6,7.539,1119.613,543.0177,131.5198,253.0079,340.8683,2.844,16.84,10.4539794152112
2022-06-02 07:00:00,2022-06-02 07:00:00,-20.03,15.59,6.225,144.2,10.75,5.223,284.5,8.76,1149.489,587.8368,132.9008,259.649,340.8567,13.2,27.2,18.93430306430068
2022-06-02 08:00:00,2022-06-02 08:00:00,-18.81,9.32,6.51,147.4,10.48,5.402,281.5,8.88,1088.297,595.9211,131.7647,260.4786,340.8617,0.63,12.7,11.187689064234727
2022-06-02 09:00:00,2022-06-02 09:00:00,-18.96,11.66,7.023,147.8,10.62,5.731,281.7,8.64,596.0055789473685,566.2053,131.8999,260.6688,340.7333,4.191,17.45,14.016777911394428
2022-06-02 10:00:00,2022-06-02 10:00:00,-17.98,10.61,7.639,150.3,9.93,6.226,279.7,8.35,535.1827,506.0179,131.232,256.0377,340.6217,3.002,19.85,12.635053375681276
2022-06-02 11:00:00,2022-06-02 11:00:00,-17.12,11.02,8.74,148.3,10.48,7.243,282.4,9.11,450.7367368421053,428.1999,124.6434,250.9022,340.5533,5.325,21.73,13.015155104840714
2022-06-02 12:00:00,2022-06-02 12:00:00,-17.89,7.959,8.15,143.2,10.2,6.863,286.9,8.59,293.43747368421054,278.7656,121.2812,241.1401,340.6333,0.446,12.12,9.469877709935844
2022-06-02 13:00:00,2022-06-02 13:00:00,-18.08,5.339,7.906,142.7,9.79,6.533,287.3,8.47,149.43115789473686,141.9596,120.6094,228.6505,340.8483,,,6.364131272701533
2022-06-02 14:00:00,2022-06-02 14:00:00,-19.15,11.6,7.82,138.6,11.16,6.488,291.1,10.04,0.0,0.0,114.457,216.2831,341.0433,7.944,20.34,13.970090526221455
2022-06-02 15:00:00,2022-06-02 15:00:00,-19.91,17.71,7.208,133.6,10.75,6.156,295.5,9.52,0.0,0.0,112.9215,215.7835,341.265,15.98,37.76,21.484380673115275
2022-06-02 16:00:00,2022-06-02 16:00:00,-19.72,3.741,7.729,145.1,11.85,6.177,284.9,10.21,0.0,0.0,111.7987,212.9366,341.3283,,,4.530036801352573
2022-06-02 17:00:00,2022-06-02 17:00:00,-19.52,2.466,7.875,144.1,11.3,6.41,286.1,9.57,0.0,0.0,112.1991,211.9473,341.2283,,,2.9804022216575126
2022-06-02 18:00:00,2022-06-02 18:00:00,-19.87,1.821,6.843,130.9,9.11,6.096,298.7,8.82,0.0,0.0,111.1734,209.5104,341.0117,,,2.2082481860871193
2022-06-02 19:00:00,2022-06-02 19:00:00,-20.2,2.003,6.713,138.9,10.62,5.51,290.4,9.23,0.0,0.0,110.2364,208.084,340.7967,,,2.4366364674211036
2022-06-02 20:00:00,2022-06-02 20:00:00,-20.21,1.834,6.206,133.4,10.07,5.272,295.9,9.11,0.0,0.0,110.7381,206.6935,340.5133,,,2.2312625520467404
2022-06-02 21:00:00,2022-06-02 21:00:00,-20.26,3.179,7.061,134.9,9.11,5.888,294.2,8.29,0.0,0.0,112.0322,206.414,340.305,,,3.869453507066738
2022-06-02 22:00:00,2022-06-02 22:00:00,-20.1,3.837,7.05,133.1,9.11,5.919,295.6,8.99,0.0,0.0,112.7866,206.1604,340.15,,,4.663220885641228
2022-06-02 23:00:00,2022-06-02 23:00:00,-20.33,3.042,6.622,136.4,8.56,5.424,292.1,7.714,0.0,0.0,113.373,205.5281,340.1233,,,3.705178513662911
2022-06-03 00:00:00,2022-06-03 00:00:00,-20.22,2.132,5.848,141.4,8.15,4.769,286.2,7.249,0.0,0.0,112.7368,205.8472,340.2783,,,2.594060492847622
2022-06-03 01:00:00,2022-06-03 01:00:00,-20.3,1.61,6.055,146.9,7.053,4.926,281.3,6.144,67.7594,25.7734,111.8289,203.2802,340.4183,,,1.960429238029302
2022-06-03 02:00:00,2022-06-03 02:00:00,-20.18,2.005,5.194,146.7,7.327,4.122,280.3,5.911,416.0906,58.28516,118.2888,200.0783,340.5417,,,2.4386027247298543
2022-06-03 03:00:00,2022-06-03 03:00:00,-20.31,4.023,5.633,149.9,8.15,4.417,277.7,6.493,652.1747,196.3255,122.2031,219.2284,340.6417,,,4.899106410431153
2022-06-03 04:00:00,2022-06-03 04:00:00,-19.76,5.991,6.535,144.8,8.42,5.291,284.0,6.667,857.9299,331.7826,126.456,233.3764,340.7733,,,7.257377929223864
2022-06-03 05:00:00,2022-06-03 05:00:00,-19.56,8.27,8.15,156.2,10.07,6.369,274.0,8.24,1016.533,436.455,128.2104,244.8434,340.8533,1.747,13.11,9.998936004829483
2022-06-03 06:00:00,2022-06-03 06:00:00,-19.56,13.52,9.84,153.7,12.12,7.916,277.4,9.92,1117.474,518.0334,128.4577,251.1124,340.87,10.89,18.59,16.3465072291771
2022-06-03 07:00:00,2022-06-03 07:00:00,-19.08,10.53,10.67,153.8,13.08,8.67,278.0,10.62,1150.113,567.0319,129.3994,254.9877,340.89,1.474,15.95,12.672958184237777
2022-06-03 08:00:00,2022-06-03 08:00:00,-18.59,10.34,11.22,152.7,14.04,9.25,279.0,11.72,1093.596,575.0583,129.7221,256.7554,340.8617,0.92,9.81,12.385905013041036
2022-06-03 09:00:00,2022-06-03 09:00:00,-17.56,9.11,11.56,154.0,14.45,9.35,277.4,12.02,576.2976842105263,547.4828,126.8721,256.6028,340.7933,0.183,10.59,10.805021386529214
2022-06-03 10:00:00,2022-06-03 10:00:00,-17.54,9.3,11.93,153.5,15.14,9.8,278.0,12.6,579.5049,488.7042,124.8066,253.1099,340.805,1.378,16.34,11.028250491122677
2022-06-03 11:00:00,2022-06-03 11:00:00,-17.57,10.89,12.37,157.5,16.09,9.88,274.1,13.24,432.4502105263158,410.8277,119.5936,248.8112,340.7467,3.326,18.08,12.917453969671993
2022-06-03 12:00:00,2022-06-03 12:00:00,-17.81,9.18,12.61,154.6,16.23,10.2,276.6,13.47,314.1995789473684,298.4896,117.4692,237.4243,340.7417,0.264,9.87,10.914263118360953
2022-06-03 13:00:00,2022-06-03 13:00:00,-18.41,7.919,10.98,147.4,14.86,9.2,283.8,12.42,155.74568421052635,147.9584,118.4149,231.0661,340.83,0.03,8.93,9.469493366297023
2022-06-03 14:00:00,2022-06-03 14:00:00,-19.37,4.429,10.12,145.1,13.9,8.39,286.1,12.36,0.0,0.0,116.288,217.3519,341.0533,,,5.345189177490784
2022-06-03 15:00:00,2022-06-03 15:00:00,-20.36,3.135,9.84,139.1,12.12,8.52,292.2,11.55,0.0,0.0,113.4231,216.3578,341.31,,,3.8195490868349022
2022-06-03 16:00:00,2022-06-03 16:00:00,-19.97,2.086,6.677,137.6,12.26,5.457,290.6,11.78,0.0,0.0,114.9255,213.4088,341.4333,,,2.5320254391980903
2022-06-03 17:00:00,2022-06-03 17:00:00,-20.12,2.275,7.026,145.4,11.85,5.501,283.9,10.85,0.0,0.0,115.4194,211.2443,341.4433,,,2.7654048325516616
2022-06-03 18:00:00,2022-06-03 18:00:00,-19.61,2.366,9.47,137.7,12.81,8.06,293.4,11.72,0.0,0.0,115.1257,212.6403,341.28,,,2.8620096246586213
2022-06-03 19:00:00,2022-06-03 19:00:00,-19.91,2.215,7.25,149.7,11.99,5.562,279.7,10.74,0.0,0.0,114.2747,210.2927,341.0266,,,2.687063985937342
2022-06-03 20:00:00,2022-06-03 20:00:00,-20.2,1.975,7.394,145.8,11.44,5.862,284.0,10.21,0.0,0.0,117.9942,209.6581,340.9033,,,2.4025746496039337
2022-06-03 21:00:00,2022-06-03 21:00:00,-20.55,2.144,5.933,138.7,10.62,4.671,289.0,8.59,0.0,0.0,119.8448,208.1418,340.5367,,,2.6169077040690554
2022-06-03 22:00:00,2022-06-03 22:00:00,-20.69,2.347,3.754,118.7,7.601,3.199,301.9,8.0,0.0,0.0,120.1404,205.9467,340.4783,,,2.8685201603722783
2022-06-03 23:00:00,2022-06-03 23:00:00,-20.72,2.191,5.061,129.6,10.62,4.375,297.5,8.59,0.0,0.0,128.8973,207.6571,340.4517,,,2.678623717756421
2022-06-04 00:00:00,2022-06-04 00:00:00,-20.74,2.917,3.858,134.7,8.01,2.91,287.6,7.946,26.47071,15.95979,169.3069,213.5382,340.41,,,3.566882201895959
2022-06-04 01:00:00,2022-06-04 01:00:00,-20.42,3.011,4.958,130.6,10.89,4.04,294.1,9.34,106.8894,36.77961,146.9024,214.0935,340.6333,,,3.6705785817247634
2022-06-04 02:00:00,2022-06-04 02:00:00,-19.9,3.122,6.492,152.5,10.75,4.685,275.9,9.34,258.5496,65.4332,140.2402,212.0081,340.9066,,,3.787002506398628
2022-06-04 03:00:00,2022-06-04 03:00:00,-19.87,2.886,5.083,141.9,8.97,3.873,284.4,7.481,643.0621,199.3437,135.4519,223.8655,341.1317,,,3.4997277677360934
2022-06-04 04:00:00,2022-06-04 04:00:00,-19.2,5.059,4.933,150.3,8.15,3.614,275.5,7.19,762.3681,321.2182,162.571,241.2851,341.32,,,6.095567845368883
2022-06-04 05:00:00,2022-06-04 05:00:00,-18.3,7.769,3.968,151.2,6.094,2.838,273.3,5.621,871.0188,404.0079,185.4958,259.7331,341.43,0.005,5.7,9.280311645066057
2022-06-04 06:00:00,2022-06-04 06:00:00,-17.64,12.26,4.072,157.6,7.053,2.903,267.6,5.853,1014.693,490.4669,184.8162,273.3541,341.4917,7.56,20.29,14.552312553360661
2022-06-04 07:00:00,2022-06-04 07:00:00,-17.0,15.87,4.995,170.9,8.01,3.416,255.9,6.086,1119.469,556.8892,161.4923,281.3413,341.4633,15.0,26.96,18.721590294648678
2022-06-04 08:00:00,2022-06-04 08:00:00,-16.82,25.64,5.625,176.3,8.7,3.82,251.9,6.667,1024.974,541.5493,153.6196,279.7889,341.4216,27.94,33.13,30.194699360267443
2022-06-04 09:00:00,2022-06-04 09:00:00,-16.62,26.32,4.854,177.5,8.97,3.252,250.8,7.888,551.7463157894737,524.159,144.476,278.2349,341.3983,28.71,36.25,30.93580964589689
2022-06-04 10:00:00,2022-06-04 10:00:00,-16.18,33.33,3.131,180.7,7.464,2.096,244.8,5.563,526.8771,465.9692,140.5045,277.8249,341.3783,34.84,44.31,39.00931179163516
2022-06-04 11:00:00,2022-06-04 11:00:00,-15.88,36.02,2.623,177.4,7.464,1.952,240.3,5.97,456.8924,402.0373,134.8056,272.9788,341.35,36.9,43.7,42.035822745022806
2022-06-04 12:00:00,2022-06-04 12:00:00,-16.56,35.16,2.674,173.0,6.231,2.007,249.2,5.214,259.5545263157895,246.5768,129.7994,259.1307,341.415,36.08,44.68,41.30220939158173
2022-06-04 13:00:00,2022-06-04 13:00:00,-18.55,29.73,1.861,153.2,5.82,1.492,268.1,4.226,30.188326315789475,28.67891,126.7151,231.4732,341.5966,31.17,46.74,35.59879471338215
2022-06-04 14:00:00,2022-06-04 14:00:00,-19.35,15.24,0.342,148.6,3.491,0.661,255.3,3.005,0.0,0.0,125.6472,218.8597,341.8233,13.73,26.16,18.38904168653997
2022-06-04 15:00:00,2022-06-04 15:00:00,-20.06,9.43,0.398,152.8,4.861,0.696,257.2,3.121,0.0,0.0,152.0584,222.3074,342.0,0.319,5.303,11.456174308965918
2022-06-04 16:00:00,2022-06-04 16:00:00,-20.21,5.165,2.571,156.6,6.368,1.665,261.8,5.853,0.0,0.0,139.394,219.6831,342.05,,,6.283790120676889
2022-06-04 17:00:00,2022-06-04 17:00:00,-20.35,5.661,1.079,147.1,4.313,1.027,272.6,2.947,0.0,0.0,132.625,214.61,342.015,,,6.896459105931218
2022-06-04 18:00:00,2022-06-04 18:00:00,-20.77,6.79,0.39,185.5,6.368,0.698,253.2,3.877,0.0,0.0,126.6718,210.2839,341.7683,0.001,0.865,8.305133392045315
2022-06-04 19:00:00,2022-06-04 19:00:00,-20.85,5.099,0.002,145.6,0.614,0.235,237.3,1.551,0.0,0.0,116.4744,204.4754,341.6183,,,6.24156943019857
2022-06-04 20:00:00,2022-06-04 20:00:00,-21.41,4.528,0.045,124.4,3.491,0.162,258.7,2.075,0.0,0.0,115.1351,200.9765,341.3883,,,5.572332880517939
2022-06-04 21:00:00,2022-06-04 21:00:00,-21.79,5.79,0.12,124.9,4.313,0.155,272.6,2.423,0.0,0.0,117.1388,199.8657,341.075,,,7.151264535627124
2022-06-04 22:00:00,2022-06-04 22:00:00,-21.2,4.793,2.185,165.3,5.683,1.077,248.7,4.4,0.0,0.0,118.865,202.4359,340.97,,,5.886643787943163
2022-06-04 23:00:00,2022-06-04 23:00:00,-21.39,5.107,1.424,214.5,5.409,0.821,242.3,4.051,0.0,0.0,118.7494,202.0075,340.8567,,,6.283673714996639
2022-06-05 00:00:00,2022-06-05 00:00:00,-22.1,6.682,0.63,157.6,4.861,0.363,270.4,3.237,0.0,0.0,116.8951,197.9103,340.8883,,,8.27738872323677
2022-06-05 01:00:00,2022-06-05 01:00:00,-22.1,9.01,,,,0.04,263.8,0.04,68.77236,25.83781,117.3314,195.7576,341.06,0.607,8.88,11.161220053331832
2022-06-05 02:00:00,2022-06-05 02:00:00,-18.68,7.968,,,,0.084,239.3,1.61,405.0249,58.45822,127.0194,202.9702,341.38,0.673,8.63,9.552825162057545
2022-06-05 03:00:00,2022-06-05 03:00:00,-18.02,11.34,,,,0.099,252.6,1.958,572.2337,176.9484,147.4671,225.74,341.685,5.152,18.98,13.509577469084087
2022-06-05 04:00:00,2022-06-05 04:00:00,-16.26,11.66,,,,0.04,253.5,0.04,813.9306,298.1977,149.6238,249.292,341.8866,4.585,19.52,13.657356705888965
2022-06-05 05:00:00,2022-06-05 05:00:00,-15.87,17.87,,,,0.085,245.9,1.435,996.117,397.2524,156.0995,274.2366,342.0033,18.84,27.51,20.85251685193354
2022-06-05 06:00:00,2022-06-05 06:00:00,-16.33,29.99,0.297,140.0,2.943,0.443,246.8,2.598,1063.368,460.396,159.4401,285.8992,342.1083,32.12,38.45,35.151006633962275
2022-06-05 07:00:00,2022-06-05 07:00:00,-16.54,41.56,0.493,160.0,4.176,0.863,247.7,3.237,1148.037,530.5282,150.6391,292.5427,342.01,41.14,46.78,48.81083337459736
2022-06-05 08:00:00,2022-06-05 08:00:00,-16.43,56.06,1.263,173.8,5.272,1.567,247.7,4.284,1101.115,543.6552,148.4846,293.1912,341.8267,49.82,56.2,65.77080964929333
2022-06-05 09:00:00,2022-06-05 09:00:00,-16.04,74.12,1.812,166.8,5.957,1.334,247.6,4.458,586.5433,487.3016,177.9303,292.8631,341.7683,59.15,64.47,86.63269066723076
2022-06-05 10:00:00,2022-06-05 10:00:00,-16.04,84.4,2.703,152.6,9.66,1.898,260.2,8.53,510.0637,404.7876,212.6896,281.5787,341.7067,63.9,66.96,98.64812590817967
2022-06-05 11:00:00,2022-06-05 11:00:00,-16.42,84.0,2.295,153.2,7.601,1.594,265.0,5.563,321.990947368421,305.8914,210.6798,267.853,341.675,63.81,67.22,98.54112239832733
2022-06-05 12:00:00,2022-06-05 12:00:00,-17.79,81.4,1.707,91.7,7.327,1.183,296.3,8.29,282.4152631578948,268.2945,155.595,249.3312,341.7966,62.54,65.84,96.7592744192012
2022-06-05 13:00:00,2022-06-05 13:00:00,-18.86,77.66,1.759,120.2,5.957,1.159,257.6,6.9,170.47094736842104,161.9474,129.3839,233.7486,341.91,60.75,64.38,93.26748640101601
2022-06-05 14:00:00,2022-06-05 14:00:00,-20.75,77.36,1.299,80.3,5.82,0.906,275.6,5.039,0.0,0.0,125.8954,215.7886,342.005,60.6,64.28,94.60417435955631
2022-06-05 15:00:00,2022-06-05 15:00:00,-21.43,78.94,1.157,83.9,6.094,0.755,272.3,5.795,0.0,0.0,131.8728,216.9808,342.205,61.51,62.89,97.16517078475492
2022-06-05 16:00:00,2022-06-05 16:00:00,-21.61,76.0,0.626,233.7,7.875,0.506,228.2,4.458,0.0,0.0,131.6593,213.3372,342.4783,60.21,61.83,93.70713386504218
2022-06-05 17:00:00,2022-06-05 17:00:00,-22.52,77.65,,,,0.04,243.7,0.098,0.0,0.0,127.9873,206.1926,342.5667,60.87,62.17,96.57491763644427
2022-06-05 18:00:00,2022-06-05 18:00:00,-22.7,77.76,0.678,85.2,4.313,0.317,249.4,3.935,0.0,0.0,130.7786,206.6743,342.1766,60.97,62.99,96.87741163085707
2022-06-05 19:00:00,2022-06-05 19:00:00,-22.31,81.0,0.978,105.0,4.313,0.51,251.4,5.737,0.0,0.0,143.4032,210.3982,341.835,62.52,64.08,100.0
2022-06-05 20:00:00,2022-06-05 20:00:00,-22.03,70.47,2.83,83.1,7.601,1.932,327.0,9.81,0.0,0.0,146.7531,212.0544,341.63,57.63,62.87,87.2371812601464
2022-06-05 21:00:00,2022-06-05 21:00:00,-22.1,55.3,0.813,232.0,5.82,0.254,231.8,3.586,0.0,0.0,127.4984,203.7781,341.4467,49.93,52.43,68.50338168138182
2022-06-05 22:00:00,2022-06-05 22:00:00,-21.85,44.97,,,,0.103,175.8,0.854,0.0,0.0,126.2491,200.6216,341.295,43.78,49.24,55.574491149562625
2022-06-05 23:00:00,2022-06-05 23:00:00,-21.59,40.93,,,,0.049,332.6,0.97,0.0,0.0,133.2955,200.6272,341.1783,41.23,44.9,50.45660013378438
2022-06-06 00:00:00,2022-06-06 00:00:00,-22.4,59.62,0.507,85.2,4.313,0.309,339.2,5.039,15.69974,12.73664,150.5842,205.1069,341.2716,51.95,58.41,74.06602878253187
2022-06-06 01:00:00,2022-06-06 01:00:00,-22.33,82.2,1.752,82.0,4.724,0.945,332.8,5.272,103.5237,67.3103,175.9926,214.949,341.34,,,100.0
2022-06-06 02:00:00,2022-06-06 02:00:00,-21.38,82.1,1.714,79.33,4.587,1.015,334.6,5.039,257.279,159.3502,186.3826,219.1126,341.5166,63.58,66.93,100.0
2022-06-06 03:00:00,2022-06-06 03:00:00,-19.64,82.2,0.221,81.6,2.806,0.182,249.2,3.295,408.1778,250.8646,212.1938,238.8983,341.7117,63.57,66.41,99.46104048138686
2022-06-06 04:00:00,2022-06-06 04:00:00,-18.26,80.4,0.028,151.4,1.847,0.12,238.1,2.249,619.7086,352.4144,209.4901,253.9574,342.0116,62.22,65.47,96.00338964791635
2022-06-06 05:00:00,2022-06-06 05:00:00,-17.51,73.08,0.646,232.6,5.683,0.492,224.6,4.749,896.985,484.5739,190.1585,267.5417,342.265,58.74,64.0,86.6356893466829
2022-06-06 06:00:00,2022-06-06 06:00:00,-16.14,79.15,1.142,224.9,6.642,0.808,225.9,5.33,1079.67,611.6858,203.8249,284.2999,342.27,61.69,64.59,92.6011357325643
2022-06-06 07:00:00,2022-06-06 07:00:00,-16.68,82.6,1.995,229.6,8.83,1.313,220.5,7.655,1052.223,629.928,210.898,289.4827,342.2317,63.02,65.62,97.14194764794676
2022-06-06 08:00:00,2022-06-06 08:00:00,-17.08,76.51,1.178,242.8,6.505,1.06,206.1,5.505,825.4293,513.9915,193.5475,283.934,342.035,60.1,65.94,90.32722190689476
2022-06-06 09:00:00,2022-06-06 09:00:00,-18.54,73.48,0.933,243.2,6.368,0.811,197.6,6.086,338.7119,305.9066,183.6696,259.4575,341.9716,58.52,64.43,87.97673188586852
2022-06-06 10:00:00,2022-06-06 10:00:00,-18.08,59.73,0.676,256.3,5.546,0.579,180.0,5.272,383.3251,363.5038,179.0032,263.0771,341.85,51.56,64.93,71.19864411284182
2022-06-06 11:00:00,2022-06-06 11:00:00,-18.07,58.44,0.254,261.1,3.217,0.326,190.8,3.121,298.1931,215.5486,186.9389,253.4422,341.6733,50.95,62.99,69.65425768488325
2022-06-06 12:00:00,2022-06-06 12:00:00,-18.73,78.62,0.979,221.1,7.601,0.623,220.0,5.272,140.6118,105.4398,179.6181,240.6139,341.57,61.0,66.86,94.30267484209196
2022-06-06 13:00:00,2022-06-06 13:00:00,-19.24,83.2,0.073,262.5,5.272,0.076,229.4,2.482,38.01281052631579,36.11217,173.5489,222.9302,341.6183,63.52,67.03,100.0
2022-06-06 14:00:00,2022-06-06 14:00:00,-21.22,79.88,,,,0.04,238.5,0.04,0.0,0.0,160.0646,212.6297,341.7833,61.89,64.94,98.12536611886166
2022-06-06 15:00:00,2022-06-06 15:00:00,-22.23,77.83,,,,0.042,244.4,0.505,0.0,0.0,164.2194,214.0401,341.9366,60.95,62.02,96.5320341390425
2022-06-06 16:00:00,2022-06-06 16:00:00,-21.81,63.69,1.125,243.8,5.82,0.395,219.8,4.574,0.0,0.0,152.516,214.2529,341.9066,54.16,60.44,78.67890533004982
2022-06-06 17:00:00,2022-06-06 17:00:00,-21.41,48.46,0.468,359.6,4.587,0.15,253.7,3.237,0.0,0.0,135.9167,210.1969,341.93,45.79,50.52,59.63676046596717
2022-06-06 18:00:00,2022-06-06 18:00:00,-20.23,54.39,0.722,286.6,4.176,0.494,225.8,2.017,0.0,0.0,152.0373,214.4653,341.915,49.17,57.73,66.18407612902294
2022-06-06 19:00:00,2022-06-06 19:00:00,-21.47,53.42,0.644,82.3,4.039,0.356,270.9,3.935,0.0,0.0,156.7155,213.6101,341.5116,48.77,51.64,65.77836755923222
2022-06-06 20:00:00,2022-06-06 20:00:00,-22.78,53.48,0.005,98.3,0.751,0.045,244.8,0.621,0.0,0.0,132.7194,202.7162,341.1967,48.73,51.48,66.67882655666479
2022-06-06 21:00:00,2022-06-06 21:00:00,-23.26,62.4,0.024,88.8,1.025,0.04,236.2,0.156,0.0,0.0,129.9675,199.6877,340.895,53.54,58.43,78.15579977803357
2022-06-06 22:00:00,2022-06-06 22:00:00,-23.23,78.88,0.067,84.9,1.71,0.09,231.1,2.191,0.0,0.0,129.0191,199.3976,340.6933,61.57,63.62,98.76881641147652
2022-06-06 23:00:00,2022-06-06 23:00:00,-22.66,80.4,1.054,80.3,4.724,0.644,333.0,6.609,0.0,0.0,136.9582,203.2731,340.635,62.35,65.43,100.0
2022-06-07 00:00:00,2022-06-07 00:00:00,-22.33,78.62,0.335,78.52,4.861,0.265,289.6,5.505,12.906115789473684,12.26081,151.7265,205.2524,340.6783,61.5,65.55,97.60472363016252
2022-06-07 01:00:00,2022-06-07 01:00:00,-21.34,75.8,0.476,105.2,3.765,0.446,279.6,2.656,95.21181,62.04125,179.8618,214.8348,340.7833,60.22,64.85,93.22014827751849
2022-06-07 02:00:00,2022-06-07 02:00:00,-21.68,80.5,2.715,100.1,6.231,1.773,322.7,7.249,301.7558,88.88332,155.4345,206.277,341.01,62.34,64.94,99.32184793349982
2022-06-07 03:00:00,2022-06-07 03:00:00,-20.62,69.41,0.986,109.0,5.546,0.795,306.6,5.795,551.0225,224.2413,145.0562,225.1635,341.2283,57.05,63.85,84.77665755282364
2022-06-07 04:00:00,2022-06-07 04:00:00,-18.55,56.32,,123.9,0.477,0.115,281.0,2.365,813.4945,362.8783,156.9573,246.4947,341.3733,50.46,54.53,67.43774363463446
2022-06-07 05:00:00,2022-06-07 05:00:00,-18.82,63.62,0.421,115.8,3.902,0.608,281.5,3.586,923.4322,438.809,173.6265,261.6748,341.45,54.09,61.43,76.37651254957188
2022-06-07 06:00:00,2022-06-07 06:00:00,-18.53,80.1,2.88,148.3,6.505,2.086,273.2,5.156,950.1447,549.8305,221.7486,272.0234,341.4567,62.02,65.57,95.89356953073506
2022-06-07 07:00:00,2022-06-07 07:00:00,-17.64,82.2,4.028,163.0,6.916,2.734,265.4,5.098,1149.218,658.5719,192.0406,277.7149,341.5583,62.98,66.18,97.56933865303805
2022-06-07 08:00:00,2022-06-07 08:00:00,-15.68,84.2,3.614,175.2,7.601,2.331,253.6,5.563,1077.244,645.1465,240.6343,293.7618,341.5483,64.07,66.35,98.07300877853514
2022-06-07 09:00:00,2022-06-07 09:00:00,-15.95,83.8,3.634,174.9,7.464,2.316,256.2,5.388,844.894,596.4296,241.9745,289.3172,341.4783,63.72,65.4,97.86181121138839
2022-06-07 10:00:00,2022-06-07 10:00:00,-15.86,84.7,4.476,179.2,9.79,2.641,252.0,7.423,566.9841,399.6389,245.1759,273.9652,341.4217,64.19,66.78,98.82695691202926
2022-06-07 11:00:00,2022-06-07 11:00:00,-15.5,84.9,3.791,176.6,8.7,1.953,252.9,5.446,518.2275,444.8558,237.0533,271.5645,341.5116,64.45,65.63,98.71661890102698
2022-06-07 12:00:00,2022-06-07 12:00:00,-15.96,84.5,3.731,166.7,6.368,1.916,258.3,4.226,368.98168421052634,350.5326,198.0173,259.2751,341.5733,64.17,66.4,98.68879570586938
2022-06-07 13:00:00,2022-06-07 13:00:00,-16.79,83.9,4.254,169.5,6.505,2.322,256.7,4.109,179.80357894736844,170.8134,198.0043,251.4471,341.6083,63.88,66.51,98.77547021818029
2022-06-07 14:00:00,2022-06-07 14:00:00,-19.39,82.4,2.32,152.3,6.779,1.283,269.6,4.284,0.0,0.0,160.3779,227.4527,341.8033,63.14,66.32,99.46444827593247
2022-06-07 15:00:00,2022-06-07 15:00:00,-20.71,78.78,3.825,156.1,5.272,1.849,266.0,3.237,0.0,0.0,151.0823,225.4604,341.98,61.51,64.01,96.3038844117023
2022-06-07 16:00:00,2022-06-07 16:00:00,-20.52,49.44,3.871,138.9,5.683,2.345,283.8,4.284,0.0,0.0,183.9786,227.9075,342.0166,46.16,55.92,60.32780445013707
2022-06-07 17:00:00,2022-06-07 17:00:00,-20.42,36.54,1.493,138.7,3.765,0.602,279.1,2.191,0.0,0.0,158.6427,219.6727,341.9117,37.72,45.95,44.54431795955591
2022-06-07 18:00:00,2022-06-07 18:00:00,-20.16,28.73,1.795,140.8,3.628,0.789,280.6,2.191,0.0,0.0,135.7528,213.2679,341.6033,31.72,34.09,34.936483329117834
2022-06-07 19:00:00,2022-06-07 19:00:00,-20.55,29.64,0.009,108.7,1.573,0.194,301.7,1.726,0.0,0.0,137.3504,208.2457,341.255,32.46,40.39,36.17777255065616
2022-06-07 20:00:00,2022-06-07 20:00:00,-20.56,30.45,0.739,126.7,3.354,0.381,261.0,2.54,0.0,0.0,164.2586,214.5829,340.94,32.89,46.12,37.169989802301885
2022-06-07 21:00:00,2022-06-07 21:00:00,-20.78,35.27,0.72,147.5,4.45,1.355,265.1,2.83,0.0,0.0,147.4689,212.3924,340.62,37.02,42.24,43.14433661314949
2022-06-07 22:00:00,2022-06-07 22:00:00,-20.57,49.73,4.268,164.5,5.82,2.227,259.3,3.412,0.0,0.0,135.9582,212.0535,340.3466,46.35,52.61,60.710683659116086
2022-06-07 23:00:00,2022-06-07 23:00:00,-21.21,52.37,2.093,179.7,4.176,0.742,228.9,1.958,0.0,0.0,137.179,205.8797,340.31,47.77,63.15,64.32567545286162
2022-06-08 00:00:00,2022-06-08 00:00:00,-21.08,53.78,3.714,162.3,7.327,2.553,256.1,4.749,0.0,0.0,133.1726,208.3126,340.4283,48.97,59.74,65.9756381656285
2022-06-08 01:00:00,2022-06-08 01:00:00,-21.01,76.8,2.807,160.1,6.094,1.654,262.9,4.051,83.99124,32.76374,135.8631,209.7841,340.5916,60.73,66.08,94.15290609969092
2022-06-08 02:00:00,2022-06-08 02:00:00,-20.69,69.15,,123.7,0.477,0.203,278.8,2.075,360.7069,84.41695,156.7772,211.2358,340.905,57.11,66.86,84.51562381326931
2022-06-08 03:00:00,2022-06-08 03:00:00,-20.15,60.18,3.645,160.8,5.957,2.181,263.2,4.051,650.4973,232.2148,154.4421,230.9105,341.0367,52.24,60.8,73.1735600471198
2022-06-08 04:00:00,2022-06-08 04:00:00,-19.75,62.05,3.087,155.5,4.998,1.673,265.8,3.237,846.0668,391.3792,171.3573,248.6514,341.155,53.07,63.1,75.15893331168435
2022-06-08 05:00:00,2022-06-08 05:00:00,-18.9,72.63,1.706,162.7,5.135,0.977,260.6,3.47,911.1165,439.6541,168.1455,258.7158,341.205,58.75,63.5,87.26008733302662
2022-06-08 06:00:00,2022-06-08 06:00:00,-16.58,76.91,1.27,181.8,5.272,0.611,243.3,3.877,813.0446,564.4688,237.5235,267.892,341.32,60.86,64.41,90.36306642590021
2022-06-08 07:00:00,2022-06-08 07:00:00,-16.68,83.2,2.446,185.3,7.464,1.506,245.8,5.679,893.8105,652.6585,243.4308,271.2441,341.2317,63.49,67.43,97.8475792289246
2022-06-08 08:00:00,2022-06-08 08:00:00,-17.66,81.5,4.051,172.6,7.601,2.402,256.6,6.086,889.0704,723.9496,224.7205,261.2883,341.0966,62.54,65.52,96.75707185172648
2022-06-08 09:00:00,2022-06-08 09:00:00,-18.04,80.4,3.941,167.4,8.56,2.3,261.8,6.725,699.6171,634.3881,219.1225,258.5479,340.9683,62.05,65.51,95.8006073819353
2022-06-08 10:00:00,2022-06-08 10:00:00,-17.17,68.71,2.541,168.1,8.15,1.46,257.1,6.144,570.6348421052633,542.1031,209.059,256.4269,340.9,56.22,66.13,81.18892900002616
2022-06-08 11:00:00,2022-06-08 11:00:00,-17.17,79.46,2.283,159.9,7.601,1.102,265.2,5.039,455.1834736842106,432.4243,202.1555,252.5815,340.775,61.73,66.38,93.89131565044504
2022-06-08 12:00:00,2022-06-08 12:00:00,-18.12,75.42,,,,0.782,258.5,3.121,184.48684210526315,175.2625,179.082,232.9966,340.7833,59.83,65.22,89.93582392902807
2022-06-08 13:00:00,2022-06-08 13:00:00,-18.9,81.7,0.452,163.7,4.861,0.526,264.0,2.889,56.76744,53.3112,209.4353,229.9155,340.9783,62.86,66.44,98.15708570987574
2022-06-08 14:00:00,2022-06-08 14:00:00,-20.1,47.18,3.116,157.5,5.683,1.718,271.1,3.644,0.0,0.0,170.9272,215.8892,341.0933,44.54,57.16,57.33926541166357
2022-06-08 15:00:00,2022-06-08 15:00:00,-20.47,63.13,3.672,154.0,6.642,1.946,272.1,4.516,0.0,0.0,140.8333,212.505,341.2216,53.86,61.8,76.99583196680942
2022-06-08 16:00:00,2022-06-08 16:00:00,-20.65,73.69,4.751,142.3,6.505,3.327,286.4,4.749,0.0,0.0,140.0996,213.2796,341.4183,59.2,65.99,90.03001834746097
2022-06-08 17:00:00,2022-06-08 17:00:00,-20.44,81.1,4.327,130.7,7.875,3.223,293.6,6.725,0.0,0.0,171.3877,220.6529,341.4533,62.63,67.09,98.88437894415148
2022-06-08 18:00:00,2022-06-08 18:00:00,-20.2,78.98,3.378,138.8,4.861,1.979,283.5,3.528,0.0,0.0,145.6772,213.9759,341.18,61.84,63.75,96.07865611428795
2022-06-08 19:00:00,2022-06-08 19:00:00,-20.61,70.09,0.742,129.9,2.943,0.254,288.9,1.435,0.0,0.0,143.4447,202.2762,340.7983,57.66,60.51,85.59901972719078
2022-06-08 20:00:00,2022-06-08 20:00:00,-20.59,75.4,,,,0.885,264.0,2.714,0.0,0.0,143.6489,205.0769,340.43,60.21,64.6,92.06637540757389
2022-06-08 21:00:00,2022-06-08 21:00:00,-21.21,81.5,0.945,156.1,4.724,0.864,264.8,3.819,0.0,0.0,171.8103,212.4797,340.105,63.0,65.19,100.0
2022-06-08 22:00:00,2022-06-08 22:00:00,-21.0,81.9,1.18,140.1,4.861,1.391,281.8,3.295,0.0,0.0,173.3582,214.7109,339.9567,63.19,64.79,100.0
2022-06-08 23:00:00,2022-06-08 23:00:00,-21.13,83.4,4.13,132.7,6.642,3.211,294.2,6.26,0.0,0.0,187.9561,220.2864,339.8483,63.86,65.92,100.0
2022-06-09 00:00:00,2022-06-09 00:00:00,-20.96,83.3,4.346,131.5,6.094,3.502,296.2,5.621,15.230842105263159,14.4693,198.6141,222.712,339.94,63.8,65.67,100.0
2022-06-09 01:00:00,2022-06-09 01:00:00,-20.82,81.9,4.296,131.5,6.779,3.593,296.7,6.493,97.43476,80.3724,197.6871,223.4002,340.1233,,,100.0
2022-06-09 02:00:00,2022-06-09 02:00:00,-20.29,82.7,2.902,128.7,4.45,2.119,293.3,4.342,265.2277,180.4574,198.0203,223.6191,340.4867,63.5,67.08,100.0
2022-06-09 03:00:00,2022-06-09 03:00:00,-19.42,66.79,3.074,135.7,4.861,1.934,285.0,3.819,416.2829,297.6627,203.5901,236.7786,340.71,55.76,63.24,80.64491751417357
2022-06-09 04:00:00,2022-06-09 04:00:00,-18.45,61.33,2.765,139.8,4.724,1.587,280.0,3.47,697.5384,456.8434,203.6686,248.834,340.8283,53.09,57.65,73.36623550001826
2022-06-09 05:00:00,2022-06-09 05:00:00,-16.2,64.59,0.885,165.8,4.039,0.351,252.3,2.482,960.2155,602.7715,215.7918,271.2482,340.9217,54.89,60.61,75.61048877007684
2022-06-09 06:00:00,2022-06-09 06:00:00,-16.54,81.4,1.901,176.0,6.368,1.249,252.5,4.284,946.5355,625.806,227.2884,273.1431,340.9117,62.71,65.73,95.60158413600156
2022-06-09 07:00:00,2022-06-09 07:00:00,-16.18,83.4,2.831,176.3,6.505,1.282,247.3,4.226,875.4699,656.4226,241.3139,271.1001,341.0767,63.64,65.34,97.61105920859205
2022-06-09 08:00:00,2022-06-09 08:00:00,-15.94,82.4,3.031,171.2,6.231,1.555,252.7,4.807,939.8075,709.2436,234.3369,271.8579,341.0717,63.14,65.04,96.21760269586183
2022-06-09 09:00:00,2022-06-09 09:00:00,-16.28,82.5,3.663,166.9,8.42,2.19,259.8,6.028,831.1868,730.514,214.2959,272.6844,340.9267,63.08,66.44,96.65088283474228
2022-06-09 10:00:00,2022-06-09 10:00:00,-16.58,83.3,3.554,164.8,8.42,2.103,262.0,6.202,576.0225263157895,547.2214,225.8598,264.6533,340.8167,63.42,66.42,97.87080266906109
2022-06-09 11:00:00,2022-06-09 11:00:00,-16.65,84.0,3.774,154.5,8.56,2.361,267.4,6.26,520.270947368421,494.2574,223.5632,258.7906,340.7683,63.85,65.9,98.75986098942307
2022-06-09 12:00:00,2022-06-09 12:00:00,-16.73,83.9,5.21,145.6,9.11,3.642,281.4,7.597,427.1305263157895,405.774,197.4671,249.928,340.7883,63.89,66.93,98.71837493443877
2022-06-09 13:00:00,2022-06-09 13:00:00,-18.31,83.4,5.398,134.8,8.29,3.967,292.0,7.423,86.52283157894738,82.19669,190.327,231.9407,340.9783,63.68,65.04,99.63346125060782
2022-06-09 14:00:00,2022-06-09 14:00:00,-18.61,83.5,3.332,139.5,8.83,1.912,278.4,7.132,0.0,0.0,196.1835,226.907,341.1817,63.89,67.56,100.0
2022-06-09 15:00:00,2022-06-09 15:00:00,-20.08,82.3,5.632,144.9,7.601,4.185,283.8,6.086,0.0,0.0,166.2852,224.731,341.4033,63.25,63.82,100.0
2022-06-09 16:00:00,2022-06-09 16:00:00,-20.65,81.4,7.239,154.1,10.2,5.354,276.2,7.888,0.0,0.0,143.3979,219.7966,341.4883,62.82,63.51,99.44963351178347
2022-06-09 17:00:00,2022-06-09 17:00:00,-21.33,72.81,8.3,142.0,11.03,6.642,288.4,9.4,0.0,0.0,126.3838,213.9826,341.2833,58.66,62.95,89.53445096045574
2022-06-09 18:00:00,2022-06-09 18:00:00,-21.76,61.24,9.26,140.1,11.03,7.469,291.0,9.34,0.0,0.0,120.587,210.8108,340.9683,53.02,55.93,75.61627568518784
2022-06-09 19:00:00,2022-06-09 19:00:00,-21.45,33.06,8.89,140.9,11.71,7.242,289.5,10.16,0.0,0.0,119.8716,209.3014,340.595,34.61,49.22,40.70044928066918
2022-06-09 20:00:00,2022-06-09 20:00:00,-21.31,25.5,8.14,154.5,10.07,6.234,275.8,7.83,0.0,0.0,123.9181,208.5732,340.255,28.68,34.51,31.35136404267979
2022-06-09 21:00:00,2022-06-09 21:00:00,-21.08,15.81,7.48,156.6,9.79,5.532,273.2,7.539,0.0,0.0,136.4224,209.3046,340.0533,15.18,26.32,19.39521828558175
2022-06-09 22:00:00,2022-06-09 22:00:00,-20.93,10.9,5.155,153.3,6.642,3.575,274.3,4.691,0.0,0.0,133.6232,206.4161,339.9183,4.868,24.2,13.352641300475751
2022-06-09 23:00:00,2022-06-09 23:00:00,-20.87,26.05,3.048,144.9,5.82,1.709,278.6,3.993,0.0,0.0,141.6467,205.7619,339.915,21.58,51.68,31.89330310905661
2022-06-10 00:00:00,2022-06-10 00:00:00,-20.59,78.33,5.437,142.2,7.738,4.247,286.5,7.19,40.16673,28.41443,200.6213,224.2827,339.9883,61.27,66.41,95.64402103017589
2022-06-10 01:00:00,2022-06-10 01:00:00,-20.42,81.6,7.295,152.0,11.16,5.484,278.2,7.074,108.1357,51.32166,177.4778,226.082,340.2283,63.1,63.66,99.47499577175047
2022-06-10 02:00:00,2022-06-10 02:00:00,-20.26,81.4,9.23,167.4,10.89,5.937,264.2,7.888,367.3185,93.56708,147.4441,213.9092,340.4233,62.96,65.75,99.07943236087843
2022-06-10 03:00:00,2022-06-10 03:00:00,-22.44,58.86,9.2,166.0,10.62,6.59,265.3,7.772,654.4387,278.6748,139.1622,217.7413,340.5217,50.01,63.37,73.14971359092657
2022-06-10 04:00:00,2022-06-10 04:00:00,-21.55,42.31,7.499,165.9,9.79,5.423,264.8,7.19,832.4689,440.7435,146.1196,227.569,340.6583,40.82,57.22,52.13790834395863
2022-06-10 05:00:00,2022-06-10 05:00:00,-20.24,70.9,6.423,151.4,9.25,4.916,277.0,7.307,990.0425,567.4614,150.9175,240.7542,340.835,57.61,64.19,86.28240444841063
2022-06-10 06:00:00,2022-06-10 06:00:00,-19.67,77.32,5.17,147.9,7.601,3.933,279.4,6.144,1106.226,666.2811,152.8028,253.0171,340.915,60.87,63.48,93.58319075222862
2022-06-10 07:00:00,2022-06-10 07:00:00,-19.6,65.35,6.732,157.1,10.07,5.008,271.6,7.539,1151.743,723.5854,146.0589,253.9854,340.7333,54.71,63.09,79.04243838027922
2022-06-10 08:00:00,2022-06-10 08:00:00,-19.7,58.71,9.6,154.8,13.08,7.652,276.0,10.56,1089.632,706.2029,142.9023,246.4377,340.5517,51.4,56.19,71.07925998396473
2022-06-10 09:00:00,2022-06-10 09:00:00,-19.0,24.93,11.43,158.0,13.9,9.04,273.0,11.2,691.2518947368421,656.6893,137.723,243.9984,340.5467,22.72,51.81,29.98048108953299
2022-06-10 10:00:00,2022-06-10 10:00:00,-19.98,27.08,11.86,158.9,15.96,9.25,272.3,12.6,599.8962105263158,569.9014,135.9537,239.0589,340.3083,28.97,45.93,32.8733525819179
2022-06-10 11:00:00,2022-06-10 11:00:00,-19.2,15.22,15.68,161.2,17.88,12.37,270.5,14.52,494.1548421052632,469.4471,145.9791,233.2431,340.2967,14.44,27.54,18.338514055448588
2022-06-10 12:00:00,2022-06-10 12:00:00,-18.22,15.08,13.99,164.8,16.92,10.6,266.4,12.95,308.73,293.2935,135.4409,227.2972,340.485,14.84,22.34,17.999685863604846
2022-06-10 13:00:00,2022-06-10 13:00:00,-19.36,12.5,13.35,161.9,15.55,10.49,269.8,12.31,60.043063157894736,57.04091,137.3371,219.1306,340.7333,8.36,19.64,15.084321448223301
2022-06-10 14:00:00,2022-06-10 14:00:00,-19.86,11.04,10.65,158.1,12.53,8.49,273.6,10.45,0.0,0.0,155.0578,212.8864,340.925,3.573,16.21,13.386450065202462
2022-06-10 15:00:00,2022-06-10 15:00:00,-20.52,11.03,10.69,141.4,14.04,9.17,289.6,13.0,0.0,0.0,132.3262,215.7764,340.9583,3.916,12.07,13.459055078580338
2022-06-10 16:00:00,2022-06-10 16:00:00,-20.71,11.59,9.17,133.5,11.71,8.32,297.6,11.32,0.0,0.0,129.8349,213.2405,341.0117,6.607,13.08,14.168088605377376
2022-06-10 17:00:00,2022-06-10 17:00:00,-21.07,12.14,7.638,147.7,11.99,6.401,281.7,10.1,0.0,0.0,130.4008,211.2127,341.0717,8.98,15.67,14.891554022511054
2022-06-10 18:00:00,2022-06-10 18:00:00,-20.84,10.62,7.123,151.7,10.07,5.824,277.9,9.05,0.0,0.0,133.2778,210.9867,340.79,4.5,15.99,12.99845753608946
2022-06-10 19:00:00,2022-06-10 19:00:00,-21.65,14.48,11.23,159.6,13.9,8.98,272.1,11.2,0.0,0.0,124.4178,209.9581,340.2967,14.29,17.57,17.860485431678413
2022-06-10 20:00:00,2022-06-10 20:00:00,-21.6,13.84,8.69,157.7,11.3,6.855,273.0,9.11,0.0,0.0,130.9393,209.398,340.135,11.88,20.66,17.062935194664867
2022-06-10 21:00:00,2022-06-10 21:00:00,-22.64,36.18,13.93,165.0,18.56,10.83,266.4,14.75,0.0,0.0,142.8382,212.0641,339.6317,34.66,59.7,45.049199964524
2022-06-10 22:00:00,2022-06-10 22:00:00,-23.16,22.68,15.18,171.7,19.52,11.32,260.3,14.81,0.0,0.0,131.2352,209.2438,339.34,25.4,43.07,28.379672684641193
2022-06-10 23:00:00,2022-06-10 23:00:00,-22.99,31.95,13.56,166.2,16.92,10.46,265.3,13.06,0.0,0.0,130.0915,208.9634,339.4233,34.2,52.59,39.9148065242162
2022-06-11 00:00:00,2022-06-11 00:00:00,-22.39,25.53,12.35,166.3,14.86,9.49,265.0,11.61,12.83763,10.61723,130.9912,209.2463,339.7166,28.17,42.61,31.71294532313229
2022-06-11 01:00:00,2022-06-11 01:00:00,-21.27,11.59,10.74,171.9,12.94,7.964,258.9,9.86,73.58382,34.08212,125.4614,209.3355,340.0467,5.423,24.62,14.24406403585808
2022-06-11 02:00:00,2022-06-11 02:00:00,-20.7,10.85,9.47,174.9,11.71,7.04,256.4,8.7,412.2483,68.78039,126.8831,206.6779,340.2717,3.694,12.45,13.262214911027996
2022-06-11 03:00:00,2022-06-11 03:00:00,-20.46,11.65,8.52,175.1,10.2,6.271,256.4,7.772,648.0424,214.1611,130.8469,219.061,340.4817,4.332,21.76,14.207439745154817
2022-06-11 04:00:00,2022-06-11 04:00:00,-20.03,40.37,8.7,174.5,10.75,6.424,257.0,8.0,853.3626,354.5432,136.6918,232.9679,340.675,39.98,49.68,49.03000735765352
2022-06-11 05:00:00,2022-06-11 05:00:00,-19.69,16.28,9.75,172.8,11.71,7.107,258.7,8.64,1010.727,459.4747,139.6827,242.6011,340.7733,15.97,38.78,19.708048123468327
2022-06-11 06:00:00,2022-06-11 06:00:00,-19.84,14.37,10.83,168.0,12.26,8.13,263.3,9.34,1106.82,533.9969,140.553,247.0871,340.7467,13.59,17.31,17.420873969144054
2022-06-11 07:00:00,2022-06-11 07:00:00,-19.1,15.2,9.91,166.2,12.53,7.397,264.5,9.81,1138.205,576.9276,143.2126,256.7861,340.7967,14.92,18.7,18.296858841472357
2022-06-11 08:00:00,2022-06-11 08:00:00,-19.21,16.26,12.17,166.4,15.41,9.28,264.9,12.25,1095.075,580.7542,143.6075,256.0504,340.63,16.65,20.7,19.593484621145628
2022-06-11 09:00:00,2022-06-11 09:00:00,-19.39,16.72,13.83,162.4,18.97,10.87,269.0,15.74,676.4826,551.4321,139.9781,251.5658,340.575,17.33,25.11,20.18259193171833
2022-06-11 10:00:00,2022-06-11 10:00:00,-19.64,20.67,12.83,161.3,18.56,10.1,270.3,14.92,515.8681052631579,490.0747,140.4704,249.6891,340.4983,22.65,32.19,25.010458719589614
2022-06-11 11:00:00,2022-06-11 11:00:00,-19.69,59.98,17.88,160.2,24.45,14.15,271.9,18.7,429.6747,342.5913,168.0565,244.6055,340.2667,49.41,65.1,72.60987263179545
2022-06-11 12:00:00,2022-06-11 12:00:00,-19.31,80.8,12.97,153.5,18.56,10.61,278.1,14.17,344.32673684210533,327.1104,173.7563,246.2821,340.5816,62.95,65.94,97.45832443440916
2022-06-11 13:00:00,2022-06-11 13:00:00,-18.57,44.3,10.96,146.4,13.77,9.24,284.8,12.07,158.20789473684212,150.2975,135.7068,234.5408,340.8416,43.07,55.34,53.05514717055122
2022-06-11 14:00:00,2022-06-11 14:00:00,-19.18,20.53,9.38,149.3,10.89,7.814,282.0,9.57,0.0,0.0,127.6798,219.5748,341.1867,21.07,42.35,24.731766558163486
2022-06-11 15:00:00,2022-06-11 15:00:00,-19.84,14.34,8.31,144.3,10.34,6.939,286.4,9.28,0.0,0.0,123.6592,218.8427,341.4517,14.0,18.27,17.384504712423503
2022-06-11 16:00:00,2022-06-11 16:00:00,-20.32,16.04,8.89,145.9,10.48,7.533,285.4,9.23,0.0,0.0,123.4305,216.5149,341.5683,17.11,23.03,19.53496997478083
2022-06-11 17:00:00,2022-06-11 17:00:00,-20.59,17.03,9.59,144.8,12.26,8.2,287.0,10.79,0.0,0.0,125.9248,215.3902,341.535,18.76,20.96,20.794302031710654
2022-06-11 18:00:00,2022-06-11 18:00:00,-20.65,17.68,9.75,146.4,11.71,8.38,285.1,10.56,0.0,0.0,126.7983,214.7445,341.2716,19.68,22.85,21.600362659561814
2022-06-11 19:00:00,2022-06-11 19:00:00,-20.7,16.12,9.13,158.8,12.12,7.239,272.4,9.4,0.0,0.0,122.1581,212.4336,341.09,16.54,22.21,19.70386215352731
2022-06-11 20:00:00,2022-06-11 20:00:00,-21.41,19.24,7.716,166.8,9.66,5.718,263.1,7.83,0.0,0.0,123.2003,209.9204,340.685,21.61,26.8,23.67749218665308
2022-06-11 21:00:00,2022-06-11 21:00:00,-21.62,17.56,9.71,166.7,13.63,7.386,264.3,10.97,0.0,0.0,139.0421,211.4161,340.2983,18.92,25.17,21.653344433912842
2022-06-11 22:00:00,2022-06-11 22:00:00,-20.75,11.78,7.587,177.4,10.34,5.433,253.4,7.307,0.0,0.0,196.156,219.3451,340.1267,8.12,22.09,14.405857988050327
2022-06-11 23:00:00,2022-06-11 23:00:00,-21.65,12.74,7.32,158.7,13.49,5.813,271.6,11.72,0.0,0.0,206.6221,220.4236,339.985,10.4,21.93,15.714266878424239
2022-06-12 00:00:00,2022-06-12 00:00:00,-20.77,25.75,10.88,157.0,14.86,8.74,275.0,12.02,21.96967,13.21262,198.7092,222.64,340.03,28.23,39.24,31.495903511806603
2022-06-12 01:00:00,2022-06-12 01:00:00,-20.85,37.61,9.48,156.3,10.62,7.568,275.2,8.59,156.6226,73.57085,169.3165,220.9082,340.22,,,46.03754192386119
2022-06-12 02:00:00,2022-06-12 02:00:00,-21.03,36.35,8.89,161.6,10.2,6.893,269.8,8.12,345.7896,103.8957,152.8224,217.4027,340.6133,37.5,50.03,44.57176893647329
2022-06-12 03:00:00,2022-06-12 03:00:00,-20.95,23.93,8.63,163.4,10.07,6.617,267.7,7.714,614.0883,220.2152,152.6015,227.9337,340.8117,25.02,41.25,29.32016064828717
2022-06-12 04:00:00,2022-06-12 04:00:00,-20.38,17.18,8.78,169.6,10.89,6.472,261.6,8.0,804.4673,319.5486,150.6571,237.7553,341.0067,17.93,24.9,20.935377066230973
2022-06-12 05:00:00,2022-06-12 05:00:00,-19.71,13.46,8.58,169.4,11.71,6.244,261.5,8.64,909.9717,397.1875,156.5983,248.8263,341.08,9.42,21.32,16.297368293185592
2022-06-12 06:00:00,2022-06-12 06:00:00,-19.53,24.43,7.968,165.8,12.81,5.947,265.2,9.92,905.001,447.4603,190.6123,259.6607,341.045,25.81,47.99,29.528874417753396
2022-06-12 07:00:00,2022-06-12 07:00:00,-19.68,62.2,9.69,157.5,13.63,7.629,273.9,10.85,466.5367,273.4509,234.1846,249.1698,341.0316,52.13,64.09,75.29012072365951
2022-06-12 08:00:00,2022-06-12 08:00:00,-19.36,81.6,9.26,151.4,15.14,7.327,279.7,13.76,489.4585,324.1942,236.4722,248.414,341.055,62.94,65.38,98.4704504140017
2022-06-12 09:00:00,2022-06-12 09:00:00,-20.54,81.1,13.29,150.7,19.25,10.9,281.8,14.92,442.9767,288.7908,232.6521,240.6043,340.9217,62.64,65.0,98.9789762802152
2022-06-12 10:00:00,2022-06-12 10:00:00,-20.36,81.2,14.08,153.2,18.29,11.62,278.5,15.74,425.4078,278.1885,228.5658,241.9064,340.8983,64.89,71.33,98.93058559840323
2022-06-12 11:00:00,2022-06-12 11:00:00,-19.98,81.7,13.73,160.3,19.11,10.88,271.9,15.33,372.6919,271.1534,207.1734,241.1425,340.945,64.95,68.27,99.17846772314226
2022-06-12 12:00:00,2022-06-12 12:00:00,-20.8,60.98,13.66,148.0,17.74,11.3,284.0,15.56,231.78368421052633,220.1945,161.6291,230.1394,341.0683,52.92,74.4,74.60857567388798
2022-06-12 13:00:00,2022-06-12 13:00:00,-20.93,27.88,13.43,155.6,16.78,10.97,276.4,13.59,75.31747368421053,71.5516,141.6238,221.2972,341.35,30.63,37.55,34.1533614180976
2022-06-12 14:00:00,2022-06-12 14:00:00,-20.75,21.24,13.19,154.1,14.86,10.91,278.2,12.65,0.0,0.0,127.005,214.0558,341.5783,24.0,30.74,25.974569071832676
2022-06-12 15:00:00,2022-06-12 15:00:00,-21.08,21.93,12.47,154.5,14.04,10.41,277.6,12.07,0.0,0.0,124.0264,216.0386,341.8517,24.89,28.39,26.903044718710166
2022-06-12 16:00:00,2022-06-12 16:00:00,-21.17,17.25,11.92,153.3,14.18,10.08,279.0,12.02,0.0,0.0,124.8772,214.2984,342.0233,17.34,30.1,21.17995629852761
2022-06-12 17:00:00,2022-06-12 17:00:00,-19.91,4.347,11.72,150.9,14.04,9.99,280.9,12.31,0.0,0.0,125.0125,215.0885,342.1133,,,5.2734388924919315
2022-06-12 18:00:00,2022-06-12 18:00:00,-19.65,2.37,9.54,150.2,11.44,8.02,281.2,9.75,0.0,0.0,123.9337,214.0703,341.995,,,2.8679470913334346
2022-06-12 19:00:00,2022-06-12 19:00:00,-19.96,3.337,8.11,142.3,9.93,6.762,288.5,9.28,0.0,0.0,121.686,212.1046,341.7083,,,4.050124645841393
2022-06-12 20:00:00,2022-06-12 20:00:00,-20.96,2.317,9.02,150.9,11.3,7.633,280.5,9.75,0.0,0.0,118.5469,209.8723,341.4383,,,2.8391684502598618
2022-06-12 21:00:00,2022-06-12 21:00:00,-21.24,2.121,10.03,151.8,11.71,8.57,279.7,10.1,0.0,0.0,115.9639,209.0564,341.1583,,,2.6059543558575107
2022-06-12 22:00:00,2022-06-12 22:00:00,-21.32,6.073,9.19,142.2,11.03,7.883,289.0,9.69,0.0,0.0,114.1399,207.8775,341.04,1.745,11.53,7.467255024793466
2022-06-12 23:00:00,2022-06-12 23:00:00,-20.69,6.028,8.53,138.9,10.75,7.312,291.8,9.52,0.0,0.0,116.1689,207.7344,341.1383,0.688,8.84,7.367464647091646
2022-06-13 00:00:00,2022-06-13 00:00:00,-20.19,6.536,6.781,137.8,8.97,5.585,291.5,7.83,0.0,0.0,119.425,208.1099,341.2867,1.309,14.35,7.950240711396225
2022-06-13 01:00:00,2022-06-13 01:00:00,-20.43,16.13,6.632,142.8,8.83,5.555,286.3,7.597,72.55943,28.88396,122.8443,209.9736,341.5116,16.14,26.23,19.665259025885113
2022-06-13 02:00:00,2022-06-13 02:00:00,-20.13,18.76,7.419,147.7,10.2,6.13,282.2,8.35,378.5577,71.91995,133.8714,211.1256,341.715,20.92,28.24,22.806136173974046
2022-06-13 03:00:00,2022-06-13 03:00:00,-19.97,13.43,7.108,134.7,8.7,6.077,294.4,7.83,618.4818,195.2761,138.6476,220.5471,341.7933,11.28,17.87,16.301582765306975
2022-06-13 04:00:00,2022-06-13 04:00:00,-20.09,10.31,7.864,136.3,9.52,6.711,293.4,8.59,845.9407,322.0341,139.2719,236.422,341.9183,4.811,21.44,12.528852256704798
2022-06-13 05:00:00,2022-06-13 05:00:00,-19.62,7.959,8.48,134.3,10.34,7.291,296.0,9.69,1001.063,414.6175,139.0707,247.4752,341.9716,0.288,8.27,9.628451909204482
2022-06-13 06:00:00,2022-06-13 06:00:00,-19.21,11.86,8.37,137.8,11.44,6.962,292.3,10.56,1113.529,488.7813,136.5438,257.4286,342.0533,5.8,16.35,14.29143466216403
2022-06-13 07:00:00,2022-06-13 07:00:00,-19.12,14.2,9.78,142.1,12.4,8.21,289.1,11.03,1146.552,531.3621,138.3514,259.8559,341.875,11.06,24.14,17.09639759687716
2022-06-13 08:00:00,2022-06-13 08:00:00,-19.25,20.5,10.76,149.4,13.9,8.85,282.7,11.96,1102.318,537.2625,138.3031,261.463,341.675,21.79,34.78,24.71221008280726
2022-06-13 09:00:00,2022-06-13 09:00:00,-18.45,55.46,8.11,158.7,15.0,6.128,272.1,12.07,739.2076,509.9716,136.8872,263.8224,341.64,49.08,61.13,66.34422665630218
2022-06-13 10:00:00,2022-06-13 10:00:00,-18.26,70.85,8.21,154.6,14.59,6.161,276.1,11.49,473.644,449.9618,145.4613,262.0201,341.5566,57.39,66.46,84.60000194719991
2022-06-13 11:00:00,2022-06-13 11:00:00,-17.59,83.5,8.76,157.2,12.81,6.605,273.4,10.85,421.2245,361.043,181.8378,264.4294,341.4867,63.73,67.43,99.06473771919501
2022-06-13 12:00:00,2022-06-13 12:00:00,-18.61,77.96,9.88,160.2,15.0,7.305,270.7,11.96,299.2657894736842,284.3025,133.4147,252.3202,341.525,61.12,65.59,93.40334772561164
2022-06-13 13:00:00,2022-06-13 13:00:00,-18.63,78.31,9.92,160.0,13.9,7.662,271.0,11.43,116.30547368421054,110.4902,135.1775,239.7112,341.7833,61.33,66.1,93.84069982305398
2022-06-13 14:00:00,2022-06-13 14:00:00,-19.99,62.04,10.46,157.9,15.14,8.38,273.5,12.13,0.0,0.0,131.3261,222.0688,341.9617,53.36,61.01,75.31972107703885
2022-06-13 15:00:00,2022-06-13 15:00:00,-20.93,54.39,9.96,153.8,15.41,8.08,277.4,11.96,0.0,0.0,134.2238,224.1512,342.1117,49.26,51.9,66.62845507641065
2022-06-13 16:00:00,2022-06-13 16:00:00,-21.38,57.8,4.269,155.1,8.42,3.351,270.9,8.88,0.0,0.0,131.0258,218.1347,342.28,51.13,53.84,71.11057194257951
2022-06-13 17:00:00,2022-06-13 17:00:00,-21.56,47.67,4.976,144.0,11.85,4.197,283.7,11.14,0.0,0.0,123.8516,214.3132,342.3567,45.05,52.17,58.7485493782175
2022-06-13 18:00:00,2022-06-13 18:00:00,-20.8,32.25,10.79,142.1,14.18,9.08,289.8,12.71,0.0,0.0,125.0198,216.7826,342.0966,34.69,36.96,39.45763472421922
2022-06-13 19:00:00,2022-06-13 19:00:00,-21.06,34.77,11.25,142.9,14.04,9.45,289.2,12.83,0.0,0.0,127.8932,216.4467,341.7783,36.62,39.65,42.64661416386399
2022-06-13 20:00:00,2022-06-13 20:00:00,-21.19,34.34,9.89,145.9,12.53,8.22,285.2,11.09,0.0,0.0,132.7058,215.9913,341.4983,36.28,40.48,42.171511165042354
2022-06-13 21:00:00,2022-06-13 21:00:00,-21.67,36.15,9.13,142.6,11.99,7.652,288.7,10.62,0.0,0.0,136.3082,214.7191,341.2483,37.57,43.35,44.59804370763785
2022-06-13 22:00:00,2022-06-13 22:00:00,-21.96,38.61,9.64,136.6,11.71,8.66,295.0,11.14,0.0,0.0,147.1277,215.5074,341.0467,39.34,45.14,47.76475711994512
2022-06-13 23:00:00,2022-06-13 23:00:00,-21.63,36.62,4.566,115.0,8.7,5.733,315.0,8.47,0.0,0.0,173.381,217.4589,341.025,37.85,45.27,45.160653899634625
2022-06-14 00:00:00,2022-06-14 00:00:00,-21.46,32.24,5.445,115.0,7.738,6.988,315.4,9.52,34.94765,17.53392,177.8026,220.1668,341.0833,34.53,38.59,39.69472654815993
2022-06-14 01:00:00,2022-06-14 01:00:00,-21.78,38.47,4.106,113.1,7.327,5.077,313.7,8.76,136.9959,62.96585,191.5095,224.5959,341.2233,39.26,42.43,47.51000480656183
2022-06-14 02:00:00,2022-06-14 02:00:00,-21.32,50.31,2.281,133.9,7.875,1.616,279.3,8.12,335.0958,130.2867,182.5094,224.7037,341.375,46.79,52.56,61.86029973610394
2022-06-14 03:00:00,2022-06-14 03:00:00,-20.91,55.18,3.776,139.8,7.738,2.908,283.6,8.47,492.1879,218.0528,199.6093,238.7294,341.545,49.59,53.83,67.58330314431113
2022-06-14 04:00:00,2022-06-14 04:00:00,-20.84,57.75,4.15,149.1,8.56,3.22,276.0,9.17,801.5962,306.8337,174.4437,249.5277,341.7367,50.87,54.59,70.68370270331133
2022-06-14 05:00:00,2022-06-14 05:00:00,-20.29,60.52,3.012,137.5,7.327,2.377,280.3,7.946,1027.14,403.8566,166.3024,266.7637,341.88,52.4,59.45,73.68560747775429
2022-06-14 06:00:00,2022-06-14 06:00:00,-20.19,73.62,3.977,121.4,7.19,3.67,302.1,8.88,1137.882,480.0776,166.0557,275.3123,341.9633,58.76,65.45,89.54968194201194
2022-06-14 07:00:00,2022-06-14 07:00:00,-18.89,81.6,6.061,149.6,12.26,4.533,278.6,9.63,1063.325,496.268,198.5849,280.6372,341.885,62.55,66.47,98.02753477596927
2022-06-14 08:00:00,2022-06-14 08:00:00,-18.03,82.9,7.647,160.5,12.94,5.368,269.6,9.46,971.6346,481.965,194.7095,278.398,341.9066,63.31,65.95,98.76998632002083
2022-06-14 09:00:00,2022-06-14 09:00:00,-18.8,81.9,7.818,149.6,12.94,6.035,280.0,11.72,798.4312,493.5654,159.9682,275.049,341.9183,62.75,66.2,98.30298199205818
2022-06-14 10:00:00,2022-06-14 10:00:00,-18.83,77.63,13.26,150.4,17.05,10.84,281.7,15.62,476.3733684210527,452.5547,148.7244,262.9501,341.5367,60.88,65.71,93.20461750209262
2022-06-14 11:00:00,2022-06-14 11:00:00,-18.76,69.05,14.63,155.2,20.48,11.77,276.9,15.91,471.2653,378.2047,135.3608,256.8379,341.405,56.84,65.56,82.8475605665815
2022-06-14 12:00:00,2022-06-14 12:00:00,-19.25,56.99,15.08,163.3,20.75,11.59,268.2,16.43,284.88105263157894,270.637,132.0981,247.549,341.3433,50.67,55.41,68.69994403020418
2022-06-14 13:00:00,2022-06-14 13:00:00,-20.22,55.72,13.29,148.7,18.15,11.05,283.4,15.85,118.3019,109.4501,127.1169,232.289,341.49,49.87,54.14,67.79598999130839
2022-06-14 14:00:00,2022-06-14 14:00:00,-21.11,75.24,9.93,154.0,17.47,7.968,277.3,16.03,0.0,0.0,129.883,222.0911,341.63,59.52,66.14,92.32854343527995
2022-06-14 15:00:00,2022-06-14 15:00:00,-21.63,82.6,9.07,150.0,12.94,7.848,281.5,12.07,0.0,0.0,144.2136,224.7207,341.7716,63.22,64.64,100.0
2022-06-14 16:00:00,2022-06-14 16:00:00,-21.99,80.6,6.1,142.0,11.3,5.345,285.9,13.24,0.0,0.0,150.8546,221.2569,342.0066,62.31,62.97,99.73944026938521
2022-06-14 17:00:00,2022-06-14 17:00:00,-22.54,80.7,0.61,170.0,9.66,0.49,228.4,9.69,0.0,0.0,164.5399,215.9837,341.89,62.29,63.41,100.0
2022-06-14 18:00:00,2022-06-14 18:00:00,-21.78,81.4,3.881,162.5,10.07,2.746,263.6,11.49,0.0,0.0,174.3539,220.6099,341.6083,62.75,63.3,100.0
2022-06-14 19:00:00,2022-06-14 19:00:00,-22.38,80.1,5.306,150.8,11.16,3.826,276.9,8.99,0.0,0.0,163.6381,219.0579,341.3183,62.1,62.93,99.48943281687113
2022-06-14 20:00:00,2022-06-14 20:00:00,-22.49,60.34,6.853,134.7,13.63,5.709,294.0,11.38,0.0,0.0,185.9982,220.7095,340.7583,52.36,61.46,75.024698355697
2022-06-14 21:00:00,2022-06-14 21:00:00,-22.67,73.55,2.393,133.8,9.11,1.653,268.8,9.92,0.0,0.0,190.8005,221.6847,340.4483,58.93,64.95,91.60624464104494
2022-06-14 22:00:00,2022-06-14 22:00:00,-23.24,83.5,0.467,112.7,5.409,0.296,279.5,3.761,0.0,0.0,182.2607,217.9272,340.2283,63.58,65.1,100.0
2022-06-14 23:00:00,2022-06-14 23:00:00,-22.77,82.8,5.211,141.1,9.79,3.997,283.8,11.72,0.0,0.0,220.8586,224.2154,340.2166,63.36,65.27,100.0
2022-06-15 00:00:00,2022-06-15 00:00:00,-22.72,77.82,4.275,156.6,9.38,2.941,269.1,10.74,18.37683,11.15192,199.3647,223.4669,340.3416,61.1,62.84,96.97059871402536
2022-06-15 01:00:00,2022-06-15 01:00:00,-22.53,79.25,7.312,135.9,14.04,6.435,293.9,13.99,114.8917,55.44941,160.9361,219.3559,340.4267,,,98.57424658208086
2022-06-15 02:00:00,2022-06-15 02:00:00,-21.86,76.23,12.38,138.3,17.33,10.8,293.3,16.61,293.3136,110.4635,159.4122,217.9962,340.6933,60.4,64.43,94.21496935751078
2022-06-15 03:00:00,2022-06-15 03:00:00,-21.77,84.1,11.52,142.2,14.04,9.79,289.4,12.48,449.2918,199.5293,169.912,229.1537,340.9533,63.87,65.59,100.0
2022-06-15 04:00:00,2022-06-15 04:00:00,-21.21,82.5,10.31,148.9,12.94,8.46,282.6,10.91,590.0186,298.7307,177.0032,240.6156,341.1533,63.18,65.1,100.0
2022-06-15 05:00:00,2022-06-15 05:00:00,-20.47,81.4,10.89,148.4,13.63,8.99,283.4,12.54,741.9897,411.5891,163.3391,251.6018,341.2,62.72,64.4,99.27864283380781
2022-06-15 06:00:00,2022-06-15 06:00:00,-20.47,61.83,12.25,149.8,14.86,10.11,281.7,12.71,1011.532,488.4048,156.2379,256.6068,341.2867,52.09,64.33,75.41030081590092
2022-06-15 07:00:00,2022-06-15 07:00:00,-19.76,44.97,11.75,149.4,15.41,9.62,282.1,13.35,1110.114,520.4368,153.5307,261.516,341.3033,43.15,55.42,54.475761221364905
2022-06-15 08:00:00,2022-06-15 08:00:00,-19.42,64.59,10.21,148.4,15.27,8.22,282.8,13.82,1087.472,528.4855,156.1446,268.0066,341.3167,54.25,64.47,77.9885495170006
2022-06-15 09:00:00,2022-06-15 09:00:00,-18.44,82.8,10.11,151.7,15.27,7.942,279.4,12.13,736.0609,465.3569,212.6531,270.7939,341.1483,63.38,66.16,99.04028730033951
2022-06-15 10:00:00,2022-06-15 10:00:00,-19.05,81.6,11.8,146.8,19.25,9.48,284.7,15.33,513.4425,422.9383,179.756,262.4018,340.985,62.8,65.44,98.1781409609029
2022-06-15 11:00:00,2022-06-15 11:00:00,-19.62,67.4,15.27,145.3,20.62,12.7,286.9,18.35,487.0023,378.9046,140.7054,253.1289,340.67,55.83,65.0,81.5375874708358
2022-06-15 12:00:00,2022-06-15 12:00:00,-19.79,67.43,16.01,148.2,20.34,13.39,284.2,17.71,274.67694736842105,260.9431,137.2555,244.2855,340.555,55.89,65.76,81.70683130663929
2022-06-15 13:00:00,2022-06-15 13:00:00,-20.24,70.53,16.38,144.8,20.75,13.86,287.6,18.24,86.83101,76.26949,148.1219,232.5625,340.6683,57.46,67.17,85.83212955918762
2022-06-15 14:00:00,2022-06-15 14:00:00,-20.84,71.63,15.64,142.9,20.62,13.61,289.2,18.82,0.0,0.0,152.0807,223.9388,340.775,57.77,67.98,87.67227055650545
2022-06-15 15:00:00,2022-06-15 15:00:00,-20.62,37.11,16.55,149.0,20.21,14.01,282.9,18.29,0.0,0.0,141.778,224.7989,341.045,37.78,49.93,45.32577095210035
2022-06-15 16:00:00,2022-06-15 16:00:00,-20.44,36.17,12.78,144.6,16.37,10.76,286.8,13.82,0.0,0.0,154.9941,224.285,341.4517,37.09,54.68,44.10170143538791
2022-06-15 17:00:00,2022-06-15 17:00:00,-20.89,65.67,11.48,143.5,15.68,9.65,288.0,14.05,0.0,0.0,172.2881,225.8043,341.4967,55.34,62.54,80.4158697918363
2022-06-15 18:00:00,2022-06-15 18:00:00,-21.04,62.36,9.1,150.1,12.53,7.396,280.8,11.38,0.0,0.0,149.9232,222.0724,341.2583,53.63,59.14,76.47210292988635
2022-06-15 19:00:00,2022-06-15 19:00:00,-21.05,68.49,7.346,143.3,11.85,6.132,286.7,11.14,0.0,0.0,177.3811,224.2004,340.8533,56.57,63.28,83.99734580543353
2022-06-15 20:00:00,2022-06-15 20:00:00,-20.21,41.15,9.62,143.3,12.94,8.01,288.0,11.14,0.0,0.0,172.1391,223.9556,340.4533,40.4,49.86,50.06349728283716
2022-06-15 21:00:00,2022-06-15 21:00:00,-20.41,46.0,11.51,142.4,15.27,9.68,289.0,13.53,0.0,0.0,200.21,226.4987,340.145,43.82,56.01,56.07122806762537
2022-06-15 22:00:00,2022-06-15 22:00:00,-20.74,80.0,11.54,148.1,15.14,9.81,283.7,13.64,0.0,0.0,200.4621,227.9521,339.9267,62.26,67.09,97.82330344589536
2022-06-15 23:00:00,2022-06-15 23:00:00,-21.35,81.4,11.22,145.3,14.59,9.44,286.1,12.19,0.0,0.0,215.1402,227.704,339.7766,62.9,64.2,100.0
2022-06-16 00:00:00,2022-06-16 00:00:00,-21.67,75.96,11.07,141.1,14.86,9.4,290.7,13.06,18.29886,11.11093,180.8864,223.6073,339.8517,60.33,63.43,93.71140802301994
2022-06-16 01:00:00,2022-06-16 01:00:00,-20.94,75.18,11.89,150.6,15.96,9.94,280.7,13.24,115.2601,60.92355,199.9895,228.3377,339.9967,60.01,64.68,92.10527161415078
2022-06-16 02:00:00,2022-06-16 02:00:00,-19.55,82.4,10.53,168.2,14.59,7.941,263.4,11.55,209.5731,121.0748,236.4826,230.2104,340.25,63.66,65.45,99.6170952890441
2022-06-16 03:00:00,2022-06-16 03:00:00,-19.09,82.7,7.605,166.7,12.67,5.867,263.5,9.92,332.5596,214.3292,233.6516,235.7413,340.355,64.36,66.18,99.53980832995197
2022-06-16 04:00:00,2022-06-16 04:00:00,-19.61,81.8,5.767,152.6,10.62,6.128,278.3,11.61,697.2803,370.0969,168.1826,238.2144,340.4933,64.84,85.5,98.94859987196753
2022-06-16 05:00:00,2022-06-16 05:00:00,-21.98,79.96,11.56,158.3,14.31,10.86,274.9,13.12,1057.044,491.7275,132.6838,238.1767,340.4383,61.99,64.48,98.93803952467893
2022-06-16 06:00:00,2022-06-16 06:00:00,-22.27,46.27,14.16,158.4,17.88,12.31,274.5,14.75,1108.591,550.8465,129.6048,241.0953,340.4517,42.86,61.94,57.41023017117351
2022-06-16 07:00:00,2022-06-16 07:00:00,-20.76,11.85,17.07,158.7,19.93,13.88,274.3,16.55,1159.247,588.6016,129.48,244.509,340.3483,4.358,29.49,14.49284639242047
2022-06-16 08:00:00,2022-06-16 08:00:00,-20.28,39.15,17.13,153.8,20.62,14.07,278.1,17.54,1092.601,571.3497,163.7937,251.603,340.195,29.78,65.31,47.6621872232409
2022-06-16 09:00:00,2022-06-16 09:00:00,-19.27,78.8,17.31,150.9,22.53,14.3,280.7,18.64,772.6422,513.2166,153.315,251.6693,340.2133,61.68,65.38,95.0095436022056
2022-06-16 10:00:00,2022-06-16 10:00:00,-19.5,79.53,16.02,154.7,22.95,12.95,277.3,17.95,495.27147368421055,470.5079,152.5403,252.9931,340.21,61.9,65.97,96.10136283489334
2022-06-16 11:00:00,2022-06-16 11:00:00,-20.09,59.78,17.7,155.3,23.63,14.24,276.9,19.11,495.4991,399.416,122.159,242.6152,339.945,52.03,62.32,72.64546924401677
2022-06-16 12:00:00,2022-06-16 12:00:00,-20.19,66.05,16.21,149.0,22.95,13.51,283.4,17.54,289.94947368421055,275.452,146.9452,239.9359,339.9467,55.19,64.03,80.34170731146277
2022-06-16 13:00:00,2022-06-16 13:00:00,-22.36,65.69,17.1,148.0,24.04,14.38,283.6,20.15,157.2561052631579,149.3933,118.5209,226.5549,339.92,54.97,65.09,81.57574472154808
2022-06-16 14:00:00,2022-06-16 14:00:00,-22.74,35.72,18.3,145.6,22.12,15.64,286.6,19.75,0.0,0.0,104.4529,212.5819,339.985,34.77,57.86,44.51874078674099
2022-06-16 15:00:00,2022-06-16 15:00:00,-23.26,59.17,17.23,145.3,21.71,14.57,287.0,19.28,0.0,0.0,106.7874,214.2672,340.15,51.7,62.96,74.11023514208728
2022-06-16 16:00:00,2022-06-16 16:00:00,-23.54,41.15,16.8,147.6,21.03,14.32,283.9,18.0,0.0,0.0,117.2687,212.5465,340.2033,38.72,64.55,51.677349719943656
2022-06-16 17:00:00,2022-06-16 17:00:00,-23.43,64.97,15.17,145.3,19.25,13.01,286.8,17.36,0.0,0.0,127.0308,213.68,340.195,54.37,65.0,81.50609866686233
2022-06-16 18:00:00,2022-06-16 18:00:00,-22.3,63.93,16.18,143.5,22.26,13.82,288.5,19.46,0.0,0.0,201.3823,221.8638,340.1083,53.85,63.71,79.34480590234546
2022-06-16 19:00:00,2022-06-16 19:00:00,-22.37,63.56,14.47,149.6,20.07,12.54,282.5,17.31,0.0,0.0,142.387,217.6355,339.94,53.88,65.68,78.93816039971459
2022-06-16 20:00:00,2022-06-16 20:00:00,-22.42,76.83,15.02,164.0,18.15,11.71,267.2,14.22,0.0,0.0,171.4762,218.6532,339.635,61.53,65.77,95.46420617038767
2022-06-16 21:00:00,2022-06-16 21:00:00,-20.83,81.8,13.87,162.0,17.19,10.79,269.7,14.22,0.0,0.0,229.4586,228.5559,339.3433,66.32,68.3,100.0
2022-06-16 22:00:00,2022-06-16 22:00:00,-22.8,79.61,12.07,152.8,17.05,10.09,279.2,15.1,0.0,0.0,207.2031,222.2945,339.0117,65.09,69.72,99.27656241961157
2022-06-16 23:00:00,2022-06-16 23:00:00,-23.08,80.1,12.87,149.4,16.51,12.99,282.3,16.96,0.0,0.0,169.5325,218.7958,338.7567,63.24,64.16,100.0
2022-06-17 00:00:00,2022-06-17 00:00:00,-23.47,56.8,15.04,149.7,20.48,15.52,282.6,21.03,33.59763,21.18818,159.3569,216.1978,338.8917,52.66,65.79,71.2837232034441
2022-06-17 01:00:00,2022-06-17 01:00:00,-21.03,81.4,17.19,160.8,21.85,15.05,272.0,19.98,130.1528,74.19964,227.8088,229.3702,339.005,71.26,76.36,99.81133401455092
2022-06-17 02:00:00,2022-06-17 02:00:00,-20.56,81.7,14.2,160.4,16.92,12.06,272.7,13.93,197.515,100.5929,226.7199,224.9346,339.265,78.37,81.9,99.73031746627468
2022-06-17 03:00:00,2022-06-17 03:00:00,-20.47,81.6,15.16,167.5,17.05,11.44,265.7,12.95,314.1533,130.2793,196.1584,228.7245,339.3967,70.17,75.84,99.52257070317832
2022-06-17 04:00:00,2022-06-17 04:00:00,-20.37,81.6,16.22,170.3,18.97,10.81,261.8,12.6,504.8372,234.4529,182.1229,230.4081,339.4883,93.2,116.1,99.42743790777844
2022-06-17 05:00:00,2022-06-17 05:00:00,-21.36,80.6,13.08,166.7,17.33,10.44,267.8,16.08,868.4828,418.1817,148.6405,234.1373,339.735,81.2,120.4,99.14218872580341
2022-06-17 06:00:00,2022-06-17 06:00:00,-21.35,80.6,10.47,159.3,14.45,10.27,273.4,14.75,1160.974,535.1776,141.3137,241.3006,340.02,62.91,72.37,99.13272959414523
2022-06-17 07:00:00,2022-06-17 07:00:00,-23.13,79.26,13.88,163.8,16.78,12.19,267.8,14.98,1157.806,574.0162,130.6456,242.6823,339.7766,61.52,63.4,99.15045003279755
2022-06-17 08:00:00,2022-06-17 08:00:00,-23.56,76.6,15.72,164.4,21.85,13.26,266.8,17.54,1120.359,570.4836,124.0006,243.1852,339.6483,60.25,63.56,96.2147240446442
2022-06-17 09:00:00,2022-06-17 09:00:00,-21.87,38.84,17.41,154.6,24.86,14.28,277.8,18.99,797.2443,527.7793,120.8919,241.5433,339.4683,36.88,56.88,48.00810854434585
2022-06-17 10:00:00,2022-06-17 10:00:00,-19.58,11.19,14.59,146.8,18.56,12.45,285.2,16.14,489.04747368421056,464.5951,122.7419,241.8518,339.545,4.408,20.81,13.531987774077646
2022-06-17 11:00:00,2022-06-17 11:00:00,-18.27,8.09,14.34,141.8,18.15,12.42,290.2,16.61,480.7311,392.7859,118.2445,243.7746,339.6117,0.23,9.54,9.66097084559699
2022-06-17 12:00:00,2022-06-17 12:00:00,-17.82,16.93,10.66,167.6,19.11,7.707,263.3,15.79,306.75926315789474,291.4213,113.7687,238.6687,339.765,15.95,31.82,20.13031010445458
2022-06-17 13:00:00,2022-06-17 13:00:00,-16.9,19.87,5.076,166.6,14.59,3.504,261.4,11.32,157.4361052631579,149.5643,115.3804,234.9074,340.155,21.59,29.28,23.417757635727195
2022-06-17 14:00:00,2022-06-17 14:00:00,-18.78,13.89,1.883,115.5,6.368,1.362,290.2,6.783,0.0,0.0,118.4929,215.7577,340.445,10.2,26.89,16.668697450214253
2022-06-17 15:00:00,2022-06-17 15:00:00,-20.74,21.52,1.408,281.5,6.916,0.85,214.5,6.028,0.0,0.0,123.5253,215.0467,340.5183,22.9,36.39,26.31446862694585
2022-06-17 16:00:00,2022-06-17 16:00:00,-21.35,43.29,0.77,218.2,5.546,0.658,231.4,5.679,0.0,0.0,122.6755,211.2169,340.6317,42.5,48.46,53.24386928201672
2022-06-17 17:00:00,2022-06-17 17:00:00,-21.98,58.62,1.491,138.9,9.66,0.988,280.7,6.493,0.0,0.0,121.5824,209.1937,340.7133,51.66,58.17,72.53311501921809
2022-06-17 18:00:00,2022-06-17 18:00:00,-22.25,77.63,7.302,148.7,14.73,5.605,273.9,11.43,0.0,0.0,118.232,212.2627,340.3283,61.11,64.14,96.30230816322626
2022-06-17 19:00:00,2022-06-17 19:00:00,-22.48,61.26,11.48,141.4,17.74,9.83,290.0,14.57,0.0,0.0,117.3608,212.622,339.9666,52.79,62.42,76.16134953903656
2022-06-17 20:00:00,2022-06-17 20:00:00,-22.1,53.33,12.07,138.0,15.82,10.69,294.0,13.99,0.0,0.0,126.7582,213.8073,339.7733,48.77,53.35,66.06302613143025
2022-06-17 21:00:00,2022-06-17 21:00:00,-21.67,61.75,9.39,150.1,12.67,7.8,280.8,11.09,0.0,0.0,137.3018,215.1483,339.7633,53.26,62.79,76.18061407874515
2022-06-17 22:00:00,2022-06-17 22:00:00,-21.73,82.7,8.64,156.6,11.85,7.044,274.1,9.81,0.0,0.0,184.0751,221.1025,339.5616,63.5,66.83,100.0
2022-06-17 23:00:00,2022-06-17 23:00:00,-21.26,81.6,8.42,155.9,12.12,6.912,274.9,11.26,0.0,0.0,208.0094,225.179,339.5683,63.04,64.04,100.0
2022-06-18 00:00:00,2022-06-18 00:00:00,-20.56,82.5,10.3,148.4,12.4,8.79,283.3,11.43,21.51369,12.28125,220.971,228.9724,339.5883,63.53,64.11,100.0
2022-06-18 01:00:00,2022-06-18 01:00:00,-20.53,81.9,10.26,164.7,12.26,7.903,267.0,9.92,84.86963,50.92422,216.9419,227.1764,339.7617,,,99.9457849016684
2022-06-18 02:00:00,2022-06-18 02:00:00,-19.77,82.3,9.48,170.4,11.57,6.976,261.6,8.99,197.1261,116.7712,229.6712,229.6533,339.8917,63.46,65.66,99.70612829147353
2022-06-18 03:00:00,2022-06-18 03:00:00,-20.03,81.7,9.69,156.4,13.22,6.892,275.9,9.63,378.0851,197.361,205.5294,231.7904,339.9817,63.19,65.68,99.22594999059432
2022-06-18 04:00:00,2022-06-18 04:00:00,-20.37,81.9,11.86,156.5,14.59,8.43,275.1,10.45,573.6261,316.7944,181.0979,235.629,340.0717,63.15,63.99,99.79297995890998
2022-06-18 05:00:00,2022-06-18 05:00:00,-22.02,79.87,11.49,150.7,15.41,9.03,280.4,11.61,807.2404,474.3995,144.8088,235.0816,340.0283,61.98,64.33,98.86434014961334
2022-06-18 06:00:00,2022-06-18 06:00:00,-21.88,55.37,13.87,143.0,18.01,11.0,288.2,14.92,1113.692,541.7257,135.8865,243.1904,340.0883,46.9,63.43,68.44650542198755
2022-06-18 07:00:00,2022-06-18 07:00:00,-19.76,15.97,14.65,149.2,18.15,11.96,283.0,14.34,1151.843,567.7745,136.1599,247.1118,340.1967,15.55,28.5,19.34573953091389
2022-06-18 08:00:00,2022-06-18 08:00:00,-19.4,13.59,14.58,149.1,20.07,12.18,283.0,16.26,1126.696,556.8514,134.9135,250.9245,340.205,10.01,27.59,16.405964017304843
2022-06-18 09:00:00,2022-06-18 09:00:00,-18.97,16.46,15.12,147.9,18.7,12.83,284.4,16.61,815.5416,508.213,133.0141,251.9352,340.2017,12.45,42.73,19.78887673711693
2022-06-18 10:00:00,2022-06-18 10:00:00,-18.05,23.06,14.79,155.6,19.38,12.06,276.3,15.62,467.27884210526315,443.9149,134.089,253.0982,340.35,25.51,33.92,27.479780959156734
2022-06-18 11:00:00,2022-06-18 11:00:00,-17.54,15.83,15.01,158.4,21.03,11.99,273.4,17.13,478.3605,369.7996,132.8839,250.5893,340.4183,15.46,25.59,18.771742502631394
2022-06-18 12:00:00,2022-06-18 12:00:00,-18.0,13.2,15.65,159.5,21.99,12.38,272.5,16.55,283.6409473684211,269.4589,128.5113,243.4369,340.6083,8.94,23.72,15.722410714854107
2022-06-18 13:00:00,2022-06-18 13:00:00,-19.11,23.38,15.34,157.5,19.38,12.39,274.5,16.14,149.9537,136.206,125.9112,233.3966,340.6467,23.4,35.54,28.14615756355932
2022-06-18 14:00:00,2022-06-18 14:00:00,-20.02,25.55,14.2,151.8,18.42,11.93,280.7,15.27,0.0,0.0,123.9021,220.8044,340.5933,28.59,33.74,31.02791129324763
2022-06-18 15:00:00,2022-06-18 15:00:00,-20.63,22.37,12.81,147.3,15.68,10.97,284.9,13.53,0.0,0.0,126.8497,221.1092,340.78,24.18,34.05,27.325098917579016
2022-06-18 16:00:00,2022-06-18 16:00:00,-20.81,20.6,9.41,141.4,12.67,7.996,289.8,11.43,0.0,0.0,126.0181,217.9332,340.99,22.44,32.21,25.206354767582216
2022-06-18 17:00:00,2022-06-18 17:00:00,-21.1,25.56,8.22,146.8,11.85,6.876,283.9,10.5,0.0,0.0,129.4759,216.4102,341.065,27.35,34.83,31.362204526389828
2022-06-18 18:00:00,2022-06-18 18:00:00,-21.31,20.75,7.986,143.8,11.44,6.806,286.4,9.69,0.0,0.0,135.2187,216.0404,340.8083,21.27,35.6,25.51140407394532
2022-06-18 19:00:00,2022-06-18 19:00:00,-21.57,20.91,9.17,150.9,13.36,7.764,280.3,11.55,0.0,0.0,130.6912,214.3661,340.4317,20.95,39.25,25.77195971867898
2022-06-18 20:00:00,2022-06-18 20:00:00,-22.03,44.54,8.88,148.7,11.44,7.619,282.2,10.39,0.0,0.0,137.2094,214.6351,340.0717,42.53,54.73,55.13756283988819
2022-06-18 21:00:00,2022-06-18 21:00:00,-21.24,53.76,6.931,147.2,8.56,5.777,282.3,7.249,0.0,0.0,138.0141,215.2055,339.8583,49.05,56.71,66.05191238609136
2022-06-18 22:00:00,2022-06-18 22:00:00,-21.12,53.64,6.082,156.3,7.601,4.727,272.5,6.144,0.0,0.0,179.8322,219.4055,339.735,49.08,53.66,65.82902604021163
2022-06-18 23:00:00,2022-06-18 23:00:00,-21.72,73.08,6.484,162.3,9.25,4.855,266.3,7.016,0.0,0.0,194.1223,222.3512,339.7017,58.83,65.51,90.2013533167916
2022-06-19 00:00:00,2022-06-19 00:00:00,-21.14,82.1,8.89,173.5,12.26,6.559,257.2,9.52,18.91441,11.30828,198.5007,224.8914,339.7633,63.27,64.14,100.0
2022-06-19 01:00:00,2022-06-19 01:00:00,-20.49,81.6,10.89,167.4,13.36,8.16,264.1,10.33,173.9352,97.35255,234.1074,233.6346,339.7567,63.12,63.6,99.5416054507487
2022-06-19 02:00:00,2022-06-19 02:00:00,-19.77,82.0,8.55,162.2,11.85,6.23,269.2,9.11,329.6445,167.9477,221.2098,231.9287,340.0266,63.36,65.22,99.34267946416561
2022-06-19 03:00:00,2022-06-19 03:00:00,-19.19,82.7,9.31,169.0,11.71,6.674,264.6,9.69,408.2639,218.0605,214.3097,239.0859,340.225,63.57,65.29,99.63532680310003
2022-06-19 04:00:00,2022-06-19 04:00:00,-20.02,81.9,8.91,177.2,11.57,6.139,255.6,8.35,518.6107,285.3592,185.2426,238.6766,340.2116,63.06,65.3,99.45933209068419
2022-06-19 05:00:00,2022-06-19 05:00:00,-20.8,81.2,9.71,174.9,12.4,6.928,258.1,9.11,912.2115,427.3038,175.7297,244.1259,340.115,62.65,64.82,99.34759502656125
2022-06-19 06:00:00,2022-06-19 06:00:00,-22.33,79.6,9.94,178.1,12.81,7.025,254.6,9.4,1097.724,528.4775,147.6477,249.8976,340.3466,61.7,64.49,98.82136862071911
2022-06-19 07:00:00,2022-06-19 07:00:00,-21.5,70.02,11.91,174.2,16.92,8.58,257.9,12.95,1135.96,555.1064,144.4527,255.5005,340.3317,57.11,62.6,86.2433437573016
2022-06-19 08:00:00,2022-06-19 08:00:00,-19.39,72.42,12.27,169.4,17.19,9.02,262.1,12.54,1116.889,550.6924,150.1325,262.5411,340.3283,58.54,64.4,87.41766194348337
2022-06-19 09:00:00,2022-06-19 09:00:00,-19.15,61.03,12.54,165.4,17.33,9.42,265.9,12.77,803.8397,505.7808,146.132,260.9891,340.2766,52.79,61.39,73.49953662200822
2022-06-19 10:00:00,2022-06-19 10:00:00,-19.4,55.71,15.21,162.1,21.03,11.9,269.8,16.78,466.34463157894737,443.0274,144.0166,256.8153,339.9983,49.63,56.87,67.2535875941172
2022-06-19 11:00:00,2022-06-19 11:00:00,-19.58,30.53,17.08,155.0,22.12,13.99,276.7,17.83,490.5218,366.6501,138.2506,247.649,339.76,32.77,43.07,36.919712845629185
2022-06-19 12:00:00,2022-06-19 12:00:00,-19.36,55.34,16.07,153.8,21.58,13.21,278.2,17.71,283.7977894736842,269.6079,134.2463,243.0172,339.765,49.87,52.99,66.7813079155742
2022-06-19 13:00:00,2022-06-19 13:00:00,-19.7,62.31,15.57,154.3,20.34,12.77,277.7,16.55,151.2094,136.4574,134.8939,235.5279,339.86,53.59,61.32,75.43772252769277
2022-06-19 14:00:00,2022-06-19 14:00:00,-20.89,55.94,14.26,151.7,19.25,11.86,280.6,15.79,0.0,0.0,133.2119,222.2916,339.9933,49.0,63.54,68.50104699490363
2022-06-19 15:00:00,2022-06-19 15:00:00,-21.77,82.3,11.7,148.8,16.51,9.96,283.1,13.53,0.0,0.0,134.7761,223.2833,340.2667,63.19,65.43,100.0
2022-06-19 16:00:00,2022-06-19 16:00:00,-22.43,83.6,11.26,155.7,16.37,9.65,275.7,14.46,0.0,0.0,140.9078,221.3172,340.3617,63.71,65.79,100.0
2022-06-19 17:00:00,2022-06-19 17:00:00,-21.31,60.26,9.11,162.6,13.22,7.153,267.6,11.2,0.0,0.0,138.4827,219.2062,340.39,52.46,61.95,74.08757636125036
2022-06-19 18:00:00,2022-06-19 18:00:00,-21.52,59.32,9.77,168.8,12.53,7.239,261.8,9.34,0.0,0.0,147.1211,218.68,340.1067,51.89,65.94,73.07813663189508
2022-06-19 19:00:00,2022-06-19 19:00:00,-22.13,78.6,10.24,170.4,15.14,7.585,260.6,11.72,0.0,0.0,170.9894,221.0186,339.6867,61.51,65.98,97.39428910799941
2022-06-19 20:00:00,2022-06-19 20:00:00,-22.19,77.31,10.66,171.6,13.63,7.836,259.5,10.33,0.0,0.0,180.1569,221.8282,339.3617,60.97,65.66,95.85057477154554
2022-06-19 21:00:00,2022-06-19 21:00:00,-22.89,51.02,11.35,164.1,14.45,8.8,267.0,11.2,0.0,0.0,149.8071,216.2954,339.0167,46.7,59.92,63.67823396202857
2022-06-19 22:00:00,2022-06-19 22:00:00,-22.33,15.81,11.91,169.4,14.59,8.91,261.9,11.55,0.0,0.0,134.7915,212.2939,339.0316,14.34,35.02,19.62771153132625
2022-06-19 23:00:00,2022-06-19 23:00:00,-22.15,43.23,11.65,173.3,15.82,8.4,258.5,11.84,0.0,0.0,140.3822,213.3027,338.9967,41.68,55.54,53.57706102949548
2022-06-20 00:00:00,2022-06-20 00:00:00,-22.76,47.18,10.83,176.8,14.31,7.744,255.2,10.85,11.02259,8.73837,136.0292,211.8083,339.0333,44.35,62.89,58.8128092696932
2022-06-20 01:00:00,2022-06-20 01:00:00,-22.3,41.48,11.41,179.0,17.88,8.21,252.6,13.82,69.93913,26.73291,131.4938,212.1214,339.1566,41.24,54.18,51.481660391510864
2022-06-20 02:00:00,2022-06-20 02:00:00,-22.18,38.82,11.49,178.2,14.45,8.29,253.5,10.97,397.5578,57.272,131.5137,208.6054,339.38,39.17,52.98,48.125275829757
2022-06-20 03:00:00,2022-06-20 03:00:00,-22.38,13.81,12.05,181.9,15.0,8.33,250.1,11.14,643.366,177.7904,132.5293,218.979,339.3767,9.88,42.33,17.152922187278282
2022-06-20 04:00:00,2022-06-20 04:00:00,-22.19,6.089,11.89,183.1,15.14,8.13,249.4,11.03,851.6382,295.2961,133.2546,229.5184,339.4217,,,7.549271113490374
2022-06-20 05:00:00,2022-06-20 05:00:00,-21.67,9.36,13.26,180.7,18.7,9.31,251.5,14.81,1002.809,386.9409,142.7356,240.1492,339.3033,1.515,12.51,11.547377291936106
2022-06-20 06:00:00,2022-06-20 06:00:00,-21.07,59.5,15.95,179.9,22.12,11.53,253.1,16.2,1006.34,418.2817,181.1595,250.3913,339.1783,48.45,65.71,72.98578783685402
2022-06-20 07:00:00,2022-06-20 07:00:00,-19.97,59.04,15.83,177.1,21.71,11.51,255.5,16.14,1140.961,494.0965,151.2764,258.2667,339.255,51.47,66.04,71.66384560414922
2022-06-20 08:00:00,2022-06-20 08:00:00,-19.41,74.0,16.71,178.4,20.34,12.04,254.3,14.69,1110.967,500.4073,163.4606,263.3431,339.2367,59.26,66.49,89.34199550437579
2022-06-20 09:00:00,2022-06-20 09:00:00,-18.51,78.99,15.93,181.5,20.34,11.31,250.9,15.39,820.5723,469.9476,175.7533,263.3766,339.2367,61.8,66.86,94.54654506846225
2022-06-20 10:00:00,2022-06-20 10:00:00,-18.03,83.1,16.68,178.7,21.3,12.27,253.5,16.32,464.0909,414.4957,169.6064,264.052,339.1,63.81,66.13,99.00827337990025
2022-06-20 11:00:00,2022-06-20 11:00:00,-17.82,79.85,16.68,179.1,21.58,12.17,253.2,16.26,436.574,350.1357,146.6047,258.8738,338.9767,62.37,66.46,94.94419739165376
2022-06-20 12:00:00,2022-06-20 12:00:00,-18.25,76.03,15.18,178.0,20.48,11.03,254.2,15.04,276.02526315789476,262.224,142.7944,251.5302,339.0067,60.55,65.44,90.77657162473582
2022-06-20 13:00:00,2022-06-20 13:00:00,-18.63,86.0,14.63,171.1,19.52,10.91,261.3,16.9,167.8573,124.0489,181.6753,242.2592,339.3183,65.05,67.06,100.0
2022-06-20 14:00:00,2022-06-20 14:00:00,-18.75,83.6,9.83,156.3,13.9,7.839,275.0,10.79,0.0,0.0,171.0597,232.1446,339.7367,64.07,66.21,100.0
2022-06-20 15:00:00,2022-06-20 15:00:00,-18.9,83.7,11.54,165.2,15.96,8.75,267.1,11.9,0.0,0.0,235.1131,238.379,339.7917,64.16,64.79,100.0
2022-06-20 16:00:00,2022-06-20 16:00:00,-19.57,82.8,10.78,168.7,15.14,7.778,264.1,11.67,0.0,0.0,234.0464,234.6275,339.895,63.62,64.22,100.0
2022-06-20 17:00:00,2022-06-20 17:00:00,-20.07,82.5,8.52,176.1,11.57,6.376,257.8,9.98,0.0,0.0,230.167,231.6664,339.8633,63.49,64.14,100.0
2022-06-20 18:00:00,2022-06-20 18:00:00,-19.68,82.8,6.258,178.3,8.42,4.058,254.2,6.144,0.0,0.0,237.2209,233.2172,339.7166,63.72,64.34,100.0
2022-06-20 19:00:00,2022-06-20 19:00:00,-20.02,82.4,5.452,182.4,7.19,3.335,250.7,4.865,0.0,0.0,235.2318,231.982,339.495,63.53,63.99,100.0
2022-06-20 20:00:00,2022-06-20 20:00:00,-20.17,82.4,5.034,181.5,7.601,2.984,252.2,4.458,0.0,0.0,234.3866,230.8755,339.2083,63.51,63.94,100.0
2022-06-20 21:00:00,2022-06-20 21:00:00,-20.15,82.4,3.201,188.0,6.505,2.009,243.7,2.772,0.0,0.0,235.5849,231.1889,338.99,63.55,63.89,100.0
2022-06-20 22:00:00,2022-06-20 22:00:00,-19.94,82.6,0.645,194.0,5.683,1.802,243.0,2.714,0.0,0.0,236.585,231.9143,338.9167,63.68,64.06,100.0
2022-06-20 23:00:00,2022-06-20 23:00:00,-19.87,82.6,2.534,178.5,4.176,1.802,246.3,2.249,0.0,0.0,237.0391,232.4309,338.9017,63.74,64.06,100.0
2022-06-21 00:00:00,2022-06-21 00:00:00,-21.04,81.2,2.552,175.0,4.039,1.791,247.9,2.482,12.57095,11.38568,232.8554,229.026,338.955,62.96,63.8,99.57560548278978
2022-06-21 01:00:00,2022-06-21 01:00:00,-22.6,80.3,0.56,177.8,2.258,1.869,245.4,2.656,35.32473,28.04442,222.1059,218.8494,339.2383,,,99.94679509681303
2022-06-21 02:00:00,2022-06-21 02:00:00,-22.37,80.3,0.077,178.4,0.888,2.584,247.2,3.237,63.44389,47.77646,221.1675,210.7936,339.41,62.38,65.16,99.728355571068
2022-06-21 03:00:00,2022-06-21 03:00:00,-19.67,82.6,3.928,187.4,8.97,5.72,246.1,10.33,499.8501,262.9368,183.8351,222.6799,339.6517,63.64,65.51,99.97376559925095
2022-06-21 04:00:00,2022-06-21 04:00:00,-20.11,81.3,8.16,190.2,10.48,7.369,243.1,9.86,869.1757,438.4628,150.4474,229.3449,339.88,62.89,64.89,98.81577893826719
2022-06-21 05:00:00,2022-06-21 05:00:00,-20.74,78.25,9.67,190.1,15.27,7.394,242.1,11.84,1007.022,555.5113,147.0043,236.1702,339.845,61.46,64.79,95.6834186830164
2022-06-21 06:00:00,2022-06-21 06:00:00,-19.74,71.61,9.81,190.0,13.08,6.851,241.6,9.69,1103.85,641.8574,148.2157,242.117,339.92,58.31,64.1,86.730309586862
2022-06-21 07:00:00,2022-06-21 07:00:00,-19.22,66.41,8.34,187.2,12.12,5.469,244.5,9.11,1146.378,678.3011,149.9218,249.1872,340.0283,55.73,57.58,80.0324786602617
2022-06-21 08:00:00,2022-06-21 08:00:00,-18.6,65.09,8.8,181.9,12.94,5.916,249.5,9.28,1065.854,638.3896,157.5947,254.9118,340.0183,55.01,57.23,77.97640003525821
2022-06-21 09:00:00,2022-06-21 09:00:00,-18.61,65.06,10.95,181.7,15.55,7.526,249.8,11.61,815.5928,595.8209,147.4713,254.1929,339.9467,54.99,59.07,77.94794513889552
2022-06-21 10:00:00,2022-06-21 10:00:00,-18.75,61.62,12.91,179.6,16.51,9.14,252.3,12.19,552.9726315789474,525.324,145.1731,250.8786,339.9016,53.24,55.51,73.92580238748526
2022-06-21 11:00:00,2022-06-21 11:00:00,-18.42,65.51,11.92,177.2,15.96,8.58,254.2,12.36,501.1194,443.3647,142.9856,248.3183,340.0916,55.31,59.36,78.34399599774589
2022-06-21 12:00:00,2022-06-21 12:00:00,-18.95,57.5,9.41,170.7,13.49,7.002,260.4,10.97,341.53326315789474,324.4566,139.3385,240.3292,340.2667,50.98,56.91,69.11555741443254
2022-06-21 13:00:00,2022-06-21 13:00:00,-19.13,55.13,7.651,173.7,10.89,5.49,256.7,8.0,177.78705263157894,168.8977,138.429,233.6731,340.5316,49.66,55.77,66.38132451692326
2022-06-21 14:00:00,2022-06-21 14:00:00,-20.24,64.9,3.201,219.8,8.7,2.212,213.8,6.783,0.0,0.0,136.4157,219.0677,340.7983,54.83,59.78,78.98064948803739
2022-06-21 15:00:00,2022-06-21 15:00:00,-21.0,69.18,5.226,230.6,11.03,2.956,208.2,8.06,0.0,0.0,135.0422,220.5934,340.8917,57.13,58.73,84.80307349001845
2022-06-21 16:00:00,2022-06-21 16:00:00,-21.39,75.51,5.189,224.4,9.66,2.582,214.0,6.958,0.0,0.0,135.9076,219.5238,341.0667,60.13,62.21,92.90781324053187
2022-06-21 17:00:00,2022-06-21 17:00:00,-21.66,81.1,2.486,274.7,8.29,1.364,184.0,6.202,0.0,0.0,134.2204,216.2041,341.185,62.61,67.0,100.0
2022-06-21 18:00:00,2022-06-21 18:00:00,-21.28,81.5,3.204,257.4,9.38,3.033,182.4,7.423,0.0,0.0,139.5565,217.1713,341.0483,62.89,64.82,100.0
2022-06-21 19:00:00,2022-06-21 19:00:00,-21.29,82.6,7.944,209.3,12.26,5.524,222.3,8.12,0.0,0.0,146.9771,217.9551,340.7917,63.38,65.94,100.0
2022-06-21 20:00:00,2022-06-21 20:00:00,-21.25,72.28,9.41,215.2,13.77,6.149,215.4,8.76,0.0,0.0,146.0275,216.3699,340.7133,58.61,62.45,88.81487921341427
2022-06-21 21:00:00,2022-06-21 21:00:00,-20.53,44.43,8.8,221.7,14.04,6.179,210.1,8.82,0.0,0.0,132.5372,213.3479,340.605,43.38,52.81,54.21967305471461
2022-06-21 22:00:00,2022-06-21 22:00:00,-20.79,42.63,10.16,218.3,13.77,6.732,212.9,9.28,0.0,0.0,129.6794,211.9878,340.5567,42.28,45.79,52.152504076314656
2022-06-21 23:00:00,2022-06-21 23:00:00,-21.59,65.46,5.636,223.9,12.26,4.155,209.5,8.29,0.0,0.0,133.0286,211.2571,340.6417,54.76,64.78,80.69604311647997
2022-06-22 00:00:00,2022-06-22 00:00:00,-21.65,79.44,2.44,273.2,10.07,1.891,181.2,7.307,12.21749,11.19893,139.7898,211.905,340.85,61.97,63.38,97.9859780865009
2022-06-22 01:00:00,2022-06-22 01:00:00,-21.38,84.7,3.792,228.1,12.12,2.327,211.9,8.12,127.6317,44.19587,155.8526,217.3685,341.0983,64.28,66.26,100.0
2022-06-22 02:00:00,2022-06-22 02:00:00,-20.68,76.85,3.582,221.6,8.7,2.387,212.6,6.609,445.5663,68.14358,142.8788,214.6205,341.445,60.75,66.15,93.91764230361686
2022-06-22 03:00:00,2022-06-22 03:00:00,-20.21,83.2,2.461,224.4,6.916,1.759,213.5,7.423,609.0228,221.0645,160.9968,229.4851,341.7766,63.6,66.71,100.0
2022-06-22 04:00:00,2022-06-22 04:00:00,-19.4,70.67,1.813,212.3,7.601,1.156,233.8,5.795,844.4493,347.3128,145.6464,244.5279,342.1633,57.78,62.16,85.31342730705911
2022-06-22 05:00:00,2022-06-22 05:00:00,-18.6,58.25,4.071,215.9,10.75,2.48,220.5,10.16,999.69,456.5947,142.6916,254.4172,342.4,51.31,58.9,69.7822292526316
2022-06-22 06:00:00,2022-06-22 06:00:00,-18.06,51.05,3.584,222.8,8.29,2.233,216.0,6.26,1103.801,534.5833,144.4438,265.3258,342.6366,47.21,53.73,60.84031573337901
2022-06-22 07:00:00,2022-06-22 07:00:00,-18.37,58.38,3.124,234.5,7.327,2.912,202.7,7.016,1141.762,573.2721,146.7157,272.0561,342.6633,50.93,60.46,69.78363830531663
2022-06-22 08:00:00,2022-06-22 08:00:00,-18.05,69.12,3.133,233.6,7.875,2.806,203.1,6.842,1060.336,560.9148,155.527,275.3185,342.6816,56.35,65.2,82.36784301374301
2022-06-22 09:00:00,2022-06-22 09:00:00,-17.86,80.5,2.576,243.7,7.738,2.495,195.5,6.725,517.0041,354.6768,187.6924,269.1409,342.7,61.94,66.31,95.75389626519011
2022-06-22 10:00:00,2022-06-22 10:00:00,-17.49,82.5,2.198,242.1,9.79,1.849,203.9,8.47,419.9594,359.5549,194.5492,260.7279,342.6533,63.01,66.03,97.78419318978926
2022-06-22 11:00:00,2022-06-22 11:00:00,-17.04,83.6,1.678,229.7,9.52,1.4,202.9,5.911,243.6572,226.7227,231.9189,246.4138,342.6516,63.63,67.2,98.6596145294462
2022-06-22 12:00:00,2022-06-22 12:00:00,-19.23,73.77,2.847,228.7,8.7,1.719,212.7,5.505,386.92547368421054,367.5792,139.3437,228.5292,342.7233,58.91,64.35,88.91073858519971
2022-06-22 13:00:00,2022-06-22 13:00:00,-17.76,74.64,1.158,210.7,8.7,0.794,237.2,6.318,233.08052631578948,221.4265,137.0404,222.6563,342.9133,59.44,64.14,88.69813995756681
2022-06-22 14:00:00,2022-06-22 14:00:00,-20.51,66.84,0.001,224.8,0.614,0.069,260.9,1.203,0.0,0.0,130.4265,199.2417,343.1316,55.41,58.04,81.55187957256891
2022-06-22 15:00:00,2022-06-22 15:00:00,-22.25,65.54,0.019,126.3,1.162,0.083,283.2,1.435,0.0,0.0,126.8779,196.1968,343.39,54.86,57.76,81.30430602882713
2022-06-22 16:00:00,2022-06-22 16:00:00,-21.51,59.01,,,,0.214,318.1,1.668,0.0,0.0,128.9061,196.9137,343.5183,51.73,53.78,72.6893049943388
2022-06-22 17:00:00,2022-06-22 17:00:00,-21.9,63.22,,,,0.081,286.9,0.738,0.0,0.0,129.8596,196.6148,343.4616,53.95,55.81,78.16530167963617
2022-06-22 18:00:00,2022-06-22 18:00:00,-22.17,70.45,,,,0.06,293.5,0.912,0.0,0.0,133.7409,196.5134,343.2333,57.52,60.6,87.32877122190308
2022-06-22 19:00:00,2022-06-22 19:00:00,-21.39,69.72,0.02,204.3,1.025,0.113,283.7,1.61,0.0,0.0,173.9199,210.9088,343.0066,57.25,62.79,85.78377352840526
2022-06-22 20:00:00,2022-06-22 20:00:00,-21.25,83.2,0.03,247.9,2.532,0.155,248.9,3.121,0.0,0.0,196.1471,219.9789,342.675,63.46,65.73,100.0
2022-06-22 21:00:00,2022-06-22 21:00:00,-21.23,82.0,0.309,224.9,3.08,0.3,241.8,2.307,0.0,0.0,204.3186,221.4347,342.495,62.95,65.49,100.0
2022-06-22 22:00:00,2022-06-22 22:00:00,-22.56,76.7,0.771,205.4,8.97,0.419,237.8,6.609,0.0,0.0,158.1455,205.0989,342.3017,60.41,63.15,95.429682727068
2022-06-22 23:00:00,2022-06-22 23:00:00,-22.51,73.57,0.292,198.4,8.29,0.22,268.9,4.923,0.0,0.0,147.4238,199.4043,342.2883,59.0,62.15,91.49183374872266
2022-06-23 00:00:00,2022-06-23 00:00:00,-22.34,73.79,0.162,209.5,3.765,0.149,283.9,2.889,0.0,0.0,149.5207,198.0072,342.4083,59.14,63.21,91.61712044916779
2022-06-23 01:00:00,2022-06-23 01:00:00,-22.42,73.55,0.097,180.7,3.491,0.32,302.8,2.772,71.494,32.54846,151.7704,198.4621,342.5233,59.01,62.48,91.38868103386716
2022-06-23 02:00:00,2022-06-23 02:00:00,-20.88,73.44,0.098,223.4,4.039,0.28,276.2,2.598,408.1438,84.24055,158.1246,201.5817,342.8866,59.11,62.42,89.92199401308149
2022-06-23 03:00:00,2022-06-23 03:00:00,-20.16,80.4,0.033,87.6,1.984,0.165,278.4,3.005,621.2056,258.2826,152.9936,223.4069,343.155,62.22,64.64,97.76864809123126
2022-06-23 04:00:00,2022-06-23 04:00:00,-18.25,68.87,0.263,201.4,5.546,0.318,249.7,3.761,834.1347,436.849,156.5299,243.3951,343.4417,56.85,62.05,82.22783753512503
2022-06-23 05:00:00,2022-06-23 05:00:00,-17.26,63.64,0.589,216.1,7.738,0.676,230.9,6.435,985.0623,568.3677,158.6629,257.2213,343.63,54.28,57.0,75.2633222162319
2022-06-23 06:00:00,2022-06-23 06:00:00,-18.06,69.33,2.892,220.1,11.16,1.97,213.6,7.655,1090.76,668.6421,156.8169,262.2591,343.72,56.92,58.38,82.62603505965068
2022-06-23 07:00:00,2022-06-23 07:00:00,-16.41,71.11,1.026,213.5,7.464,1.085,223.4,6.842,1127.681,718.7019,159.2195,272.1757,343.8517,57.98,61.12,83.41170918267281
2022-06-23 08:00:00,2022-06-23 08:00:00,-15.89,75.98,1.15,236.0,7.601,1.343,210.1,5.795,1022.04,700.9871,178.8722,273.7472,343.8066,59.99,65.03,88.6782363771311
2022-06-23 09:00:00,2022-06-23 09:00:00,-15.7,80.8,1.4,237.2,5.135,1.17,205.4,4.226,524.1992,458.1587,213.3322,262.8929,343.6466,62.09,65.82,94.13098959620348
2022-06-23 10:00:00,2022-06-23 10:00:00,-16.15,83.6,1.252,196.5,5.135,1.188,224.1,3.819,330.6961,307.3961,232.2017,254.8426,343.6067,63.41,66.02,97.81682626907609
2022-06-23 11:00:00,2022-06-23 11:00:00,-16.57,84.0,0.721,222.2,5.957,0.952,216.4,3.935,276.45010526315787,262.6276,215.817,245.9788,343.5316,63.71,65.91,98.68373301443455
2022-06-23 12:00:00,2022-06-23 12:00:00,-17.26,78.4,1.208,238.4,5.683,1.124,206.6,4.749,281.9574736842105,267.8596,163.1388,232.4879,343.5133,61.18,66.53,92.71911473526997
2022-06-23 13:00:00,2022-06-23 13:00:00,-17.64,59.63,1.851,243.8,5.683,1.084,213.0,4.981,227.60705263157894,216.2267,137.4592,221.5146,343.65,51.53,62.51,70.7793146457501
2022-06-23 14:00:00,2022-06-23 14:00:00,-18.27,64.21,0.005,343.0,0.888,0.122,282.2,1.726,0.0,0.0,133.4745,200.3504,343.7383,54.24,62.29,76.67873151987426
2022-06-23 15:00:00,2022-06-23 15:00:00,-19.67,58.85,,,,0.093,269.0,0.796,0.0,0.0,131.8235,197.8296,343.91,51.5,59.05,71.22828214910314
2022-06-23 16:00:00,2022-06-23 16:00:00,-21.06,70.83,,,,0.04,220.8,0.098,0.0,0.0,154.174,202.849,343.9366,57.73,62.05,86.87545818885492
2022-06-23 17:00:00,2022-06-23 17:00:00,-20.85,78.43,,,,0.065,221.8,0.738,0.0,0.0,164.6794,209.7977,343.7616,61.27,64.76,96.0043715258823
2022-06-23 18:00:00,2022-06-23 18:00:00,-20.43,62.58,,108.4,0.477,0.216,311.7,1.958,0.0,0.0,154.1056,206.2281,343.5399,53.44,64.3,76.29584065963364
2022-06-23 19:00:00,2022-06-23 19:00:00,-20.5,52.23,0.043,191.8,1.847,0.161,306.7,1.9,0.0,0.0,137.956,197.5745,343.2,48.07,52.32,63.72003919777923
2022-06-23 20:00:00,2022-06-23 20:00:00,-20.93,53.82,0.003,189.5,0.614,0.088,293.0,1.61,0.0,0.0,150.5602,199.3886,342.9083,49.04,50.66,65.9301976873032
2022-06-23 21:00:00,2022-06-23 21:00:00,-20.25,62.69,0.25,92.7,6.231,0.2,230.4,3.702,0.0,0.0,203.9924,218.9743,342.6183,53.76,62.16,76.29846922020644
2022-06-23 22:00:00,2022-06-23 22:00:00,-20.26,74.8,0.066,110.9,2.395,0.325,305.2,2.482,0.0,0.0,156.2192,206.4024,342.3916,59.82,63.27,91.04596487215854
2022-06-23 23:00:00,2022-06-23 23:00:00,-20.95,65.29,0.057,72.71,1.71,0.187,284.3,1.842,0.0,0.0,145.5505,198.2424,342.2133,55.18,57.37,79.99637646162431
2022-06-24 00:00:00,2022-06-24 00:00:00,-20.71,68.83,0.066,115.1,1.847,0.185,268.9,2.598,17.78858947368421,16.89916,150.5569,201.7506,342.31,56.92,64.31,84.14059868059748
2022-06-24 01:00:00,2022-06-24 01:00:00,-19.72,81.5,1.58,219.1,6.642,0.9,249.0,4.633,81.9179,61.13441,191.6896,216.8888,342.535,,,98.68965498803387
2022-06-24 02:00:00,2022-06-24 02:00:00,-17.27,83.9,0.041,245.7,3.08,0.137,265.5,2.598,432.131,138.7814,209.6807,226.5329,343.0033,64.18,66.77,99.23319792394965
2022-06-24 03:00:00,2022-06-24 03:00:00,-16.47,72.53,0.113,222.7,2.669,0.294,239.3,3.935,633.4539,267.928,160.2571,230.9501,343.1183,58.71,65.35,85.12659638384312
2022-06-24 04:00:00,2022-06-24 04:00:00,-15.72,56.78,0.008,98.8,1.299,0.071,271.1,2.482,820.7873,441.8306,166.8737,246.2736,343.3033,50.72,54.31,66.1607629980606
2022-06-24 05:00:00,2022-06-24 05:00:00,-13.13,50.96,,,,0.043,240.9,0.679,985.8312,574.8748,171.2933,269.7976,343.4283,47.71,50.62,57.910120463756314
2022-06-24 06:00:00,2022-06-24 06:00:00,-13.95,70.09,0.808,225.6,6.642,0.729,220.1,5.795,1100.506,687.7575,183.5207,281.1405,343.6133,57.6,64.92,80.28420503418559
2022-06-24 07:00:00,2022-06-24 07:00:00,-15.13,80.4,0.649,234.0,6.779,1.366,213.7,5.098,1115.442,770.044,195.9185,281.0685,343.6283,62.32,67.04,93.15075185924529
2022-06-24 08:00:00,2022-06-24 08:00:00,-14.84,82.4,1.247,240.1,5.272,1.553,199.5,4.691,1005.627,747.5179,205.5464,281.7726,343.4733,62.95,65.61,95.2007267010783
2022-06-24 09:00:00,2022-06-24 09:00:00,-14.9,83.0,0.885,270.3,5.135,1.035,192.2,4.691,457.5982105263158,434.7183,216.6808,262.3218,343.245,63.13,65.98,95.94957072167415
2022-06-24 10:00:00,2022-06-24 10:00:00,-14.66,82.5,0.403,252.8,3.491,1.029,199.7,3.877,420.4687368421053,399.4453,222.9031,258.2602,343.085,63.15,65.53,95.15052497566991
2022-06-24 11:00:00,2022-06-24 11:00:00,-14.36,83.3,0.93,196.7,4.039,1.163,220.0,3.354,438.37084210526314,416.4523,245.7657,258.8027,342.96,63.68,66.19,95.7948385098791
2022-06-24 12:00:00,2022-06-24 12:00:00,-14.47,84.4,2.53,177.0,5.957,1.798,247.4,4.574,403.7373684210526,383.5505,232.1476,258.4109,342.9083,64.2,66.29,97.16316815933502
2022-06-24 13:00:00,2022-06-24 13:00:00,-15.53,85.4,0.547,139.7,4.724,0.822,271.1,3.702,124.82189473684211,118.5808,235.8393,247.157,343.0333,64.61,67.52,99.32676066066348
2022-06-24 14:00:00,2022-06-24 14:00:00,-17.38,84.5,,134.2,0.477,0.327,294.3,1.9,0.0,0.0,164.1328,211.7659,343.205,64.13,67.07,100.0
2022-06-24 15:00:00,2022-06-24 15:00:00,-18.14,84.1,0.069,130.0,2.806,0.088,308.7,1.435,0.0,0.0,173.6481,210.021,343.3483,64.05,65.61,100.0
2022-06-24 16:00:00,2022-06-24 16:00:00,-18.66,83.6,0.024,96.1,1.299,0.067,314.9,1.203,0.0,0.0,168.8186,201.5017,343.4583,63.85,64.42,100.0
2022-06-24 17:00:00,2022-06-24 17:00:00,-18.91,83.1,0.048,90.7,1.299,0.368,338.6,1.377,0.0,0.0,179.8714,207.0093,343.4783,63.66,64.62,99.84867334633033
2022-06-24 18:00:00,2022-06-24 18:00:00,-18.73,83.8,,,,0.067,347.7,0.738,0.0,0.0,182.0067,204.6055,343.2183,64.01,64.79,100.0
2022-06-24 19:00:00,2022-06-24 19:00:00,-19.05,83.0,0.019,89.5,0.888,0.122,3.283,0.854,0.0,0.0,191.705,209.3862,342.93,63.66,64.39,99.862569849938
2022-06-24 20:00:00,2022-06-24 20:00:00,-20.04,82.6,,,,0.04,66.04,0.04,0.0,0.0,188.966,203.5205,342.5866,63.37,64.41,100.0
2022-06-24 21:00:00,2022-06-24 21:00:00,-19.78,82.9,0.152,74.85,1.847,0.113,5.962,2.307,0.0,0.0,191.651,203.6074,342.2483,63.63,64.39,100.0
2022-06-24 22:00:00,2022-06-24 22:00:00,-19.72,83.0,0.515,70.33,2.943,0.438,345.6,2.714,0.0,0.0,197.9086,212.7619,342.0017,63.69,64.27,100.0
2022-06-24 23:00:00,2022-06-24 23:00:00,-19.55,82.7,0.024,70.56,1.573,0.099,320.3,1.145,0.0,0.0,198.9721,211.5491,341.955,63.55,64.13,99.97977888839742
2022-06-25 00:00:00,2022-06-25 00:00:00,-19.35,82.8,1.097,130.6,3.217,0.52,289.9,2.307,0.0,0.0,199.1226,215.696,342.0383,63.63,64.08,99.90896664340613
2022-06-25 01:00:00,2022-06-25 01:00:00,-19.29,82.8,0.125,53.56,2.121,0.298,259.7,2.714,71.31638,40.75999,200.8823,214.7109,342.2183,63.57,65.26,99.85150972018897
2022-06-25 02:00:00,2022-06-25 02:00:00,-17.51,83.2,0.036,63.5,1.299,0.045,258.8,0.447,366.943,98.62869,216.583,220.3803,342.5516,63.94,66.39,98.6328592452657
2022-06-25 03:00:00,2022-06-25 03:00:00,-13.2,85.4,0.053,63.48,1.573,0.048,221.4,0.912,568.962,290.2777,216.6079,235.8593,342.82,65.33,69.08,97.11302702337821
2022-06-25 04:00:00,2022-06-25 04:00:00,-13.03,78.95,0.042,28.5,1.71,0.095,230.5,2.54,760.0768,484.1186,181.2158,254.6601,342.8667,62.26,65.09,89.63060365986244
2022-06-25 05:00:00,2022-06-25 05:00:00,-14.12,78.73,0.129,228.5,3.08,0.342,222.6,3.702,984.4786,624.5789,186.2614,275.0311,342.8833,61.92,64.6,90.32934514198325
2022-06-25 06:00:00,2022-06-25 06:00:00,-12.87,81.4,0.244,221.3,6.368,0.466,227.5,5.446,1009.575,714.5005,218.0537,286.4158,343.0033,63.17,65.79,92.26884900101138
2022-06-25 07:00:00,2022-06-25 07:00:00,-12.21,79.64,0.233,235.5,3.217,0.774,223.2,4.458,952.6556,739.4799,228.4825,285.0498,343.0166,62.46,66.97,89.69793121935213
2022-06-25 08:00:00,2022-06-25 08:00:00,-12.73,77.49,0.444,232.9,4.587,1.052,208.6,3.586,848.4795,724.566,227.6733,276.674,342.9233,60.99,65.29,87.71764170445863
2022-06-25 09:00:00,2022-06-25 09:00:00,-13.53,80.3,0.047,215.6,3.217,0.776,216.2,3.295,442.2359,412.4442,250.3251,259.2781,342.7483,62.19,63.99,91.6059119242546
2022-06-25 10:00:00,2022-06-25 10:00:00,-13.08,80.2,0.038,220.6,1.984,0.482,223.1,2.54,476.35578947368424,452.538,284.3176,255.3422,342.6433,62.49,65.46,91.09383645659298
2022-06-25 11:00:00,2022-06-25 11:00:00,-14.39,81.3,0.567,163.0,4.45,0.789,238.6,3.586,422.55042105263163,401.4229,264.0584,250.6182,342.6816,62.83,65.68,93.52197974929008
2022-06-25 12:00:00,2022-06-25 12:00:00,-14.26,83.6,0.422,151.7,3.354,0.355,239.1,2.307,204.28336842105264,194.0692,255.3585,233.7923,342.735,63.97,66.84,96.04687077590523
2022-06-25 13:00:00,2022-06-25 13:00:00,-16.16,80.6,,,,0.054,261.1,0.621,74.85415789473686,71.11145,229.1967,210.2775,342.9283,62.42,64.88,94.3157510976848
2022-06-25 14:00:00,2022-06-25 14:00:00,-18.06,78.05,,,,0.331,304.5,1.493,0.0,0.0,212.9843,207.4955,343.2017,61.15,62.94,93.01834756102315
2022-06-25 15:00:00,2022-06-25 15:00:00,-18.36,78.93,0.48,70.73,2.258,1.216,329.5,2.191,0.0,0.0,211.2643,212.8205,343.2966,61.64,63.37,94.3387022499891
2022-06-25 16:00:00,2022-06-25 16:00:00,-18.58,74.04,0.758,125.9,4.039,1.214,305.7,3.354,0.0,0.0,210.3933,213.1606,343.3966,59.42,61.4,88.68127170748757
2022-06-25 17:00:00,2022-06-25 17:00:00,-18.2,81.3,4.237,123.1,6.094,3.451,301.5,5.214,0.0,0.0,214.2558,224.3874,343.3633,62.84,64.86,97.02209711568291
2022-06-25 18:00:00,2022-06-25 18:00:00,-18.47,80.8,2.212,91.0,3.628,2.053,327.8,3.761,0.0,0.0,214.4567,220.141,343.2166,62.56,64.5,96.67586382681088
2022-06-25 19:00:00,2022-06-25 19:00:00,-18.63,76.28,2.564,78.18,3.902,2.62,339.1,6.144,0.0,0.0,221.7556,224.4936,342.925,60.45,65.34,91.40810346702283
2022-06-25 20:00:00,2022-06-25 20:00:00,-18.83,86.9,3.453,104.8,6.642,4.227,321.4,7.365,0.0,0.0,227.5663,231.2292,342.6183,65.25,66.84,100.0
2022-06-25 21:00:00,2022-06-25 21:00:00,-18.89,83.9,3.487,97.4,5.957,3.412,322.9,7.016,0.0,0.0,226.9154,230.5686,342.3333,63.97,64.55,100.0
2022-06-25 22:00:00,2022-06-25 22:00:00,-19.26,83.4,0.405,142.9,6.916,0.352,245.3,5.737,0.0,0.0,223.7255,223.1036,342.0933,63.75,64.73,100.0
2022-06-25 23:00:00,2022-06-25 23:00:00,-18.24,84.4,3.626,156.9,7.738,2.394,267.5,7.655,0.0,0.0,241.4057,237.108,342.1283,64.33,64.8,100.0
2022-06-26 00:00:00,2022-06-26 00:00:00,-18.01,84.2,2.263,168.9,6.916,1.524,260.7,5.911,12.683968421052633,12.04977,243.4969,239.0179,342.2367,64.27,64.65,100.0
2022-06-26 01:00:00,2022-06-26 01:00:00,-16.67,85.6,0.464,193.4,2.669,0.563,258.2,2.772,144.8849,114.0413,252.562,246.8253,342.53,64.98,66.1,100.0
2022-06-26 02:00:00,2022-06-26 02:00:00,-13.26,88.4,0.089,121.8,1.573,0.155,263.3,1.784,310.7584,267.6582,272.9363,251.3875,342.7867,66.59,68.04,100.0
2022-06-26 03:00:00,2022-06-26 03:00:00,-11.38,89.2,0.175,107.7,2.806,0.47,269.4,4.633,458.70884210526316,435.7734,293.5174,256.2505,343.0833,67.04,68.8,99.65924628212261
2022-06-26 04:00:00,2022-06-26 04:00:00,-8.98,91.9,0.029,116.2,1.573,0.377,263.9,2.54,590.2967,548.2673,303.0067,266.8351,343.355,68.39,70.07,100.0
2022-06-26 05:00:00,2022-06-26 05:00:00,-5.077,93.9,0.019,106.4,1.984,0.13,244.0,2.889,604.1213684210527,573.9153,298.2924,274.693,343.4917,69.76,71.21,98.66732232650108
2022-06-26 06:00:00,2022-06-26 06:00:00,-4.978,84.3,0.001,106.4,0.614,0.174,243.3,0.97,680.7715789473684,646.733,310.4935,278.287,343.6333,65.49,70.84,88.49446065817381
2022-06-26 07:00:00,2022-06-26 07:00:00,-9.4,77.44,,,,0.213,244.4,3.179,732.1453684210527,695.5381,336.8122,281.1919,343.655,61.77,64.02,84.87128473447693
2022-06-26 08:00:00,2022-06-26 08:00:00,-9.04,75.15,0.008,252.8,0.888,0.554,229.1,2.191,730.7767368421053,694.2379,322.6711,276.8497,343.5883,60.72,63.49,82.0735786372064
2022-06-26 09:00:00,2022-06-26 09:00:00,-8.84,72.48,0.166,226.9,3.08,0.606,214.5,3.354,738.2851578947369,701.3709,322.6221,277.5257,343.5433,59.42,63.88,79.00368773661283
2022-06-26 10:00:00,2022-06-26 10:00:00,-8.64,71.71,0.309,248.4,3.902,0.587,227.9,3.702,727.2155789473684,690.8548,318.67,269.339,343.49,59.05,64.86,78.01238789856767
2022-06-26 11:00:00,2022-06-26 11:00:00,-7.928,71.7,0.15,231.9,2.806,0.474,223.0,3.354,543.3746315789474,516.2059,308.1735,256.485,343.4767,59.15,62.99,77.46270936624522
2022-06-26 12:00:00,2022-06-26 12:00:00,-8.34,70.85,0.015,215.8,1.299,0.217,226.1,2.423,397.53789473684213,377.661,297.0148,243.9711,343.5116,58.69,61.44,76.85205498882978
2022-06-26 13:00:00,2022-06-26 13:00:00,-14.12,76.69,,,,0.126,214.9,2.075,66.45902105263158,63.13607,270.4019,215.3745,343.6667,60.72,63.47,87.98879053650063
2022-06-26 14:00:00,2022-06-26 14:00:00,-17.59,85.4,0.014,350.2,1.025,0.083,230.8,1.668,0.0,0.0,245.2999,205.4774,343.9066,64.22,65.71,100.0
2022-06-26 15:00:00,2022-06-26 15:00:00,-17.8,87.4,0.311,79.42,4.039,0.646,306.0,4.226,0.0,0.0,242.6632,227.6028,344.15,65.1,67.2,100.0
2022-06-26 16:00:00,2022-06-26 16:00:00,-18.17,84.7,0.004,64.17,0.614,0.132,269.9,1.435,0.0,0.0,241.3396,222.412,344.3583,63.92,65.72,100.0
2022-06-26 17:00:00,2022-06-26 17:00:00,-17.67,86.3,2.21,139.3,4.313,2.09,290.5,4.342,0.0,0.0,244.6953,234.6687,344.3167,64.72,65.36,100.0
2022-06-26 18:00:00,2022-06-26 18:00:00,-17.48,85.1,3.331,134.0,4.861,3.061,293.6,4.865,0.0,0.0,246.4261,239.9357,344.13,64.32,64.93,100.0
2022-06-26 19:00:00,2022-06-26 19:00:00,-17.36,85.0,3.284,130.8,6.505,2.484,293.5,5.33,0.0,0.0,246.8905,240.5188,343.9433,64.32,64.74,100.0
2022-06-26 20:00:00,2022-06-26 20:00:00,-17.19,85.3,3.64,132.3,6.642,2.703,291.7,6.842,0.0,0.0,247.5555,241.3291,343.6783,64.52,65.14,100.0
2022-06-26 21:00:00,2022-06-26 21:00:00,-17.02,85.1,1.259,125.3,5.135,0.715,276.8,6.202,0.0,0.0,248.2616,242.5852,343.4833,64.51,64.95,100.0
2022-06-26 22:00:00,2022-06-26 22:00:00,-17.14,85.0,0.678,147.9,4.313,0.407,259.7,3.354,0.0,0.0,247.8785,242.1638,343.3267,64.45,64.81,100.0
2022-06-26 23:00:00,2022-06-26 23:00:00,-17.26,84.8,0.085,92.3,3.354,0.071,233.3,3.063,0.0,0.0,247.122,240.2118,343.2367,64.36,64.74,100.0
2022-06-27 00:00:00,2022-06-27 00:00:00,-18.1,84.1,0.007,90.1,0.888,0.061,236.7,0.97,0.0,0.0,243.0902,232.8032,343.2166,63.94,64.65,100.0
2022-06-27 01:00:00,2022-06-27 01:00:00,-17.14,85.0,0.024,92.6,0.888,0.14,246.0,2.249,91.0372,86.48534,247.9193,236.5309,343.2533,,,100.0
2022-06-27 02:00:00,2022-06-27 02:00:00,-16.16,84.5,1.724,130.4,6.231,1.129,245.5,6.26,199.55694736842108,189.5791,257.385,230.8901,343.1716,64.38,68.02,98.87941647337922
2022-06-27 03:00:00,2022-06-27 03:00:00,-17.9,83.6,3.261,120.7,7.601,2.245,281.0,9.46,523.6617,321.0336,247.5985,232.6973,343.3933,63.76,64.97,99.47957146598058
2022-06-27 04:00:00,2022-06-27 04:00:00,-13.6,87.1,0.261,245.0,4.313,0.373,234.7,3.644,785.8191,491.7765,256.0784,245.2225,343.7917,65.8,67.8,99.43070769784248
2022-06-27 05:00:00,2022-06-27 05:00:00,-7.198,91.9,,,,0.056,225.8,1.145,1013.861,624.2285,277.634,275.1178,343.8866,68.77,70.4,98.58281536879237
2022-06-27 06:00:00,2022-06-27 06:00:00,-10.99,81.3,0.756,142.1,3.628,0.899,261.5,3.935,995.6483,691.9144,263.1056,282.2595,343.8267,63.59,66.85,90.48954103528338
2022-06-27 07:00:00,2022-06-27 07:00:00,-13.52,81.9,2.644,137.9,5.683,2.13,269.3,4.807,1089.365,830.0836,244.3512,279.5823,343.8416,63.44,65.39,93.42213689079131
2022-06-27 08:00:00,2022-06-27 08:00:00,-11.56,84.8,3.297,158.9,7.19,2.516,264.8,5.505,1011.569,830.9022,239.3417,276.6407,343.7683,64.91,66.03,94.90903537744597
2022-06-27 09:00:00,2022-06-27 09:00:00,-11.67,85.6,2.765,152.8,6.642,2.346,268.3,5.679,814.2936842105263,773.579,215.8895,276.7455,343.5966,65.23,66.32,95.90675818805244
2022-06-27 10:00:00,2022-06-27 10:00:00,-13.4,84.8,3.168,148.7,6.779,2.506,262.3,6.725,470.15200000000004,446.6444,222.1786,261.0074,343.4183,64.6,66.05,96.61775903821847
2022-06-27 11:00:00,2022-06-27 11:00:00,-15.83,85.7,1.14,123.9,5.683,1.206,280.9,7.307,180.35168421052634,171.3341,249.2074,246.038,343.36,64.7,66.43,99.96479561691285
2022-06-27 12:00:00,2022-06-27 12:00:00,-13.92,86.4,1.88,163.0,5.272,1.442,255.0,5.214,162.787,152.5262,266.2783,247.8635,343.42,65.29,68.75,98.93766984568988
2022-06-27 13:00:00,2022-06-27 13:00:00,-15.53,85.9,3.52,156.6,5.409,2.188,266.6,4.4,40.59276842105263,38.56313,250.8431,239.7617,343.5467,64.88,67.68,99.90829907202567
2022-06-27 14:00:00,2022-06-27 14:00:00,-16.56,84.9,1.71,148.7,5.409,1.504,282.4,3.877,0.0,0.0,245.6648,237.4245,343.7566,64.36,67.17,99.73144417933132
2022-06-27 15:00:00,2022-06-27 15:00:00,-17.5,85.1,0.356,137.6,3.765,0.684,265.3,2.54,0.0,0.0,245.9926,242.2378,343.8816,64.33,64.88,100.0
2022-06-27 16:00:00,2022-06-27 16:00:00,-16.83,85.4,0.179,118.9,2.532,0.229,267.3,2.482,0.0,0.0,249.1895,244.1364,344.035,64.58,64.89,100.0
2022-06-27 17:00:00,2022-06-27 17:00:00,-16.81,85.2,0.349,140.3,4.039,0.288,246.5,3.121,0.0,0.0,248.903,242.7035,344.0183,64.49,64.88,100.0
2022-06-27 18:00:00,2022-06-27 18:00:00,-17.26,84.8,1.48,166.7,6.642,0.875,262.9,4.923,0.0,0.0,247.2363,241.6759,343.74,64.31,64.68,100.0
2022-06-27 19:00:00,2022-06-27 19:00:00,-17.55,84.6,0.013,157.1,1.299,0.054,246.8,1.086,0.0,0.0,246.084,240.4942,343.425,64.21,64.54,100.0
2022-06-27 20:00:00,2022-06-27 20:00:00,-18.15,84.0,0.492,93.2,4.039,0.291,262.1,4.284,0.0,0.0,243.9852,237.7431,342.9433,63.9,64.42,100.0
2022-06-27 21:00:00,2022-06-27 21:00:00,-19.91,82.4,3.268,101.7,8.83,2.289,312.0,10.39,0.0,0.0,229.3459,229.7553,342.43,63.04,63.7,99.96120651974583
2022-06-27 22:00:00,2022-06-27 22:00:00,-21.07,81.9,4.976,127.3,11.57,3.573,291.3,13.0,0.0,0.0,183.9004,222.3893,342.0466,62.69,63.17,100.0
2022-06-27 23:00:00,2022-06-27 23:00:00,-21.41,81.4,4.342,91.3,12.4,2.308,332.6,13.99,0.0,0.0,159.975,215.4763,342.1717,62.46,63.05,100.0
2022-06-28 00:00:00,2022-06-28 00:00:00,-21.89,81.3,4.493,158.4,11.3,1.832,248.7,9.75,18.631347368421054,17.69978,164.4911,216.9887,341.8383,62.44,63.43,100.0
2022-06-28 01:00:00,2022-06-28 01:00:00,-21.82,81.1,3.938,219.2,8.83,1.842,216.1,8.64,50.89372631578948,48.34904,143.389,208.5066,342.1433,62.34,62.65,100.0
2022-06-28 02:00:00,2022-06-28 02:00:00,-21.4,80.9,3.465,119.3,9.79,1.502,282.7,9.98,390.944,80.24232,138.1416,206.1798,342.2783,62.33,64.19,99.54918830662311
2022-06-28 03:00:00,2022-06-28 03:00:00,-20.63,80.9,3.48,83.5,7.053,1.836,334.2,7.307,638.5988,223.1501,138.7612,216.1453,342.5833,62.42,63.93,98.81987047081549
2022-06-28 04:00:00,2022-06-28 04:00:00,-19.26,81.6,2.99,4.582,6.505,2.183,112.0,6.667,851.1666,424.7369,140.0908,226.7065,342.6783,62.87,64.33,98.37608370045332
2022-06-28 05:00:00,2022-06-28 05:00:00,-18.63,81.3,2.319,227.6,5.82,1.443,215.5,6.493,987.8983,589.5369,153.135,239.9313,342.565,62.83,65.14,97.42368657405552
2022-06-28 06:00:00,2022-06-28 06:00:00,-17.24,82.8,1.651,134.8,6.916,1.302,258.8,6.609,974.6689,680.2222,193.4911,256.747,342.6566,63.59,66.68,97.90388431249514
2022-06-28 07:00:00,2022-06-28 07:00:00,-12.96,85.1,0.319,87.8,2.532,0.47,273.6,3.644,964.9114,808.861,276.4177,280.2525,342.6533,65.08,68.95,96.54707308583353
2022-06-28 08:00:00,2022-06-28 08:00:00,-11.16,84.7,0.822,156.6,6.368,0.883,245.9,5.272,1044.508,825.4772,232.9765,286.4101,342.6717,65.05,68.56,94.42964124591131
2022-06-28 09:00:00,2022-06-28 09:00:00,-14.22,83.5,2.899,166.7,6.779,2.045,254.7,5.563,855.5822105263157,812.8031,202.3738,276.2172,342.5683,64.02,65.06,95.89486123480147
2022-06-28 10:00:00,2022-06-28 10:00:00,-14.3,83.7,1.99,173.1,6.642,1.795,252.3,5.33,668.3771578947369,634.9583,180.5427,266.8562,342.5016,64.03,66.3,96.19898151240163
2022-06-28 11:00:00,2022-06-28 11:00:00,-15.32,84.5,0.346,162.0,4.998,0.756,225.2,4.167,215.49884210526315,204.7239,228.6738,248.7311,342.3316,64.25,65.46,98.08085597094252
2022-06-28 12:00:00,2022-06-28 12:00:00,-16.53,84.5,0.152,170.3,4.039,0.572,240.2,3.121,130.1861,116.1263,237.6909,241.5199,342.3233,64.2,65.82,99.232863721163
2022-06-28 13:00:00,2022-06-28 13:00:00,-15.99,85.7,0.249,164.8,6.094,0.436,241.5,4.923,37.40506,35.31319,252.6269,240.7803,342.395,64.86,67.15,100.0
2022-06-28 14:00:00,2022-06-28 14:00:00,-17.55,84.0,0.083,234.1,3.628,0.168,224.0,3.005,0.0,0.0,242.0091,209.421,342.51,63.95,66.47,99.61959001901567
2022-06-28 15:00:00,2022-06-28 15:00:00,-19.8,82.8,0.175,96.2,3.354,0.247,237.7,3.761,0.0,0.0,229.4648,204.4115,342.52,63.17,63.64,100.0
2022-06-28 16:00:00,2022-06-28 16:00:00,-19.9,83.0,2.496,89.3,6.368,2.408,330.5,7.365,0.0,0.0,188.186,213.852,342.5933,63.26,63.72,100.0
2022-06-28 17:00:00,2022-06-28 17:00:00,-19.28,83.5,2.753,90.3,5.683,2.393,332.0,6.958,0.0,0.0,175.1318,218.2527,342.65,63.6,64.3,100.0
2022-06-28 18:00:00,2022-06-28 18:00:00,-19.31,83.4,1.601,87.1,4.861,0.96,322.4,4.226,0.0,0.0,199.3367,219.5761,342.4983,63.61,63.98,100.0
2022-06-28 19:00:00,2022-06-28 19:00:00,-19.86,82.8,0.605,106.5,2.943,0.627,335.3,3.121,0.0,0.0,201.0567,215.077,342.215,63.32,63.87,100.0
2022-06-28 20:00:00,2022-06-28 20:00:00,-19.94,83.0,2.964,119.5,4.45,2.504,305.1,4.516,0.0,0.0,202.3469,218.9238,341.9666,63.43,63.87,100.0
2022-06-28 21:00:00,2022-06-28 21:00:00,-20.06,82.6,0.556,118.0,3.491,0.555,344.7,3.412,0.0,0.0,201.709,215.069,341.7933,63.3,63.84,100.0
2022-06-28 22:00:00,2022-06-28 22:00:00,-19.9,83.1,0.602,83.4,2.943,0.723,352.4,3.644,0.0,0.0,204.2174,216.3583,341.64,63.57,64.1,100.0
2022-06-28 23:00:00,2022-06-28 23:00:00,-20.43,82.2,0.151,77.78,2.121,0.321,37.48,2.889,0.0,0.0,205.0562,214.051,341.5683,63.14,63.95,100.0
2022-06-29 00:00:00,2022-06-29 00:00:00,-21.2,82.2,0.073,33.21,2.121,0.138,59.78,0.97,0.0,0.0,201.6496,210.5589,341.5733,63.05,63.85,100.0
2022-06-29 01:00:00,2022-06-29 01:00:00,-20.32,82.7,,,,0.245,311.4,0.854,43.90065263157895,41.70562,206.456,215.7584,341.7433,63.37,64.26,100.0
2022-06-29 02:00:00,2022-06-29 02:00:00,-18.65,83.4,0.001,33.53,0.614,0.076,325.0,1.435,333.8588,108.0016,220.1641,221.1988,341.8517,63.87,66.3,99.95935914841316
2022-06-29 03:00:00,2022-06-29 03:00:00,-16.12,84.4,1.404,152.8,5.272,1.016,266.9,3.644,485.1237,247.9497,220.1997,241.2039,341.9283,64.63,67.82,98.72429612071215
2022-06-29 04:00:00,2022-06-29 04:00:00,-17.23,82.0,2.999,172.1,6.368,2.05,257.4,5.156,702.4416,444.7907,182.2699,237.1956,342.01,63.42,64.5,96.9486181289857
2022-06-29 05:00:00,2022-06-29 05:00:00,-16.61,81.6,2.573,160.0,5.82,2.355,269.2,4.458,942.5626,627.4036,177.3864,254.0546,342.0733,63.3,65.83,95.9011684085728
2022-06-29 06:00:00,2022-06-29 06:00:00,-16.98,82.2,5.155,160.4,8.29,3.799,268.9,6.202,1085.723,767.1011,171.7719,257.5224,342.0383,63.44,64.95,96.95137207503535
2022-06-29 07:00:00,2022-06-29 07:00:00,-14.46,83.8,3.581,169.2,8.15,2.533,254.4,6.086,1123.623,840.3639,204.0424,273.4945,342.0667,64.4,66.12,96.46310388242321
2022-06-29 08:00:00,2022-06-29 08:00:00,-14.33,83.6,4.973,184.1,8.15,3.38,249.5,5.621,869.8887,737.2631,239.5012,266.8553,341.9733,64.24,65.37,96.11193973625133
2022-06-29 09:00:00,2022-06-29 09:00:00,-13.58,84.9,4.91,171.1,7.601,3.348,257.9,6.086,783.6564,697.2812,255.1372,267.692,341.8733,64.89,66.26,96.90048461023834
2022-06-29 10:00:00,2022-06-29 10:00:00,-14.1,84.5,3.346,179.8,8.01,2.293,248.5,5.97,598.3827,542.6245,252.2516,261.9143,341.7766,64.62,66.31,96.93068063453948
2022-06-29 11:00:00,2022-06-29 11:00:00,-14.32,85.5,1.943,177.1,5.272,1.353,236.2,3.644,296.1611,269.1484,253.3694,251.9535,341.75,65.04,66.94,98.28679282283834
2022-06-29 12:00:00,2022-06-29 12:00:00,-15.24,85.4,0.286,237.8,2.806,0.838,202.8,2.83,141.8829,130.4237,247.5131,244.2781,341.8483,64.92,67.42,99.04892474689996
2022-06-29 13:00:00,2022-06-29 13:00:00,-16.05,85.4,0.207,261.6,3.765,0.518,221.9,3.237,39.06301,36.36886,248.5751,240.2571,342.0283,64.83,67.38,99.826573969025
2022-06-29 14:00:00,2022-06-29 14:00:00,-16.71,85.1,0.084,168.0,3.354,0.24,233.5,1.9,0.0,0.0,248.923,234.9745,342.3016,64.6,67.26,100.0
2022-06-29 15:00:00,2022-06-29 15:00:00,-17.15,85.0,,,,0.224,228.8,1.551,0.0,0.0,247.8,242.4549,342.47,64.53,64.87,100.0
2022-06-29 16:00:00,2022-06-29 16:00:00,-17.11,85.0,0.002,142.1,0.751,0.082,243.2,1.028,0.0,0.0,247.9155,242.529,342.555,64.54,65.08,100.0
2022-06-29 17:00:00,2022-06-29 17:00:00,-17.16,84.9,0.57,145.4,3.491,0.04,257.0,0.04,0.0,0.0,247.7393,242.1291,342.5316,64.52,64.86,100.0
2022-06-29 18:00:00,2022-06-29 18:00:00,-17.41,84.7,0.224,147.0,3.08,0.04,260.0,0.04,0.0,0.0,246.3256,237.1322,342.3183,64.4,64.98,100.0
2022-06-29 19:00:00,2022-06-29 19:00:00,-18.75,83.3,,,,0.04,239.2,0.04,0.0,0.0,238.6958,219.4724,342.0583,63.65,64.34,99.93539985195589
2022-06-29 20:00:00,2022-06-29 20:00:00,-18.97,83.7,,,,0.04,255.4,0.04,0.0,0.0,239.1129,226.3271,341.785,63.82,64.42,100.0
2022-06-29 21:00:00,2022-06-29 21:00:00,-18.79,83.8,4.458,166.9,5.135,0.04,265.4,0.04,0.0,0.0,239.1115,228.8224,341.5166,63.93,64.28,100.0
2022-06-29 22:00:00,2022-06-29 22:00:00,-19.04,83.6,3.017,158.5,3.628,0.04,273.7,0.04,0.0,0.0,237.2608,227.6691,341.345,63.85,64.2,100.0
2022-06-29 23:00:00,2022-06-29 23:00:00,-19.14,83.3,1.773,144.1,2.943,0.04,291.4,0.04,0.0,0.0,235.8079,226.5447,341.3267,63.72,64.16,100.0
2022-06-30 00:00:00,2022-06-30 00:00:00,-19.35,83.3,,,,0.04,355.0,0.04,0.0,0.0,234.4384,224.1667,341.3766,63.66,64.15,100.0
2022-06-30 01:00:00,2022-06-30 01:00:00,-18.94,83.6,0.478,83.1,3.217,0.04,351.6,0.04,55.72683157894737,52.94049,233.9268,223.0502,341.5616,,,100.0
2022-06-30 02:00:00,2022-06-30 02:00:00,-14.97,88.2,0.104,193.9,2.943,0.082,248.8,2.017,249.10589473684212,236.6506,261.4462,244.0909,341.7733,66.36,68.53,100.0
2022-06-30 03:00:00,2022-06-30 03:00:00,-10.57,91.5,0.305,204.3,2.806,0.272,238.5,2.772,388.5585263157895,369.1306,279.5264,248.2236,341.9216,68.4,70.4,100.0
2022-06-30 04:00:00,2022-06-30 04:00:00,-6.31,94.3,0.11,207.7,2.258,0.466,237.7,3.354,541.6257894736842,514.5445,303.2592,256.0634,342.0083,70.21,71.94,100.0
2022-06-30 05:00:00,2022-06-30 05:00:00,-7.566,90.4,0.15,182.9,2.669,0.89,237.0,2.423,578.9588421052632,550.0109,299.7964,255.6083,342.1267,68.32,70.18,97.32197236343193
2022-06-30 06:00:00,2022-06-30 06:00:00,-9.44,87.2,2.745,172.8,5.683,1.748,250.9,4.167,618.0593684210526,587.1564,293.0804,255.1742,342.2116,66.65,70.28,95.60506378999726
2022-06-30 07:00:00,2022-06-30 07:00:00,-11.16,87.4,3.571,176.7,5.409,2.241,253.2,3.877,761.3403157894737,723.2733,290.6458,260.3237,342.2417,66.48,68.08,97.43979509908677
2022-06-30 08:00:00,2022-06-30 08:00:00,-9.82,89.1,2.634,178.4,5.272,1.908,252.1,3.761,787.8092631578949,748.4188,297.1463,263.7623,342.25,67.42,69.41,98.04989580928189
2022-06-30 09:00:00,2022-06-30 09:00:00,-10.03,88.5,3.289,173.7,6.505,2.129,253.0,4.633,750.9963157894738,713.4465,296.1657,265.6451,342.1316,67.13,68.81,97.58868562231075
2022-06-30 10:00:00,2022-06-30 10:00:00,-16.06,84.0,4.347,141.8,8.83,3.398,285.4,7.423,406.6515789473685,386.319,270.8653,242.4376,342.0083,64.32,67.27,98.19954702241367
2022-06-30 11:00:00,2022-06-30 11:00:00,-15.48,85.3,4.457,150.3,8.56,3.381,278.8,7.772,303.7978947368421,288.608,266.4133,243.343,341.8633,64.96,68.71,99.16255998488565
2022-06-30 12:00:00,2022-06-30 12:00:00,-17.48,84.6,5.664,145.5,10.34,4.296,283.8,9.23,271.39305263157894,257.8234,253.8656,237.4373,341.9066,64.4,66.01,100.0
2022-06-30 13:00:00,2022-06-30 13:00:00,-17.08,84.4,2.511,135.6,6.094,2.291,276.8,6.435,147.60515789473683,140.2249,253.9892,225.9037,342.02,64.36,66.84,99.64210598538645
2022-06-30 14:00:00,2022-06-30 14:00:00,-19.97,82.5,0.91,138.6,5.135,0.683,254.6,4.342,0.0,0.0,233.6442,201.9623,342.285,63.1,65.54,100.0
2022-06-30 15:00:00,2022-06-30 15:00:00,-20.97,82.2,0.642,0.048,4.861,0.424,268.3,5.446,0.0,0.0,228.7982,208.3584,342.42,62.82,63.44,100.0
2022-06-30 16:00:00,2022-06-30 16:00:00,-20.45,82.7,0.435,20.87,3.902,0.457,303.0,4.691,0.0,0.0,231.985,218.5918,342.5583,63.12,63.48,100.0
2022-06-30 17:00:00,2022-06-30 17:00:00,-21.22,81.5,0.265,77.89,3.354,0.291,220.5,4.807,0.0,0.0,226.391,210.0717,342.5183,62.5,63.45,100.0
2022-06-30 18:00:00,2022-06-30 18:00:00,-22.43,80.7,0.041,101.6,2.258,0.163,261.8,1.958,0.0,0.0,219.051,202.6909,342.34,62.0,62.64,100.0
2022-06-30 19:00:00,2022-06-30 19:00:00,-22.43,80.8,0.608,88.0,3.491,0.579,297.7,5.098,0.0,0.0,220.2203,204.0977,342.1617,62.07,62.85,100.0
2022-06-30 20:00:00,2022-06-30 20:00:00,-23.23,79.8,0.022,94.3,1.162,0.049,209.9,0.679,0.0,0.0,216.8215,199.4292,341.9733,61.54,62.43,99.92078536556575
2022-06-30 21:00:00,2022-06-30 21:00:00,-23.74,79.56,,,,0.043,221.1,0.447,0.0,0.0,214.4155,198.0256,341.6533,61.4,61.81,100.0
2022-06-30 22:00:00,2022-06-30 22:00:00,-23.16,80.1,0.074,102.9,2.395,0.078,209.1,1.203,0.0,0.0,216.1149,201.8483,341.4016,61.77,62.73,100.0
2022-06-30 23:00:00,2022-06-30 23:00:00,-22.89,80.0,,,,0.09,219.1,1.203,0.0,0.0,217.6282,205.3198,341.2267,61.79,62.18,99.84826963861791
2022-07-01 00:00:00,2022-07-01 00:00:00,-23.1,79.98,0.171,90.0,2.669,0.235,202.8,4.167,0.0,0.0,215.6068,204.5459,341.3017,61.74,62.4,100.0
2022-07-01 01:00:00,2022-07-01 01:00:00,-22.37,81.0,0.3,91.1,2.395,0.379,339.7,3.528,34.44657894736842,32.72425,219.2336,208.1134,341.5867,62.28,62.85,100.0
2022-07-01 02:00:00,2022-07-01 02:00:00,-20.55,83.2,0.123,80.6,1.984,0.247,282.7,3.005,352.6812,90.64497,234.4234,218.3237,341.945,63.46,65.75,100.0
2022-07-01 03:00:00,2022-07-01 03:00:00,-18.4,83.8,0.288,96.5,2.532,0.403,273.7,3.005,560.1085,260.5092,259.5134,229.5308,342.19,63.98,65.08,100.0
2022-07-01 04:00:00,2022-07-01 04:00:00,-16.35,84.8,0.071,110.8,1.847,0.255,275.8,2.656,759.3666,457.4076,284.5561,229.2919,342.4,64.71,66.78,99.41248219364059
2022-07-01 05:00:00,2022-07-01 05:00:00,-18.29,82.3,0.702,126.5,3.628,1.049,293.9,3.528,878.129,559.9901,296.9178,246.0962,342.4283,63.31,64.97,98.30045894983975
2022-07-01 06:00:00,2022-07-01 06:00:00,-12.87,88.6,0.084,129.6,5.135,0.244,253.1,4.633,1028.836,724.2549,311.5002,262.6032,342.5,66.82,69.11,100.0
2022-07-01 07:00:00,2022-07-01 07:00:00,-7.655,93.2,,,,0.103,237.5,1.261,1210.807,838.57,323.759,270.9102,342.495,69.53,70.55,100.0
2022-07-01 08:00:00,2022-07-01 08:00:00,-10.44,86.4,0.189,182.5,3.491,0.567,256.7,3.121,1185.487,811.4766,317.9264,275.4084,342.4683,66.18,70.61,95.6534792611818
2022-07-01 09:00:00,2022-07-01 09:00:00,-12.23,85.3,1.393,181.1,6.368,1.411,237.5,5.214,743.8948421052633,706.7001,302.2428,271.6794,342.3866,65.44,68.33,96.09138789628342
2022-07-01 10:00:00,2022-07-01 10:00:00,-16.1,83.2,2.24,122.8,6.368,1.754,292.5,7.074,623.3104210526316,592.1449,275.6839,257.8023,342.2483,63.98,65.44,97.30185685387795
2022-07-01 11:00:00,2022-07-01 11:00:00,-16.17,83.6,0.953,98.4,4.861,1.117,313.5,6.26,461.49915789473687,438.4242,268.0001,248.5241,342.1816,64.14,66.07,97.83570033123893
2022-07-01 12:00:00,2022-07-01 12:00:00,-17.22,83.3,0.656,76.09,5.409,0.882,314.0,5.098,272.80021052631577,259.1602,254.4005,234.7973,342.1983,63.88,65.19,98.47612622587279
2022-07-01 13:00:00,2022-07-01 13:00:00,-16.21,85.4,0.054,170.9,2.258,0.207,231.3,2.075,53.62971578947369,50.94823,255.1432,243.9082,342.2566,64.92,65.94,99.98078070061162
2022-07-01 14:00:00,2022-07-01 14:00:00,-17.41,84.7,0.014,58.97,1.162,0.235,216.4,2.017,0.0,0.0,246.8526,240.1298,342.415,64.46,64.94,100.0
2022-07-01 15:00:00,2022-07-01 15:00:00,-18.99,83.4,0.222,83.9,3.08,0.48,290.9,5.098,0.0,0.0,237.5152,222.8671,342.53,63.68,64.35,100.0
2022-07-01 16:00:00,2022-07-01 16:00:00,-18.56,84.5,,,,0.067,247.1,1.028,0.0,0.0,240.558,234.4487,342.715,64.16,64.73,100.0
2022-07-01 17:00:00,2022-07-01 17:00:00,-18.85,83.6,0.02,174.3,1.71,0.051,219.5,2.249,0.0,0.0,238.0712,227.9813,342.5283,63.75,64.39,100.0
2022-07-01 18:00:00,2022-07-01 18:00:00,-20.26,82.5,0.041,228.8,2.532,0.083,218.6,2.133,0.0,0.0,229.6435,210.8757,342.5216,63.08,63.9,100.0
2022-07-01 19:00:00,2022-07-01 19:00:00,-21.56,81.8,0.173,224.9,4.45,0.122,243.3,2.889,0.0,0.0,221.5646,199.6367,342.27,62.66,63.25,100.0
2022-07-01 20:00:00,2022-07-01 20:00:00,-21.39,82.0,0.021,107.2,1.436,0.099,315.5,2.133,0.0,0.0,222.7019,205.5842,341.9,62.77,63.33,100.0
2022-07-01 21:00:00,2022-07-01 21:00:00,-21.09,81.9,0.03,205.3,1.71,0.083,291.9,2.307,0.0,0.0,225.5585,206.5117,341.6883,62.79,63.23,100.0
2022-07-01 22:00:00,2022-07-01 22:00:00,-20.75,82.8,0.314,109.3,4.176,0.304,236.5,3.761,0.0,0.0,228.883,215.2789,341.3567,63.26,64.22,100.0
2022-07-01 23:00:00,2022-07-01 23:00:00,-19.75,83.0,0.999,91.0,3.354,0.876,305.8,4.342,0.0,0.0,235.1862,222.4287,341.3067,63.54,64.18,100.0
2022-07-02 00:00:00,2022-07-02 00:00:00,-21.59,81.3,0.51,86.0,3.217,0.475,279.7,4.284,0.0,0.0,225.2853,203.5349,341.3966,62.52,63.4,100.0
2022-07-02 01:00:00,2022-07-02 01:00:00,-21.88,81.2,0.151,300.3,3.491,0.106,227.4,4.342,77.09977894736842,73.24479,224.4254,196.2742,341.5283,62.41,62.84,100.0
2022-07-02 02:00:00,2022-07-02 02:00:00,-19.77,82.4,0.115,116.8,2.395,0.122,251.7,2.54,234.4891,218.5186,246.1566,222.9986,341.7933,63.25,64.56,99.82727790057618
2022-07-02 03:00:00,2022-07-02 03:00:00,-15.28,84.1,,,,0.05,226.9,1.261,519.9166,276.5098,281.5978,217.0336,342.0667,64.53,65.95,97.57885496066949
2022-07-02 04:00:00,2022-07-02 04:00:00,-14.88,83.0,0.013,64.07,1.162,0.221,274.4,2.249,803.8226,470.5826,301.1862,236.4821,342.2117,64.12,66.43,95.93102274811095
2022-07-02 05:00:00,2022-07-02 05:00:00,-11.71,87.2,,,,0.04,257.2,0.04,1018.885,645.4844,320.989,259.3191,342.3283,66.37,68.98,97.73734796263072
2022-07-02 06:00:00,2022-07-02 06:00:00,-10.84,83.6,,,,0.241,246.9,1.261,1213.368,765.3438,320.3468,271.5614,342.2417,64.9,66.99,92.91402859676627
2022-07-02 07:00:00,2022-07-02 07:00:00,-12.25,81.9,0.164,121.9,3.217,0.645,251.4,3.295,1023.536,778.224,306.0472,269.2245,342.1766,63.97,65.5,92.27915191525297
2022-07-02 08:00:00,2022-07-02 08:00:00,-14.23,83.5,0.606,171.0,4.998,1.113,263.3,4.226,725.5217894736843,689.2457,297.6751,266.2644,342.13,64.41,65.71,95.90414032067193
2022-07-02 09:00:00,2022-07-02 09:00:00,-11.61,85.4,0.33,182.4,4.176,0.789,243.6,3.819,668.9897894736843,635.5403,305.0095,269.6047,342.0066,65.6,67.38,95.62696563847824
2022-07-02 10:00:00,2022-07-02 10:00:00,-13.11,84.2,0.333,176.5,4.45,0.726,242.6,3.761,441.47084210526316,419.3973,286.7376,260.8429,341.9283,64.86,67.05,95.66497720984597
2022-07-02 11:00:00,2022-07-02 11:00:00,-15.32,83.8,,,,0.48,250.2,2.249,185.72315789473686,176.437,268.2679,248.4979,341.9617,64.4,65.1,97.26835183863885
2022-07-02 12:00:00,2022-07-02 12:00:00,-17.19,83.6,0.172,181.4,5.135,0.744,245.7,3.877,158.64305263157897,150.7109,256.4055,241.7634,341.955,64.07,64.62,98.80223755811743
2022-07-02 13:00:00,2022-07-02 13:00:00,-17.75,84.1,0.135,139.8,4.176,0.47,257.3,3.47,58.1788,55.26986,251.0476,242.1005,342.1683,64.21,64.8,99.93027991159153
2022-07-02 14:00:00,2022-07-02 14:00:00,-17.91,84.5,,,,0.088,227.7,1.145,0.0,0.0,245.6175,240.0813,342.3783,64.32,64.85,100.0
2022-07-02 15:00:00,2022-07-02 15:00:00,-18.1,84.2,0.002,183.4,0.751,0.084,222.2,1.668,0.0,0.0,241.6358,228.8295,342.5083,64.18,64.77,100.0
2022-07-02 16:00:00,2022-07-02 16:00:00,-19.0,83.6,0.037,102.8,2.943,0.081,225.2,1.958,0.0,0.0,237.0366,222.2736,342.6283,63.77,64.25,100.0
2022-07-02 17:00:00,2022-07-02 17:00:00,-19.55,83.1,0.018,235.4,1.573,0.064,235.5,1.028,0.0,0.0,236.3484,226.8706,342.5417,63.48,64.0,100.0
2022-07-02 18:00:00,2022-07-02 18:00:00,-20.12,82.6,,,,0.073,214.5,1.028,0.0,0.0,234.5687,224.1536,342.3483,63.22,63.67,100.0
2022-07-02 19:00:00,2022-07-02 19:00:00,-19.78,83.0,0.098,105.8,3.08,0.552,289.4,3.121,0.0,0.0,235.7591,224.6244,342.1083,63.44,64.44,100.0
2022-07-02 20:00:00,2022-07-02 20:00:00,-20.49,82.4,0.059,135.2,3.765,0.392,328.1,2.423,0.0,0.0,231.0732,214.0063,341.8133,63.1,64.2,100.0
2022-07-02 21:00:00,2022-07-02 21:00:00,-22.52,80.5,0.016,133.0,1.162,0.079,210.2,1.61,0.0,0.0,222.9566,205.1208,341.565,62.03,62.52,100.0
2022-07-02 22:00:00,2022-07-02 22:00:00,-22.03,81.6,0.021,71.8,1.025,0.07,46.2,2.075,0.0,0.0,225.8088,216.5213,341.5083,62.61,63.4,100.0
2022-07-02 23:00:00,2022-07-02 23:00:00,-20.67,82.4,0.159,246.3,3.628,0.223,168.6,2.482,0.0,0.0,233.0475,225.2442,341.5616,63.13,63.61,100.0
2022-07-03 00:00:00,2022-07-03 00:00:00,-20.74,82.2,0.015,229.9,1.573,0.107,210.5,1.261,0.0,0.0,233.419,223.1933,341.6,63.01,63.47,100.0
2022-07-03 01:00:00,2022-07-03 01:00:00,-21.07,81.9,0.803,87.2,3.765,0.881,339.1,5.621,115.81926315789474,110.0283,232.7415,222.9537,341.79,,,100.0
2022-07-03 02:00:00,2022-07-03 02:00:00,-19.05,83.2,0.043,59.82,2.806,0.261,321.6,3.121,195.7002105263158,185.9152,253.0241,223.2005,342.1067,63.66,65.77,100.0
2022-07-03 03:00:00,2022-07-03 03:00:00,-16.22,83.3,0.27,262.0,2.943,0.445,243.2,2.656,332.65757894736845,316.0247,271.6018,228.9112,342.325,64.04,65.53,97.53164418794438
2022-07-03 04:00:00,2022-07-03 04:00:00,-10.64,90.2,,,,0.061,225.0,0.912,511.24315789473684,485.681,301.5445,242.7229,342.3933,67.84,69.23,100.0
2022-07-03 05:00:00,2022-07-03 05:00:00,-5.81,92.3,,,,0.119,217.6,1.145,677.8952631578948,644.0005,319.2862,259.9768,342.5383,69.4,70.23,97.68166717061186
2022-07-03 06:00:00,2022-07-03 06:00:00,-7.104,87.7,0.035,41.18,3.08,0.271,231.4,3.644,841.7522105263158,799.6646,323.0175,278.3729,342.6183,67.24,70.22,93.99128679790543
2022-07-03 07:00:00,2022-07-03 07:00:00,-11.24,82.4,0.141,236.2,5.957,0.538,228.0,4.342,855.3889473684211,812.6195,319.3983,270.6993,342.5116,64.3,67.34,91.93683578080645
2022-07-03 08:00:00,2022-07-03 08:00:00,-8.89,85.1,0.038,240.4,2.806,0.362,241.3,3.47,839.8744210526316,797.8807,323.9191,277.3447,342.5166,65.81,67.15,92.80471738109252
2022-07-03 09:00:00,2022-07-03 09:00:00,-12.64,82.8,0.169,89.4,4.176,0.774,251.3,7.074,528.0262105263158,501.6249,309.5002,263.0686,342.38,64.27,66.29,93.64673973898272
2022-07-03 10:00:00,2022-07-03 10:00:00,-13.99,84.6,0.257,103.8,4.724,0.835,248.5,6.435,620.886,589.8417,292.8477,267.8415,342.2933,64.91,67.31,96.94213075855163
2022-07-03 11:00:00,2022-07-03 11:00:00,-13.82,83.1,0.546,124.8,3.902,0.701,260.6,4.574,460.30357894736846,437.2884,287.6653,251.7206,342.1933,64.29,66.27,95.06672532503823
2022-07-03 12:00:00,2022-07-03 12:00:00,-16.25,83.1,0.281,118.6,6.779,0.598,242.7,4.633,196.3862105263158,186.5669,269.6904,250.5435,342.1833,63.98,65.96,97.32563310912506
2022-07-03 13:00:00,2022-07-03 13:00:00,-17.8,83.8,0.004,146.6,0.614,0.206,228.8,2.947,45.89346315789474,43.59879,251.0632,240.5416,342.3083,64.07,64.64,99.6217088799599
2022-07-03 14:00:00,2022-07-03 14:00:00,-19.99,82.4,0.788,93.6,5.272,0.795,271.7,5.97,0.0,0.0,238.8392,234.5334,342.4783,63.14,64.66,100.0
2022-07-03 15:00:00,2022-07-03 15:00:00,-19.3,83.2,0.083,225.1,5.135,0.303,233.3,4.167,0.0,0.0,239.6764,234.898,342.44,63.57,65.47,100.0
2022-07-03 16:00:00,2022-07-03 16:00:00,-20.17,82.8,,,,0.054,251.3,0.563,0.0,0.0,236.7117,233.2229,342.51,63.29,63.73,100.0
2022-07-03 17:00:00,2022-07-03 17:00:00,-19.8,83.0,,,,0.04,248.4,0.04,0.0,0.0,237.8603,233.7987,342.5733,63.42,63.84,100.0
2022-07-03 18:00:00,2022-07-03 18:00:00,-20.03,82.6,,,,0.04,248.5,0.04,0.0,0.0,236.9975,232.4804,342.4233,63.25,63.66,100.0
2022-07-03 19:00:00,2022-07-03 19:00:00,-20.49,82.3,,,,0.04,241.8,0.04,0.0,0.0,235.4341,230.7916,342.2683,63.05,63.44,100.0
2022-07-03 20:00:00,2022-07-03 20:00:00,-20.9,82.0,0.014,191.2,1.71,0.04,239.8,0.04,0.0,0.0,233.8486,229.4878,342.0466,62.9,63.21,100.0
2022-07-03 21:00:00,2022-07-03 21:00:00,-21.38,81.5,0.337,229.0,2.943,0.199,229.2,2.423,0.0,0.0,231.587,225.2914,341.515,62.66,63.33,100.0
2022-07-03 22:00:00,2022-07-03 22:00:00,-22.11,81.1,1.654,228.1,4.45,0.789,221.0,3.237,0.0,0.0,229.1306,224.6805,341.1967,62.42,62.89,100.0
2022-07-03 23:00:00,2022-07-03 23:00:00,-22.17,81.1,0.77,231.0,3.628,0.555,219.8,2.598,0.0,0.0,229.1026,225.142,341.3333,62.43,62.79,100.0
2022-07-04 00:00:00,2022-07-04 00:00:00,-22.9,80.4,0.137,235.6,2.121,0.286,243.2,2.598,22.49657894736842,21.37175,225.1313,214.2416,341.3816,62.0,62.55,100.0
2022-07-04 01:00:00,2022-07-04 01:00:00,-22.77,80.6,0.068,248.1,1.436,0.276,227.4,1.551,90.37577894736842,85.85699,225.6978,213.7613,341.7883,62.08,62.74,100.0
2022-07-04 02:00:00,2022-07-04 02:00:00,-21.2,80.7,0.057,322.1,1.573,0.267,238.6,1.9,113.1956,96.73262,234.0402,210.6709,342.0717,62.32,63.09,99.11373955497878
2022-07-04 03:00:00,2022-07-04 03:00:00,-19.78,80.4,0.76,263.5,4.039,0.529,219.3,2.947,306.54810526315794,291.2207,251.704,211.641,342.2066,62.32,63.11,97.41361543172272
2022-07-04 04:00:00,2022-07-04 04:00:00,-16.12,82.0,0.39,228.2,2.532,0.979,218.3,2.714,618.2905263157895,587.376,273.9616,242.3344,342.2816,63.56,65.19,95.91697016467295
2022-07-04 05:00:00,2022-07-04 05:00:00,-11.54,85.0,0.485,225.9,4.313,1.169,222.9,3.47,817.0033684210526,776.1532,292.8403,266.1365,342.3517,65.5,66.83,95.11440834259501
2022-07-04 06:00:00,2022-07-04 06:00:00,-9.21,87.1,0.212,201.4,3.491,0.796,235.1,4.691,731.9517894736842,695.3542,305.0335,268.3055,342.5533,66.7,68.05,95.28200018628203
2022-07-04 07:00:00,2022-07-04 07:00:00,-11.95,85.3,0.5,222.3,10.62,0.909,238.3,7.888,710.3475789473684,674.8302,299.2966,254.1299,342.72,65.51,68.69,95.83069900875317
2022-07-04 08:00:00,2022-07-04 08:00:00,-9.27,87.8,0.464,219.3,6.505,0.712,233.8,4.923,698.7261052631579,663.7898,310.8447,259.3164,342.6983,66.96,68.92,96.10383762433662
2022-07-04 09:00:00,2022-07-04 09:00:00,-7.716,88.2,0.097,213.8,1.984,0.521,236.6,2.54,573.0235789473684,544.3724,314.189,257.9911,342.6766,67.38,69.42,95.09233524209141
2022-07-04 10:00:00,2022-07-04 10:00:00,-8.16,88.7,0.102,216.3,2.532,0.479,233.3,3.295,380.2271578947369,361.2158,305.1479,257.229,342.5533,67.51,69.91,96.04575940504988
2022-07-04 11:00:00,2022-07-04 11:00:00,-12.1,85.1,0.016,198.5,1.025,0.415,242.7,1.9,246.07547368421055,233.7717,278.7559,242.185,342.1716,65.46,67.62,95.74525774233584
2022-07-04 12:00:00,2022-07-04 12:00:00,-14.73,85.4,,216.6,0.477,0.292,238.1,2.54,222.34757894736842,211.2302,264.7365,237.7737,342.35,65.23,66.8,98.56189883730912
2022-07-04 13:00:00,2022-07-04 13:00:00,-16.53,84.3,0.146,139.1,5.272,0.324,244.1,3.993,15.032978947368422,14.28133,256.828,242.9991,342.7816,64.46,68.86,98.99799303779929
2022-07-04 14:00:00,2022-07-04 14:00:00,-18.06,83.9,,,,0.11,245.4,0.97,0.0,0.0,245.17,238.8187,342.5883,64.09,65.1,99.99025445701272
2022-07-04 15:00:00,2022-07-04 15:00:00,-19.09,83.3,0.023,139.4,1.436,0.111,252.0,1.842,0.0,0.0,240.2785,237.2666,342.8133,63.68,64.12,100.0
2022-07-04 16:00:00,2022-07-04 16:00:00,-19.38,83.2,,,,0.059,269.3,0.854,0.0,0.0,239.2396,237.0845,343.0933,63.57,63.98,100.0
2022-07-04 17:00:00,2022-07-04 17:00:00,-19.58,83.1,,,,0.04,255.7,0.04,0.0,0.0,238.7111,236.7367,343.2017,63.48,63.79,100.0
2022-07-04 18:00:00,2022-07-04 18:00:00,-19.71,83.0,,,,0.04,251.6,0.04,0.0,0.0,238.4763,237.001,343.145,63.43,63.78,100.0
2022-07-04 19:00:00,2022-07-04 19:00:00,-19.64,83.0,,,,0.04,254.9,0.04,0.0,0.0,239.0954,238.6163,342.9583,63.47,63.76,100.0
2022-07-04 20:00:00,2022-07-04 20:00:00,-19.7,83.0,,,,0.04,253.9,0.04,0.0,0.0,239.9051,239.6414,342.6333,63.45,63.77,100.0
2022-07-04 21:00:00,2022-07-04 21:00:00,-20.23,82.4,,,,0.04,269.0,0.04,0.0,0.0,240.3924,240.3299,342.2083,63.2,63.66,100.0
2022-07-04 22:00:00,2022-07-04 22:00:00,-21.75,81.3,,,,0.04,257.2,0.04,0.0,0.0,239.5749,240.3972,341.6933,62.53,63.19,100.0
2022-07-04 23:00:00,2022-07-04 23:00:00,-22.75,80.7,,,,0.04,224.9,0.04,0.0,0.0,237.4798,239.3251,341.5683,62.14,63.91,100.0
2022-07-05 00:00:00,2022-07-05 00:00:00,-23.92,79.92,,,,0.137,210.7,4.109,,,,237.6547,341.52,61.66,62.01,100.0
2022-07-05 01:00:00,2022-07-05 01:00:00,-25.02,78.75,,,,0.759,261.0,5.33,,,,235.6079,342.31,60.93,61.97,100.0
2022-07-05 02:00:00,2022-07-05 02:00:00,-23.83,80.5,,,,0.425,214.3,2.83,,,,233.541,342.65,61.83,64.02,100.0
2022-07-05 03:00:00,2022-07-05 03:00:00,-17.55,84.5,,,,0.412,197.1,2.423,,,,234.6106,342.8733,64.44,66.06,100.0
2022-07-05 04:00:00,2022-07-05 04:00:00,-14.39,85.9,,,,0.371,233.9,2.482,,,,238.2692,343.0,65.44,67.06,98.81350627877022
2022-07-05 05:00:00,2022-07-05 05:00:00,-12.8,85.9,0.047,99.0,2.532,0.62,235.2,5.33,,,,243.2399,343.025,65.67,67.71,97.3036583106098
2022-07-05 06:00:00,2022-07-05 06:00:00,-15.9,81.8,0.075,79.28,2.943,0.696,281.6,4.749,,,,247.831,343.125,63.37,66.82,95.48012427959073
2022-07-05 07:00:00,2022-07-05 07:00:00,-11.57,87.0,0.16,152.2,4.45,0.765,258.2,5.97,,,,246.1465,343.07,66.29,69.46,97.38075114662259
2022-07-05 08:00:00,2022-07-05 08:00:00,-7.525,91.0,0.619,231.6,12.67,1.145,223.1,12.83,,,,245.5872,343.1117,68.6,70.94,97.92880071400546
2022-07-05 09:00:00,2022-07-05 09:00:00,-4.921,93.0,0.059,251.4,2.121,0.504,230.6,3.528,,,,254.0444,343.16,69.81,71.99,97.57309374795983
2022-07-05 10:00:00,2022-07-05 10:00:00,-5.403,89.5,0.131,240.2,3.628,0.656,222.3,3.877,,,,264.4916,343.2017,68.25,70.41,94.34333185299589
2022-07-05 11:00:00,2022-07-05 11:00:00,-8.56,87.7,0.119,214.1,4.039,0.599,227.3,4.284,,,,260.8196,342.995,67.05,68.51,95.3334426827565
2022-07-05 12:00:00,2022-07-05 12:00:00,-12.2,85.8,0.048,240.3,3.217,0.392,226.6,3.935,,,,257.7879,342.9917,65.71,66.61,96.62651863096579
2022-07-05 13:00:00,2022-07-05 13:00:00,-15.43,84.0,0.018,128.0,2.532,0.16,242.4,2.191,,,,253.4454,343.0667,64.48,65.77,97.60414593228205
2022-07-05 14:00:00,2022-07-05 14:00:00,-18.51,82.9,,,,0.103,251.5,1.261,,,,249.1903,343.1617,63.55,64.11,99.22659306463504
2022-07-05 15:00:00,2022-07-05 15:00:00,-19.71,82.7,,,,0.057,255.0,0.854,,,,246.2603,343.5316,63.3,63.75,100.0
2022-07-05 16:00:00,2022-07-05 16:00:00,-20.21,82.6,0.022,75.45,1.71,0.118,268.3,2.307,,,,244.3528,343.7983,63.14,63.54,100.0
2022-07-05 17:00:00,2022-07-05 17:00:00,-22.37,80.4,0.442,203.8,4.724,0.719,242.7,5.505,,,,242.3851,343.3816,61.91,63.42,99.85255028535327
2022-07-05 18:00:00,2022-07-05 18:00:00,-24.2,79.92,0.055,51.58,2.806,0.261,256.1,2.889,,,,240.3075,343.4783,61.46,62.25,100.0
2022-07-05 19:00:00,2022-07-05 19:00:00,-22.84,81.0,0.281,115.8,2.943,0.502,261.1,4.226,,,,238.8779,343.175,62.13,62.59,100.0
2022-07-05 20:00:00,2022-07-05 20:00:00,-22.32,81.1,0.251,227.6,2.395,1.241,212.6,4.458,,,,238.0215,342.8633,62.3,62.65,100.0
2022-07-05 21:00:00,2022-07-05 21:00:00,-22.5,80.9,0.708,202.9,8.97,1.595,226.8,9.23,,,,237.0288,342.9,62.17,62.69,100.0
2022-07-05 22:00:00,2022-07-05 22:00:00,-23.09,79.83,0.807,177.2,6.231,0.72,285.9,5.505,,,,235.6057,343.0466,61.6,62.19,99.82556740147528
2022-07-05 23:00:00,2022-07-05 23:00:00,-23.11,80.5,0.921,198.5,5.272,0.971,225.6,5.039,,,,234.6352,342.6133,61.95,62.43,100.0
2022-07-06 00:00:00,2022-07-06 00:00:00,-22.77,80.3,0.911,202.5,5.546,0.926,242.4,9.11,,,,234.3821,342.9883,61.87,62.43,100.0
2022-07-06 01:00:00,2022-07-06 01:00:00,-22.97,79.28,0.014,88.6,1.162,0.122,245.5,1.668,,,,230.2678,343.3217,,,99.02487318027953
2022-07-06 02:00:00,2022-07-06 02:00:00,-21.87,81.5,0.118,156.0,1.71,0.212,220.9,2.191,,,,232.5597,343.4383,62.48,64.37,100.0
2022-07-06 03:00:00,2022-07-06 03:00:00,-18.15,82.5,0.226,239.1,5.409,0.575,215.6,6.842,,,,233.0024,343.555,63.39,64.87,98.40685795020889
2022-07-06 04:00:00,2022-07-06 04:00:00,-14.37,84.0,0.016,279.7,0.888,0.27,226.6,2.423,,,,235.1825,343.7983,64.54,66.47,96.60918258426176
2022-07-06 05:00:00,2022-07-06 05:00:00,-12.07,84.8,,212.3,0.477,0.336,232.6,2.54,,,,238.575,344.0017,65.2,67.68,95.37996434774529
2022-07-06 06:00:00,2022-07-06 06:00:00,-11.6,85.4,0.047,130.9,2.669,0.395,236.8,2.249,,,,242.626,343.945,65.54,67.88,95.6176832212194
2022-07-06 07:00:00,2022-07-06 07:00:00,-9.08,86.1,0.026,124.5,1.573,0.479,256.5,2.423,,,,234.7713,343.9683,66.19,70.68,94.06900770712221
2022-07-06 08:00:00,2022-07-06 08:00:00,-8.06,88.9,,259.5,0.477,0.666,235.4,3.354,,,,241.4624,343.965,67.5,69.95,96.168643113641
2022-07-06 09:00:00,2022-07-06 09:00:00,-5.009,90.3,0.045,230.4,1.436,0.65,231.1,3.528,,,,244.8459,343.985,68.56,72.07,94.82165700974814
2022-07-06 10:00:00,2022-07-06 10:00:00,-8.88,87.2,0.05,301.2,4.039,0.592,250.1,3.644,,,,253.17,343.925,66.67,70.0,95.08559212739507
2022-07-06 11:00:00,2022-07-06 11:00:00,-11.95,85.7,0.052,78.06,1.984,0.474,250.3,2.889,,,,250.4393,343.9217,65.59,68.78,96.28008095017758
2022-07-06 12:00:00,2022-07-06 12:00:00,-10.63,87.2,,,,0.534,231.2,2.772,,,,247.288,343.9683,66.44,68.16,96.71757218893723
2022-07-06 13:00:00,2022-07-06 13:00:00,-10.89,85.1,0.015,232.3,1.436,0.45,228.4,2.133,,,,244.9183,344.12,65.51,67.2,94.62709897687431
2022-07-06 14:00:00,2022-07-06 14:00:00,-20.4,79.86,0.007,329.3,0.888,0.161,229.5,2.017,,,,242.2731,344.3517,61.86,63.0,97.33521826332031
2022-07-06 15:00:00,2022-07-06 15:00:00,-22.82,81.3,,,,0.045,243.2,0.447,,,,238.8539,344.5717,62.15,63.04,100.0
2022-07-06 16:00:00,2022-07-06 16:00:00,-23.71,81.0,0.034,244.9,1.436,0.13,234.2,1.668,,,,236.1668,344.7566,61.9,63.93,100.0
2022-07-06 17:00:00,2022-07-06 17:00:00,-21.65,82.2,0.063,236.3,2.395,0.382,210.6,2.423,,,,234.6122,344.8116,62.69,63.25,100.0
2022-07-06 18:00:00,2022-07-06 18:00:00,-22.98,79.96,0.772,227.5,12.53,0.537,216.4,8.41,,,,233.4538,344.6566,61.55,62.37,99.88371705458883
2022-07-06 19:00:00,2022-07-06 19:00:00,-23.2,80.5,0.425,191.3,5.957,0.268,211.3,3.063,,,,231.1092,344.4783,61.79,62.29,100.0
2022-07-06 20:00:00,2022-07-06 20:00:00,-22.41,81.5,0.042,213.8,1.984,0.204,272.3,1.9,,,,229.948,344.1466,62.35,63.19,100.0
2022-07-06 21:00:00,2022-07-06 21:00:00,-22.54,81.3,0.009,247.3,0.751,0.171,235.0,1.668,,,,229.7068,343.8416,62.26,63.05,100.0
2022-07-06 22:00:00,2022-07-06 22:00:00,-22.62,81.0,0.005,333.5,0.614,0.29,208.8,1.319,,,,229.4486,343.5933,62.16,62.74,100.0
2022-07-06 23:00:00,2022-07-06 23:00:00,-22.87,80.9,0.032,238.9,1.162,0.272,207.9,1.261,,,,228.8628,343.5717,62.07,62.62,100.0
2022-07-07 00:00:00,2022-07-07 00:00:00,-23.53,80.0,0.034,80.9,2.532,0.195,288.8,2.482,,,,227.5394,343.7566,61.6,63.4,100.0
2022-07-07 01:00:00,2022-07-07 01:00:00,-23.51,79.6,0.067,108.2,2.258,0.104,233.5,1.319,,,,225.3495,344.0017,61.38,62.08,99.93552263387708
2022-07-07 02:00:00,2022-07-07 02:00:00,-20.99,82.3,0.033,143.8,1.162,0.236,236.0,2.133,,,,226.1974,344.155,62.88,64.43,100.0
2022-07-07 03:00:00,2022-07-07 03:00:00,-20.11,78.89,0.345,223.3,4.861,0.621,237.0,3.644,,,,229.0549,344.4233,61.47,62.97,95.88655351094586
2022-07-07 04:00:00,2022-07-07 04:00:00,-16.23,78.97,0.258,201.3,3.491,0.514,235.3,3.179,,,,232.9447,344.6466,61.99,64.2,92.47079103246547
2022-07-07 05:00:00,2022-07-07 05:00:00,-19.03,72.03,0.373,87.8,5.957,0.746,306.1,5.563,,,,238.2566,344.7433,58.39,62.2,86.64723977549357
2022-07-07 06:00:00,2022-07-07 06:00:00,-16.72,74.38,0.002,70.01,0.751,0.289,292.3,2.482,,,,245.4111,344.7417,59.78,64.04,87.50852360964944
2022-07-07 07:00:00,2022-07-07 07:00:00,-9.51,78.24,,149.6,0.477,0.217,242.1,2.772,,,,253.4106,344.7083,62.48,66.4,85.83985037973338
2022-07-07 08:00:00,2022-07-07 08:00:00,-6.817,80.6,0.27,227.0,5.135,0.569,225.3,4.633,,,,257.0902,344.615,63.98,67.21,86.14075163987181
2022-07-07 09:00:00,2022-07-07 09:00:00,-4.838,81.6,0.385,210.9,8.01,0.651,227.3,5.33,,,,265.8318,344.5383,64.68,68.33,85.54325809190715
2022-07-07 10:00:00,2022-07-07 10:00:00,-8.79,78.84,0.066,210.6,2.669,0.443,241.0,3.295,,,,276.4118,344.4066,62.9,66.25,85.89432549700504
2022-07-07 11:00:00,2022-07-07 11:00:00,-13.04,81.9,0.001,97.8,0.614,0.39,241.3,3.121,,,,270.3329,344.3466,63.74,66.28,92.98870024895037
2022-07-07 12:00:00,2022-07-07 12:00:00,-9.25,81.4,0.003,246.0,0.614,0.291,230.3,2.075,,,,262.4494,344.34,64.05,66.26,89.08121241779374
2022-07-07 13:00:00,2022-07-07 13:00:00,-11.75,78.78,0.042,228.2,2.121,0.274,226.0,2.075,,,,258.2902,344.5183,62.5,65.46,88.33415394332779
2022-07-07 14:00:00,2022-07-07 14:00:00,-19.49,75.54,,,,0.088,228.6,1.435,,,,252.6611,344.5767,60.0,62.25,91.27123396575124
2022-07-07 15:00:00,2022-07-07 15:00:00,-22.69,71.78,0.039,231.3,2.669,0.217,245.7,2.249,,,,243.4492,344.79,57.82,59.64,89.41871805139402
2022-07-07 16:00:00,2022-07-07 16:00:00,-21.88,70.69,0.009,105.5,0.888,0.326,241.2,2.482,,,,237.5519,345.04,57.37,59.37,87.38456688243272
2022-07-07 17:00:00,2022-07-07 17:00:00,-22.29,70.7,0.184,158.4,6.916,0.285,244.7,5.214,,,,233.8411,345.0283,57.33,59.11,87.73883756223687
2022-07-07 18:00:00,2022-07-07 18:00:00,-22.02,70.38,0.152,78.39,3.765,0.405,284.5,5.214,,,,230.0157,344.87,57.23,58.89,87.11746913396502
2022-07-07 19:00:00,2022-07-07 19:00:00,-21.86,68.41,0.098,101.7,2.395,0.307,277.9,3.47,,,,226.6441,344.6433,56.31,59.36,84.54999414597025
2022-07-07 20:00:00,2022-07-07 20:00:00,-22.24,72.8,0.298,112.4,6.231,0.424,271.4,8.47,,,,224.155,344.36,58.39,61.64,90.30195415768372
2022-07-07 21:00:00,2022-07-07 21:00:00,-22.11,74.69,0.169,125.8,3.902,0.266,271.6,5.098,,,,222.3811,344.0017,59.32,62.66,92.53173292998952
2022-07-07 22:00:00,2022-07-07 22:00:00,-22.46,72.93,0.068,80.5,2.258,0.165,262.5,2.482,,,,221.2765,343.69,58.48,60.41,90.65279968134914
2022-07-07 23:00:00,2022-07-07 23:00:00,-22.73,70.2,0.192,143.9,6.916,0.287,263.3,4.284,,,,219.3422,343.4666,57.17,59.27,87.48372138473837
2022-07-08 00:00:00,2022-07-08 00:00:00,-23.2,69.56,0.063,348.6,2.395,0.095,212.2,2.075,,,,219.2837,343.345,56.82,58.45,87.07406819996943
2022-07-08 01:00:00,2022-07-08 01:00:00,-23.51,70.11,0.013,80.8,1.573,0.18,251.6,2.249,,,,219.1594,343.4,57.04,59.56,88.02109914398396
2022-07-08 02:00:00,2022-07-08 02:00:00,-21.36,67.39,0.067,77.86,2.121,0.251,227.2,4.807,,,,218.9169,343.6917,55.94,59.4,82.89320221131379
2022-07-08 03:00:00,2022-07-08 03:00:00,-17.91,67.27,0.008,85.3,0.751,0.248,226.5,3.063,,,,223.8519,343.9716,56.26,60.27,80.05543422013695
2022-07-08 04:00:00,2022-07-08 04:00:00,-14.2,67.91,0.012,114.5,0.888,0.303,225.2,2.191,,,,232.8119,344.1133,57.04,59.44,77.97556763004985
2022-07-08 05:00:00,2022-07-08 05:00:00,-13.21,67.31,,,,0.463,223.4,1.842,,,,240.6006,344.0717,56.83,61.26,76.54931181732884
2022-07-08 06:00:00,2022-07-08 06:00:00,-9.43,67.35,0.039,222.8,4.176,0.525,227.0,3.47,,,,248.3506,344.0316,57.32,60.48,73.83457282392861
2022-07-08 07:00:00,2022-07-08 07:00:00,-8.34,68.53,0.102,211.0,4.313,0.44,236.0,3.295,,,,249.9654,343.935,58.04,63.01,74.33551627924496
2022-07-08 08:00:00,2022-07-08 08:00:00,-6.694,67.15,0.027,224.8,1.984,0.411,237.1,1.958,,,,260.2858,343.8233,57.55,60.58,71.68018642444454
2022-07-08 09:00:00,2022-07-08 09:00:00,-8.35,71.16,,133.0,0.477,0.451,229.2,1.958,,,,261.8817,343.535,59.38,63.58,77.19583120411185
2022-07-08 10:00:00,2022-07-08 10:00:00,-8.38,72.95,0.061,203.3,2.121,0.503,230.0,3.528,,,,265.4057,343.4083,60.29,62.7,79.16077500789156
2022-07-08 11:00:00,2022-07-08 11:00:00,-9.1,68.28,0.024,215.4,2.395,0.26,241.6,2.249,,,,262.7431,343.265,57.89,61.33,74.61419107173735
2022-07-08 12:00:00,2022-07-08 12:00:00,-12.62,73.28,0.029,179.7,1.71,0.25,244.6,1.842,,,,258.3414,343.2833,59.91,62.84,82.86355607332113
2022-07-08 13:00:00,2022-07-08 13:00:00,-15.56,78.93,,,,0.142,242.4,1.261,,,,253.9224,343.315,62.19,64.2,91.82825205855231
2022-07-08 14:00:00,2022-07-08 14:00:00,-17.41,84.6,0.006,159.5,0.888,0.435,212.2,1.958,,,,249.9857,343.5417,64.45,65.18,100.0
2022-07-08 15:00:00,2022-07-08 15:00:00,-18.38,84.2,0.017,237.1,1.162,0.363,212.0,1.61,,,,246.89,343.6267,64.16,64.71,100.0
2022-07-08 16:00:00,2022-07-08 16:00:00,-18.59,84.8,,,,0.197,226.4,2.249,,,,244.9146,343.7283,64.37,65.42,100.0
2022-07-08 17:00:00,2022-07-08 17:00:00,-17.86,84.8,0.339,252.9,7.601,0.362,206.9,5.33,,,,243.7717,343.6366,64.48,65.34,100.0
2022-07-08 18:00:00,2022-07-08 18:00:00,-17.53,84.7,0.289,237.4,5.683,0.258,195.8,4.051,,,,243.2932,343.355,64.51,64.93,100.0
2022-07-08 19:00:00,2022-07-08 19:00:00,-18.76,83.5,0.245,253.5,8.83,0.217,191.1,5.97,,,,242.1237,342.97,63.86,64.54,100.0
2022-07-08 20:00:00,2022-07-08 20:00:00,-19.44,83.4,0.243,228.0,4.313,0.262,196.4,4.458,,,,241.1667,342.6366,63.74,65.53,100.0
2022-07-08 21:00:00,2022-07-08 21:00:00,-18.8,83.8,0.181,263.8,3.902,0.298,197.3,2.307,,,,240.1113,342.17,64.06,64.54,100.0
2022-07-08 22:00:00,2022-07-08 22:00:00,-19.76,82.4,0.055,239.2,1.299,0.22,215.3,1.842,,,,239.2668,341.8533,63.32,64.93,99.81771680321256
2022-07-08 23:00:00,2022-07-08 23:00:00,-20.02,83.0,0.079,336.0,1.299,0.218,206.5,1.842,,,,238.4665,341.7,63.6,64.19,100.0
2022-07-09 00:00:00,2022-07-09 00:00:00,-19.56,83.2,0.194,235.8,3.217,0.321,206.1,2.249,,,,237.8253,341.635,63.74,64.5,100.0
2022-07-09 01:00:00,2022-07-09 01:00:00,-18.97,83.0,0.45,228.8,3.217,0.518,210.7,3.47,,,,234.086,341.6316,,,99.78595195508535
2022-07-09 02:00:00,2022-07-09 02:00:00,-21.57,80.5,0.435,206.8,3.628,0.441,224.9,3.644,,,,236.9122,341.8416,62.25,63.96,99.21773110251831
2022-07-09 03:00:00,2022-07-09 03:00:00,-19.74,81.6,0.491,190.6,4.724,0.779,224.2,5.272,,,,236.5816,342.0583,62.97,64.75,98.82967828917664
2022-07-09 04:00:00,2022-07-09 04:00:00,-13.42,83.2,0.37,221.4,2.943,0.953,226.5,2.656,,,,237.1373,342.1283,64.51,66.39,94.81314901009655
2022-07-09 05:00:00,2022-07-09 05:00:00,-10.74,72.61,0.745,237.2,4.724,1.235,222.6,3.586,,,,238.1949,342.175,59.95,64.76,80.62124756125104
2022-07-09 06:00:00,2022-07-09 06:00:00,-12.76,65.77,0.368,246.0,5.546,1.015,242.4,4.4,,,,239.2185,342.2067,56.27,61.92,74.47241529611911
2022-07-09 07:00:00,2022-07-09 07:00:00,-16.24,78.09,0.158,105.7,3.08,1.205,284.3,4.574,,,,234.3634,342.225,61.72,69.79,91.44916563973293
2022-07-09 08:00:00,2022-07-09 08:00:00,-5.13,69.56,0.182,224.6,6.094,0.871,231.7,5.156,,,,235.7366,342.3717,59.02,69.71,73.1293576037217
2022-07-09 09:00:00,2022-07-09 09:00:00,-3.536,62.01,0.001,236.8,0.477,0.651,233.5,2.075,,,,237.0131,342.2666,55.38,60.65,64.18632633132056
2022-07-09 10:00:00,2022-07-09 10:00:00,-8.23,64.77,,231.1,0.477,0.628,253.2,2.889,,,,243.7576,342.1416,56.21,61.38,70.18179128302683
2022-07-09 11:00:00,2022-07-09 11:00:00,-10.72,65.47,,,,0.435,273.0,3.179,,,,244.2374,342.055,56.31,62.93,72.67934863302334
2022-07-09 12:00:00,2022-07-09 12:00:00,-14.82,57.28,0.004,91.7,1.025,0.719,304.4,4.167,,,,244.8347,342.2216,51.39,58.75,66.16557516813899
2022-07-09 13:00:00,2022-07-09 13:00:00,-16.36,56.09,0.032,74.98,2.121,0.535,315.1,3.237,,,,244.8285,342.2583,50.65,58.39,65.76160233872952
2022-07-09 14:00:00,2022-07-09 14:00:00,-21.49,62.0,,,,0.334,295.3,2.889,,,,243.8181,342.3933,53.3,56.73,76.35785963862104
2022-07-09 15:00:00,2022-07-09 15:00:00,-22.9,59.76,,,,0.078,271.7,1.377,,,,242.1397,342.475,51.97,55.01,74.59374491607292
2022-07-09 16:00:00,2022-07-09 16:00:00,-23.33,62.73,0.118,76.55,4.176,0.221,299.4,6.493,,,,240.3699,342.5483,53.46,56.49,78.62133992295253
2022-07-09 17:00:00,2022-07-09 17:00:00,-24.25,68.75,,,,0.139,295.9,1.9,,,,239.1168,342.515,56.38,58.54,86.92093697485215
2022-07-09 18:00:00,2022-07-09 18:00:00,-23.99,60.92,0.004,71.79,1.025,0.338,319.2,2.656,,,,236.8305,342.3317,52.47,55.88,76.83207284583278
2022-07-09 19:00:00,2022-07-09 19:00:00,-23.7,55.83,0.013,75.57,1.299,0.33,334.1,2.423,,,,233.9891,342.055,49.78,54.09,70.2193637588801
2022-07-09 20:00:00,2022-07-09 20:00:00,-23.76,56.15,,,,0.149,297.9,2.54,,,,233.03,341.7733,49.95,55.01,70.66201498381749
2022-07-09 21:00:00,2022-07-09 21:00:00,-24.33,65.29,0.047,227.8,2.532,0.086,225.0,3.121,,,,232.8568,341.4783,54.67,58.97,82.60895494692642
2022-07-09 22:00:00,2022-07-09 22:00:00,-23.59,71.78,0.695,146.4,14.31,0.735,301.4,9.05,,,,231.9453,341.36,57.94,62.26,90.18613545556886
2022-07-09 23:00:00,2022-07-09 23:00:00,-22.02,74.47,0.32,227.1,8.29,0.563,289.7,6.202,,,,229.5424,341.3617,59.4,64.25,92.18013535672598
2022-07-10 00:00:00,2022-07-10 00:00:00,-22.33,70.44,0.338,190.8,3.628,0.378,292.1,4.109,,,,230.454,341.4517,57.44,63.54,87.44946238245545
2022-07-10 01:00:00,2022-07-10 01:00:00,-22.09,57.2,0.02,128.4,1.436,0.137,281.3,2.365,,,,230.5457,341.6933,50.72,54.97,70.85027673585705
2022-07-10 02:00:00,2022-07-10 02:00:00,-22.18,52.17,,,,0.394,289.4,3.295,,,,230.3999,342.0016,47.78,53.12,64.67531272638904
2022-07-10 03:00:00,2022-07-10 03:00:00,-20.62,39.36,,,,0.864,328.7,3.354,,,,229.8645,342.3267,39.9,45.67,48.07389772769253
2022-07-10 04:00:00,2022-07-10 04:00:00,-19.82,39.5,0.004,352.2,1.025,0.728,318.5,2.598,,,,231.8784,342.5566,39.95,45.14,47.87701708024749
2022-07-10 05:00:00,2022-07-10 05:00:00,-17.55,33.08,,,,0.748,319.2,4.516,,,,234.5443,342.7517,35.29,44.41,39.23114330748855
2022-07-10 06:00:00,2022-07-10 06:00:00,-15.73,40.23,,,,0.309,290.2,3.121,,,,237.2509,342.7133,40.73,48.81,46.88102247023072
2022-07-10 07:00:00,2022-07-10 07:00:00,-13.07,47.19,,,,0.215,277.0,1.842,,,,234.6866,342.6433,45.36,60.56,53.594782840734275
2022-07-10 08:00:00,2022-07-10 08:00:00,-13.07,61.65,2.233,245.7,5.82,1.552,211.7,6.086,,,,237.1375,342.6316,53.57,65.05,70.017341854869
2022-07-10 09:00:00,2022-07-10 09:00:00,-9.29,63.27,1.71,225.9,8.42,1.453,221.2,6.028,,,,242.33,342.6917,55.31,60.95,69.26734595277061
2022-07-10 10:00:00,2022-07-10 10:00:00,-6.303,51.71,0.274,189.5,3.491,0.724,230.5,4.458,,,,253.9289,342.7183,49.16,53.89,54.98862058567432
2022-07-10 11:00:00,2022-07-10 11:00:00,-8.94,52.29,0.132,216.1,3.765,0.978,215.7,5.098,,,,258.0303,342.68,49.12,59.14,57.05194302005563
2022-07-10 12:00:00,2022-07-10 12:00:00,-11.83,59.46,0.209,261.7,4.587,0.364,223.0,3.935,,,,259.3659,342.765,52.95,59.77,66.72287995026232
2022-07-10 13:00:00,2022-07-10 13:00:00,-10.5,43.4,0.093,272.8,3.354,0.283,227.7,3.412,,,,259.4427,342.9483,43.48,48.89,48.076184895531966
2022-07-10 14:00:00,2022-07-10 14:00:00,-17.34,43.58,,,,0.081,266.0,1.145,,,,256.0335,343.135,42.93,47.97,51.57923774885918
2022-07-10 15:00:00,2022-07-10 15:00:00,-20.55,61.85,,,,0.04,212.6,0.04,,,,252.1966,343.2616,53.09,61.86,75.49241674285032
2022-07-10 16:00:00,2022-07-10 16:00:00,-21.18,71.1,,,,0.048,218.2,1.435,,,,248.6335,343.435,57.72,63.51,87.30658836106844
2022-07-10 17:00:00,2022-07-10 17:00:00,-21.38,63.0,0.052,280.7,3.491,0.061,230.6,1.9,,,,245.763,343.4066,53.78,55.69,77.50806284398806
2022-07-10 18:00:00,2022-07-10 18:00:00,-21.17,80.1,,226.7,0.477,0.107,226.9,1.028,,,,243.2331,343.025,61.89,66.74,98.34866663838038
2022-07-10 19:00:00,2022-07-10 19:00:00,-20.85,76.58,0.402,226.8,6.505,0.391,216.9,3.877,,,,241.5385,342.9066,60.42,64.08,93.73982878301754
2022-07-10 20:00:00,2022-07-10 20:00:00,-21.92,64.0,,,,0.053,217.3,0.679,,,,240.2342,342.76,54.28,57.2,79.14477467717109
2022-07-10 21:00:00,2022-07-10 21:00:00,-20.5,63.13,0.102,212.1,5.409,0.155,289.8,3.063,,,,237.2752,342.545,54.0,57.72,77.01792216266136
2022-07-10 22:00:00,2022-07-10 22:00:00,-21.72,72.9,,189.8,0.477,0.076,210.0,0.796,,,,236.7328,342.3983,58.7,60.91,89.97918249581429
2022-07-10 23:00:00,2022-07-10 23:00:00,-21.89,74.77,,95.7,0.477,0.048,227.1,0.621,,,,235.9127,342.2517,59.57,61.75,92.43693095460276
2022-07-11 00:00:00,2022-07-11 00:00:00,-21.71,79.2,0.002,127.0,0.751,0.065,227.0,1.203,,,,234.7651,342.3267,61.61,63.84,97.74584311219947
2022-07-11 01:00:00,2022-07-11 01:00:00,-20.98,76.77,,,,0.113,260.3,1.726,,,,233.6434,342.5083,60.59,62.82,94.0891669497213
2022-07-11 02:00:00,2022-07-11 02:00:00,-20.06,77.42,0.025,78.1,1.71,0.465,295.7,3.47,,,,233.0625,342.7533,60.95,64.01,94.05482661719421
2022-07-11 03:00:00,2022-07-11 03:00:00,-19.35,76.38,0.007,83.7,0.888,0.584,302.4,3.295,,,,233.9416,342.9016,60.58,63.83,92.16240183844637
2022-07-11 04:00:00,2022-07-11 04:00:00,-18.75,74.12,0.043,89.6,3.628,0.661,307.6,3.935,,,,236.0621,343.0933,59.58,62.65,88.92211088867913
2022-07-11 05:00:00,2022-07-11 05:00:00,-17.08,62.29,,61.89,0.477,0.601,308.5,4.284,,,,238.8362,343.2517,53.89,57.86,73.53917987949907
2022-07-11 06:00:00,2022-07-11 06:00:00,-14.64,62.74,0.02,110.4,3.217,0.351,283.0,5.563,,,,242.0571,343.2317,54.35,63.89,72.34653956010358
2022-07-11 07:00:00,2022-07-11 07:00:00,-7.737,61.11,0.016,67.83,1.162,0.277,239.7,2.075,,,,240.3427,343.2033,54.18,64.8,65.89887957097812
2022-07-11 08:00:00,2022-07-11 08:00:00,-5.378,48.28,0.245,224.1,4.45,0.592,230.3,4.458,,,,246.4958,343.2683,47.11,53.94,50.88029031036426
2022-07-11 09:00:00,2022-07-11 09:00:00,-2.901,43.8,0.24,226.8,3.354,0.732,221.4,4.167,,,,252.0903,343.3183,44.44,50.16,45.057258053489065
2022-07-11 10:00:00,2022-07-11 10:00:00,-9.03,55.25,1.151,232.7,6.094,1.237,208.6,4.284,,,,262.0019,343.3016,50.86,59.38,60.334318339161285
2022-07-11 11:00:00,2022-07-11 11:00:00,-8.32,52.54,0.498,211.3,5.546,0.717,235.6,4.981,,,,263.1441,343.2116,49.38,54.59,56.97982899226457
2022-07-11 12:00:00,2022-07-11 12:00:00,-12.16,64.69,0.122,218.2,7.464,0.315,245.5,5.563,,,,262.2562,343.2333,55.5,63.4,72.8245263631128
2022-07-11 13:00:00,2022-07-11 13:00:00,-17.29,82.3,0.095,217.7,3.08,0.238,270.2,4.749,,,,259.2612,343.3283,63.49,65.5,97.35953362357138
2022-07-11 14:00:00,2022-07-11 14:00:00,-19.77,81.0,0.005,82.3,0.888,0.232,290.4,2.83,,,,255.1399,343.5266,62.56,64.5,98.1311833731392
2022-07-11 15:00:00,2022-07-11 15:00:00,-20.87,83.1,0.019,64.18,0.888,0.175,311.9,1.958,,,,251.0292,343.74,63.35,65.73,100.0
2022-07-11 16:00:00,2022-07-11 16:00:00,-20.09,86.5,0.005,70.84,0.888,0.154,321.0,1.203,,,,247.2238,343.865,64.88,66.35,100.0
2022-07-11 17:00:00,2022-07-11 17:00:00,-20.2,83.1,0.002,25.09,0.614,0.138,324.4,1.145,,,,243.2592,343.9,63.41,64.86,100.0
2022-07-11 18:00:00,2022-07-11 18:00:00,-20.7,79.32,,,,0.163,344.1,1.61,,,,239.9908,343.665,61.66,64.78,96.95473610532171
2022-07-11 19:00:00,2022-07-11 19:00:00,-21.05,64.28,0.007,81.4,1.299,0.199,341.4,1.9,,,,239.0194,343.4033,54.36,59.04,78.83412744011194
2022-07-11 20:00:00,2022-07-11 20:00:00,-21.12,55.11,0.055,81.5,1.436,0.283,334.2,3.935,,,,236.0697,343.045,49.54,54.16,67.63306534444561
2022-07-11 21:00:00,2022-07-11 21:00:00,-21.37,42.27,0.006,61.71,0.751,0.138,355.3,1.377,,,,234.1034,342.89,41.5,51.45,51.99925785202733
2022-07-11 22:00:00,2022-07-11 22:00:00,-20.99,37.82,0.003,57.7,0.614,0.065,149.8,1.086,,,,232.4203,342.725,38.68,43.71,46.356547534576166
2022-07-11 23:00:00,2022-07-11 23:00:00,-22.1,44.09,,,,0.04,190.4,0.273,,,,234.0043,342.685,42.92,45.63,54.616891470743674
2022-07-12 00:00:00,2022-07-12 00:00:00,-21.93,46.53,,,,0.041,187.7,0.331,,,,233.6609,342.8083,44.49,46.63,57.54620678767013
2022-07-12 01:00:00,2022-07-12 01:00:00,-20.98,48.73,0.002,347.8,0.614,0.05,203.7,0.97,,,,229.8324,342.9217,,,59.72339592887741
2022-07-12 02:00:00,2022-07-12 02:00:00,-19.23,47.59,0.023,171.3,1.71,0.094,207.8,1.784,,,,232.9347,342.995,45.22,50.29,57.3574901622564
2022-07-12 03:00:00,2022-07-12 03:00:00,-14.29,35.58,0.001,90.8,0.477,0.126,222.3,1.726,,,,233.5709,343.1316,37.63,42.17,40.889230948126546
2022-07-12 04:00:00,2022-07-12 04:00:00,-12.16,34.46,0.001,264.7,0.614,0.201,222.4,1.9,,,,235.3846,343.3667,36.97,42.04,38.793216547733294
2022-07-12 05:00:00,2022-07-12 05:00:00,-9.85,34.14,0.072,338.3,6.368,0.259,221.8,3.819,,,,238.0391,343.5017,36.83,43.58,37.58024783147141
2022-07-12 06:00:00,2022-07-12 06:00:00,-9.05,41.07,0.009,64.2,1.573,0.354,234.9,3.528,,,,241.0861,343.47,41.22,57.99,44.85814859343072
2022-07-12 07:00:00,2022-07-12 07:00:00,-8.67,53.7,,,,0.31,242.2,1.958,,,,238.5513,343.3883,50.03,56.27,58.4366003238693
2022-07-12 08:00:00,2022-07-12 08:00:00,-6.263,51.69,0.068,237.6,3.08,0.541,242.4,3.528,,,,242.9509,343.195,49.01,61.0,54.94592786748829
2022-07-12 09:00:00,2022-07-12 09:00:00,-6.363,52.39,0.098,243.7,5.135,0.406,237.8,5.098,,,,247.7625,343.1283,49.38,61.92,55.7443226103838
2022-07-12 10:00:00,2022-07-12 10:00:00,-6.352,50.62,0.131,204.5,5.135,0.529,239.0,4.516,,,,257.1613,343.0483,48.47,55.47,53.85522276388966
2022-07-12 11:00:00,2022-07-12 11:00:00,-9.1,55.35,0.538,215.1,6.368,0.759,232.4,7.539,,,,260.0498,342.9733,50.86,58.56,60.48470234066582
2022-07-12 12:00:00,2022-07-12 12:00:00,-8.28,46.97,,,,0.11,249.2,1.377,,,,261.3253,343.0483,45.91,58.24,50.91931064272472
2022-07-12 13:00:00,2022-07-12 13:00:00,-13.29,55.78,,,,0.095,232.9,2.423,,,,261.8808,343.1,50.75,57.44,63.48583364419215
2022-07-12 14:00:00,2022-07-12 14:00:00,-19.1,65.04,,,,0.051,222.1,0.621,,,,258.739,343.2333,55.02,58.42,78.29129599008962
2022-07-12 15:00:00,2022-07-12 15:00:00,-21.0,73.03,0.012,59.25,1.299,0.172,292.8,2.365,,,,253.043,343.415,58.77,61.12,89.52252756542421
2022-07-12 16:00:00,2022-07-12 16:00:00,-21.38,71.39,,,,0.047,266.8,0.505,,,,250.0297,343.5416,57.93,60.84,87.83016835606837
2022-07-12 17:00:00,2022-07-12 17:00:00,-21.31,71.23,,,,0.062,247.0,1.086,,,,247.6904,343.4666,57.85,61.35,87.57481022588556
2022-07-12 18:00:00,2022-07-12 18:00:00,-21.3,70.94,0.015,72.13,1.71,0.113,266.8,3.237,,,,245.6318,343.2267,57.71,60.48,87.20994276794721
2022-07-12 19:00:00,2022-07-12 19:00:00,-21.13,76.29,,,,0.108,262.9,1.377,,,,243.4815,342.965,60.28,63.42,93.63489706406354
2022-07-12 20:00:00,2022-07-12 20:00:00,-20.87,81.7,0.043,8.9,2.121,0.161,275.3,2.075,,,,240.4044,342.58,62.8,66.42,100.0
2022-07-12 21:00:00,2022-07-12 21:00:00,-20.95,86.5,0.097,229.3,3.628,0.166,211.0,2.017,,,,240.6298,342.2216,64.95,66.36,100.0
2022-07-12 22:00:00,2022-07-12 22:00:00,-21.04,83.7,0.153,222.1,6.916,0.14,206.0,4.574,,,,239.9331,341.9366,63.75,65.16,100.0
2022-07-12 23:00:00,2022-07-12 23:00:00,-21.94,81.8,0.005,227.8,0.751,0.07,186.2,2.017,,,,238.7543,341.8633,62.79,65.02,100.0
2022-07-13 00:00:00,2022-07-13 00:00:00,-21.95,81.4,,,,0.044,131.9,0.679,,,,237.7303,342.0083,62.61,63.77,100.0
2022-07-13 01:00:00,2022-07-13 01:00:00,-21.04,81.3,,,,0.047,101.8,0.738,,,,237.0516,342.2,62.65,63.55,99.69823553880308
2022-07-13 02:00:00,2022-07-13 02:00:00,-19.06,85.2,0.004,61.11,0.614,0.061,224.4,1.319,,,,236.5636,342.4366,64.62,69.44,100.0
2022-07-13 03:00:00,2022-07-13 03:00:00,-15.36,64.88,0.011,40.18,0.751,0.19,218.2,1.551,,,,236.7826,342.5333,55.37,63.27,75.33662938947136
2022-07-13 04:00:00,2022-07-13 04:00:00,-13.54,54.58,0.04,237.3,1.436,0.2,236.5,1.784,,,,238.2007,342.715,50.11,55.35,62.27067163211632
2022-07-13 05:00:00,2022-07-13 05:00:00,-13.49,59.81,0.001,80.2,0.477,0.208,256.3,1.668,,,,240.5765,342.85,52.98,59.78,68.20457518054768
2022-07-13 06:00:00,2022-07-13 06:00:00,-13.1,69.08,0.047,81.4,1.71,0.45,271.9,3.121,,,,243.7112,342.7583,57.78,66.71,78.47857794658387
2022-07-13 07:00:00,2022-07-13 07:00:00,-6.079,55.8,0.285,213.4,3.902,0.544,237.9,3.005,,,,246.2732,342.7033,50.72,65.82,59.208536027567774
2022-07-13 08:00:00,2022-07-13 08:00:00,-4.85,48.27,0.291,207.4,6.231,0.656,237.6,4.516,,,,251.2238,342.7766,46.9,57.5,50.60853281045341
2022-07-13 09:00:00,2022-07-13 09:00:00,-5.972,51.41,0.71,230.4,5.957,0.885,231.9,5.156,,,,258.7124,342.65,48.98,56.72,54.49350949918843
2022-07-13 10:00:00,2022-07-13 10:00:00,-5.464,48.23,0.928,224.7,8.83,0.963,230.2,6.783,,,,263.5695,342.4366,47.15,52.79,50.87023213816846
2022-07-13 11:00:00,2022-07-13 11:00:00,-10.5,61.64,0.81,257.1,5.546,0.749,220.7,4.226,,,,265.5741,342.255,54.24,61.7,68.28147550600438
2022-07-13 12:00:00,2022-07-13 12:00:00,-11.32,61.41,0.058,222.8,3.354,0.177,234.2,2.714,,,,265.586,342.2233,54.1,58.58,68.5707377126822
2022-07-13 13:00:00,2022-07-13 13:00:00,-16.5,80.3,0.093,256.5,2.806,0.274,218.8,2.83,,,,262.996,342.2566,62.79,66.45,94.27330927338288
2022-07-13 14:00:00,2022-07-13 14:00:00,-19.37,83.1,,,,0.137,301.1,1.145,,,,258.661,342.3483,63.69,65.28,100.0
2022-07-13 15:00:00,2022-07-13 15:00:00,-19.22,84.1,,233.4,0.477,0.049,229.8,2.017,,,,256.4658,342.4617,64.14,66.37,100.0
2022-07-13 16:00:00,2022-07-13 16:00:00,-20.13,83.5,,,,0.042,310.3,0.331,,,,254.119,342.6017,63.74,65.15,100.0
2022-07-13 17:00:00,2022-07-13 17:00:00,-20.71,82.3,,,,0.042,348.2,0.389,,,,252.6335,342.57,63.1,64.68,100.0
2022-07-13 18:00:00,2022-07-13 18:00:00,-21.04,83.6,0.002,43.63,0.751,0.122,351.8,1.203,,,,249.293,342.3333,63.65,65.38,100.0
2022-07-13 19:00:00,2022-07-13 19:00:00,-21.16,83.0,,,,0.135,350.1,1.028,,,,247.0142,341.9767,63.42,64.28,100.0
2022-07-13 20:00:00,2022-07-13 20:00:00,-21.0,82.7,0.006,77.8,1.299,0.252,348.9,1.842,,,,244.2098,341.6833,63.36,64.32,100.0
2022-07-13 21:00:00,2022-07-13 21:00:00,-21.57,82.1,0.011,80.6,0.751,0.279,354.6,2.365,,,,241.4586,341.48,63.03,63.87,100.0
2022-07-13 22:00:00,2022-07-13 22:00:00,-21.03,82.3,0.026,82.4,1.025,0.308,4.096,2.947,,,,240.6469,341.2917,63.19,63.94,100.0
2022-07-13 23:00:00,2022-07-13 23:00:00,-21.86,81.2,0.031,81.9,1.025,0.275,357.0,1.784,,,,240.1656,341.21,62.61,63.26,100.0
2022-07-14 00:00:00,2022-07-14 00:00:00,-22.45,80.9,0.032,77.29,0.751,0.289,356.3,1.958,,,,237.7884,341.3217,62.37,63.24,100.0
2022-07-14 01:00:00,2022-07-14 01:00:00,-22.62,80.5,,79.28,0.477,0.282,353.9,1.61,,,,238.4674,341.4467,62.21,64.03,100.0
2022-07-14 02:00:00,2022-07-14 02:00:00,-22.45,80.9,0.046,79.91,1.162,0.356,328.4,2.423,,,,237.3191,341.655,62.34,64.35,100.0
2022-07-14 03:00:00,2022-07-14 03:00:00,-21.91,80.2,0.114,83.8,1.573,0.848,321.2,6.551,,,,238.1895,341.84,62.13,63.16,99.16884697929248
2022-07-14 04:00:00,2022-07-14 04:00:00,-19.16,81.6,0.009,121.4,1.436,0.42,289.1,3.063,,,,240.374,341.9833,63.08,65.21,98.28178679010162
2022-07-14 05:00:00,2022-07-14 05:00:00,-18.63,80.2,0.007,94.8,1.162,0.552,289.7,4.109,,,,242.2514,342.0383,62.51,65.44,96.10553091315195
2022-07-14 06:00:00,2022-07-14 06:00:00,-18.27,77.98,0.071,128.6,2.395,0.595,293.6,4.749,,,,244.1455,342.0883,61.54,65.98,93.12268313221921
2022-07-14 07:00:00,2022-07-14 07:00:00,-11.76,68.37,0.249,216.6,5.546,0.514,250.2,4.633,,,,245.316,342.105,57.47,69.02,76.6691077233598
2022-07-14 08:00:00,2022-07-14 08:00:00,-5.798,47.64,0.306,253.7,3.765,0.563,228.6,3.179,,,,249.2199,342.1617,46.66,56.05,50.411812510049806
2022-07-14 09:00:00,2022-07-14 09:00:00,-6.61,49.28,0.555,229.7,5.957,0.726,227.4,5.098,,,,253.6552,342.1,47.72,52.98,52.56156923161281
2022-07-14 10:00:00,2022-07-14 10:00:00,-2.95,40.2,0.131,239.9,3.628,0.562,224.6,4.4,,,,256.8762,342.0116,42.03,48.83,41.3736937236511
2022-07-14 11:00:00,2022-07-14 11:00:00,-6.526,41.81,0.788,227.5,8.15,0.936,222.3,5.737,,,,258.8907,341.9133,42.49,53.2,44.557651354226415
2022-07-14 12:00:00,2022-07-14 12:00:00,-13.57,59.25,0.93,235.9,4.861,0.758,211.8,3.935,,,,259.7921,341.95,52.73,58.57,67.61834769377167
2022-07-14 13:00:00,2022-07-14 13:00:00,-18.74,75.45,0.894,225.4,6.094,0.751,211.6,5.039,,,,258.9695,341.94,60.06,65.08,90.50902927809581
2022-07-14 14:00:00,2022-07-14 14:00:00,-20.66,82.9,,,,0.057,226.4,1.028,,,,256.0427,342.025,63.44,65.51,100.0
2022-07-14 15:00:00,2022-07-14 15:00:00,-21.43,83.0,0.013,150.2,1.025,0.112,238.3,0.738,,,,252.6829,342.2267,63.39,65.48,100.0
2022-07-14 16:00:00,2022-07-14 16:00:00,-20.23,84.2,0.008,132.3,1.025,0.121,270.3,1.435,,,,250.6755,342.4083,64.04,64.98,100.0
2022-07-14 17:00:00,2022-07-14 17:00:00,-19.19,83.2,,,,0.066,203.7,0.854,,,,250.2043,342.54,63.73,64.52,100.0
2022-07-14 18:00:00,2022-07-14 18:00:00,-20.07,82.2,,,,0.053,201.2,0.738,,,,249.8909,342.4066,63.16,64.01,99.87143870800031
2022-07-14 19:00:00,2022-07-14 19:00:00,-20.08,82.3,,,,0.058,228.6,1.261,,,,248.5404,342.02,63.27,63.59,100.0
2022-07-14 20:00:00,2022-07-14 20:00:00,-20.58,82.2,,,,0.062,284.9,1.028,,,,247.1412,341.81,63.19,63.81,100.0
2022-07-14 21:00:00,2022-07-14 21:00:00,-21.57,81.6,,,,0.065,298.4,1.086,,,,246.0346,341.64,62.77,64.02,100.0
2022-07-14 22:00:00,2022-07-14 22:00:00,-23.53,79.93,,,,0.159,322.1,1.9,,,,244.7124,341.4033,61.81,63.39,100.0
2022-07-14 23:00:00,2022-07-14 23:00:00,-24.52,78.69,0.145,102.8,1.436,0.306,318.6,3.528,,,,243.2627,341.315,61.13,62.21,99.74255449558918
2022-07-15 00:00:00,2022-07-15 00:00:00,-23.3,80.9,0.131,111.6,2.121,0.258,310.3,2.83,,,,242.4821,341.2917,62.26,63.66,100.0
2022-07-15 01:00:00,2022-07-15 01:00:00,-22.94,80.8,0.023,73.99,1.71,0.136,343.4,1.842,,,,238.3264,341.5333,,,100.0
2022-07-15 02:00:00,2022-07-15 02:00:00,-23.08,80.2,,,,0.109,281.6,1.145,,,,241.3663,341.8167,61.94,65.09,100.0
2022-07-15 03:00:00,2022-07-15 03:00:00,-21.97,79.96,0.099,98.8,3.354,0.361,279.0,4.691,,,,241.0191,342.05,61.98,63.96,98.92861513073714
2022-07-15 04:00:00,2022-07-15 04:00:00,-18.0,79.63,0.032,252.2,1.847,0.217,245.5,1.958,,,,241.4146,342.3933,62.29,66.72,94.84663372907822
2022-07-15 05:00:00,2022-07-15 05:00:00,-19.28,61.52,0.221,92.5,4.587,0.88,298.4,5.446,,,,242.1005,342.5399,53.27,63.57,74.18207615195814
2022-07-15 06:00:00,2022-07-15 06:00:00,-18.16,53.76,2.199,223.1,15.14,1.509,241.9,14.92,,,,242.8753,342.58,49.09,57.04,64.13165056757103
2022-07-15 07:00:00,2022-07-15 07:00:00,-13.36,37.88,2.099,227.8,6.916,1.458,220.2,5.446,,,,244.6079,342.7433,39.33,48.76,43.14225070615186
2022-07-15 08:00:00,2022-07-15 08:00:00,-13.8,34.23,2.499,227.0,6.642,1.79,211.3,5.214,,,,248.2503,342.8133,36.64,41.9,39.15167238912081
2022-07-15 09:00:00,2022-07-15 09:00:00,-14.18,47.2,1.844,197.3,5.683,1.946,235.7,4.109,,,,252.8255,342.84,45.56,54.2,54.18546012621251
2022-07-15 10:00:00,2022-07-15 10:00:00,-15.01,52.78,3.027,180.4,5.957,2.254,253.9,4.574,,,,257.4897,342.8016,48.76,59.94,61.07958416952801
2022-07-15 11:00:00,2022-07-15 11:00:00,-14.24,51.18,1.18,165.6,4.039,1.443,253.8,3.702,,,,259.517,342.81,47.94,59.32,58.78860891539233
2022-07-15 12:00:00,2022-07-15 12:00:00,-14.29,65.59,1.687,173.7,4.861,1.483,250.5,4.4,,,,261.0078,342.9383,55.88,62.8,75.37730910308096
2022-07-15 13:00:00,2022-07-15 13:00:00,-14.53,54.72,1.015,180.8,4.176,0.992,248.7,3.179,,,,261.7086,343.145,49.67,59.51,63.03145603661811
2022-07-15 14:00:00,2022-07-15 14:00:00,-18.93,23.8,,,,0.056,302.8,1.261,,,,257.7601,343.3183,26.52,42.28,28.60234109804607
2022-07-15 15:00:00,2022-07-15 15:00:00,-20.55,18.84,,,,0.07,325.5,0.97,,,,249.8653,343.4683,21.16,26.17,22.995588220457556
2022-07-15 16:00:00,2022-07-15 16:00:00,-21.42,36.24,0.259,84.8,3.765,0.351,281.8,4.167,,,,244.6355,343.5083,37.05,43.79,44.602608136914164
2022-07-15 17:00:00,2022-07-15 17:00:00,-21.73,34.28,0.041,87.0,2.943,0.197,284.2,3.528,,,,242.6793,343.4117,35.97,41.82,42.31523199654291
2022-07-15 18:00:00,2022-07-15 18:00:00,-22.37,35.48,,,,0.084,305.5,1.086,,,,241.5625,343.1533,36.82,41.69,44.06428462841211
2022-07-15 19:00:00,2022-07-15 19:00:00,-22.56,45.82,,,,0.122,326.5,0.912,,,,238.8174,342.8783,43.93,50.81,57.008970828608284
2022-07-15 20:00:00,2022-07-15 20:00:00,-23.07,73.71,,,,0.096,307.5,1.086,,,,238.519,342.6766,58.78,62.43,92.15514363309947
2022-07-15 21:00:00,2022-07-15 21:00:00,-22.53,78.19,2.227,209.7,6.505,0.984,264.6,4.691,,,,237.6381,342.4967,61.04,63.45,97.25577716407447
2022-07-15 22:00:00,2022-07-15 22:00:00,-22.77,84.1,0.595,218.4,6.779,0.384,306.3,4.923,,,,236.9321,342.2733,63.65,65.8,100.0
2022-07-15 23:00:00,2022-07-15 23:00:00,-22.09,72.95,1.675,331.9,4.998,0.612,125.8,4.226,,,,235.4359,342.305,58.63,64.08,90.35887566225126
2022-07-16 00:00:00,2022-07-16 00:00:00,-21.5,62.26,3.008,294.4,7.464,1.064,152.4,5.156,,,,234.3932,342.315,53.49,55.3,76.68538392358752
2022-07-16 01:00:00,2022-07-16 01:00:00,-22.23,61.14,1.053,209.3,6.916,0.549,280.7,4.691,,,,235.4892,342.4417,52.82,54.62,75.83153754671795
2022-07-16 02:00:00,2022-07-16 02:00:00,-21.5,63.01,0.831,207.6,5.546,0.637,261.9,5.214,,,,235.6658,342.73,53.83,57.7,77.60915581473256
2022-07-16 03:00:00,2022-07-16 03:00:00,-20.71,70.96,1.256,215.8,8.42,1.261,297.1,7.307,,,,234.334,343.0516,57.85,61.6,86.7443975355978
2022-07-16 04:00:00,2022-07-16 04:00:00,-17.76,66.28,3.32,218.5,8.56,2.009,216.7,6.609,,,,237.1662,343.3766,55.9,58.1,78.76356801162284
2022-07-16 05:00:00,2022-07-16 05:00:00,-16.39,55.61,4.179,227.3,8.97,2.604,209.1,7.074,,,,238.8943,343.5433,50.38,53.03,65.21770033787851
2022-07-16 06:00:00,2022-07-16 06:00:00,-15.31,53.18,3.178,247.2,7.738,2.329,196.5,6.26,,,,242.1263,343.7483,49.09,51.65,61.72113705566483
2022-07-16 07:00:00,2022-07-16 07:00:00,-14.92,58.62,3.247,227.1,8.29,2.512,210.7,6.493,,,,246.6083,343.795,52.16,57.07,67.77893126734334
2022-07-16 08:00:00,2022-07-16 08:00:00,-12.35,65.29,1.847,233.6,6.916,1.543,211.8,7.19,,,,252.0381,343.7867,55.86,64.35,73.63556456975252
2022-07-16 09:00:00,2022-07-16 09:00:00,-12.64,69.11,1.753,203.8,5.546,1.72,218.6,4.4,,,,257.1301,343.7966,57.68,65.34,78.16335970242869
2022-07-16 10:00:00,2022-07-16 10:00:00,-12.76,64.63,0.116,233.3,4.039,0.693,210.6,4.516,,,,260.5099,343.7933,55.51,61.38,73.18157519519809
2022-07-16 11:00:00,2022-07-16 11:00:00,-11.97,55.16,0.093,198.7,2.258,0.388,206.2,2.307,,,,261.2933,343.7733,50.52,56.85,61.9817975009524
2022-07-16 12:00:00,2022-07-16 12:00:00,-12.56,61.27,0.728,165.4,4.724,1.004,247.4,3.702,,,,262.7441,343.8317,53.57,65.25,69.2425920913561
2022-07-16 13:00:00,2022-07-16 13:00:00,-13.81,70.27,0.729,160.6,3.902,0.621,227.4,2.889,,,,263.0072,344.0717,58.24,62.64,80.38137270821224
2022-07-16 14:00:00,2022-07-16 14:00:00,-18.57,75.34,,,,0.043,247.1,0.331,,,,260.4287,344.275,59.94,64.55,90.2296791835063
2022-07-16 15:00:00,2022-07-16 15:00:00,-20.42,82.7,0.108,178.7,3.354,0.101,285.2,2.83,,,,256.1584,344.4967,63.15,66.02,100.0
2022-07-16 16:00:00,2022-07-16 16:00:00,-19.27,84.7,0.816,237.2,4.176,0.374,221.1,4.342,,,,254.0821,344.6617,64.17,66.15,100.0
2022-07-16 17:00:00,2022-07-16 17:00:00,-19.26,85.0,0.748,331.5,4.039,0.824,114.1,3.993,,,,251.5335,344.665,64.31,65.5,100.0
2022-07-16 18:00:00,2022-07-16 18:00:00,-19.67,83.3,0.079,228.0,3.902,0.172,313.6,3.005,,,,249.8834,344.5516,63.52,64.17,100.0
2022-07-16 19:00:00,2022-07-16 19:00:00,-19.75,83.0,0.024,347.2,1.025,0.381,214.9,1.493,,,,248.7423,344.3116,63.41,64.54,100.0
2022-07-16 20:00:00,2022-07-16 20:00:00,-19.94,82.8,,,,0.04,99.2,0.098,,,,246.8592,344.0433,63.33,64.7,100.0
2022-07-16 21:00:00,2022-07-16 21:00:00,-20.23,83.4,0.059,86.5,2.258,0.325,8.12,3.295,,,,242.8227,343.8283,63.58,64.88,100.0
2022-07-16 22:00:00,2022-07-16 22:00:00,-20.25,83.0,0.058,74.18,1.573,0.186,357.3,2.423,,,,242.2656,343.7517,63.41,64.31,100.0
2022-07-16 23:00:00,2022-07-16 23:00:00,-21.33,81.1,0.251,210.6,5.957,0.168,181.0,3.644,,,,242.2686,343.6433,62.44,63.45,99.72866327280538
2022-07-17 00:00:00,2022-07-17 00:00:00,-22.58,80.2,0.033,114.3,1.299,0.129,266.3,1.9,,,,242.0255,343.5866,61.88,62.88,99.8033438292242
2022-07-17 01:00:00,2022-07-17 01:00:00,-21.35,80.7,0.38,84.8,2.806,0.73,334.6,5.446,,,,238.299,343.8966,62.23,63.17,99.25572305518017
2022-07-17 02:00:00,2022-07-17 02:00:00,-19.02,84.7,0.007,218.1,0.614,0.115,224.5,1.9,,,,239.4682,344.2183,64.22,67.89,100.0
2022-07-17 03:00:00,2022-07-17 03:00:00,-19.06,75.3,0.237,101.7,4.039,0.481,272.7,4.633,,,,239.2713,344.4366,59.95,66.8,90.60690261715519
2022-07-17 04:00:00,2022-07-17 04:00:00,-11.91,34.9,0.001,303.0,0.614,0.122,221.4,1.9,,,,240.9212,344.63,36.77,50.65,39.19335824352015
2022-07-17 05:00:00,2022-07-17 05:00:00,-11.74,26.58,0.127,172.0,4.45,0.344,232.7,5.098,,,,243.055,344.7666,29.79,37.97,29.80063386283342
2022-07-17 06:00:00,2022-07-17 06:00:00,-6.981,24.36,,,,0.092,240.4,3.237,,,,246.4284,344.7017,28.14,39.02,26.076233226395537
2022-07-17 07:00:00,2022-07-17 07:00:00,-10.88,50.58,0.422,215.7,6.642,0.544,241.1,5.214,,,,248.2001,344.5767,47.68,56.94,56.23705908439019
2022-07-17 08:00:00,2022-07-17 08:00:00,-9.46,61.2,0.26,250.4,4.039,0.624,234.2,3.877,,,,251.3527,344.5183,53.97,61.15,67.11202143471594
2022-07-17 09:00:00,2022-07-17 09:00:00,-7.223,52.96,0.479,225.9,3.765,0.916,215.9,3.354,,,,254.9621,344.545,49.51,57.97,56.82500080425618
2022-07-17 10:00:00,2022-07-17 10:00:00,-9.47,60.45,0.311,226.8,4.45,0.638,225.2,5.098,,,,259.9947,344.625,53.66,60.12,66.29601838599457
2022-07-17 11:00:00,2022-07-17 11:00:00,-9.05,51.45,0.688,245.9,5.957,0.854,216.9,4.342,,,,261.1916,344.655,48.39,59.74,56.19556233581716
2022-07-17 12:00:00,2022-07-17 12:00:00,-11.0,57.67,0.431,222.9,7.053,0.658,220.9,5.214,,,,261.1436,344.6316,51.89,59.82,64.19481866157858
2022-07-17 13:00:00,2022-07-17 13:00:00,-11.01,55.18,0.023,234.8,1.984,0.321,224.6,3.295,,,,260.6696,344.7083,50.48,59.05,61.429065107481065
2022-07-17 14:00:00,2022-07-17 14:00:00,-19.23,71.84,,,,0.041,231.5,0.331,,,,259.2024,344.8533,58.28,61.55,86.58462057693842
2022-07-17 15:00:00,2022-07-17 15:00:00,-21.45,81.0,0.277,81.6,4.313,0.307,225.8,4.691,,,,256.2856,344.9983,62.19,64.74,99.71979406334555
2022-07-17 16:00:00,2022-07-17 16:00:00,-20.17,67.51,0.213,219.2,5.135,0.306,254.6,3.528,,,,251.6625,345.185,56.04,60.56,82.10190383690575
2022-07-17 17:00:00,2022-07-17 17:00:00,-21.47,74.63,0.033,243.3,2.258,0.054,216.7,1.377,,,,251.5559,345.185,59.28,63.07,91.89516231646388
2022-07-17 18:00:00,2022-07-17 18:00:00,-21.57,78.16,0.028,83.5,1.847,0.142,226.9,2.423,,,,250.1891,344.895,60.88,66.39,96.33363804935193
2022-07-17 19:00:00,2022-07-17 19:00:00,-20.09,85.5,0.489,83.8,3.628,0.678,311.0,4.574,,,,248.055,344.525,64.4,67.39,100.0
2022-07-17 20:00:00,2022-07-17 20:00:00,-21.65,78.93,0.289,87.9,3.354,0.341,264.4,4.807,,,,245.0965,344.3083,61.34,63.6,97.35691402778848
2022-07-17 21:00:00,2022-07-17 21:00:00,-22.3,77.02,,,,0.04,170.1,0.04,,,,244.9254,344.0717,60.41,62.42,95.59106758327306
2022-07-17 22:00:00,2022-07-17 22:00:00,-21.84,80.8,0.005,82.6,0.614,0.056,215.6,0.854,,,,244.3869,343.7816,62.21,63.73,99.84414054028797
2022-07-17 23:00:00,2022-07-17 23:00:00,-21.33,76.4,0.096,84.9,2.258,0.114,288.4,2.482,,,,243.2735,343.6266,60.3,62.21,93.94907366266747
2022-07-18 00:00:00,2022-07-18 00:00:00,-20.61,78.47,0.773,108.3,4.176,0.551,278.5,5.563,,,,241.6747,343.545,61.33,63.28,95.83328688818176
2022-07-18 01:00:00,2022-07-18 01:00:00,-21.23,85.0,0.022,203.8,1.71,0.071,212.9,1.668,,,,239.0394,343.6333,,,100.0
2022-07-18 02:00:00,2022-07-18 02:00:00,-18.49,88.1,,203.5,0.477,0.058,224.2,1.261,,,,242.2543,343.955,65.8,69.52,100.0
2022-07-18 03:00:00,2022-07-18 03:00:00,-14.52,80.9,0.511,204.6,2.943,0.452,227.0,3.47,,,,242.4638,344.085,63.14,67.79,93.17894070550817
2022-07-18 04:00:00,2022-07-18 04:00:00,-9.25,58.09,0.09,313.0,3.08,0.186,231.3,4.574,,,,243.3617,344.3,52.47,58.22,63.5715924981528
2022-07-18 05:00:00,2022-07-18 05:00:00,-6.65,52.81,0.175,120.6,3.491,0.38,230.6,2.133,,,,245.5367,344.485,49.52,57.69,56.348592391878945
2022-07-18 06:00:00,2022-07-18 06:00:00,-6.611,53.01,0.039,214.6,2.258,0.398,241.1,2.482,,,,248.6571,344.5316,49.8,58.95,56.54050195963565
2022-07-18 07:00:00,2022-07-18 07:00:00,-7.981,60.92,0.123,191.8,2.806,0.492,241.1,2.83,,,,251.7447,344.5033,54.11,59.72,65.8502690007552
2022-07-18 08:00:00,2022-07-18 08:00:00,-10.14,75.07,1.093,161.3,4.724,1.211,249.2,3.877,,,,254.969,344.3617,60.96,68.19,82.86803589848253
2022-07-18 09:00:00,2022-07-18 09:00:00,-12.44,84.1,2.088,155.5,6.368,1.774,261.9,5.039,,,,258.299,344.2183,64.9,68.11,94.93274522148644
2022-07-18 10:00:00,2022-07-18 10:00:00,-14.6,83.3,0.35,141.3,4.039,1.093,285.1,3.644,,,,260.0204,344.1366,64.25,65.55,96.01747024150261
2022-07-18 11:00:00,2022-07-18 11:00:00,-12.92,85.8,0.815,145.1,4.176,0.636,257.4,3.586,,,,260.2075,343.9933,65.6,67.99,97.30350080991437
2022-07-18 12:00:00,2022-07-18 12:00:00,-13.01,83.1,1.738,167.8,5.409,1.331,256.3,5.214,,,,260.8238,343.9483,64.4,65.9,94.32374425313948
2022-07-18 13:00:00,2022-07-18 13:00:00,-15.85,84.7,1.362,138.4,4.861,0.882,256.5,3.644,,,,259.8905,343.9683,64.71,65.72,98.81741893164177
2022-07-18 14:00:00,2022-07-18 14:00:00,-16.22,84.9,1.954,134.1,5.546,1.59,285.0,4.923,,,,259.3456,344.1283,64.74,65.44,99.40500109911738
2022-07-18 15:00:00,2022-07-18 15:00:00,-17.2,84.9,1.73,146.6,6.368,1.306,268.7,6.609,,,,257.8282,344.27,64.58,65.34,100.0
2022-07-18 16:00:00,2022-07-18 16:00:00,-17.11,84.9,0.258,74.96,4.176,0.321,252.6,4.284,,,,257.0358,344.355,64.59,65.2,100.0
2022-07-18 17:00:00,2022-07-18 17:00:00,-17.2,84.3,0.223,53.95,3.902,0.412,247.1,4.807,,,,256.3375,344.325,64.32,65.21,99.63912280675235
2022-07-18 18:00:00,2022-07-18 18:00:00,-17.95,84.1,0.188,95.5,1.984,0.468,295.2,4.516,,,,255.1094,343.99,64.16,64.77,100.0
2022-07-18 19:00:00,2022-07-18 19:00:00,-18.17,84.1,0.677,101.2,4.039,0.751,301.9,5.156,,,,253.4878,343.6383,64.15,64.9,100.0
2022-07-18 20:00:00,2022-07-18 20:00:00,-17.29,84.9,0.92,104.2,4.587,1.519,314.6,7.423,,,,252.4553,343.4233,64.64,66.18,100.0
2022-07-18 21:00:00,2022-07-18 21:00:00,-17.93,83.7,0.294,105.7,5.135,0.483,241.9,5.156,,,,251.7954,343.1533,64.05,64.83,99.6273017414157
2022-07-18 22:00:00,2022-07-18 22:00:00,-18.32,83.9,,,,0.061,237.0,1.435,,,,251.415,342.955,64.1,64.66,100.0
2022-07-18 23:00:00,2022-07-18 23:00:00,-20.02,81.4,0.075,90.6,2.258,0.186,281.1,3.354,,,,250.8367,342.7417,62.81,63.98,98.85213226107074
2022-07-19 00:00:00,2022-07-19 00:00:00,-20.15,82.1,0.454,83.9,3.902,0.491,310.2,5.214,,,,250.2146,342.7633,63.1,63.64,99.82634230422957
2022-07-19 01:00:00,2022-07-19 01:00:00,-21.34,81.2,0.003,98.3,0.614,0.043,249.1,1.086,,,,250.267,343.0316,62.51,63.31,99.86116147934699
2022-07-19 02:00:00,2022-07-19 02:00:00,-20.2,84.6,,97.9,0.477,0.042,247.0,0.621,,,,250.1525,343.175,64.13,67.1,100.0
2022-07-19 03:00:00,2022-07-19 03:00:00,-16.04,87.8,0.041,62.38,2.532,0.101,273.2,2.83,,,,249.9296,343.305,66.08,68.38,100.0
2022-07-19 04:00:00,2022-07-19 04:00:00,-15.15,85.9,0.328,343.5,4.861,0.328,299.9,6.086,,,,250.0638,343.4467,65.4,67.59,99.54223989190719
2022-07-19 05:00:00,2022-07-19 05:00:00,-9.5,91.1,0.449,247.6,3.491,0.326,237.9,3.702,,,,250.6806,343.5633,68.39,70.69,99.93928669786567
2022-07-19 06:00:00,2022-07-19 06:00:00,-6.732,89.1,0.014,242.4,1.162,0.378,253.3,1.726,,,,252.3037,343.6,67.94,70.24,95.14623843659128
2022-07-19 07:00:00,2022-07-19 07:00:00,-7.627,84.9,0.176,144.5,4.861,0.875,256.1,3.877,,,,254.2472,343.4767,65.97,68.19,91.45515301640201
2022-07-19 08:00:00,2022-07-19 08:00:00,-7.584,84.5,0.1,158.9,2.532,1.253,250.4,3.702,,,,256.5323,343.395,65.8,68.89,90.98615617981781
2022-07-19 09:00:00,2022-07-19 09:00:00,-8.29,84.1,1.689,170.0,5.272,1.51,246.0,4.051,,,,258.0009,343.2683,65.55,68.53,91.18013501136684
2022-07-19 10:00:00,2022-07-19 10:00:00,-7.968,85.6,0.151,169.0,3.628,0.726,237.0,3.063,,,,259.0485,343.0417,66.27,68.14,92.51591500910233
2022-07-19 11:00:00,2022-07-19 11:00:00,-11.93,81.6,0.264,174.7,3.08,0.852,258.1,2.656,,,,259.3226,342.8733,63.97,66.22,91.6561260192729
2022-07-19 12:00:00,2022-07-19 12:00:00,-13.93,81.2,3.022,160.1,5.546,2.132,258.7,4.109,,,,258.7419,342.8733,63.52,64.19,92.99208897352872
2022-07-19 13:00:00,2022-07-19 13:00:00,-13.98,82.6,2.767,170.2,4.724,1.621,254.2,3.47,,,,258.3118,343.055,64.12,64.64,94.64119375714574
2022-07-19 14:00:00,2022-07-19 14:00:00,-14.23,83.8,2.217,156.8,4.998,1.901,266.5,3.702,,,,257.9441,343.21,64.6,65.14,96.24870609427913
2022-07-19 15:00:00,2022-07-19 15:00:00,-14.58,83.8,3.306,147.0,5.409,2.086,275.7,3.935,,,,257.4851,343.3583,64.53,65.24,96.57512472819404
2022-07-19 16:00:00,2022-07-19 16:00:00,-15.27,83.7,0.502,150.3,4.176,0.496,276.7,3.063,,,,257.4037,343.4783,64.39,64.88,97.10536476376453
2022-07-19 17:00:00,2022-07-19 17:00:00,-16.29,83.2,0.781,140.5,4.861,0.896,318.1,4.458,,,,257.3102,343.5116,64.03,64.66,97.4803521323167
2022-07-19 18:00:00,2022-07-19 18:00:00,-16.15,82.8,3.855,141.0,4.861,2.861,286.0,4.226,,,,256.5262,343.3083,63.9,64.48,96.88078008468302
2022-07-19 19:00:00,2022-07-19 19:00:00,-16.61,82.4,4.632,153.8,6.231,3.587,276.1,5.679,,,,255.8746,342.995,63.69,64.08,96.8413759419902
2022-07-19 20:00:00,2022-07-19 20:00:00,-17.25,82.2,4.458,149.3,5.957,3.632,282.1,5.214,,,,255.0632,342.6917,63.53,63.91,97.20379430431025
2022-07-19 21:00:00,2022-07-19 21:00:00,-17.77,81.7,5.649,152.4,6.505,4.712,281.1,5.679,,,,254.0416,342.37,63.28,63.79,97.09720111010934
2022-07-19 22:00:00,2022-07-19 22:00:00,-18.35,81.3,6.703,146.1,9.52,6.025,285.5,10.04,,,,252.9982,342.1633,63.05,63.52,97.16203821663969
2022-07-19 23:00:00,2022-07-19 23:00:00,-18.44,83.5,8.05,153.2,9.38,6.716,280.0,8.47,,,,251.6638,342.1683,63.98,64.74,99.87758441519746
2022-07-20 00:00:00,2022-07-20 00:00:00,-18.37,83.6,6.518,146.9,8.29,5.296,283.9,7.249,,,,250.8903,342.2867,64.03,64.45,99.92997879966546
2022-07-20 01:00:00,2022-07-20 01:00:00,-17.94,83.5,4.786,152.6,6.916,3.646,278.8,6.144,,,,250.539,342.48,64.05,64.43,99.39880077028623
2022-07-20 02:00:00,2022-07-20 02:00:00,-17.04,84.1,3.421,162.8,6.642,2.203,265.9,4.749,,,,250.7632,342.7017,64.41,66.24,99.24968399433523
2022-07-20 03:00:00,2022-07-20 03:00:00,-15.63,85.1,4.448,169.4,6.642,2.7,259.2,4.633,,,,251.4062,342.96,65.03,65.74,99.07345671660094
2022-07-20 04:00:00,2022-07-20 04:00:00,-15.53,83.5,2.88,150.2,6.642,2.15,272.0,4.691,,,,252.1693,343.2317,64.3,65.28,97.11691469748712
2022-07-20 05:00:00,2022-07-20 05:00:00,-13.42,87.1,3.173,179.3,5.135,2.373,251.9,4.342,,,,253.18,343.3083,66.16,67.06,99.25751536994483
2022-07-20 06:00:00,2022-07-20 06:00:00,-11.23,89.1,3.692,184.3,7.053,2.712,248.0,5.505,,,,254.6587,343.3066,67.32,68.01,99.402628790218
2022-07-20 07:00:00,2022-07-20 07:00:00,-9.13,90.0,3.373,179.5,6.642,2.528,252.9,5.098,,,,256.2135,343.2367,68.03,68.87,98.37782035814767
2022-07-20 08:00:00,2022-07-20 08:00:00,-7.423,90.7,4.34,178.0,8.01,3.139,254.4,6.086,,,,258.5781,343.1133,68.58,69.64,97.50903494230161
2022-07-20 09:00:00,2022-07-20 09:00:00,-7.968,89.0,9.1,171.4,11.16,6.56,259.9,8.41,,,,262.7534,342.9767,67.74,69.42,96.19061256787509
2022-07-20 10:00:00,2022-07-20 10:00:00,-10.14,87.1,10.39,170.0,12.4,7.112,260.8,8.53,,,,266.9095,342.7766,66.65,68.65,96.14767452721232
2022-07-20 11:00:00,2022-07-20 11:00:00,-12.74,84.3,12.09,167.8,15.27,8.45,263.2,11.26,,,,268.485,342.5333,65.08,67.27,95.43572235857272
2022-07-20 12:00:00,2022-07-20 12:00:00,-13.81,85.1,11.38,168.6,15.14,7.703,261.7,10.85,,,,265.0484,342.575,65.31,66.36,97.34530834593512
2022-07-20 13:00:00,2022-07-20 13:00:00,-14.23,84.8,7.242,170.4,12.4,5.587,257.6,8.76,,,,262.9727,342.82,65.11,66.69,97.39725867296981
2022-07-20 14:00:00,2022-07-20 14:00:00,-15.62,83.8,,170.3,0.477,5.624,263.4,7.772,,,,261.2359,343.02,64.43,65.69,97.55057690726902
2022-07-20 15:00:00,2022-07-20 15:00:00,-15.89,84.9,,,,4.269,256.0,5.97,,,,259.2712,343.1466,64.88,65.92,99.08900063725231
2022-07-20 16:00:00,2022-07-20 16:00:00,-16.39,84.0,,,,4.68,261.7,5.911,,,,257.1619,343.2017,64.4,65.26,98.51262054274044
2022-07-20 17:00:00,2022-07-20 17:00:00,-17.12,83.7,,,,4.738,263.7,5.563,,,,254.6755,343.1183,64.17,64.65,98.8537642717938
2022-07-20 18:00:00,2022-07-20 18:00:00,-17.61,83.7,,,,3.676,266.5,4.807,,,,252.6983,343.0717,64.12,64.61,99.32112932439429
2022-07-20 19:00:00,2022-07-20 19:00:00,-17.32,84.3,,,,2.447,260.8,4.167,,,,251.8531,342.8416,64.41,64.84,99.75430636351666
2022-07-20 20:00:00,2022-07-20 20:00:00,-16.91,84.3,,,,0.04,260.1,0.04,,,,251.1008,342.695,64.5,65.01,99.36120617242712
2022-07-20 21:00:00,2022-07-20 21:00:00,-18.05,82.9,,,,0.04,267.9,0.04,,,,249.836,342.5416,63.73,64.48,98.78897838309166
2022-07-20 22:00:00,2022-07-20 22:00:00,-19.23,82.2,,,,0.04,263.7,0.04,,,,249.2,342.4533,63.29,63.8,99.07093278708712
2022-07-20 23:00:00,2022-07-20 23:00:00,-20.14,80.4,,,,0.04,246.2,0.04,,,,249.6882,342.4233,62.36,63.02,97.7499377558447
2022-07-21 00:00:00,2022-07-21 00:00:00,-20.74,80.2,,,,0.04,255.6,0.04,,,,249.5796,342.5783,62.2,62.57,98.0678617045101
2022-07-21 01:00:00,2022-07-21 01:00:00,-20.35,81.3,,,,0.04,254.5,0.04,,,,245.9034,342.925,,,99.04294741427451
2022-07-21 02:00:00,2022-07-21 02:00:00,-19.41,82.7,,,,0.04,247.2,0.04,,,,249.2119,343.11,63.43,64.37,99.84571659745781
2022-07-21 03:00:00,2022-07-21 03:00:00,-17.52,86.1,,,,0.04,237.2,0.04,,,,249.5501,343.2183,65.14,67.22,100.0
2022-07-21 04:00:00,2022-07-21 04:00:00,-13.53,92.8,,,,0.04,236.8,0.04,,,,249.9264,343.3667,68.53,70.32,100.0
2022-07-21 05:00:00,2022-07-21 05:00:00,-7.701,98.4,,,,0.04,230.8,0.098,,,,250.9099,343.5316,71.71,73.97,100.0
2022-07-21 06:00:00,2022-07-21 06:00:00,-4.172,99.1,,,,0.04,232.2,0.04,,,,252.4938,343.655,72.53,72.94,100.0
2022-07-21 07:00:00,2022-07-21 07:00:00,-4.357,98.4,,,,0.04,244.2,0.04,,,,254.4355,343.6883,72.21,72.81,100.0
2022-07-21 08:00:00,2022-07-21 08:00:00,-4.746,98.3,0.013,166.1,0.751,0.04,245.4,0.04,,,,256.8104,343.655,72.08,72.67,100.0
2022-07-21 09:00:00,2022-07-21 09:00:00,-5.618,97.1,0.037,163.3,0.614,0.04,253.6,0.04,,,,259.4245,343.5733,71.49,72.26,100.0
2022-07-21 10:00:00,2022-07-21 10:00:00,-5.475,96.4,0.027,198.0,0.614,0.04,244.3,0.04,,,,261.8814,343.4967,71.22,72.06,100.0
2022-07-21 11:00:00,2022-07-21 11:00:00,-6.21,95.4,,,,0.04,246.9,0.04,,,,263.031,343.445,70.71,71.85,100.0
2022-07-21 12:00:00,2022-07-21 12:00:00,-9.39,91.9,0.066,165.3,0.751,0.04,242.9,0.04,,,,263.5195,343.545,68.73,69.37,100.0
2022-07-21 13:00:00,2022-07-21 13:00:00,-9.5,92.0,0.015,148.1,0.614,0.04,233.2,0.04,,,,263.8796,343.715,68.74,69.17,100.0
2022-07-21 14:00:00,2022-07-21 14:00:00,-10.74,90.2,0.001,152.3,0.477,0.04,230.2,0.04,,,,263.7294,343.9633,67.79,68.58,100.0
2022-07-21 15:00:00,2022-07-21 15:00:00,-11.67,88.9,0.004,168.8,0.477,0.045,217.6,0.505,,,,263.3334,344.19,67.1,67.68,99.6040981649283
2022-07-21 16:00:00,2022-07-21 16:00:00,-12.19,88.7,0.002,167.7,0.477,0.042,234.3,0.505,,,,262.9748,344.3983,66.88,67.21,99.88275978234985
2022-07-21 17:00:00,2022-07-21 17:00:00,-12.58,88.5,0.014,162.6,0.477,0.04,222.4,0.04,,,,262.5957,344.4283,66.77,67.06,100.0
2022-07-21 18:00:00,2022-07-21 18:00:00,-12.87,88.5,0.009,157.9,0.477,0.04,219.8,0.04,,,,262.1624,344.2367,66.72,67.17,100.0
2022-07-21 19:00:00,2022-07-21 19:00:00,-13.09,88.4,0.011,157.6,0.477,0.04,209.0,0.04,,,,261.7226,343.9767,66.69,67.0,100.0
2022-07-21 20:00:00,2022-07-21 20:00:00,-13.28,88.4,0.005,157.1,0.477,0.04,199.7,0.04,,,,261.2284,343.7517,66.66,67.28,100.0
2022-07-21 21:00:00,2022-07-21 21:00:00,-13.48,88.2,0.001,157.1,0.477,0.04,209.6,0.04,,,,260.8659,343.545,66.59,66.89,100.0
2022-07-21 22:00:00,2022-07-21 22:00:00,-13.69,88.0,0.003,142.1,0.477,0.04,214.8,0.04,,,,260.4454,343.48,66.49,66.96,100.0
2022-07-21 23:00:00,2022-07-21 23:00:00,-13.91,87.8,,,,0.04,223.6,0.04,,,,260.037,343.385,66.38,66.7,100.0
2022-07-22 00:00:00,2022-07-22 00:00:00,-14.13,87.6,,,,0.04,260.8,0.04,,,,259.6439,343.4167,66.27,66.57,100.0
2022-07-22 01:00:00,2022-07-22 01:00:00,-14.3,87.5,0.003,139.6,0.477,0.041,234.2,0.505,,,,259.2826,343.5783,66.17,66.5,100.0
2022-07-22 02:00:00,2022-07-22 02:00:00,-14.36,87.6,0.013,139.4,0.477,0.064,240.8,1.145,,,,258.9999,343.735,66.18,66.48,100.0
2022-07-22 03:00:00,2022-07-22 03:00:00,-14.16,88.1,0.007,159.5,0.614,0.12,248.1,2.191,,,,258.7604,343.8033,66.44,66.98,100.0
2022-07-22 04:00:00,2022-07-22 04:00:00,-13.49,89.4,0.019,188.0,0.614,0.369,242.8,1.61,,,,258.8353,343.865,67.05,67.58,100.0
2022-07-22 05:00:00,2022-07-22 05:00:00,-12.61,90.8,0.018,174.1,0.477,0.702,240.6,1.958,,,,258.8994,343.925,67.8,68.43,100.0
2022-07-22 06:00:00,2022-07-22 06:00:00,-11.59,92.3,0.036,178.0,0.614,1.217,239.4,3.586,,,,259.0801,343.985,68.53,69.52,100.0
2022-07-22 07:00:00,2022-07-22 07:00:00,-10.51,93.6,0.039,180.4,0.477,2.196,253.9,4.691,,,,259.2952,343.9933,69.26,69.79,100.0
2022-07-22 08:00:00,2022-07-22 08:00:00,-9.42,94.7,0.029,175.1,0.614,1.542,246.9,3.528,,,,259.6053,343.9817,69.88,70.39,100.0
2022-07-22 09:00:00,2022-07-22 09:00:00,-8.54,95.4,0.047,172.9,0.614,1.263,235.8,4.167,,,,259.7664,343.8816,70.29,70.75,100.0
2022-07-22 10:00:00,2022-07-22 10:00:00,-7.833,95.9,0.029,169.5,0.477,2.359,258.6,4.342,,,,259.7155,343.8466,70.63,71.05,100.0
2022-07-22 11:00:00,2022-07-22 11:00:00,-7.315,96.3,0.05,172.7,0.614,2.55,258.7,5.446,,,,259.915,343.8267,70.87,71.2,100.0
2022-07-22 12:00:00,2022-07-22 12:00:00,-7.039,96.5,0.031,167.1,0.614,2.9,259.7,5.911,,,,259.8866,343.825,70.97,71.31,100.0
2022-07-22 13:00:00,2022-07-22 13:00:00,-6.945,96.4,0.066,161.6,0.614,3.541,266.6,5.737,,,,259.8275,343.9083,70.96,71.25,100.0
2022-07-22 14:00:00,2022-07-22 14:00:00,-6.997,96.2,0.024,184.5,0.614,0.946,256.7,4.865,,,,259.7288,344.095,70.83,71.21,100.0
2022-07-22 15:00:00,2022-07-22 15:00:00,-7.252,95.7,0.019,212.6,0.614,0.053,195.5,1.086,,,,259.5308,344.22,70.6,70.98,100.0
2022-07-22 16:00:00,2022-07-22 16:00:00,-7.667,95.2,0.006,270.2,0.477,0.054,282.5,0.97,,,,259.4707,344.2633,70.32,70.71,100.0
2022-07-22 17:00:00,2022-07-22 17:00:00,-8.15,94.7,0.004,283.0,0.477,0.054,214.2,0.621,,,,259.4912,344.0983,70.02,70.43,100.0
2022-07-22 18:00:00,2022-07-22 18:00:00,-8.7,94.1,0.001,283.0,0.477,0.044,6.904,0.621,,,,259.3234,343.8167,69.72,70.13,100.0
2022-07-22 19:00:00,2022-07-22 19:00:00,-9.23,93.5,0.013,288.1,0.477,0.076,174.1,0.854,,,,259.1174,343.48,69.45,69.83,100.0
2022-07-22 20:00:00,2022-07-22 20:00:00,-9.73,93.0,0.013,304.7,0.614,0.075,199.8,0.97,,,,259.1126,343.2317,69.18,69.57,100.0
2022-07-22 21:00:00,2022-07-22 21:00:00,-10.22,92.5,0.022,312.6,0.477,0.06,205.1,0.796,,,,258.9817,343.0433,68.91,69.29,100.0
2022-07-22 22:00:00,2022-07-22 22:00:00,-10.68,92.0,0.046,344.2,0.614,0.063,173.5,0.912,,,,258.9186,342.865,68.68,69.07,100.0
2022-07-22 23:00:00,2022-07-22 23:00:00,-11.07,91.6,0.031,333.1,0.614,0.068,225.8,0.738,,,,258.6311,342.79,68.47,68.81,100.0
2022-07-23 00:00:00,2022-07-23 00:00:00,,,0.052,325.1,0.614,0.086,231.8,1.086,,,,258.3112,342.8433,68.29,68.87,
2022-07-23 01:00:00,2022-07-23 01:00:00,,,0.008,16.69,0.477,0.066,173.1,0.97,,,,258.2938,343.0133,68.13,68.44,
2022-07-23 02:00:00,2022-07-23 02:00:00,,,0.002,30.9,0.477,0.04,225.1,0.04,,,,258.3477,343.2417,68.02,68.33,
2022-07-23 03:00:00,2022-07-23 03:00:00,,,0.01,51.62,0.477,0.04,230.2,0.04,,,,258.4493,343.4417,68.02,68.58,
2022-07-23 04:00:00,2022-07-23 04:00:00,,,0.007,87.6,0.477,0.46,232.9,1.958,,,,258.8323,343.5683,68.19,68.59,
2022-07-23 05:00:00,2022-07-23 05:00:00,,,0.107,108.4,2.395,0.682,235.6,2.191,,,,259.031,343.6483,68.53,68.94,
2022-07-23 06:00:00,2022-07-23 06:00:00,,,0.941,164.7,3.902,1.26,242.3,3.005,,,,259.2975,343.5933,68.84,69.24,
2022-07-23 07:00:00,2022-07-23 07:00:00,,,0.701,170.6,4.998,1.459,247.6,3.702,,,,259.5482,343.4467,69.18,69.59,
2022-07-23 08:00:00,2022-07-23 08:00:00,,,1.406,168.5,4.313,1.506,240.9,3.586,,,,259.7911,343.3016,69.52,69.92,
2022-07-23 09:00:00,2022-07-23 09:00:00,,,1.95,163.7,4.587,1.803,249.9,3.761,,,,259.9346,343.23,69.79,70.13,
2022-07-23 10:00:00,2022-07-23 10:00:00,,,3.095,182.5,6.094,2.344,252.6,4.574,,,,260.145,343.2067,69.96,70.3,
2022-07-23 11:00:00,2022-07-23 11:00:00,,,4.19,171.2,6.368,2.875,260.0,4.633,,,,260.1371,343.2566,70.06,70.39,
2022-07-23 12:00:00,2022-07-23 12:00:00,,,2.526,170.9,6.094,1.754,259.1,4.342,,,,260.2661,343.3233,70.05,70.48,
2022-07-23 13:00:00,2022-07-23 13:00:00,,,6.664,169.8,9.11,4.773,262.6,7.249,,,,259.8065,343.355,69.9,70.25,
2022-07-23 14:00:00,2022-07-23 14:00:00,,,5.344,163.7,6.779,3.783,267.2,4.807,,,,259.4294,343.5066,69.66,70.05,
2022-07-23 15:00:00,2022-07-23 15:00:00,,,4.499,152.3,7.053,3.298,279.6,5.388,,,,259.1386,343.6316,69.43,69.79,
2022-07-23 16:00:00,2022-07-23 16:00:00,,,2.773,126.4,5.272,2.402,302.0,4.749,,,,258.9362,343.855,69.21,69.64,
2022-07-23 17:00:00,2022-07-23 17:00:00,,,1.762,119.2,3.628,1.672,307.7,3.179,,,,258.8136,343.7233,69.03,69.8,
2022-07-23 18:00:00,2022-07-23 18:00:00,,,1.196,117.9,3.354,1.579,304.1,4.226,,,,258.5353,343.4316,68.87,69.21,
2022-07-23 19:00:00,2022-07-23 19:00:00,,,0.51,96.8,2.669,0.693,329.8,2.889,,,,258.2806,343.025,68.72,69.06,
2022-07-23 20:00:00,2022-07-23 20:00:00,,,0.291,76.81,1.847,0.554,317.9,1.958,,,,258.2525,342.75,68.56,68.9,
2022-07-23 21:00:00,2022-07-23 21:00:00,,,0.02,99.2,1.025,0.115,20.88,1.319,,,,258.0598,342.5816,68.38,68.73,
2022-07-23 22:00:00,2022-07-23 22:00:00,,,0.064,108.6,2.258,0.073,83.9,1.028,,,,257.6711,342.3983,68.21,68.55,
2022-07-23 23:00:00,2022-07-23 23:00:00,,,0.021,90.1,1.025,0.216,8.72,2.482,,,,257.4933,342.35,68.06,68.39,
2022-07-24 00:00:00,2022-07-24 00:00:00,,,,,,0.41,352.4,1.668,,,,257.4409,342.44,67.86,68.22,
2022-07-24 01:00:00,2022-07-24 01:00:00,,,,,,0.455,346.4,1.435,,,,253.9088,342.5266,,,
2022-07-24 02:00:00,2022-07-24 02:00:00,,,,112.6,0.477,0.189,271.6,2.075,,,,257.1878,342.5717,67.49,67.86,
2022-07-24 03:00:00,2022-07-24 03:00:00,,,0.042,91.4,1.436,0.351,264.3,3.819,,,,256.7046,342.6566,67.4,67.7,
2022-07-24 04:00:00,2022-07-24 04:00:00,,,0.03,153.2,1.436,0.108,238.4,2.133,,,,256.3751,342.8333,67.46,67.78,
2022-07-24 05:00:00,2022-07-24 05:00:00,,,0.001,158.3,0.614,0.31,240.6,2.365,,,,256.658,343.0416,67.6,67.96,
2022-07-24 06:00:00,2022-07-24 06:00:00,,,0.005,168.7,1.162,0.575,230.6,3.877,,,,256.972,343.0966,67.83,68.21,
2022-07-24 07:00:00,2022-07-24 07:00:00,,,,,,1.153,232.5,3.179,,,,257.2252,343.0233,68.07,68.43,
2022-07-24 08:00:00,2022-07-24 08:00:00,,,,,,0.565,224.8,3.121,,,,257.409,342.9983,68.27,68.6,
2022-07-24 09:00:00,2022-07-24 09:00:00,,,,,,0.04,246.9,0.04,,,,257.6792,342.8883,68.44,68.78,
2022-07-24 10:00:00,2022-07-24 10:00:00,,,0.048,194.0,1.847,0.04,228.3,0.04,,,,257.6418,342.835,68.6,68.92,
2022-07-24 11:00:00,2022-07-24 11:00:00,,,0.028,214.2,2.532,0.04,200.7,0.04,,,,257.6407,342.725,68.69,68.98,
2022-07-24 12:00:00,2022-07-24 12:00:00,,,,,,0.04,229.6,0.04,,,,257.5143,342.77,68.72,68.99,
2022-07-24 13:00:00,2022-07-24 13:00:00,,,0.001,248.0,0.751,0.04,212.1,0.04,,,,257.5006,342.9467,68.75,69.06,
2022-07-24 14:00:00,2022-07-24 14:00:00,,,0.073,226.8,3.765,0.04,222.6,0.04,,,,257.202,343.16,68.69,69.0,
2022-07-24 15:00:00,2022-07-24 15:00:00,,,,,,0.04,284.1,0.04,,,,256.767,343.325,68.57,68.89,
2022-07-24 16:00:00,2022-07-24 16:00:00,,,,329.9,0.477,0.04,244.2,0.04,,,,256.3716,343.4617,68.45,68.76,
2022-07-24 17:00:00,2022-07-24 17:00:00,,,0.246,247.6,4.45,0.04,273.8,0.04,,,,256.2101,343.47,68.33,68.64,
2022-07-24 18:00:00,2022-07-24 18:00:00,,,0.128,356.8,3.217,0.04,341.3,0.04,,,,255.8622,343.3483,68.22,68.52,
2022-07-24 19:00:00,2022-07-24 19:00:00,,,,,,0.04,346.4,0.04,,,,255.8306,343.1533,68.12,68.42,
2022-07-24 20:00:00,2022-07-24 20:00:00,,,,,,0.04,336.8,0.04,,,,255.409,342.7816,68.04,68.62,
2022-07-24 21:00:00,2022-07-24 21:00:00,,,0.001,94.6,0.614,0.04,30.55,0.04,,,,255.3942,342.5283,67.95,68.26,
2022-07-24 22:00:00,2022-07-24 22:00:00,,,0.072,341.3,2.121,0.04,9.8,0.04,,,,255.1889,342.4033,67.84,68.17,
2022-07-24 23:00:00,2022-07-24 23:00:00,,,,,,0.04,4.254,0.04,,,,254.7966,342.3866,67.72,68.03,
2022-07-25 00:00:00,2022-07-25 00:00:00,,,0.006,93.7,1.025,0.04,10.27,0.04,,,,254.5022,342.505,67.61,67.96,
2022-07-25 01:00:00,2022-07-25 01:00:00,,,,,,0.04,357.5,0.04,,,,254.3522,342.7283,67.49,67.79,
2022-07-25 02:00:00,2022-07-25 02:00:00,,,,,,0.04,331.4,0.04,,,,254.1363,343.0016,67.38,68.2,
2022-07-25 03:00:00,2022-07-25 03:00:00,,,,,,0.04,255.1,0.04,,,,253.9708,343.2816,67.3,67.62,
2022-07-25 04:00:00,2022-07-25 04:00:00,,,,73.4,0.477,0.04,262.1,0.04,,,,253.9098,343.4716,67.28,67.6,
2022-07-25 05:00:00,2022-07-25 05:00:00,,,,,,0.052,259.8,1.028,,,,253.9219,343.6183,67.35,67.68,
2022-07-25 06:00:00,2022-07-25 06:00:00,,,0.006,53.87,0.888,0.369,231.4,2.656,,,,254.2616,343.7,67.51,67.87,
2022-07-25 07:00:00,2022-07-25 07:00:00,,,0.761,184.3,5.135,1.394,236.4,4.167,,,,254.6183,343.69,67.74,68.12,
2022-07-25 08:00:00,2022-07-25 08:00:00,,,3.558,179.3,6.642,2.757,251.2,5.563,,,,254.8624,343.5883,68.02,68.4,
2022-07-25 09:00:00,2022-07-25 09:00:00,,,1.176,176.0,5.546,1.611,233.6,4.458,,,,255.1023,343.4917,68.24,68.57,
2022-07-25 10:00:00,2022-07-25 10:00:00,,,0.531,171.6,4.313,1.056,264.7,3.179,,,,255.2142,343.4083,68.34,68.63,
2022-07-25 11:00:00,2022-07-25 11:00:00,,,3.241,172.8,6.642,2.331,255.6,4.865,,,,255.1384,343.3333,68.39,68.77,
2022-07-25 12:00:00,2022-07-25 12:00:00,,,0.614,141.4,5.82,0.868,283.0,4.923,,,,255.1977,343.4733,68.38,68.71,
2022-07-25 13:00:00,2022-07-25 13:00:00,,,0.906,122.9,5.546,1.308,275.3,5.33,,,,254.8447,343.685,68.32,68.64,
2022-07-25 14:00:00,2022-07-25 14:00:00,,,0.892,109.7,5.683,0.795,258.6,7.016,,,,254.7065,343.8683,68.22,68.51,
2022-07-25 15:00:00,2022-07-25 15:00:00,,,2.078,30.57,4.724,1.746,36.18,5.156,,,,254.321,344.005,68.1,68.43,
2022-07-25 16:00:00,2022-07-25 16:00:00,,,0.322,35.03,2.669,0.525,350.5,3.354,,,,254.0992,344.0866,67.98,68.31,
2022-07-25 17:00:00,2022-07-25 17:00:00,,,0.096,51.62,2.395,0.678,337.6,3.005,,,,254.1977,344.1683,67.86,68.18,
2022-07-25 18:00:00,2022-07-25 18:00:00,,,0.012,200.9,1.025,0.104,319.1,2.017,,,,253.9564,344.045,67.77,68.08,
2022-07-25 19:00:00,2022-07-25 19:00:00,,,0.765,164.1,5.272,0.672,279.3,5.098,,,,253.9403,343.8133,67.68,68.01,
2022-07-25 20:00:00,2022-07-25 20:00:00,,,1.877,71.19,5.409,1.547,333.4,5.33,,,,253.7359,343.48,67.6,68.61,
2022-07-25 21:00:00,2022-07-25 21:00:00,,,,,,0.053,178.3,0.854,,,,252.9473,343.1483,67.51,67.92,
2022-07-25 22:00:00,2022-07-25 22:00:00,,,,,,0.04,55.94,0.273,,,,252.5859,342.9917,67.42,67.71,
2022-07-25 23:00:00,2022-07-25 23:00:00,,,,,,0.04,40.63,0.04,,,,252.37,342.9417,67.34,67.64,
2022-07-26 00:00:00,2022-07-26 00:00:00,,,,,,0.04,63.38,0.098,,,,252.2107,342.9583,67.26,67.58,
2022-07-26 01:00:00,2022-07-26 01:00:00,,,,,,0.04,75.22,0.273,,,,252.1913,343.1,67.17,67.79,
2022-07-26 02:00:00,2022-07-26 02:00:00,,,,,,0.04,114.6,0.273,,,,251.9712,343.255,67.09,67.72,
2022-07-26 03:00:00,2022-07-26 03:00:00,,,,,,0.041,194.8,0.389,,,,251.9062,343.4417,67.03,67.32,
2022-07-26 04:00:00,2022-07-26 04:00:00,,,0.03,12.57,1.162,0.102,229.8,1.958,,,,251.7675,343.5266,67.02,67.32,
2022-07-26 05:00:00,2022-07-26 05:00:00,,,0.057,102.1,2.395,0.15,230.6,1.784,,,,251.6739,343.7033,67.07,67.37,
2022-07-26 06:00:00,2022-07-26 06:00:00,,,,130.1,0.477,0.315,241.3,1.551,,,,251.9751,343.845,67.21,67.56,
2022-07-26 07:00:00,2022-07-26 07:00:00,,,0.154,221.7,2.258,0.654,241.0,2.947,,,,252.2393,343.8066,67.42,67.79,
2022-07-26 08:00:00,2022-07-26 08:00:00,,,0.713,170.8,4.176,1.138,231.5,3.528,,,,252.5337,343.705,67.66,68.03,
2022-07-26 09:00:00,2022-07-26 09:00:00,,,2.101,168.3,5.135,1.857,246.6,4.226,,,,252.7961,343.5817,67.9,69.32,
2022-07-26 10:00:00,2022-07-26 10:00:00,,,0.693,184.6,5.409,1.198,223.5,4.4,,,,253.0179,343.455,68.17,68.51,
2022-07-26 11:00:00,2022-07-26 11:00:00,,,1.381,158.1,4.724,1.248,253.7,3.877,,,,253.2276,343.3617,68.35,68.68,
2022-07-26 12:00:00,2022-07-26 12:00:00,,,0.747,169.0,4.176,0.99,245.0,3.47,,,,253.229,343.3433,68.5,68.83,
2022-07-26 13:00:00,2022-07-26 13:00:00,,,0.172,167.5,3.902,0.383,230.3,3.295,,,,253.0726,343.4716,68.57,68.87,
2022-07-26 14:00:00,2022-07-26 14:00:00,,,,,,0.04,214.3,0.156,,,,252.3659,343.5916,68.51,68.87,
2022-07-26 15:00:00,2022-07-26 15:00:00,,,0.042,242.3,3.765,0.238,222.5,3.179,,,,251.664,343.725,68.23,68.66,
2022-07-26 16:00:00,2022-07-26 16:00:00,,,0.627,99.4,5.272,0.656,271.5,5.156,,,,251.185,343.8683,67.9,68.51,
2022-07-26 17:00:00,2022-07-26 17:00:00,,,0.008,223.1,1.573,0.096,208.1,2.133,,,,251.2402,343.9383,67.72,68.03,
2022-07-26 18:00:00,2022-07-26 18:00:00,,,0.028,247.6,1.847,0.091,222.3,1.319,,,,251.0071,343.755,67.61,67.93,
2022-07-26 19:00:00,2022-07-26 19:00:00,,,0.088,215.3,3.354,0.144,264.2,2.482,,,,251.0025,343.4767,67.54,67.86,
2022-07-26 20:00:00,2022-07-26 20:00:00,,,0.176,123.0,2.669,0.133,247.7,2.191,,,,251.158,343.2216,67.52,67.8,
2022-07-26 21:00:00,2022-07-26 21:00:00,,,0.54,99.4,2.669,1.321,320.6,3.179,,,,251.1029,343.0866,67.48,68.87,
2022-07-26 22:00:00,2022-07-26 22:00:00,,,0.042,94.7,2.532,0.902,346.2,3.412,,,,251.045,342.97,67.43,67.72,
2022-07-26 23:00:00,2022-07-26 23:00:00,,,0.03,90.6,1.573,0.145,352.0,3.005,,,,250.8568,342.7517,67.32,68.55,
2022-07-27 00:00:00,2022-07-27 00:00:00,,,,,,0.043,44.75,0.447,,,,250.6082,342.6383,67.34,67.65,
2022-07-27 01:00:00,2022-07-27 01:00:00,,,,,,0.04,87.3,0.04,,,,246.8608,342.73,,,
2022-07-27 02:00:00,2022-07-27 02:00:00,,,0.072,207.2,1.847,0.163,209.3,2.365,,,,249.9697,342.9617,67.15,67.45,
2022-07-27 03:00:00,2022-07-27 03:00:00,,,,,,0.044,207.1,0.679,,,,249.8294,343.1783,67.05,67.34,
2022-07-27 04:00:00,2022-07-27 04:00:00,,,0.013,150.0,1.436,0.184,265.5,2.54,,,,249.8129,343.4733,67.01,67.29,
2022-07-27 05:00:00,2022-07-27 05:00:00,,,0.001,139.2,0.477,0.286,311.8,2.307,,,,249.7642,343.6217,67.05,67.37,
2022-07-27 06:00:00,2022-07-27 06:00:00,,,0.003,86.2,0.751,0.237,246.9,2.191,,,,249.7136,343.7067,67.13,67.59,
2022-07-27 07:00:00,2022-07-27 07:00:00,,,0.577,227.2,6.368,0.842,219.4,4.284,,,,249.9009,343.755,67.28,67.64,
2022-07-27 08:00:00,2022-07-27 08:00:00,,,0.286,223.4,2.669,0.905,219.7,3.295,,,,250.3205,343.7333,67.5,67.89,
2022-07-27 09:00:00,2022-07-27 09:00:00,,,0.271,186.3,3.08,0.94,222.6,3.47,,,,250.7651,343.665,67.75,68.16,
2022-07-27 10:00:00,2022-07-27 10:00:00,,,0.005,176.9,1.162,0.942,213.9,2.889,,,,250.9747,343.5783,68.01,68.67,
2022-07-27 11:00:00,2022-07-27 11:00:00,,,0.028,171.8,1.436,0.602,230.7,3.005,,,,251.3099,343.5466,68.22,69.39,
2022-07-27 12:00:00,2022-07-27 12:00:00,,,,,,0.249,253.1,1.668,,,,251.314,343.6366,68.34,68.94,
2022-07-27 13:00:00,2022-07-27 13:00:00,,,0.005,100.4,0.888,0.077,251.4,1.435,,,,251.128,343.7117,68.39,68.68,
2022-07-27 14:00:00,2022-07-27 14:00:00,,,,,,0.061,243.1,1.203,,,,251.2403,343.915,68.38,69.26,
2022-07-27 15:00:00,2022-07-27 15:00:00,,,,,,0.041,209.0,0.331,,,,250.7052,344.1333,68.29,68.6,
2022-07-27 16:00:00,2022-07-27 16:00:00,,,0.092,228.4,4.313,0.117,233.8,2.365,,,,250.324,344.22,68.14,68.48,
2022-07-27 17:00:00,2022-07-27 17:00:00,,,,,,0.049,338.5,0.679,,,,250.2,344.19,67.97,68.3,
2022-07-27 18:00:00,2022-07-27 18:00:00,,,,,,0.046,229.0,0.505,,,,250.1739,344.0516,67.87,68.18,
2022-07-27 19:00:00,2022-07-27 19:00:00,,,,,,0.047,13.12,0.447,,,,250.1053,343.765,67.79,68.09,
2022-07-27 20:00:00,2022-07-27 20:00:00,,,0.013,63.85,0.614,0.044,10.77,0.447,,,,250.1755,343.56,67.72,68.03,
2022-07-27 21:00:00,2022-07-27 21:00:00,,,0.01,80.1,0.888,0.418,301.5,2.075,,,,250.2598,343.385,67.66,67.97,
2022-07-27 22:00:00,2022-07-27 22:00:00,,,,,,0.04,7.445,0.156,,,,250.3367,343.32,67.55,67.86,
2022-07-27 23:00:00,2022-07-27 23:00:00,,,0.039,88.2,2.258,0.23,355.8,3.005,,,,250.2494,343.09,67.46,68.19,
2022-07-28 00:00:00,2022-07-28 00:00:00,,,0.484,46.88,1.984,1.073,20.7,2.772,,,,250.136,343.0866,67.34,67.79,
2022-07-28 01:00:00,2022-07-28 01:00:00,,,0.604,67.17,3.217,0.734,27.17,3.295,,,,250.0125,343.16,67.22,67.54,
2022-07-28 02:00:00,2022-07-28 02:00:00,,,0.064,204.1,1.71,0.182,288.6,2.54,,,,249.7527,343.4016,67.1,67.41,
2022-07-28 03:00:00,2022-07-28 03:00:00,,,0.173,221.1,2.258,0.203,218.1,2.54,,,,249.7374,343.6167,67.02,67.36,
2022-07-28 04:00:00,2022-07-28 04:00:00,,,0.16,212.6,2.395,0.252,230.9,2.772,,,,249.7196,343.8717,66.98,67.87,
2022-07-28 05:00:00,2022-07-28 05:00:00,,,,,,0.049,249.1,0.912,,,,249.8027,344.075,66.99,67.3,
2022-07-28 06:00:00,2022-07-28 06:00:00,,,,,,0.107,236.7,1.203,,,,250.0025,344.2033,67.08,67.43,
2022-07-28 07:00:00,2022-07-28 07:00:00,,,0.087,149.4,1.847,0.55,238.6,2.133,,,,250.2626,344.165,67.26,67.63,
2022-07-28 08:00:00,2022-07-28 08:00:00,,,0.164,154.1,3.354,0.715,262.0,4.981,,,,250.1303,343.9483,67.42,67.74,
2022-07-28 09:00:00,2022-07-28 09:00:00,,,0.025,200.2,1.299,0.525,233.5,2.482,,,,250.4807,343.8083,67.55,67.87,
2022-07-28 10:00:00,2022-07-28 10:00:00,,,0.191,142.4,5.409,1.259,284.6,4.342,,,,250.5345,343.7583,67.65,67.94,
2022-07-28 11:00:00,2022-07-28 11:00:00,,,2.76,151.8,7.19,2.27,264.8,6.609,,,,250.5774,343.71,67.69,67.96,
2022-07-28 12:00:00,2022-07-28 12:00:00,,,,,,0.078,204.4,0.912,,,,250.7505,343.8167,67.71,68.57,
2022-07-28 13:00:00,2022-07-28 13:00:00,,,0.031,173.8,2.121,0.607,266.9,2.307,,,,250.8557,343.97,67.69,67.99,
2022-07-28 14:00:00,2022-07-28 14:00:00,,,0.962,182.9,4.45,0.743,220.1,3.354,,,,250.9035,344.2283,67.64,67.92,
2022-07-28 15:00:00,2022-07-28 15:00:00,,,0.062,195.9,2.258,0.108,259.0,1.319,,,,250.9513,344.4917,67.56,67.86,
2022-07-28 16:00:00,2022-07-28 16:00:00,,,,197.1,0.477,0.045,25.96,0.331,,,,250.9386,344.5166,67.5,67.79,
2022-07-28 17:00:00,2022-07-28 17:00:00,,,0.001,132.7,0.614,0.279,350.2,2.075,,,,250.905,344.39,67.44,69.17,
2022-07-28 18:00:00,2022-07-28 18:00:00,,,1.15,65.84,3.08,2.001,352.3,3.761,,,,250.7824,344.255,67.36,68.05,
2022-07-28 19:00:00,2022-07-28 19:00:00,,,0.47,54.02,2.395,0.611,0.087,3.237,,,,250.6469,343.93,67.3,67.59,
2022-07-28 20:00:00,2022-07-28 20:00:00,,,1.744,53.05,3.491,2.255,6.651,4.923,,,,250.5951,343.56,67.25,68.83,
2022-07-28 21:00:00,2022-07-28 21:00:00,,,0.566,66.25,2.669,1.225,10.2,3.761,,,,250.6277,343.2716,67.2,67.48,
2022-07-28 22:00:00,2022-07-28 22:00:00,,,0.024,167.1,1.71,0.111,75.84,1.551,,,,250.4818,343.0316,67.14,67.45,
2022-07-28 23:00:00,2022-07-28 23:00:00,,,0.16,73.12,2.806,0.258,13.11,4.226,,,,249.9484,342.8533,67.06,67.37,
2022-07-29 00:00:00,2022-07-29 00:00:00,,,0.002,123.8,0.614,0.046,41.01,0.621,,,,249.4623,342.975,66.97,67.41,
2022-07-29 01:00:00,2022-07-29 01:00:00,,,0.117,111.5,4.176,0.15,155.5,5.214,,,,249.1313,343.014,66.89,67.25,
2022-07-29 02:00:00,2022-07-29 02:00:00,,,,,,0.072,213.4,1.435,,,,248.6058,343.1933,66.78,67.09,
2022-07-29 03:00:00,2022-07-29 03:00:00,,,,,,0.045,203.4,0.505,,,,248.3201,343.33,66.68,66.99,
2022-07-29 04:00:00,2022-07-29 04:00:00,,,0.014,85.4,1.299,0.123,215.8,2.249,,,,248.3428,,66.65,66.93,
2022-07-29 05:00:00,2022-07-29 05:00:00,,,0.014,95.1,1.025,0.269,262.5,3.761,,,,248.4738,,66.69,66.99,
2022-07-29 06:00:00,2022-07-29 06:00:00,,,,,,0.153,251.9,1.319,,,,248.8266,,66.79,67.13,
2022-07-29 07:00:00,2022-07-29 07:00:00,,,0.368,150.9,3.354,0.939,255.9,3.528,,,,249.0915,,66.95,67.3,
2022-07-29 08:00:00,2022-07-29 08:00:00,,,0.658,130.8,4.176,1.153,279.4,5.795,,,,249.1819,,67.14,67.6,
2022-07-29 09:00:00,2022-07-29 09:00:00,,,1.31,155.9,4.861,1.306,257.3,5.563,,,,249.491,,67.32,67.68,
2022-07-29 10:00:00,2022-07-29 10:00:00,,,1.447,149.1,6.642,1.586,266.1,7.423,,,,249.72,,67.52,67.86,
2022-07-29 11:00:00,2022-07-29 11:00:00,,,2.403,170.4,6.916,2.035,248.6,6.26,,,,250.1847,,67.71,68.09,
2022-07-29 12:00:00,2022-07-29 12:00:00,,,2.967,169.7,8.56,2.446,257.4,7.307,,,,250.4691,,67.92,68.26,
2022-07-29 13:00:00,2022-07-29 13:00:00,,,0.835,149.2,6.231,0.841,272.7,7.597,,,,250.5068,,68.04,68.34,
2022-07-29 14:00:00,2022-07-29 14:00:00,,,0.235,135.4,4.039,0.337,235.7,4.4,,,,249.4704,,68.02,68.33,
2022-07-29 15:00:00,2022-07-29 15:00:00,,,,,,0.053,222.1,1.145,,,,248.6946,,67.72,68.15,
2022-07-29 16:00:00,2022-07-29 16:00:00,,,,,,0.04,242.4,0.04,,,,248.1946,,67.41,67.82,
2022-07-29 17:00:00,2022-07-29 17:00:00,,,0.036,92.8,1.71,0.147,258.2,4.109,,,,247.8046,,67.14,67.52,
2022-07-29 18:00:00,2022-07-29 18:00:00,,,,,,0.04,259.3,0.04,,,,247.4535,,66.93,67.27,
2022-07-29 19:00:00,2022-07-29 19:00:00,,,,,,0.04,77.24,0.04,,,,247.2307,,66.8,67.12,
2022-07-29 20:00:00,2022-07-29 20:00:00,,,0.004,228.1,1.162,0.04,22.57,0.04,,,,247.1986,,66.71,67.01,
2022-07-29 21:00:00,2022-07-29 21:00:00,,,,,,0.04,8.09,0.04,,,,247.1589,,66.68,66.96,
2022-07-29 22:00:00,2022-07-29 22:00:00,,,0.008,209.7,1.436,0.051,302.0,1.842,,,,246.9229,,66.62,67.48,
2022-07-29 23:00:00,2022-07-29 23:00:00,,,,,,0.04,94.3,0.04,,,,246.637,,66.55,66.83,
2022-07-30 00:00:00,2022-07-30 00:00:00,,,,,,0.04,80.4,0.04,,,,246.4885,,66.49,66.78,
2022-07-30 01:00:00,2022-07-30 01:00:00,,,,,,0.04,111.9,0.098,,,,242.9535,,,,
2022-07-30 02:00:00,2022-07-30 02:00:00,,,,,,0.04,186.7,0.098,,,,246.0802,,,,
2022-07-30 03:00:00,2022-07-30 03:00:00,,,,,,0.045,195.3,0.505,,,,245.5162,,,,
2022-07-30 04:00:00,2022-07-30 04:00:00,,,,,,0.042,237.0,0.505,,,,244.1858,,,,
2022-07-30 05:00:00,,,,,,,,,,,,,,,,,
2022-07-30 06:00:00,,,,,,,,,,,,,,,,,
2022-07-30 07:00:00,,,,,,,,,,,,,,,,,
2022-07-30 08:00:00,,,,,,,,,,,,,,,,,
2022-07-30 09:00:00,,,,,,,,,,,,,,,,,
2022-07-30 10:00:00,,,,,,,,,,,,,,,,,
2022-07-30 11:00:00,,,,,,,,,,,,,,,,,
2022-07-30 12:00:00,,,,,,,,,,,,,,,,,
2022-07-30 13:00:00,,,,,,,,,,,,,,,,,
2022-07-30 14:00:00,,,,,,,,,,,,,,,,,
2022-07-30 15:00:00,,,,,,,,,,,,,,,,,
2022-07-30 16:00:00,,,,,,,,,,,,,,,,,
2022-07-30 17:00:00,,,,,,,,,,,,,,,,,
2022-07-30 18:00:00,,,,,,,,,,,,,,,,,
2022-07-30 19:00:00,,,,,,,,,,,,,,,,,
2022-07-30 20:00:00,,,,,,,,,,,,,,,,,
2022-07-30 21:00:00,,,,,,,,,,,,,,,,,
2022-07-30 22:00:00,,,,,,,,,,,,,,,,,
2022-07-30 23:00:00,,,,,,,,,,,,,,,,,
2022-07-31 00:00:00,,,,,,,,,,,,,,,,,
2022-07-31 01:00:00,,,,,,,,,,,,,,,,,
2022-07-31 02:00:00,,,,,,,,,,,,,,,,,
2022-07-31 03:00:00,,,,,,,,,,,,,,,,,
2022-07-31 04:00:00,,,,,,,,,,,,,,,,,
2022-07-31 05:00:00,,,,,,,,,,,,,,,,,
2022-07-31 06:00:00,,,,,,,,,,,,,,,,,
2022-07-31 07:00:00,,,,,,,,,,,,,,,,,
2022-07-31 08:00:00,,,,,,,,,,,,,,,,,
2022-07-31 09:00:00,,,,,,,,,,,,,,,,,
2022-07-31 10:00:00,,,,,,,,,,,,,,,,,
2022-07-31 11:00:00,,,,,,,,,,,,,,,,,
2022-07-31 12:00:00,,,,,,,,,,,,,,,,,
2022-07-31 13:00:00,,,,,,,,,,,,,,,,,
2022-07-31 14:00:00,,,,,,,,,,,,,,,,,
2022-07-31 15:00:00,,,,,,,,,,,,,,,,,
2022-07-31 16:00:00,,,,,,,,,,,,,,,,,
2022-07-31 17:00:00,,,,,,,,,,,,,,,,,
2022-07-31 18:00:00,,,,,,,,,,,,,,,,,
2022-07-31 19:00:00,,,,,,,,,,,,,,,,,
2022-07-31 20:00:00,,,,,,,,,,,,,,,,,
2022-07-31 21:00:00,,,,,,,,,,,,,,,,,
2022-07-31 22:00:00,,,,,,,,,,,,,,,,,
2022-07-31 23:00:00,,,,,,,,,,,,,,,,,
2022-08-01 00:00:00,,,,,,,,,,,,,,,,,
2022-08-01 01:00:00,,,,,,,,,,,,,,,,,
2022-08-01 02:00:00,,,,,,,,,,,,,,,,,
2022-08-01 03:00:00,,,,,,,,,,,,,,,,,
2022-08-01 04:00:00,,,,,,,,,,,,,,,,,
2022-08-01 05:00:00,,,,,,,,,,,,,,,,,
2022-08-01 06:00:00,,,,,,,,,,,,,,,,,
2022-08-01 07:00:00,,,,,,,,,,,,,,,,,
2022-08-01 08:00:00,,,,,,,,,,,,,,,,,
2022-08-01 09:00:00,,,,,,,,,,,,,,,,,
2022-08-01 10:00:00,,,,,,,,,,,,,,,,,
2022-08-01 11:00:00,,,,,,,,,,,,,,,,,
2022-08-01 12:00:00,,,,,,,,,,,,,,,,,
2022-08-01 13:00:00,,,,,,,,,,,,,,,,,
2022-08-01 14:00:00,,,,,,,,,,,,,,,,,
2022-08-01 15:00:00,,,,,,,,,,,,,,,,,
2022-08-01 16:00:00,,,,,,,,,,,,,,,,,
2022-08-01 17:00:00,,,,,,,,,,,,,,,,,
2022-08-01 18:00:00,,,,,,,,,,,,,,,,,
2022-08-01 19:00:00,,,,,,,,,,,,,,,,,
2022-08-01 20:00:00,,,,,,,,,,,,,,,,,
2022-08-01 21:00:00,,,,,,,,,,,,,,,,,
2022-08-01 22:00:00,,,,,,,,,,,,,,,,,
2022-08-01 23:00:00,,,,,,,,,,,,,,,,,
2022-08-02 00:00:00,,,,,,,,,,,,,,,,,
2022-08-02 01:00:00,,,,,,,,,,,,,,,,,
2022-08-02 02:00:00,,,,,,,,,,,,,,,,,
2022-08-02 03:00:00,,,,,,,,,,,,,,,,,
2022-08-02 04:00:00,,,,,,,,,,,,,,,,,
2022-08-02 05:00:00,,,,,,,,,,,,,,,,,
2022-08-02 06:00:00,,,,,,,,,,,,,,,,,
2022-08-02 07:00:00,,,,,,,,,,,,,,,,,
2022-08-02 08:00:00,,,,,,,,,,,,,,,,,
2022-08-02 09:00:00,,,,,,,,,,,,,,,,,
2022-08-02 10:00:00,,,,,,,,,,,,,,,,,
2022-08-02 11:00:00,,,,,,,,,,,,,,,,,
2022-08-02 12:00:00,,,,,,,,,,,,,,,,,
2022-08-02 13:00:00,,,,,,,,,,,,,,,,,
2022-08-02 14:00:00,,,,,,,,,,,,,,,,,
2022-08-02 15:00:00,,,,,,,,,,,,,,,,,
2022-08-02 16:00:00,,,,,,,,,,,,,,,,,
2022-08-02 17:00:00,,,,,,,,,,,,,,,,,
2022-08-02 18:00:00,,,,,,,,,,,,,,,,,
2022-08-02 19:00:00,,,,,,,,,,,,,,,,,
2022-08-02 20:00:00,,,,,,,,,,,,,,,,,
2022-08-02 21:00:00,,,,,,,,,,,,,,,,,
2022-08-02 22:00:00,,,,,,,,,,,,,,,,,
2022-08-02 23:00:00,,,,,,,,,,,,,,,,,
2022-08-03 00:00:00,,,,,,,,,,,,,,,,,
2022-08-03 01:00:00,,,,,,,,,,,,,,,,,
2022-08-03 02:00:00,,,,,,,,,,,,,,,,,
2022-08-03 03:00:00,,,,,,,,,,,,,,,,,
2022-08-03 04:00:00,,,,,,,,,,,,,,,,,
2022-08-03 05:00:00,,,,,,,,,,,,,,,,,
2022-08-03 06:00:00,,,,,,,,,,,,,,,,,
2022-08-03 07:00:00,,,,,,,,,,,,,,,,,
2022-08-03 08:00:00,,,,,,,,,,,,,,,,,
2022-08-03 09:00:00,,,,,,,,,,,,,,,,,
2022-08-03 10:00:00,,,,,,,,,,,,,,,,,
2022-08-03 11:00:00,,,,,,,,,,,,,,,,,
2022-08-03 12:00:00,,,,,,,,,,,,,,,,,
2022-08-03 13:00:00,,,,,,,,,,,,,,,,,
2022-08-03 14:00:00,,,,,,,,,,,,,,,,,
2022-08-03 15:00:00,,,,,,,,,,,,,,,,,
2022-08-03 16:00:00,,,,,,,,,,,,,,,,,
2022-08-03 17:00:00,,,,,,,,,,,,,,,,,
2022-08-03 18:00:00,,,,,,,,,,,,,,,,,
2022-08-03 19:00:00,,,,,,,,,,,,,,,,,
2022-08-03 20:00:00,,,,,,,,,,,,,,,,,
2022-08-03 21:00:00,,,,,,,,,,,,,,,,,
2022-08-03 22:00:00,,,,,,,,,,,,,,,,,
2022-08-03 23:00:00,,,,,,,,,,,,,,,,,
2022-08-04 00:00:00,,,,,,,,,,,,,,,,,
2022-08-04 01:00:00,,,,,,,,,,,,,,,,,
2022-08-04 02:00:00,,,,,,,,,,,,,,,,,
2022-08-04 03:00:00,,,,,,,,,,,,,,,,,
2022-08-04 04:00:00,,,,,,,,,,,,,,,,,
2022-08-04 05:00:00,,,,,,,,,,,,,,,,,
2022-08-04 06:00:00,,,,,,,,,,,,,,,,,
2022-08-04 07:00:00,,,,,,,,,,,,,,,,,
2022-08-04 08:00:00,,,,,,,,,,,,,,,,,
2022-08-04 09:00:00,,,,,,,,,,,,,,,,,
2022-08-04 10:00:00,,,,,,,,,,,,,,,,,
2022-08-04 11:00:00,,,,,,,,,,,,,,,,,
2022-08-04 12:00:00,,,,,,,,,,,,,,,,,
2022-08-04 13:00:00,,,,,,,,,,,,,,,,,
2022-08-04 14:00:00,,,,,,,,,,,,,,,,,
2022-08-04 15:00:00,,,,,,,,,,,,,,,,,
2022-08-04 16:00:00,,,,,,,,,,,,,,,,,
2022-08-04 17:00:00,,,,,,,,,,,,,,,,,
2022-08-04 18:00:00,,,,,,,,,,,,,,,,,
2022-08-04 19:00:00,,,,,,,,,,,,,,,,,
2022-08-04 20:00:00,,,,,,,,,,,,,,,,,
2022-08-04 21:00:00,,,,,,,,,,,,,,,,,
2022-08-04 22:00:00,,,,,,,,,,,,,,,,,
2022-08-04 23:00:00,,,,,,,,,,,,,,,,,
2022-08-05 00:00:00,,,,,,,,,,,,,,,,,
2022-08-05 01:00:00,,,,,,,,,,,,,,,,,
2022-08-05 02:00:00,,,,,,,,,,,,,,,,,
2022-08-05 03:00:00,,,,,,,,,,,,,,,,,
2022-08-05 04:00:00,,,,,,,,,,,,,,,,,
2022-08-05 05:00:00,,,,,,,,,,,,,,,,,
2022-08-05 06:00:00,,,,,,,,,,,,,,,,,
2022-08-05 07:00:00,,,,,,,,,,,,,,,,,
2022-08-05 08:00:00,,,,,,,,,,,,,,,,,
2022-08-05 09:00:00,,,,,,,,,,,,,,,,,
2022-08-05 10:00:00,,,,,,,,,,,,,,,,,
2022-08-05 11:00:00,,,,,,,,,,,,,,,,,
2022-08-05 12:00:00,,,,,,,,,,,,,,,,,
2022-08-05 13:00:00,,,,,,,,,,,,,,,,,
2022-08-05 14:00:00,,,,,,,,,,,,,,,,,
2022-08-05 15:00:00,,,,,,,,,,,,,,,,,
2022-08-05 16:00:00,,,,,,,,,,,,,,,,,
2022-08-05 17:00:00,,,,,,,,,,,,,,,,,
2022-08-05 18:00:00,,,,,,,,,,,,,,,,,
2022-08-05 19:00:00,,,,,,,,,,,,,,,,,
2022-08-05 20:00:00,,,,,,,,,,,,,,,,,
2022-08-05 21:00:00,,,,,,,,,,,,,,,,,
2022-08-05 22:00:00,,,,,,,,,,,,,,,,,
2022-08-05 23:00:00,,,,,,,,,,,,,,,,,
2022-08-06 00:00:00,,,,,,,,,,,,,,,,,
2022-08-06 01:00:00,,,,,,,,,,,,,,,,,
2022-08-06 02:00:00,,,,,,,,,,,,,,,,,
2022-08-06 03:00:00,,,,,,,,,,,,,,,,,
2022-08-06 04:00:00,,,,,,,,,,,,,,,,,
2022-08-06 05:00:00,,,,,,,,,,,,,,,,,
2022-08-06 06:00:00,,,,,,,,,,,,,,,,,
2022-08-06 07:00:00,,,,,,,,,,,,,,,,,
2022-08-06 08:00:00,,,,,,,,,,,,,,,,,
2022-08-06 09:00:00,,,,,,,,,,,,,,,,,
2022-08-06 10:00:00,,,,,,,,,,,,,,,,,
2022-08-06 11:00:00,,,,,,,,,,,,,,,,,
2022-08-06 12:00:00,,,,,,,,,,,,,,,,,
2022-08-06 13:00:00,,,,,,,,,,,,,,,,,
2022-08-06 14:00:00,,,,,,,,,,,,,,,,,
2022-08-06 15:00:00,,,,,,,,,,,,,,,,,
2022-08-06 16:00:00,,,,,,,,,,,,,,,,,
2022-08-06 17:00:00,,,,,,,,,,,,,,,,,
2022-08-06 18:00:00,,,,,,,,,,,,,,,,,
2022-08-06 19:00:00,,,,,,,,,,,,,,,,,
2022-08-06 20:00:00,,,,,,,,,,,,,,,,,
2022-08-06 21:00:00,,,,,,,,,,,,,,,,,
2022-08-06 22:00:00,,,,,,,,,,,,,,,,,
2022-08-06 23:00:00,,,,,,,,,,,,,,,,,
2022-08-07 00:00:00,,,,,,,,,,,,,,,,,
2022-08-07 01:00:00,,,,,,,,,,,,,,,,,
2022-08-07 02:00:00,,,,,,,,,,,,,,,,,
2022-08-07 03:00:00,,,,,,,,,,,,,,,,,
2022-08-07 04:00:00,,,,,,,,,,,,,,,,,
2022-08-07 05:00:00,,,,,,,,,,,,,,,,,
2022-08-07 06:00:00,,,,,,,,,,,,,,,,,
2022-08-07 07:00:00,,,,,,,,,,,,,,,,,
2022-08-07 08:00:00,,,,,,,,,,,,,,,,,
2022-08-07 09:00:00,,,,,,,,,,,,,,,,,
2022-08-07 10:00:00,,,,,,,,,,,,,,,,,
2022-08-07 11:00:00,,,,,,,,,,,,,,,,,
2022-08-07 12:00:00,,,,,,,,,,,,,,,,,
2022-08-07 13:00:00,,,,,,,,,,,,,,,,,
2022-08-07 14:00:00,,,,,,,,,,,,,,,,,
2022-08-07 15:00:00,,,,,,,,,,,,,,,,,
2022-08-07 16:00:00,,,,,,,,,,,,,,,,,
2022-08-07 17:00:00,,,,,,,,,,,,,,,,,
2022-08-07 18:00:00,,,,,,,,,,,,,,,,,
2022-08-07 19:00:00,,,,,,,,,,,,,,,,,
2022-08-07 20:00:00,,,,,,,,,,,,,,,,,
2022-08-07 21:00:00,,,,,,,,,,,,,,,,,
2022-08-07 22:00:00,,,,,,,,,,,,,,,,,
2022-08-07 23:00:00,,,,,,,,,,,,,,,,,
2022-08-08 00:00:00,,,,,,,,,,,,,,,,,
2022-08-08 01:00:00,,,,,,,,,,,,,,,,,
2022-08-08 02:00:00,,,,,,,,,,,,,,,,,
2022-08-08 03:00:00,,,,,,,,,,,,,,,,,
2022-08-08 04:00:00,,,,,,,,,,,,,,,,,
2022-08-08 05:00:00,,,,,,,,,,,,,,,,,
2022-08-08 06:00:00,,,,,,,,,,,,,,,,,
2022-08-08 07:00:00,,,,,,,,,,,,,,,,,
2022-08-08 08:00:00,,,,,,,,,,,,,,,,,
2022-08-08 09:00:00,,,,,,,,,,,,,,,,,
2022-08-08 10:00:00,,,,,,,,,,,,,,,,,
2022-08-08 11:00:00,,,,,,,,,,,,,,,,,
2022-08-08 12:00:00,,,,,,,,,,,,,,,,,
2022-08-08 13:00:00,,,,,,,,,,,,,,,,,
2022-08-08 14:00:00,,,,,,,,,,,,,,,,,
2022-08-08 15:00:00,,,,,,,,,,,,,,,,,
2022-08-08 16:00:00,,,,,,,,,,,,,,,,,
2022-08-08 17:00:00,,,,,,,,,,,,,,,,,
2022-08-08 18:00:00,,,,,,,,,,,,,,,,,
2022-08-08 19:00:00,,,,,,,,,,,,,,,,,
2022-08-08 20:00:00,,,,,,,,,,,,,,,,,
2022-08-08 21:00:00,,,,,,,,,,,,,,,,,
2022-08-08 22:00:00,,,,,,,,,,,,,,,,,
2022-08-08 23:00:00,,,,,,,,,,,,,,,,,
2022-08-09 00:00:00,,,,,,,,,,,,,,,,,
2022-08-09 01:00:00,,,,,,,,,,,,,,,,,
2022-08-09 02:00:00,,,,,,,,,,,,,,,,,
2022-08-09 03:00:00,,,,,,,,,,,,,,,,,
2022-08-09 04:00:00,,,,,,,,,,,,,,,,,
2022-08-09 05:00:00,,,,,,,,,,,,,,,,,
2022-08-09 06:00:00,,,,,,,,,,,,,,,,,
2022-08-09 07:00:00,,,,,,,,,,,,,,,,,
2022-08-09 08:00:00,,,,,,,,,,,,,,,,,
2022-08-09 09:00:00,,,,,,,,,,,,,,,,,
2022-08-09 10:00:00,,,,,,,,,,,,,,,,,
2022-08-09 11:00:00,,,,,,,,,,,,,,,,,
2022-08-09 12:00:00,,,,,,,,,,,,,,,,,
2022-08-09 13:00:00,,,,,,,,,,,,,,,,,
2022-08-09 14:00:00,,,,,,,,,,,,,,,,,
2022-08-09 15:00:00,,,,,,,,,,,,,,,,,
2022-08-09 16:00:00,,,,,,,,,,,,,,,,,
2022-08-09 17:00:00,,,,,,,,,,,,,,,,,
2022-08-09 18:00:00,,,,,,,,,,,,,,,,,
2022-08-09 19:00:00,,,,,,,,,,,,,,,,,
2022-08-09 20:00:00,,,,,,,,,,,,,,,,,
2022-08-09 21:00:00,,,,,,,,,,,,,,,,,
2022-08-09 22:00:00,,,,,,,,,,,,,,,,,
2022-08-09 23:00:00,,,,,,,,,,,,,,,,,
2022-08-10 00:00:00,,,,,,,,,,,,,,,,,
2022-08-10 01:00:00,,,,,,,,,,,,,,,,,
2022-08-10 02:00:00,,,,,,,,,,,,,,,,,
2022-08-10 03:00:00,,,,,,,,,,,,,,,,,
2022-08-10 04:00:00,,,,,,,,,,,,,,,,,
2022-08-10 05:00:00,,,,,,,,,,,,,,,,,
2022-08-10 06:00:00,,,,,,,,,,,,,,,,,
2022-08-10 07:00:00,,,,,,,,,,,,,,,,,
2022-08-10 08:00:00,,,,,,,,,,,,,,,,,
2022-08-10 09:00:00,,,,,,,,,,,,,,,,,
2022-08-10 10:00:00,,,,,,,,,,,,,,,,,
2022-08-10 11:00:00,,,,,,,,,,,,,,,,,
2022-08-10 12:00:00,,,,,,,,,,,,,,,,,
2022-08-10 13:00:00,,,,,,,,,,,,,,,,,
2022-08-10 14:00:00,,,,,,,,,,,,,,,,,
2022-08-10 15:00:00,,,,,,,,,,,,,,,,,
2022-08-10 16:00:00,,,,,,,,,,,,,,,,,
2022-08-10 17:00:00,,,,,,,,,,,,,,,,,
2022-08-10 18:00:00,,,,,,,,,,,,,,,,,
2022-08-10 19:00:00,,,,,,,,,,,,,,,,,
2022-08-10 20:00:00,,,,,,,,,,,,,,,,,
2022-08-10 21:00:00,,,,,,,,,,,,,,,,,
2022-08-10 22:00:00,,,,,,,,,,,,,,,,,
2022-08-10 23:00:00,,,,,,,,,,,,,,,,,
2022-08-11 00:00:00,,,,,,,,,,,,,,,,,
2022-08-11 01:00:00,,,,,,,,,,,,,,,,,
2022-08-11 02:00:00,,,,,,,,,,,,,,,,,
2022-08-11 03:00:00,,,,,,,,,,,,,,,,,
2022-08-11 04:00:00,,,,,,,,,,,,,,,,,
2022-08-11 05:00:00,,,,,,,,,,,,,,,,,
2022-08-11 06:00:00,,,,,,,,,,,,,,,,,
2022-08-11 07:00:00,,,,,,,,,,,,,,,,,
2022-08-11 08:00:00,,,,,,,,,,,,,,,,,
2022-08-11 09:00:00,,,,,,,,,,,,,,,,,
2022-08-11 10:00:00,,,,,,,,,,,,,,,,,
2022-08-11 11:00:00,,,,,,,,,,,,,,,,,
2022-08-11 12:00:00,,,,,,,,,,,,,,,,,
2022-08-11 13:00:00,,,,,,,,,,,,,,,,,
2022-08-11 14:00:00,,,,,,,,,,,,,,,,,
2022-08-11 15:00:00,,,,,,,,,,,,,,,,,
2022-08-11 16:00:00,,,,,,,,,,,,,,,,,
2022-08-11 17:00:00,,,,,,,,,,,,,,,,,
2022-08-11 18:00:00,,,,,,,,,,,,,,,,,
2022-08-11 19:00:00,,,,,,,,,,,,,,,,,
2022-08-11 20:00:00,,,,,,,,,,,,,,,,,
2022-08-11 21:00:00,,,,,,,,,,,,,,,,,
2022-08-11 22:00:00,,,,,,,,,,,,,,,,,
2022-08-11 23:00:00,,,,,,,,,,,,,,,,,
2022-08-12 00:00:00,,,,,,,,,,,,,,,,,
2022-08-12 01:00:00,,,,,,,,,,,,,,,,,
2022-08-12 02:00:00,,,,,,,,,,,,,,,,,
2022-08-12 03:00:00,,,,,,,,,,,,,,,,,
2022-08-12 04:00:00,,,,,,,,,,,,,,,,,
2022-08-12 05:00:00,,,,,,,,,,,,,,,,,
2022-08-12 06:00:00,,,,,,,,,,,,,,,,,
2022-08-12 07:00:00,,,,,,,,,,,,,,,,,
2022-08-12 08:00:00,,,,,,,,,,,,,,,,,
2022-08-12 09:00:00,,,,,,,,,,,,,,,,,
2022-08-12 10:00:00,,,,,,,,,,,,,,,,,
2022-08-12 11:00:00,,,,,,,,,,,,,,,,,
2022-08-12 12:00:00,,,,,,,,,,,,,,,,,
2022-08-12 13:00:00,,,,,,,,,,,,,,,,,
2022-08-12 14:00:00,,,,,,,,,,,,,,,,,
2022-08-12 15:00:00,,,,,,,,,,,,,,,,,
2022-08-12 16:00:00,,,,,,,,,,,,,,,,,
2022-08-12 17:00:00,,,,,,,,,,,,,,,,,
2022-08-12 18:00:00,,,,,,,,,,,,,,,,,
2022-08-12 19:00:00,,,,,,,,,,,,,,,,,
2022-08-12 20:00:00,,,,,,,,,,,,,,,,,
2022-08-12 21:00:00,,,,,,,,,,,,,,,,,
2022-08-12 22:00:00,,,,,,,,,,,,,,,,,
2022-08-12 23:00:00,,,,,,,,,,,,,,,,,
2022-08-13 00:00:00,,,,,,,,,,,,,,,,,
2022-08-13 01:00:00,,,,,,,,,,,,,,,,,
2022-08-13 02:00:00,,,,,,,,,,,,,,,,,
2022-08-13 03:00:00,,,,,,,,,,,,,,,,,
2022-08-13 04:00:00,,,,,,,,,,,,,,,,,
2022-08-13 05:00:00,,,,,,,,,,,,,,,,,
2022-08-13 06:00:00,,,,,,,,,,,,,,,,,
2022-08-13 07:00:00,,,,,,,,,,,,,,,,,
2022-08-13 08:00:00,,,,,,,,,,,,,,,,,
2022-08-13 09:00:00,,,,,,,,,,,,,,,,,
2022-08-13 10:00:00,,,,,,,,,,,,,,,,,
2022-08-13 11:00:00,,,,,,,,,,,,,,,,,
2022-08-13 12:00:00,,,,,,,,,,,,,,,,,
2022-08-13 13:00:00,,,,,,,,,,,,,,,,,
2022-08-13 14:00:00,,,,,,,,,,,,,,,,,
2022-08-13 15:00:00,,,,,,,,,,,,,,,,,
2022-08-13 16:00:00,,,,,,,,,,,,,,,,,
2022-08-13 17:00:00,,,,,,,,,,,,,,,,,
2022-08-13 18:00:00,,,,,,,,,,,,,,,,,
2022-08-13 19:00:00,,,,,,,,,,,,,,,,,
2022-08-13 20:00:00,,,,,,,,,,,,,,,,,
2022-08-13 21:00:00,,,,,,,,,,,,,,,,,
2022-08-13 22:00:00,,,,,,,,,,,,,,,,,
2022-08-13 23:00:00,,,,,,,,,,,,,,,,,
2022-08-14 00:00:00,,,,,,,,,,,,,,,,,
2022-08-14 01:00:00,,,,,,,,,,,,,,,,,
2022-08-14 02:00:00,,,,,,,,,,,,,,,,,
2022-08-14 03:00:00,,,,,,,,,,,,,,,,,
2022-08-14 04:00:00,,,,,,,,,,,,,,,,,
2022-08-14 05:00:00,,,,,,,,,,,,,,,,,
2022-08-14 06:00:00,,,,,,,,,,,,,,,,,
2022-08-14 07:00:00,,,,,,,,,,,,,,,,,
2022-08-14 08:00:00,,,,,,,,,,,,,,,,,
2022-08-14 09:00:00,,,,,,,,,,,,,,,,,
2022-08-14 10:00:00,,,,,,,,,,,,,,,,,
2022-08-14 11:00:00,,,,,,,,,,,,,,,,,
2022-08-14 12:00:00,,,,,,,,,,,,,,,,,
2022-08-14 13:00:00,,,,,,,,,,,,,,,,,
2022-08-14 14:00:00,,,,,,,,,,,,,,,,,
2022-08-14 15:00:00,,,,,,,,,,,,,,,,,
2022-08-14 16:00:00,,,,,,,,,,,,,,,,,
2022-08-14 17:00:00,,,,,,,,,,,,,,,,,
2022-08-14 18:00:00,,,,,,,,,,,,,,,,,
2022-08-14 19:00:00,,,,,,,,,,,,,,,,,
2022-08-14 20:00:00,,,,,,,,,,,,,,,,,
2022-08-14 21:00:00,,,,,,,,,,,,,,,,,
2022-08-14 22:00:00,,,,,,,,,,,,,,,,,
2022-08-14 23:00:00,,,,,,,,,,,,,,,,,
2022-08-15 00:00:00,,,,,,,,,,,,,,,,,
2022-08-15 01:00:00,,,,,,,,,,,,,,,,,
2022-08-15 02:00:00,,,,,,,,,,,,,,,,,
2022-08-15 03:00:00,,,,,,,,,,,,,,,,,
2022-08-15 04:00:00,,,,,,,,,,,,,,,,,
2022-08-15 05:00:00,,,,,,,,,,,,,,,,,
2022-08-15 06:00:00,,,,,,,,,,,,,,,,,
2022-08-15 07:00:00,,,,,,,,,,,,,,,,,
2022-08-15 08:00:00,,,,,,,,,,,,,,,,,
2022-08-15 09:00:00,,,,,,,,,,,,,,,,,
2022-08-15 10:00:00,,,,,,,,,,,,,,,,,
2022-08-15 11:00:00,,,,,,,,,,,,,,,,,
2022-08-15 12:00:00,,,,,,,,,,,,,,,,,
2022-08-15 13:00:00,,,,,,,,,,,,,,,,,
2022-08-15 14:00:00,,,,,,,,,,,,,,,,,
2022-08-15 15:00:00,,,,,,,,,,,,,,,,,
2022-08-15 16:00:00,,,,,,,,,,,,,,,,,
2022-08-15 17:00:00,,,,,,,,,,,,,,,,,
2022-08-15 18:00:00,,,,,,,,,,,,,,,,,
2022-08-15 19:00:00,,,,,,,,,,,,,,,,,
2022-08-15 20:00:00,,,,,,,,,,,,,,,,,
2022-08-15 21:00:00,,,,,,,,,,,,,,,,,
2022-08-15 22:00:00,,,,,,,,,,,,,,,,,
2022-08-15 23:00:00,,,,,,,,,,,,,,,,,
2022-08-16 00:00:00,,,,,,,,,,,,,,,,,
2022-08-16 01:00:00,,,,,,,,,,,,,,,,,
2022-08-16 02:00:00,,,,,,,,,,,,,,,,,
2022-08-16 03:00:00,,,,,,,,,,,,,,,,,
2022-08-16 04:00:00,,,,,,,,,,,,,,,,,
2022-08-16 05:00:00,,,,,,,,,,,,,,,,,
2022-08-16 06:00:00,,,,,,,,,,,,,,,,,
2022-08-16 07:00:00,,,,,,,,,,,,,,,,,
2022-08-16 08:00:00,,,,,,,,,,,,,,,,,
2022-08-16 09:00:00,,,,,,,,,,,,,,,,,
2022-08-16 10:00:00,,,,,,,,,,,,,,,,,
2022-08-16 11:00:00,,,,,,,,,,,,,,,,,
2022-08-16 12:00:00,,,,,,,,,,,,,,,,,
2022-08-16 13:00:00,,,,,,,,,,,,,,,,,
2022-08-16 14:00:00,,,,,,,,,,,,,,,,,
2022-08-16 15:00:00,,,,,,,,,,,,,,,,,
2022-08-16 16:00:00,,,,,,,,,,,,,,,,,
2022-08-16 17:00:00,,,,,,,,,,,,,,,,,
2022-08-16 18:00:00,,,,,,,,,,,,,,,,,
2022-08-16 19:00:00,,,,,,,,,,,,,,,,,
2022-08-16 20:00:00,,,,,,,,,,,,,,,,,
2022-08-16 21:00:00,,,,,,,,,,,,,,,,,
2022-08-16 22:00:00,,,,,,,,,,,,,,,,,
2022-08-16 23:00:00,,,,,,,,,,,,,,,,,
2022-08-17 00:00:00,,,,,,,,,,,,,,,,,
2022-08-17 01:00:00,,,,,,,,,,,,,,,,,
2022-08-17 02:00:00,,,,,,,,,,,,,,,,,
2022-08-17 03:00:00,,,,,,,,,,,,,,,,,
2022-08-17 04:00:00,,,,,,,,,,,,,,,,,
2022-08-17 05:00:00,,,,,,,,,,,,,,,,,
2022-08-17 06:00:00,,,,,,,,,,,,,,,,,
2022-08-17 07:00:00,,,,,,,,,,,,,,,,,
2022-08-17 08:00:00,,,,,,,,,,,,,,,,,
2022-08-17 09:00:00,,,,,,,,,,,,,,,,,
2022-08-17 10:00:00,,,,,,,,,,,,,,,,,
2022-08-17 11:00:00,,,,,,,,,,,,,,,,,
2022-08-17 12:00:00,,,,,,,,,,,,,,,,,
2022-08-17 13:00:00,,,,,,,,,,,,,,,,,
2022-08-17 14:00:00,,,,,,,,,,,,,,,,,
2022-08-17 15:00:00,,,,,,,,,,,,,,,,,
2022-08-17 16:00:00,,,,,,,,,,,,,,,,,
2022-08-17 17:00:00,,,,,,,,,,,,,,,,,
2022-08-17 18:00:00,,,,,,,,,,,,,,,,,
2022-08-17 19:00:00,,,,,,,,,,,,,,,,,
2022-08-17 20:00:00,,,,,,,,,,,,,,,,,
2022-08-17 21:00:00,,,,,,,,,,,,,,,,,
2022-08-17 22:00:00,,,,,,,,,,,,,,,,,
2022-08-17 23:00:00,,,,,,,,,,,,,,,,,
2022-08-18 00:00:00,,,,,,,,,,,,,,,,,
2022-08-18 01:00:00,,,,,,,,,,,,,,,,,
2022-08-18 02:00:00,,,,,,,,,,,,,,,,,
2022-08-18 03:00:00,,,,,,,,,,,,,,,,,
2022-08-18 04:00:00,,,,,,,,,,,,,,,,,
2022-08-18 05:00:00,,,,,,,,,,,,,,,,,
2022-08-18 06:00:00,,,,,,,,,,,,,,,,,
2022-08-18 07:00:00,,,,,,,,,,,,,,,,,
2022-08-18 08:00:00,,,,,,,,,,,,,,,,,
2022-08-18 09:00:00,,,,,,,,,,,,,,,,,
2022-08-18 10:00:00,,,,,,,,,,,,,,,,,
2022-08-18 11:00:00,,,,,,,,,,,,,,,,,
2022-08-18 12:00:00,,,,,,,,,,,,,,,,,
2022-08-18 13:00:00,,,,,,,,,,,,,,,,,
2022-08-18 14:00:00,,,,,,,,,,,,,,,,,
2022-08-18 15:00:00,,,,,,,,,,,,,,,,,
2022-08-18 16:00:00,,,,,,,,,,,,,,,,,
2022-08-18 17:00:00,,,,,,,,,,,,,,,,,
2022-08-18 18:00:00,,,,,,,,,,,,,,,,,
2022-08-18 19:00:00,,,,,,,,,,,,,,,,,
2022-08-18 20:00:00,,,,,,,,,,,,,,,,,
2022-08-18 21:00:00,,,,,,,,,,,,,,,,,
2022-08-18 22:00:00,,,,,,,,,,,,,,,,,
2022-08-18 23:00:00,,,,,,,,,,,,,,,,,
2022-08-19 00:00:00,,,,,,,,,,,,,,,,,
2022-08-19 01:00:00,,,,,,,,,,,,,,,,,
2022-08-19 02:00:00,,,,,,,,,,,,,,,,,
2022-08-19 03:00:00,,,,,,,,,,,,,,,,,
2022-08-19 04:00:00,,,,,,,,,,,,,,,,,
2022-08-19 05:00:00,,,,,,,,,,,,,,,,,
2022-08-19 06:00:00,,,,,,,,,,,,,,,,,
2022-08-19 07:00:00,,,,,,,,,,,,,,,,,
2022-08-19 08:00:00,,,,,,,,,,,,,,,,,
2022-08-19 09:00:00,,,,,,,,,,,,,,,,,
2022-08-19 10:00:00,,,,,,,,,,,,,,,,,
2022-08-19 11:00:00,,,,,,,,,,,,,,,,,
2022-08-19 12:00:00,,,,,,,,,,,,,,,,,
2022-08-19 13:00:00,,,,,,,,,,,,,,,,,
2022-08-19 14:00:00,,,,,,,,,,,,,,,,,
2022-08-19 15:00:00,,,,,,,,,,,,,,,,,
2022-08-19 16:00:00,,,,,,,,,,,,,,,,,
2022-08-19 17:00:00,,,,,,,,,,,,,,,,,
2022-08-19 18:00:00,,,,,,,,,,,,,,,,,
2022-08-19 19:00:00,,,,,,,,,,,,,,,,,
2022-08-19 20:00:00,,,,,,,,,,,,,,,,,
2022-08-19 21:00:00,,,,,,,,,,,,,,,,,
2022-08-19 22:00:00,,,,,,,,,,,,,,,,,
2022-08-19 23:00:00,,,,,,,,,,,,,,,,,
2022-08-20 00:00:00,,,,,,,,,,,,,,,,,
2022-08-20 01:00:00,,,,,,,,,,,,,,,,,
2022-08-20 02:00:00,,,,,,,,,,,,,,,,,
2022-08-20 03:00:00,,,,,,,,,,,,,,,,,
2022-08-20 04:00:00,,,,,,,,,,,,,,,,,
2022-08-20 05:00:00,,,,,,,,,,,,,,,,,
2022-08-20 06:00:00,,,,,,,,,,,,,,,,,
2022-08-20 07:00:00,,,,,,,,,,,,,,,,,
2022-08-20 08:00:00,,,,,,,,,,,,,,,,,
2022-08-20 09:00:00,,,,,,,,,,,,,,,,,
2022-08-20 10:00:00,,,,,,,,,,,,,,,,,
2022-08-20 11:00:00,,,,,,,,,,,,,,,,,
2022-08-20 12:00:00,,,,,,,,,,,,,,,,,
2022-08-20 13:00:00,,,,,,,,,,,,,,,,,
2022-08-20 14:00:00,,,,,,,,,,,,,,,,,
2022-08-20 15:00:00,,,,,,,,,,,,,,,,,
2022-08-20 16:00:00,,,,,,,,,,,,,,,,,
2022-08-20 17:00:00,,,,,,,,,,,,,,,,,
2022-08-20 18:00:00,,,,,,,,,,,,,,,,,
2022-08-20 19:00:00,,,,,,,,,,,,,,,,,
2022-08-20 20:00:00,,,,,,,,,,,,,,,,,
2022-08-20 21:00:00,,,,,,,,,,,,,,,,,
2022-08-20 22:00:00,,,,,,,,,,,,,,,,,
2022-08-20 23:00:00,,,,,,,,,,,,,,,,,
2022-08-21 00:00:00,,,,,,,,,,,,,,,,,
2022-08-21 01:00:00,,,,,,,,,,,,,,,,,
2022-08-21 02:00:00,,,,,,,,,,,,,,,,,
2022-08-21 03:00:00,,,,,,,,,,,,,,,,,
2022-08-21 04:00:00,,,,,,,,,,,,,,,,,
2022-08-21 05:00:00,,,,,,,,,,,,,,,,,
2022-08-21 06:00:00,,,,,,,,,,,,,,,,,
2022-08-21 07:00:00,,,,,,,,,,,,,,,,,
2022-08-21 08:00:00,,,,,,,,,,,,,,,,,
2022-08-21 09:00:00,,,,,,,,,,,,,,,,,
2022-08-21 10:00:00,,,,,,,,,,,,,,,,,
2022-08-21 11:00:00,,,,,,,,,,,,,,,,,
2022-08-21 12:00:00,,,,,,,,,,,,,,,,,
2022-08-21 13:00:00,,,,,,,,,,,,,,,,,
2022-08-21 14:00:00,,,,,,,,,,,,,,,,,
2022-08-21 15:00:00,,,,,,,,,,,,,,,,,
2022-08-21 16:00:00,,,,,,,,,,,,,,,,,
2022-08-21 17:00:00,,,,,,,,,,,,,,,,,
2022-08-21 18:00:00,,,,,,,,,,,,,,,,,
2022-08-21 19:00:00,,,,,,,,,,,,,,,,,
2022-08-21 20:00:00,,,,,,,,,,,,,,,,,
2022-08-21 21:00:00,,,,,,,,,,,,,,,,,
2022-08-21 22:00:00,,,,,,,,,,,,,,,,,
2022-08-21 23:00:00,,,,,,,,,,,,,,,,,
2022-08-22 00:00:00,,,,,,,,,,,,,,,,,
2022-08-22 01:00:00,,,,,,,,,,,,,,,,,
2022-08-22 02:00:00,,,,,,,,,,,,,,,,,
2022-08-22 03:00:00,,,,,,,,,,,,,,,,,
2022-08-22 04:00:00,,,,,,,,,,,,,,,,,
2022-08-22 05:00:00,,,,,,,,,,,,,,,,,
2022-08-22 06:00:00,,,,,,,,,,,,,,,,,
2022-08-22 07:00:00,,,,,,,,,,,,,,,,,
2022-08-22 08:00:00,,,,,,,,,,,,,,,,,
2022-08-22 09:00:00,,,,,,,,,,,,,,,,,
2022-08-22 10:00:00,,,,,,,,,,,,,,,,,
2022-08-22 11:00:00,,,,,,,,,,,,,,,,,
2022-08-22 12:00:00,,,,,,,,,,,,,,,,,
2022-08-22 13:00:00,,,,,,,,,,,,,,,,,
2022-08-22 14:00:00,,,,,,,,,,,,,,,,,
2022-08-22 15:00:00,,,,,,,,,,,,,,,,,
2022-08-22 16:00:00,,,,,,,,,,,,,,,,,
2022-08-22 17:00:00,,,,,,,,,,,,,,,,,
2022-08-22 18:00:00,,,,,,,,,,,,,,,,,
2022-08-22 19:00:00,,,,,,,,,,,,,,,,,
2022-08-22 20:00:00,,,,,,,,,,,,,,,,,
2022-08-22 21:00:00,,,,,,,,,,,,,,,,,
2022-08-22 22:00:00,,,,,,,,,,,,,,,,,
2022-08-22 23:00:00,,,,,,,,,,,,,,,,,
2022-08-23 00:00:00,,,,,,,,,,,,,,,,,
2022-08-23 01:00:00,,,,,,,,,,,,,,,,,
2022-08-23 02:00:00,,,,,,,,,,,,,,,,,
2022-08-23 03:00:00,,,,,,,,,,,,,,,,,
2022-08-23 04:00:00,,,,,,,,,,,,,,,,,
2022-08-23 05:00:00,,,,,,,,,,,,,,,,,
2022-08-23 06:00:00,,,,,,,,,,,,,,,,,
2022-08-23 07:00:00,,,,,,,,,,,,,,,,,
2022-08-23 08:00:00,,,,,,,,,,,,,,,,,
2022-08-23 09:00:00,,,,,,,,,,,,,,,,,
2022-08-23 10:00:00,,,,,,,,,,,,,,,,,
2022-08-23 11:00:00,,,,,,,,,,,,,,,,,
2022-08-23 12:00:00,,,,,,,,,,,,,,,,,
2022-08-23 13:00:00,,,,,,,,,,,,,,,,,
2022-08-23 14:00:00,,,,,,,,,,,,,,,,,
2022-08-23 15:00:00,,,,,,,,,,,,,,,,,
2022-08-23 16:00:00,,,,,,,,,,,,,,,,,
2022-08-23 17:00:00,,,,,,,,,,,,,,,,,
2022-08-23 18:00:00,,,,,,,,,,,,,,,,,
2022-08-23 19:00:00,,,,,,,,,,,,,,,,,
2022-08-23 20:00:00,,,,,,,,,,,,,,,,,
2022-08-23 21:00:00,,,,,,,,,,,,,,,,,
2022-08-23 22:00:00,,,,,,,,,,,,,,,,,
2022-08-23 23:00:00,,,,,,,,,,,,,,,,,
2022-08-24 00:00:00,,,,,,,,,,,,,,,,,
2022-08-24 01:00:00,,,,,,,,,,,,,,,,,
2022-08-24 02:00:00,,,,,,,,,,,,,,,,,
2022-08-24 03:00:00,,,,,,,,,,,,,,,,,
2022-08-24 04:00:00,,,,,,,,,,,,,,,,,
2022-08-24 05:00:00,,,,,,,,,,,,,,,,,
2022-08-24 06:00:00,,,,,,,,,,,,,,,,,
2022-08-24 07:00:00,,,,,,,,,,,,,,,,,
2022-08-24 08:00:00,,,,,,,,,,,,,,,,,
2022-08-24 09:00:00,,,,,,,,,,,,,,,,,
2022-08-24 10:00:00,,,,,,,,,,,,,,,,,
2022-08-24 11:00:00,,,,,,,,,,,,,,,,,
2022-08-24 12:00:00,,,,,,,,,,,,,,,,,
2022-08-24 13:00:00,,,,,,,,,,,,,,,,,
2022-08-24 14:00:00,,,,,,,,,,,,,,,,,
2022-08-24 15:00:00,,,,,,,,,,,,,,,,,
2022-08-24 16:00:00,,,,,,,,,,,,,,,,,
2022-08-24 17:00:00,,,,,,,,,,,,,,,,,
2022-08-24 18:00:00,,,,,,,,,,,,,,,,,
2022-08-24 19:00:00,,,,,,,,,,,,,,,,,
2022-08-24 20:00:00,,,,,,,,,,,,,,,,,
2022-08-24 21:00:00,,,,,,,,,,,,,,,,,
2022-08-24 22:00:00,,,,,,,,,,,,,,,,,
2022-08-24 23:00:00,,,,,,,,,,,,,,,,,
2022-08-25 00:00:00,,,,,,,,,,,,,,,,,
2022-08-25 01:00:00,,,,,,,,,,,,,,,,,
2022-08-25 02:00:00,,,,,,,,,,,,,,,,,
2022-08-25 03:00:00,,,,,,,,,,,,,,,,,
2022-08-25 04:00:00,,,,,,,,,,,,,,,,,
2022-08-25 05:00:00,,,,,,,,,,,,,,,,,
2022-08-25 06:00:00,,,,,,,,,,,,,,,,,
2022-08-25 07:00:00,,,,,,,,,,,,,,,,,
2022-08-25 08:00:00,,,,,,,,,,,,,,,,,
2022-08-25 09:00:00,,,,,,,,,,,,,,,,,
2022-08-25 10:00:00,,,,,,,,,,,,,,,,,
2022-08-25 11:00:00,,,,,,,,,,,,,,,,,
2022-08-25 12:00:00,,,,,,,,,,,,,,,,,
2022-08-25 13:00:00,,,,,,,,,,,,,,,,,
2022-08-25 14:00:00,,,,,,,,,,,,,,,,,
2022-08-25 15:00:00,,,,,,,,,,,,,,,,,
2022-08-25 16:00:00,,,,,,,,,,,,,,,,,
2022-08-25 17:00:00,,,,,,,,,,,,,,,,,
2022-08-25 18:00:00,,,,,,,,,,,,,,,,,
2022-08-25 19:00:00,,,,,,,,,,,,,,,,,
2022-08-25 20:00:00,,,,,,,,,,,,,,,,,
2022-08-25 21:00:00,,,,,,,,,,,,,,,,,
2022-08-25 22:00:00,,,,,,,,,,,,,,,,,
2022-08-25 23:00:00,,,,,,,,,,,,,,,,,
2022-08-26 00:00:00,,,,,,,,,,,,,,,,,
2022-08-26 01:00:00,,,,,,,,,,,,,,,,,
2022-08-26 02:00:00,,,,,,,,,,,,,,,,,
2022-08-26 03:00:00,,,,,,,,,,,,,,,,,
2022-08-26 04:00:00,,,,,,,,,,,,,,,,,
2022-08-26 05:00:00,,,,,,,,,,,,,,,,,
2022-08-26 06:00:00,,,,,,,,,,,,,,,,,
2022-08-26 07:00:00,,,,,,,,,,,,,,,,,
2022-08-26 08:00:00,,,,,,,,,,,,,,,,,
2022-08-26 09:00:00,,,,,,,,,,,,,,,,,
2022-08-26 10:00:00,,,,,,,,,,,,,,,,,
2022-08-26 11:00:00,,,,,,,,,,,,,,,,,
2022-08-26 12:00:00,,,,,,,,,,,,,,,,,
2022-08-26 13:00:00,,,,,,,,,,,,,,,,,
2022-08-26 14:00:00,,,,,,,,,,,,,,,,,
2022-08-26 15:00:00,,,,,,,,,,,,,,,,,
2022-08-26 16:00:00,,,,,,,,,,,,,,,,,
2022-08-26 17:00:00,,,,,,,,,,,,,,,,,
2022-08-26 18:00:00,,,,,,,,,,,,,,,,,
2022-08-26 19:00:00,,,,,,,,,,,,,,,,,
2022-08-26 20:00:00,,,,,,,,,,,,,,,,,
2022-08-26 21:00:00,,,,,,,,,,,,,,,,,
2022-08-26 22:00:00,,,,,,,,,,,,,,,,,
2022-08-26 23:00:00,,,,,,,,,,,,,,,,,
2022-08-27 00:00:00,,,,,,,,,,,,,,,,,
2022-08-27 01:00:00,,,,,,,,,,,,,,,,,
2022-08-27 02:00:00,,,,,,,,,,,,,,,,,
2022-08-27 03:00:00,,,,,,,,,,,,,,,,,
2022-08-27 04:00:00,,,,,,,,,,,,,,,,,
2022-08-27 05:00:00,,,,,,,,,,,,,,,,,
2022-08-27 06:00:00,,,,,,,,,,,,,,,,,
2022-08-27 07:00:00,,,,,,,,,,,,,,,,,
2022-08-27 08:00:00,,,,,,,,,,,,,,,,,
2022-08-27 09:00:00,,,,,,,,,,,,,,,,,
2022-08-27 10:00:00,,,,,,,,,,,,,,,,,
2022-08-27 11:00:00,,,,,,,,,,,,,,,,,
2022-08-27 12:00:00,,,,,,,,,,,,,,,,,
2022-08-27 13:00:00,,,,,,,,,,,,,,,,,
2022-08-27 14:00:00,,,,,,,,,,,,,,,,,
2022-08-27 15:00:00,,,,,,,,,,,,,,,,,
2022-08-27 16:00:00,,,,,,,,,,,,,,,,,
2022-08-27 17:00:00,,,,,,,,,,,,,,,,,
2022-08-27 18:00:00,,,,,,,,,,,,,,,,,
2022-08-27 19:00:00,,,,,,,,,,,,,,,,,
2022-08-27 20:00:00,,,,,,,,,,,,,,,,,
2022-08-27 21:00:00,,,,,,,,,,,,,,,,,
2022-08-27 22:00:00,,,,,,,,,,,,,,,,,
2022-08-27 23:00:00,,,,,,,,,,,,,,,,,
2022-08-28 00:00:00,,,,,,,,,,,,,,,,,
2022-08-28 01:00:00,,,,,,,,,,,,,,,,,
2022-08-28 02:00:00,,,,,,,,,,,,,,,,,
2022-08-28 03:00:00,,,,,,,,,,,,,,,,,
2022-08-28 04:00:00,,,,,,,,,,,,,,,,,
2022-08-28 05:00:00,,,,,,,,,,,,,,,,,
2022-08-28 06:00:00,,,,,,,,,,,,,,,,,
2022-08-28 07:00:00,,,,,,,,,,,,,,,,,
2022-08-28 08:00:00,,,,,,,,,,,,,,,,,
2022-08-28 09:00:00,,,,,,,,,,,,,,,,,
2022-08-28 10:00:00,,,,,,,,,,,,,,,,,
2022-08-28 11:00:00,,,,,,,,,,,,,,,,,
2022-08-28 12:00:00,,,,,,,,,,,,,,,,,
2022-08-28 13:00:00,,,,,,,,,,,,,,,,,
2022-08-28 14:00:00,,,,,,,,,,,,,,,,,
2022-08-28 15:00:00,,,,,,,,,,,,,,,,,
2022-08-28 16:00:00,,,,,,,,,,,,,,,,,
2022-08-28 17:00:00,,,,,,,,,,,,,,,,,
2022-08-28 18:00:00,,,,,,,,,,,,,,,,,
2022-08-28 19:00:00,,,,,,,,,,,,,,,,,
2022-08-28 20:00:00,,,,,,,,,,,,,,,,,
2022-08-28 21:00:00,,,,,,,,,,,,,,,,,
2022-08-28 22:00:00,,,,,,,,,,,,,,,,,
2022-08-28 23:00:00,,,,,,,,,,,,,,,,,
2022-08-29 00:00:00,,,,,,,,,,,,,,,,,
2022-08-29 01:00:00,,,,,,,,,,,,,,,,,
2022-08-29 02:00:00,,,,,,,,,,,,,,,,,
2022-08-29 03:00:00,,,,,,,,,,,,,,,,,
2022-08-29 04:00:00,,,,,,,,,,,,,,,,,
2022-08-29 05:00:00,,,,,,,,,,,,,,,,,
2022-08-29 06:00:00,,,,,,,,,,,,,,,,,
2022-08-29 07:00:00,,,,,,,,,,,,,,,,,
2022-08-29 08:00:00,,,,,,,,,,,,,,,,,
2022-08-29 09:00:00,,,,,,,,,,,,,,,,,
2022-08-29 10:00:00,,,,,,,,,,,,,,,,,
2022-08-29 11:00:00,,,,,,,,,,,,,,,,,
2022-08-29 12:00:00,,,,,,,,,,,,,,,,,
2022-08-29 13:00:00,,,,,,,,,,,,,,,,,
2022-08-29 14:00:00,,,,,,,,,,,,,,,,,
2022-08-29 15:00:00,,,,,,,,,,,,,,,,,
2022-08-29 16:00:00,,,,,,,,,,,,,,,,,
2022-08-29 17:00:00,,,,,,,,,,,,,,,,,
2022-08-29 18:00:00,,,,,,,,,,,,,,,,,
2022-08-29 19:00:00,,,,,,,,,,,,,,,,,
2022-08-29 20:00:00,,,,,,,,,,,,,,,,,
2022-08-29 21:00:00,,,,,,,,,,,,,,,,,
2022-08-29 22:00:00,,,,,,,,,,,,,,,,,
2022-08-29 23:00:00,,,,,,,,,,,,,,,,,
2022-08-30 00:00:00,,,,,,,,,,,,,,,,,
2022-08-30 01:00:00,,,,,,,,,,,,,,,,,
2022-08-30 02:00:00,,,,,,,,,,,,,,,,,
2022-08-30 03:00:00,,,,,,,,,,,,,,,,,
2022-08-30 04:00:00,,,,,,,,,,,,,,,,,
2022-08-30 05:00:00,,,,,,,,,,,,,,,,,
2022-08-30 06:00:00,,,,,,,,,,,,,,,,,
2022-08-30 07:00:00,,,,,,,,,,,,,,,,,
2022-08-30 08:00:00,,,,,,,,,,,,,,,,,
2022-08-30 09:00:00,,,,,,,,,,,,,,,,,
2022-08-30 10:00:00,,,,,,,,,,,,,,,,,
2022-08-30 11:00:00,,,,,,,,,,,,,,,,,
2022-08-30 12:00:00,,,,,,,,,,,,,,,,,
2022-08-30 13:00:00,,,,,,,,,,,,,,,,,
2022-08-30 14:00:00,,,,,,,,,,,,,,,,,
2022-08-30 15:00:00,,,,,,,,,,,,,,,,,
2022-08-30 16:00:00,,,,,,,,,,,,,,,,,
2022-08-30 17:00:00,,,,,,,,,,,,,,,,,
2022-08-30 18:00:00,,,,,,,,,,,,,,,,,
2022-08-30 19:00:00,,,,,,,,,,,,,,,,,
2022-08-30 20:00:00,,,,,,,,,,,,,,,,,
2022-08-30 21:00:00,,,,,,,,,,,,,,,,,
2022-08-30 22:00:00,,,,,,,,,,,,,,,,,
2022-08-30 23:00:00,,,,,,,,,,,,,,,,,
2022-08-31 00:00:00,,,,,,,,,,,,,,,,,
2022-08-31 01:00:00,,,,,,,,,,,,,,,,,
2022-08-31 02:00:00,,,,,,,,,,,,,,,,,
2022-08-31 03:00:00,,,,,,,,,,,,,,,,,
2022-08-31 04:00:00,,,,,,,,,,,,,,,,,
2022-08-31 05:00:00,,,,,,,,,,,,,,,,,
2022-08-31 06:00:00,,,,,,,,,,,,,,,,,
2022-08-31 07:00:00,,,,,,,,,,,,,,,,,
2022-08-31 08:00:00,,,,,,,,,,,,,,,,,
2022-08-31 09:00:00,,,,,,,,,,,,,,,,,
2022-08-31 10:00:00,,,,,,,,,,,,,,,,,
2022-08-31 11:00:00,,,,,,,,,,,,,,,,,
2022-08-31 12:00:00,,,,,,,,,,,,,,,,,
2022-08-31 13:00:00,,,,,,,,,,,,,,,,,
2022-08-31 14:00:00,,,,,,,,,,,,,,,,,
2022-08-31 15:00:00,,,,,,,,,,,,,,,,,
2022-08-31 16:00:00,,,,,,,,,,,,,,,,,
2022-08-31 17:00:00,,,,,,,,,,,,,,,,,
2022-08-31 18:00:00,,,,,,,,,,,,,,,,,
2022-08-31 19:00:00,,,,,,,,,,,,,,,,,
2022-08-31 20:00:00,,,,,,,,,,,,,,,,,
2022-08-31 21:00:00,,,,,,,,,,,,,,,,,
2022-08-31 22:00:00,,,,,,,,,,,,,,,,,
2022-08-31 23:00:00,,,,,,,,,,,,,,,,,
2022-09-01 00:00:00,,,,,,,,,,,,,,,,,
2022-09-01 01:00:00,,,,,,,,,,,,,,,,,
2022-09-01 02:00:00,,,,,,,,,,,,,,,,,
2022-09-01 03:00:00,,,,,,,,,,,,,,,,,
2022-09-01 04:00:00,,,,,,,,,,,,,,,,,
2022-09-01 05:00:00,,,,,,,,,,,,,,,,,
2022-09-01 06:00:00,,,,,,,,,,,,,,,,,
2022-09-01 07:00:00,,,,,,,,,,,,,,,,,
2022-09-01 08:00:00,,,,,,,,,,,,,,,,,
2022-09-01 09:00:00,,,,,,,,,,,,,,,,,
2022-09-01 10:00:00,,,,,,,,,,,,,,,,,
2022-09-01 11:00:00,,,,,,,,,,,,,,,,,
2022-09-01 12:00:00,,,,,,,,,,,,,,,,,
2022-09-01 13:00:00,,,,,,,,,,,,,,,,,
2022-09-01 14:00:00,,,,,,,,,,,,,,,,,
2022-09-01 15:00:00,,,,,,,,,,,,,,,,,
2022-09-01 16:00:00,,,,,,,,,,,,,,,,,
2022-09-01 17:00:00,,,,,,,,,,,,,,,,,
2022-09-01 18:00:00,,,,,,,,,,,,,,,,,
2022-09-01 19:00:00,,,,,,,,,,,,,,,,,
2022-09-01 20:00:00,,,,,,,,,,,,,,,,,
2022-09-01 21:00:00,,,,,,,,,,,,,,,,,
2022-09-01 22:00:00,,,,,,,,,,,,,,,,,
2022-09-01 23:00:00,,,,,,,,,,,,,,,,,
2022-09-02 00:00:00,,,,,,,,,,,,,,,,,
2022-09-02 01:00:00,,,,,,,,,,,,,,,,,
2022-09-02 02:00:00,,,,,,,,,,,,,,,,,
2022-09-02 03:00:00,,,,,,,,,,,,,,,,,
2022-09-02 04:00:00,,,,,,,,,,,,,,,,,
2022-09-02 05:00:00,,,,,,,,,,,,,,,,,
2022-09-02 06:00:00,,,,,,,,,,,,,,,,,
2022-09-02 07:00:00,,,,,,,,,,,,,,,,,
2022-09-02 08:00:00,,,,,,,,,,,,,,,,,
2022-09-02 09:00:00,,,,,,,,,,,,,,,,,
2022-09-02 10:00:00,,,,,,,,,,,,,,,,,
2022-09-02 11:00:00,,,,,,,,,,,,,,,,,
2022-09-02 12:00:00,,,,,,,,,,,,,,,,,
2022-09-02 13:00:00,,,,,,,,,,,,,,,,,
2022-09-02 14:00:00,,,,,,,,,,,,,,,,,
2022-09-02 15:00:00,,,,,,,,,,,,,,,,,
2022-09-02 16:00:00,,,,,,,,,,,,,,,,,
2022-09-02 17:00:00,,,,,,,,,,,,,,,,,
2022-09-02 18:00:00,,,,,,,,,,,,,,,,,
2022-09-02 19:00:00,,,,,,,,,,,,,,,,,
2022-09-02 20:00:00,,,,,,,,,,,,,,,,,
2022-09-02 21:00:00,,,,,,,,,,,,,,,,,
2022-09-02 22:00:00,,,,,,,,,,,,,,,,,
2022-09-02 23:00:00,,,,,,,,,,,,,,,,,
2022-09-03 00:00:00,,,,,,,,,,,,,,,,,
2022-09-03 01:00:00,,,,,,,,,,,,,,,,,
2022-09-03 02:00:00,,,,,,,,,,,,,,,,,
2022-09-03 03:00:00,,,,,,,,,,,,,,,,,
2022-09-03 04:00:00,,,,,,,,,,,,,,,,,
2022-09-03 05:00:00,,,,,,,,,,,,,,,,,
2022-09-03 06:00:00,,,,,,,,,,,,,,,,,
2022-09-03 07:00:00,,,,,,,,,,,,,,,,,
2022-09-03 08:00:00,,,,,,,,,,,,,,,,,
2022-09-03 09:00:00,,,,,,,,,,,,,,,,,
2022-09-03 10:00:00,,,,,,,,,,,,,,,,,
2022-09-03 11:00:00,,,,,,,,,,,,,,,,,
2022-09-03 12:00:00,,,,,,,,,,,,,,,,,
2022-09-03 13:00:00,,,,,,,,,,,,,,,,,
2022-09-03 14:00:00,,,,,,,,,,,,,,,,,
2022-09-03 15:00:00,,,,,,,,,,,,,,,,,
2022-09-03 16:00:00,,,,,,,,,,,,,,,,,
2022-09-03 17:00:00,,,,,,,,,,,,,,,,,
2022-09-03 18:00:00,,,,,,,,,,,,,,,,,
2022-09-03 19:00:00,,,,,,,,,,,,,,,,,
2022-09-03 20:00:00,,,,,,,,,,,,,,,,,
2022-09-03 21:00:00,,,,,,,,,,,,,,,,,
2022-09-03 22:00:00,,,,,,,,,,,,,,,,,
2022-09-03 23:00:00,,,,,,,,,,,,,,,,,
2022-09-04 00:00:00,,,,,,,,,,,,,,,,,
2022-09-04 01:00:00,,,,,,,,,,,,,,,,,
2022-09-04 02:00:00,,,,,,,,,,,,,,,,,
2022-09-04 03:00:00,,,,,,,,,,,,,,,,,
2022-09-04 04:00:00,,,,,,,,,,,,,,,,,
2022-09-04 05:00:00,,,,,,,,,,,,,,,,,
2022-09-04 06:00:00,,,,,,,,,,,,,,,,,
2022-09-04 07:00:00,,,,,,,,,,,,,,,,,
2022-09-04 08:00:00,,,,,,,,,,,,,,,,,
2022-09-04 09:00:00,,,,,,,,,,,,,,,,,
2022-09-04 10:00:00,,,,,,,,,,,,,,,,,
2022-09-04 11:00:00,,,,,,,,,,,,,,,,,
2022-09-04 12:00:00,,,,,,,,,,,,,,,,,
2022-09-04 13:00:00,,,,,,,,,,,,,,,,,
2022-09-04 14:00:00,,,,,,,,,,,,,,,,,
2022-09-04 15:00:00,,,,,,,,,,,,,,,,,
2022-09-04 16:00:00,,,,,,,,,,,,,,,,,
2022-09-04 17:00:00,,,,,,,,,,,,,,,,,
2022-09-04 18:00:00,,,,,,,,,,,,,,,,,
2022-09-04 19:00:00,,,,,,,,,,,,,,,,,
2022-09-04 20:00:00,,,,,,,,,,,,,,,,,
2022-09-04 21:00:00,,,,,,,,,,,,,,,,,
2022-09-04 22:00:00,,,,,,,,,,,,,,,,,
2022-09-04 23:00:00,,,,,,,,,,,,,,,,,
2022-09-05 00:00:00,,,,,,,,,,,,,,,,,
2022-09-05 01:00:00,,,,,,,,,,,,,,,,,
2022-09-05 02:00:00,,,,,,,,,,,,,,,,,
2022-09-05 03:00:00,,,,,,,,,,,,,,,,,
2022-09-05 04:00:00,,,,,,,,,,,,,,,,,
2022-09-05 05:00:00,,,,,,,,,,,,,,,,,
2022-09-05 06:00:00,,,,,,,,,,,,,,,,,
2022-09-05 07:00:00,,,,,,,,,,,,,,,,,
2022-09-05 08:00:00,,,,,,,,,,,,,,,,,
2022-09-05 09:00:00,,,,,,,,,,,,,,,,,
2022-09-05 10:00:00,,,,,,,,,,,,,,,,,
2022-09-05 11:00:00,,,,,,,,,,,,,,,,,
2022-09-05 12:00:00,,,,,,,,,,,,,,,,,
2022-09-05 13:00:00,,,,,,,,,,,,,,,,,
2022-09-05 14:00:00,,,,,,,,,,,,,,,,,
2022-09-05 15:00:00,,,,,,,,,,,,,,,,,
2022-09-05 16:00:00,,,,,,,,,,,,,,,,,
2022-09-05 17:00:00,,,,,,,,,,,,,,,,,
2022-09-05 18:00:00,,,,,,,,,,,,,,,,,
2022-09-05 19:00:00,,,,,,,,,,,,,,,,,
2022-09-05 20:00:00,,,,,,,,,,,,,,,,,
2022-09-05 21:00:00,,,,,,,,,,,,,,,,,
2022-09-05 22:00:00,,,,,,,,,,,,,,,,,
2022-09-05 23:00:00,,,,,,,,,,,,,,,,,
2022-09-06 00:00:00,,,,,,,,,,,,,,,,,
2022-09-06 01:00:00,,,,,,,,,,,,,,,,,
2022-09-06 02:00:00,,,,,,,,,,,,,,,,,
2022-09-06 03:00:00,,,,,,,,,,,,,,,,,
2022-09-06 04:00:00,,,,,,,,,,,,,,,,,
2022-09-06 05:00:00,,,,,,,,,,,,,,,,,
2022-09-06 06:00:00,,,,,,,,,,,,,,,,,
2022-09-06 07:00:00,,,,,,,,,,,,,,,,,
2022-09-06 08:00:00,,,,,,,,,,,,,,,,,
2022-09-06 09:00:00,,,,,,,,,,,,,,,,,
2022-09-06 10:00:00,,,,,,,,,,,,,,,,,
2022-09-06 11:00:00,,,,,,,,,,,,,,,,,
2022-09-06 12:00:00,,,,,,,,,,,,,,,,,
2022-09-06 13:00:00,,,,,,,,,,,,,,,,,
2022-09-06 14:00:00,,,,,,,,,,,,,,,,,
2022-09-06 15:00:00,,,,,,,,,,,,,,,,,
2022-09-06 16:00:00,,,,,,,,,,,,,,,,,
2022-09-06 17:00:00,,,,,,,,,,,,,,,,,
2022-09-06 18:00:00,,,,,,,,,,,,,,,,,
2022-09-06 19:00:00,,,,,,,,,,,,,,,,,
2022-09-06 20:00:00,,,,,,,,,,,,,,,,,
2022-09-06 21:00:00,,,,,,,,,,,,,,,,,
2022-09-06 22:00:00,,,,,,,,,,,,,,,,,
2022-09-06 23:00:00,,,,,,,,,,,,,,,,,
2022-09-07 00:00:00,,,,,,,,,,,,,,,,,
2022-09-07 01:00:00,,,,,,,,,,,,,,,,,
2022-09-07 02:00:00,,,,,,,,,,,,,,,,,
2022-09-07 03:00:00,,,,,,,,,,,,,,,,,
2022-09-07 04:00:00,,,,,,,,,,,,,,,,,
2022-09-07 05:00:00,,,,,,,,,,,,,,,,,
2022-09-07 06:00:00,,,,,,,,,,,,,,,,,
2022-09-07 07:00:00,,,,,,,,,,,,,,,,,
2022-09-07 08:00:00,,,,,,,,,,,,,,,,,
2022-09-07 09:00:00,,,,,,,,,,,,,,,,,
2022-09-07 10:00:00,,,,,,,,,,,,,,,,,
2022-09-07 11:00:00,,,,,,,,,,,,,,,,,
2022-09-07 12:00:00,,,,,,,,,,,,,,,,,
2022-09-07 13:00:00,,,,,,,,,,,,,,,,,
2022-09-07 14:00:00,,,,,,,,,,,,,,,,,
2022-09-07 15:00:00,,,,,,,,,,,,,,,,,
2022-09-07 16:00:00,,,,,,,,,,,,,,,,,
2022-09-07 17:00:00,,,,,,,,,,,,,,,,,
2022-09-07 18:00:00,,,,,,,,,,,,,,,,,
2022-09-07 19:00:00,,,,,,,,,,,,,,,,,
2022-09-07 20:00:00,,,,,,,,,,,,,,,,,
2022-09-07 21:00:00,,,,,,,,,,,,,,,,,
2022-09-07 22:00:00,,,,,,,,,,,,,,,,,
2022-09-07 23:00:00,,,,,,,,,,,,,,,,,
2022-09-08 00:00:00,,,,,,,,,,,,,,,,,
2022-09-08 01:00:00,,,,,,,,,,,,,,,,,
2022-09-08 02:00:00,,,,,,,,,,,,,,,,,
2022-09-08 03:00:00,,,,,,,,,,,,,,,,,
2022-09-08 04:00:00,,,,,,,,,,,,,,,,,
2022-09-08 05:00:00,,,,,,,,,,,,,,,,,
2022-09-08 06:00:00,,,,,,,,,,,,,,,,,
2022-09-08 07:00:00,,,,,,,,,,,,,,,,,
2022-09-08 08:00:00,,,,,,,,,,,,,,,,,
2022-09-08 09:00:00,,,,,,,,,,,,,,,,,
2022-09-08 10:00:00,,,,,,,,,,,,,,,,,
2022-09-08 11:00:00,,,,,,,,,,,,,,,,,
2022-09-08 12:00:00,,,,,,,,,,,,,,,,,
2022-09-08 13:00:00,,,,,,,,,,,,,,,,,
2022-09-08 14:00:00,,,,,,,,,,,,,,,,,
2022-09-08 15:00:00,,,,,,,,,,,,,,,,,
2022-09-08 16:00:00,,,,,,,,,,,,,,,,,
2022-09-08 17:00:00,,,,,,,,,,,,,,,,,
2022-09-08 18:00:00,,,,,,,,,,,,,,,,,
2022-09-08 19:00:00,,,,,,,,,,,,,,,,,
2022-09-08 20:00:00,,,,,,,,,,,,,,,,,
2022-09-08 21:00:00,,,,,,,,,,,,,,,,,
2022-09-08 22:00:00,,,,,,,,,,,,,,,,,
2022-09-08 23:00:00,,,,,,,,,,,,,,,,,
2022-09-09 00:00:00,,,,,,,,,,,,,,,,,
2022-09-09 01:00:00,,,,,,,,,,,,,,,,,
2022-09-09 02:00:00,,,,,,,,,,,,,,,,,
2022-09-09 03:00:00,,,,,,,,,,,,,,,,,
2022-09-09 04:00:00,,,,,,,,,,,,,,,,,
2022-09-09 05:00:00,,,,,,,,,,,,,,,,,
2022-09-09 06:00:00,,,,,,,,,,,,,,,,,
2022-09-09 07:00:00,,,,,,,,,,,,,,,,,
2022-09-09 08:00:00,,,,,,,,,,,,,,,,,
2022-09-09 09:00:00,,,,,,,,,,,,,,,,,
2022-09-09 10:00:00,,,,,,,,,,,,,,,,,
2022-09-09 11:00:00,,,,,,,,,,,,,,,,,
2022-09-09 12:00:00,,,,,,,,,,,,,,,,,
2022-09-09 13:00:00,,,,,,,,,,,,,,,,,
2022-09-09 14:00:00,,,,,,,,,,,,,,,,,
2022-09-09 15:00:00,,,,,,,,,,,,,,,,,
2022-09-09 16:00:00,,,,,,,,,,,,,,,,,
2022-09-09 17:00:00,,,,,,,,,,,,,,,,,
2022-09-09 18:00:00,,,,,,,,,,,,,,,,,
2022-09-09 19:00:00,,,,,,,,,,,,,,,,,
2022-09-09 20:00:00,,,,,,,,,,,,,,,,,
2022-09-09 21:00:00,,,,,,,,,,,,,,,,,
2022-09-09 22:00:00,,,,,,,,,,,,,,,,,
2022-09-09 23:00:00,,,,,,,,,,,,,,,,,
2022-09-10 00:00:00,,,,,,,,,,,,,,,,,
2022-09-10 01:00:00,,,,,,,,,,,,,,,,,
2022-09-10 02:00:00,,,,,,,,,,,,,,,,,
2022-09-10 03:00:00,,,,,,,,,,,,,,,,,
2022-09-10 04:00:00,,,,,,,,,,,,,,,,,
2022-09-10 05:00:00,,,,,,,,,,,,,,,,,
2022-09-10 06:00:00,,,,,,,,,,,,,,,,,
2022-09-10 07:00:00,,,,,,,,,,,,,,,,,
2022-09-10 08:00:00,,,,,,,,,,,,,,,,,
2022-09-10 09:00:00,,,,,,,,,,,,,,,,,
2022-09-10 10:00:00,,,,,,,,,,,,,,,,,
2022-09-10 11:00:00,,,,,,,,,,,,,,,,,
2022-09-10 12:00:00,,,,,,,,,,,,,,,,,
2022-09-10 13:00:00,,,,,,,,,,,,,,,,,
2022-09-10 14:00:00,,,,,,,,,,,,,,,,,
2022-09-10 15:00:00,,,,,,,,,,,,,,,,,
2022-09-10 16:00:00,,,,,,,,,,,,,,,,,
2022-09-10 17:00:00,,,,,,,,,,,,,,,,,
2022-09-10 18:00:00,,,,,,,,,,,,,,,,,
2022-09-10 19:00:00,,,,,,,,,,,,,,,,,
2022-09-10 20:00:00,,,,,,,,,,,,,,,,,
2022-09-10 21:00:00,,,,,,,,,,,,,,,,,
2022-09-10 22:00:00,,,,,,,,,,,,,,,,,
2022-09-10 23:00:00,,,,,,,,,,,,,,,,,
2022-09-11 00:00:00,,,,,,,,,,,,,,,,,
2022-09-11 01:00:00,,,,,,,,,,,,,,,,,
2022-09-11 02:00:00,,,,,,,,,,,,,,,,,
2022-09-11 03:00:00,,,,,,,,,,,,,,,,,
2022-09-11 04:00:00,,,,,,,,,,,,,,,,,
2022-09-11 05:00:00,,,,,,,,,,,,,,,,,
2022-09-11 06:00:00,,,,,,,,,,,,,,,,,
2022-09-11 07:00:00,,,,,,,,,,,,,,,,,
2022-09-11 08:00:00,,,,,,,,,,,,,,,,,
2022-09-11 09:00:00,,,,,,,,,,,,,,,,,
2022-09-11 10:00:00,,,,,,,,,,,,,,,,,
2022-09-11 11:00:00,,,,,,,,,,,,,,,,,
2022-09-11 12:00:00,,,,,,,,,,,,,,,,,
2022-09-11 13:00:00,,,,,,,,,,,,,,,,,
2022-09-11 14:00:00,,,,,,,,,,,,,,,,,
2022-09-11 15:00:00,,,,,,,,,,,,,,,,,
2022-09-11 16:00:00,,,,,,,,,,,,,,,,,
2022-09-11 17:00:00,,,,,,,,,,,,,,,,,
2022-09-11 18:00:00,,,,,,,,,,,,,,,,,
2022-09-11 19:00:00,,,,,,,,,,,,,,,,,
2022-09-11 20:00:00,,,,,,,,,,,,,,,,,
2022-09-11 21:00:00,,,,,,,,,,,,,,,,,
2022-09-11 22:00:00,,,,,,,,,,,,,,,,,
2022-09-11 23:00:00,,,,,,,,,,,,,,,,,
2022-09-12 00:00:00,,,,,,,,,,,,,,,,,
2022-09-12 01:00:00,,,,,,,,,,,,,,,,,
2022-09-12 02:00:00,,,,,,,,,,,,,,,,,
2022-09-12 03:00:00,,,,,,,,,,,,,,,,,
2022-09-12 04:00:00,,,,,,,,,,,,,,,,,
2022-09-12 05:00:00,,,,,,,,,,,,,,,,,
2022-09-12 06:00:00,,,,,,,,,,,,,,,,,
2022-09-12 07:00:00,,,,,,,,,,,,,,,,,
2022-09-12 08:00:00,,,,,,,,,,,,,,,,,
2022-09-12 09:00:00,,,,,,,,,,,,,,,,,
2022-09-12 10:00:00,,,,,,,,,,,,,,,,,
2022-09-12 11:00:00,,,,,,,,,,,,,,,,,
2022-09-12 12:00:00,,,,,,,,,,,,,,,,,
2022-09-12 13:00:00,,,,,,,,,,,,,,,,,
2022-09-12 14:00:00,,,,,,,,,,,,,,,,,
2022-09-12 15:00:00,,,,,,,,,,,,,,,,,
2022-09-12 16:00:00,,,,,,,,,,,,,,,,,
2022-09-12 17:00:00,,,,,,,,,,,,,,,,,
2022-09-12 18:00:00,,,,,,,,,,,,,,,,,
2022-09-12 19:00:00,,,,,,,,,,,,,,,,,
2022-09-12 20:00:00,,,,,,,,,,,,,,,,,
2022-09-12 21:00:00,,,,,,,,,,,,,,,,,
2022-09-12 22:00:00,,,,,,,,,,,,,,,,,
2022-09-12 23:00:00,,,,,,,,,,,,,,,,,
2022-09-13 00:00:00,,,,,,,,,,,,,,,,,
2022-09-13 01:00:00,,,,,,,,,,,,,,,,,
2022-09-13 02:00:00,,,,,,,,,,,,,,,,,
2022-09-13 03:00:00,,,,,,,,,,,,,,,,,
2022-09-13 04:00:00,,,,,,,,,,,,,,,,,
2022-09-13 05:00:00,,,,,,,,,,,,,,,,,
2022-09-13 06:00:00,,,,,,,,,,,,,,,,,
2022-09-13 07:00:00,,,,,,,,,,,,,,,,,
2022-09-13 08:00:00,,,,,,,,,,,,,,,,,
2022-09-13 09:00:00,,,,,,,,,,,,,,,,,
2022-09-13 10:00:00,,,,,,,,,,,,,,,,,
2022-09-13 11:00:00,,,,,,,,,,,,,,,,,
2022-09-13 12:00:00,,,,,,,,,,,,,,,,,
2022-09-13 13:00:00,,,,,,,,,,,,,,,,,
2022-09-13 14:00:00,,,,,,,,,,,,,,,,,
2022-09-13 15:00:00,,,,,,,,,,,,,,,,,
2022-09-13 16:00:00,,,,,,,,,,,,,,,,,
2022-09-13 17:00:00,,,,,,,,,,,,,,,,,
2022-09-13 18:00:00,,,,,,,,,,,,,,,,,
2022-09-13 19:00:00,,,,,,,,,,,,,,,,,
2022-09-13 20:00:00,,,,,,,,,,,,,,,,,
2022-09-13 21:00:00,,,,,,,,,,,,,,,,,
2022-09-13 22:00:00,,,,,,,,,,,,,,,,,
2022-09-13 23:00:00,,,,,,,,,,,,,,,,,
2022-09-14 00:00:00,,,,,,,,,,,,,,,,,
2022-09-14 01:00:00,,,,,,,,,,,,,,,,,
2022-09-14 02:00:00,,,,,,,,,,,,,,,,,
2022-09-14 03:00:00,,,,,,,,,,,,,,,,,
2022-09-14 04:00:00,,,,,,,,,,,,,,,,,
2022-09-14 05:00:00,,,,,,,,,,,,,,,,,
2022-09-14 06:00:00,,,,,,,,,,,,,,,,,
2022-09-14 07:00:00,,,,,,,,,,,,,,,,,
2022-09-14 08:00:00,,,,,,,,,,,,,,,,,
2022-09-14 09:00:00,,,,,,,,,,,,,,,,,
2022-09-14 10:00:00,,,,,,,,,,,,,,,,,
2022-09-14 11:00:00,,,,,,,,,,,,,,,,,
2022-09-14 12:00:00,,,,,,,,,,,,,,,,,
2022-09-14 13:00:00,,,,,,,,,,,,,,,,,
2022-09-14 14:00:00,,,,,,,,,,,,,,,,,
2022-09-14 15:00:00,,,,,,,,,,,,,,,,,
2022-09-14 16:00:00,,,,,,,,,,,,,,,,,
2022-09-14 17:00:00,,,,,,,,,,,,,,,,,
2022-09-14 18:00:00,,,,,,,,,,,,,,,,,
2022-09-14 19:00:00,,,,,,,,,,,,,,,,,
2022-09-14 20:00:00,,,,,,,,,,,,,,,,,
2022-09-14 21:00:00,,,,,,,,,,,,,,,,,
2022-09-14 22:00:00,,,,,,,,,,,,,,,,,
2022-09-14 23:00:00,,,,,,,,,,,,,,,,,
2022-09-15 00:00:00,,,,,,,,,,,,,,,,,
2022-09-15 01:00:00,,,,,,,,,,,,,,,,,
2022-09-15 02:00:00,,,,,,,,,,,,,,,,,
2022-09-15 03:00:00,,,,,,,,,,,,,,,,,
2022-09-15 04:00:00,,,,,,,,,,,,,,,,,
2022-09-15 05:00:00,,,,,,,,,,,,,,,,,
2022-09-15 06:00:00,,,,,,,,,,,,,,,,,
2022-09-15 07:00:00,,,,,,,,,,,,,,,,,
2022-09-15 08:00:00,,,,,,,,,,,,,,,,,
2022-09-15 09:00:00,,,,,,,,,,,,,,,,,
2022-09-15 10:00:00,,,,,,,,,,,,,,,,,
2022-09-15 11:00:00,,,,,,,,,,,,,,,,,
2022-09-15 12:00:00,,,,,,,,,,,,,,,,,
2022-09-15 13:00:00,,,,,,,,,,,,,,,,,
2022-09-15 14:00:00,,,,,,,,,,,,,,,,,
2022-09-15 15:00:00,,,,,,,,,,,,,,,,,
2022-09-15 16:00:00,,,,,,,,,,,,,,,,,
2022-09-15 17:00:00,,,,,,,,,,,,,,,,,
2022-09-15 18:00:00,,,,,,,,,,,,,,,,,
2022-09-15 19:00:00,,,,,,,,,,,,,,,,,
2022-09-15 20:00:00,,,,,,,,,,,,,,,,,
2022-09-15 21:00:00,,,,,,,,,,,,,,,,,
2022-09-15 22:00:00,,,,,,,,,,,,,,,,,
2022-09-15 23:00:00,,,,,,,,,,,,,,,,,
2022-09-16 00:00:00,,,,,,,,,,,,,,,,,
2022-09-16 01:00:00,,,,,,,,,,,,,,,,,
2022-09-16 02:00:00,,,,,,,,,,,,,,,,,
2022-09-16 03:00:00,,,,,,,,,,,,,,,,,
2022-09-16 04:00:00,,,,,,,,,,,,,,,,,
2022-09-16 05:00:00,,,,,,,,,,,,,,,,,
2022-09-16 06:00:00,,,,,,,,,,,,,,,,,
2022-09-16 07:00:00,,,,,,,,,,,,,,,,,
2022-09-16 08:00:00,,,,,,,,,,,,,,,,,
2022-09-16 09:00:00,,,,,,,,,,,,,,,,,
2022-09-16 10:00:00,,,,,,,,,,,,,,,,,
2022-09-16 11:00:00,,,,,,,,,,,,,,,,,
2022-09-16 12:00:00,,,,,,,,,,,,,,,,,
2022-09-16 13:00:00,,,,,,,,,,,,,,,,,
2022-09-16 14:00:00,,,,,,,,,,,,,,,,,
2022-09-16 15:00:00,,,,,,,,,,,,,,,,,
2022-09-16 16:00:00,,,,,,,,,,,,,,,,,
2022-09-16 17:00:00,,,,,,,,,,,,,,,,,
2022-09-16 18:00:00,,,,,,,,,,,,,,,,,
2022-09-16 19:00:00,,,,,,,,,,,,,,,,,
2022-09-16 20:00:00,,,,,,,,,,,,,,,,,
2022-09-16 21:00:00,,,,,,,,,,,,,,,,,
2022-09-16 22:00:00,,,,,,,,,,,,,,,,,
2022-09-16 23:00:00,,,,,,,,,,,,,,,,,
2022-09-17 00:00:00,,,,,,,,,,,,,,,,,
2022-09-17 01:00:00,,,,,,,,,,,,,,,,,
2022-09-17 02:00:00,,,,,,,,,,,,,,,,,
2022-09-17 03:00:00,,,,,,,,,,,,,,,,,
2022-09-17 04:00:00,,,,,,,,,,,,,,,,,
2022-09-17 05:00:00,,,,,,,,,,,,,,,,,
2022-09-17 06:00:00,,,,,,,,,,,,,,,,,
2022-09-17 07:00:00,,,,,,,,,,,,,,,,,
2022-09-17 08:00:00,,,,,,,,,,,,,,,,,
2022-09-17 09:00:00,,,,,,,,,,,,,,,,,
2022-09-17 10:00:00,,,,,,,,,,,,,,,,,
2022-09-17 11:00:00,,,,,,,,,,,,,,,,,
2022-09-17 12:00:00,,,,,,,,,,,,,,,,,
2022-09-17 13:00:00,,,,,,,,,,,,,,,,,
2022-09-17 14:00:00,,,,,,,,,,,,,,,,,
2022-09-17 15:00:00,,,,,,,,,,,,,,,,,
2022-09-17 16:00:00,,,,,,,,,,,,,,,,,
2022-09-17 17:00:00,,,,,,,,,,,,,,,,,
2022-09-17 18:00:00,,,,,,,,,,,,,,,,,
2022-09-17 19:00:00,,,,,,,,,,,,,,,,,
2022-09-17 20:00:00,,,,,,,,,,,,,,,,,
2022-09-17 21:00:00,,,,,,,,,,,,,,,,,
2022-09-17 22:00:00,,,,,,,,,,,,,,,,,
2022-09-17 23:00:00,,,,,,,,,,,,,,,,,
2022-09-18 00:00:00,,,,,,,,,,,,,,,,,
2022-09-18 01:00:00,,,,,,,,,,,,,,,,,
2022-09-18 02:00:00,,,,,,,,,,,,,,,,,
2022-09-18 03:00:00,,,,,,,,,,,,,,,,,
2022-09-18 04:00:00,,,,,,,,,,,,,,,,,
2022-09-18 05:00:00,,,,,,,,,,,,,,,,,
2022-09-18 06:00:00,,,,,,,,,,,,,,,,,
2022-09-18 07:00:00,,,,,,,,,,,,,,,,,
2022-09-18 08:00:00,,,,,,,,,,,,,,,,,
2022-09-18 09:00:00,,,,,,,,,,,,,,,,,
2022-09-18 10:00:00,,,,,,,,,,,,,,,,,
2022-09-18 11:00:00,,,,,,,,,,,,,,,,,
2022-09-18 12:00:00,,,,,,,,,,,,,,,,,
2022-09-18 13:00:00,,,,,,,,,,,,,,,,,
2022-09-18 14:00:00,,,,,,,,,,,,,,,,,
2022-09-18 15:00:00,,,,,,,,,,,,,,,,,
2022-09-18 16:00:00,,,,,,,,,,,,,,,,,
2022-09-18 17:00:00,,,,,,,,,,,,,,,,,
2022-09-18 18:00:00,,,,,,,,,,,,,,,,,
2022-09-18 19:00:00,,,,,,,,,,,,,,,,,
2022-09-18 20:00:00,,,,,,,,,,,,,,,,,
2022-09-18 21:00:00,,,,,,,,,,,,,,,,,
2022-09-18 22:00:00,,,,,,,,,,,,,,,,,
2022-09-18 23:00:00,,,,,,,,,,,,,,,,,
2022-09-19 00:00:00,,,,,,,,,,,,,,,,,
2022-09-19 01:00:00,,,,,,,,,,,,,,,,,
2022-09-19 02:00:00,,,,,,,,,,,,,,,,,
2022-09-19 03:00:00,,,,,,,,,,,,,,,,,
2022-09-19 04:00:00,,,,,,,,,,,,,,,,,
2022-09-19 05:00:00,,,,,,,,,,,,,,,,,
2022-09-19 06:00:00,,,,,,,,,,,,,,,,,
2022-09-19 07:00:00,,,,,,,,,,,,,,,,,
2022-09-19 08:00:00,,,,,,,,,,,,,,,,,
2022-09-19 09:00:00,,,,,,,,,,,,,,,,,
2022-09-19 10:00:00,,,,,,,,,,,,,,,,,
2022-09-19 11:00:00,,,,,,,,,,,,,,,,,
2022-09-19 12:00:00,,,,,,,,,,,,,,,,,
2022-09-19 13:00:00,,,,,,,,,,,,,,,,,
2022-09-19 14:00:00,,,,,,,,,,,,,,,,,
2022-09-19 15:00:00,,,,,,,,,,,,,,,,,
2022-09-19 16:00:00,,,,,,,,,,,,,,,,,
2022-09-19 17:00:00,,,,,,,,,,,,,,,,,
2022-09-19 18:00:00,,,,,,,,,,,,,,,,,
2022-09-19 19:00:00,,,,,,,,,,,,,,,,,
2022-09-19 20:00:00,,,,,,,,,,,,,,,,,
2022-09-19 21:00:00,,,,,,,,,,,,,,,,,
2022-09-19 22:00:00,,,,,,,,,,,,,,,,,
2022-09-19 23:00:00,,,,,,,,,,,,,,,,,
2022-09-20 00:00:00,,,,,,,,,,,,,,,,,
2022-09-20 01:00:00,,,,,,,,,,,,,,,,,
2022-09-20 02:00:00,,,,,,,,,,,,,,,,,
2022-09-20 03:00:00,,,,,,,,,,,,,,,,,
2022-09-20 04:00:00,,,,,,,,,,,,,,,,,
2022-09-20 05:00:00,,,,,,,,,,,,,,,,,
2022-09-20 06:00:00,,,,,,,,,,,,,,,,,
2022-09-20 07:00:00,,,,,,,,,,,,,,,,,
2022-09-20 08:00:00,,,,,,,,,,,,,,,,,
2022-09-20 09:00:00,,,,,,,,,,,,,,,,,
2022-09-20 10:00:00,,,,,,,,,,,,,,,,,
2022-09-20 11:00:00,,,,,,,,,,,,,,,,,
2022-09-20 12:00:00,,,,,,,,,,,,,,,,,
2022-09-20 13:00:00,,,,,,,,,,,,,,,,,
2022-09-20 14:00:00,,,,,,,,,,,,,,,,,
2022-09-20 15:00:00,,,,,,,,,,,,,,,,,
2022-09-20 16:00:00,,,,,,,,,,,,,,,,,
2022-09-20 17:00:00,,,,,,,,,,,,,,,,,
2022-09-20 18:00:00,,,,,,,,,,,,,,,,,
2022-09-20 19:00:00,,,,,,,,,,,,,,,,,
2022-09-20 20:00:00,,,,,,,,,,,,,,,,,
2022-09-20 21:00:00,,,,,,,,,,,,,,,,,
2022-09-20 22:00:00,,,,,,,,,,,,,,,,,
2022-09-20 23:00:00,,,,,,,,,,,,,,,,,
2022-09-21 00:00:00,,,,,,,,,,,,,,,,,
2022-09-21 01:00:00,,,,,,,,,,,,,,,,,
2022-09-21 02:00:00,,,,,,,,,,,,,,,,,
2022-09-21 03:00:00,,,,,,,,,,,,,,,,,
2022-09-21 04:00:00,,,,,,,,,,,,,,,,,
2022-09-21 05:00:00,,,,,,,,,,,,,,,,,
2022-09-21 06:00:00,,,,,,,,,,,,,,,,,
2022-09-21 07:00:00,,,,,,,,,,,,,,,,,
2022-09-21 08:00:00,,,,,,,,,,,,,,,,,
2022-09-21 09:00:00,,,,,,,,,,,,,,,,,
2022-09-21 10:00:00,,,,,,,,,,,,,,,,,
2022-09-21 11:00:00,,,,,,,,,,,,,,,,,
2022-09-21 12:00:00,,,,,,,,,,,,,,,,,
2022-09-21 13:00:00,,,,,,,,,,,,,,,,,
2022-09-21 14:00:00,,,,,,,,,,,,,,,,,
2022-09-21 15:00:00,,,,,,,,,,,,,,,,,
2022-09-21 16:00:00,,,,,,,,,,,,,,,,,
2022-09-21 17:00:00,,,,,,,,,,,,,,,,,
2022-09-21 18:00:00,,,,,,,,,,,,,,,,,
2022-09-21 19:00:00,,,,,,,,,,,,,,,,,
2022-09-21 20:00:00,,,,,,,,,,,,,,,,,
2022-09-21 21:00:00,,,,,,,,,,,,,,,,,
2022-09-21 22:00:00,,,,,,,,,,,,,,,,,
2022-09-21 23:00:00,,,,,,,,,,,,,,,,,
2022-09-22 00:00:00,,,,,,,,,,,,,,,,,
2022-09-22 01:00:00,,,,,,,,,,,,,,,,,
2022-09-22 02:00:00,,,,,,,,,,,,,,,,,
2022-09-22 03:00:00,,,,,,,,,,,,,,,,,
2022-09-22 04:00:00,,,,,,,,,,,,,,,,,
2022-09-22 05:00:00,,,,,,,,,,,,,,,,,
2022-09-22 06:00:00,,,,,,,,,,,,,,,,,
2022-09-22 07:00:00,,,,,,,,,,,,,,,,,
2022-09-22 08:00:00,,,,,,,,,,,,,,,,,
2022-09-22 09:00:00,,,,,,,,,,,,,,,,,
2022-09-22 10:00:00,,,,,,,,,,,,,,,,,
2022-09-22 11:00:00,,,,,,,,,,,,,,,,,
2022-09-22 12:00:00,,,,,,,,,,,,,,,,,
2022-09-22 13:00:00,,,,,,,,,,,,,,,,,
2022-09-22 14:00:00,,,,,,,,,,,,,,,,,
2022-09-22 15:00:00,,,,,,,,,,,,,,,,,
2022-09-22 16:00:00,,,,,,,,,,,,,,,,,
2022-09-22 17:00:00,,,,,,,,,,,,,,,,,
2022-09-22 18:00:00,,,,,,,,,,,,,,,,,
2022-09-22 19:00:00,,,,,,,,,,,,,,,,,
2022-09-22 20:00:00,,,,,,,,,,,,,,,,,
2022-09-22 21:00:00,,,,,,,,,,,,,,,,,
2022-09-22 22:00:00,,,,,,,,,,,,,,,,,
2022-09-22 23:00:00,,,,,,,,,,,,,,,,,
2022-09-23 00:00:00,,,,,,,,,,,,,,,,,
2022-09-23 01:00:00,,,,,,,,,,,,,,,,,
2022-09-23 02:00:00,,,,,,,,,,,,,,,,,
2022-09-23 03:00:00,,,,,,,,,,,,,,,,,
2022-09-23 04:00:00,,,,,,,,,,,,,,,,,
2022-09-23 05:00:00,,,,,,,,,,,,,,,,,
2022-09-23 06:00:00,,,,,,,,,,,,,,,,,
2022-09-23 07:00:00,,,,,,,,,,,,,,,,,
2022-09-23 08:00:00,,,,,,,,,,,,,,,,,
2022-09-23 09:00:00,,,,,,,,,,,,,,,,,
2022-09-23 10:00:00,,,,,,,,,,,,,,,,,
2022-09-23 11:00:00,,,,,,,,,,,,,,,,,
2022-09-23 12:00:00,,,,,,,,,,,,,,,,,
2022-09-23 13:00:00,,,,,,,,,,,,,,,,,
2022-09-23 14:00:00,,,,,,,,,,,,,,,,,
2022-09-23 15:00:00,,,,,,,,,,,,,,,,,
2022-09-23 16:00:00,,,,,,,,,,,,,,,,,
2022-09-23 17:00:00,,,,,,,,,,,,,,,,,
2022-09-23 18:00:00,,,,,,,,,,,,,,,,,
2022-09-23 19:00:00,,,,,,,,,,,,,,,,,
2022-09-23 20:00:00,,,,,,,,,,,,,,,,,
2022-09-23 21:00:00,,,,,,,,,,,,,,,,,
2022-09-23 22:00:00,,,,,,,,,,,,,,,,,
2022-09-23 23:00:00,,,,,,,,,,,,,,,,,
2022-09-24 00:00:00,,,,,,,,,,,,,,,,,
2022-09-24 01:00:00,,,,,,,,,,,,,,,,,
2022-09-24 02:00:00,,,,,,,,,,,,,,,,,
2022-09-24 03:00:00,,,,,,,,,,,,,,,,,
2022-09-24 04:00:00,,,,,,,,,,,,,,,,,
2022-09-24 05:00:00,,,,,,,,,,,,,,,,,
2022-09-24 06:00:00,,,,,,,,,,,,,,,,,
2022-09-24 07:00:00,,,,,,,,,,,,,,,,,
2022-09-24 08:00:00,,,,,,,,,,,,,,,,,
2022-09-24 09:00:00,,,,,,,,,,,,,,,,,
2022-09-24 10:00:00,,,,,,,,,,,,,,,,,
2022-09-24 11:00:00,,,,,,,,,,,,,,,,,
2022-09-24 12:00:00,,,,,,,,,,,,,,,,,
2022-09-24 13:00:00,,,,,,,,,,,,,,,,,
2022-09-24 14:00:00,,,,,,,,,,,,,,,,,
2022-09-24 15:00:00,,,,,,,,,,,,,,,,,
2022-09-24 16:00:00,,,,,,,,,,,,,,,,,
2022-09-24 17:00:00,,,,,,,,,,,,,,,,,
2022-09-24 18:00:00,,,,,,,,,,,,,,,,,
2022-09-24 19:00:00,,,,,,,,,,,,,,,,,
2022-09-24 20:00:00,,,,,,,,,,,,,,,,,
2022-09-24 21:00:00,,,,,,,,,,,,,,,,,
2022-09-24 22:00:00,,,,,,,,,,,,,,,,,
2022-09-24 23:00:00,,,,,,,,,,,,,,,,,
2022-09-25 00:00:00,,,,,,,,,,,,,,,,,
2022-09-25 01:00:00,,,,,,,,,,,,,,,,,
2022-09-25 02:00:00,,,,,,,,,,,,,,,,,
2022-09-25 03:00:00,,,,,,,,,,,,,,,,,
2022-09-25 04:00:00,,,,,,,,,,,,,,,,,
2022-09-25 05:00:00,,,,,,,,,,,,,,,,,
2022-09-25 06:00:00,,,,,,,,,,,,,,,,,
2022-09-25 07:00:00,,,,,,,,,,,,,,,,,
2022-09-25 08:00:00,,,,,,,,,,,,,,,,,
2022-09-25 09:00:00,,,,,,,,,,,,,,,,,
2022-09-25 10:00:00,,,,,,,,,,,,,,,,,
2022-09-25 11:00:00,,,,,,,,,,,,,,,,,
2022-09-25 12:00:00,,,,,,,,,,,,,,,,,
2022-09-25 13:00:00,,,,,,,,,,,,,,,,,
2022-09-25 14:00:00,,,,,,,,,,,,,,,,,
2022-09-25 15:00:00,,,,,,,,,,,,,,,,,
2022-09-25 16:00:00,,,,,,,,,,,,,,,,,
2022-09-25 17:00:00,,,,,,,,,,,,,,,,,
2022-09-25 18:00:00,,,,,,,,,,,,,,,,,
2022-09-25 19:00:00,,,,,,,,,,,,,,,,,
2022-09-25 20:00:00,,,,,,,,,,,,,,,,,
2022-09-25 21:00:00,,,,,,,,,,,,,,,,,
2022-09-25 22:00:00,,,,,,,,,,,,,,,,,
2022-09-25 23:00:00,,,,,,,,,,,,,,,,,
2022-09-26 00:00:00,,,,,,,,,,,,,,,,,
2022-09-26 01:00:00,,,,,,,,,,,,,,,,,
2022-09-26 02:00:00,,,,,,,,,,,,,,,,,
2022-09-26 03:00:00,,,,,,,,,,,,,,,,,
2022-09-26 04:00:00,,,,,,,,,,,,,,,,,
2022-09-26 05:00:00,,,,,,,,,,,,,,,,,
2022-09-26 06:00:00,,,,,,,,,,,,,,,,,
2022-09-26 07:00:00,,,,,,,,,,,,,,,,,
2022-09-26 08:00:00,,,,,,,,,,,,,,,,,
2022-09-26 09:00:00,,,,,,,,,,,,,,,,,
2022-09-26 10:00:00,,,,,,,,,,,,,,,,,
2022-09-26 11:00:00,,,,,,,,,,,,,,,,,
2022-09-26 12:00:00,,,,,,,,,,,,,,,,,
2022-09-26 13:00:00,,,,,,,,,,,,,,,,,
2022-09-26 14:00:00,,,,,,,,,,,,,,,,,
2022-09-26 15:00:00,,,,,,,,,,,,,,,,,
2022-09-26 16:00:00,,,,,,,,,,,,,,,,,
2022-09-26 17:00:00,,,,,,,,,,,,,,,,,
2022-09-26 18:00:00,,,,,,,,,,,,,,,,,
2022-09-26 19:00:00,,,,,,,,,,,,,,,,,
2022-09-26 20:00:00,,,,,,,,,,,,,,,,,
2022-09-26 21:00:00,,,,,,,,,,,,,,,,,
2022-09-26 22:00:00,,,,,,,,,,,,,,,,,
2022-09-26 23:00:00,,,,,,,,,,,,,,,,,
2022-09-27 00:00:00,,,,,,,,,,,,,,,,,
2022-09-27 01:00:00,,,,,,,,,,,,,,,,,
2022-09-27 02:00:00,,,,,,,,,,,,,,,,,
2022-09-27 03:00:00,,,,,,,,,,,,,,,,,
2022-09-27 04:00:00,,,,,,,,,,,,,,,,,
2022-09-27 05:00:00,,,,,,,,,,,,,,,,,
2022-09-27 06:00:00,,,,,,,,,,,,,,,,,
2022-09-27 07:00:00,,,,,,,,,,,,,,,,,
2022-09-27 08:00:00,,,,,,,,,,,,,,,,,
2022-09-27 09:00:00,,,,,,,,,,,,,,,,,
2022-09-27 10:00:00,,,,,,,,,,,,,,,,,
2022-09-27 11:00:00,,,,,,,,,,,,,,,,,
2022-09-27 12:00:00,,,,,,,,,,,,,,,,,
2022-09-27 13:00:00,,,,,,,,,,,,,,,,,
2022-09-27 14:00:00,,,,,,,,,,,,,,,,,
2022-09-27 15:00:00,,,,,,,,,,,,,,,,,
2022-09-27 16:00:00,,,,,,,,,,,,,,,,,
2022-09-27 17:00:00,,,,,,,,,,,,,,,,,
2022-09-27 18:00:00,,,,,,,,,,,,,,,,,
2022-09-27 19:00:00,,,,,,,,,,,,,,,,,
2022-09-27 20:00:00,,,,,,,,,,,,,,,,,
2022-09-27 21:00:00,,,,,,,,,,,,,,,,,
2022-09-27 22:00:00,,,,,,,,,,,,,,,,,
2022-09-27 23:00:00,,,,,,,,,,,,,,,,,
2022-09-28 00:00:00,,,,,,,,,,,,,,,,,
2022-09-28 01:00:00,,,,,,,,,,,,,,,,,
2022-09-28 02:00:00,,,,,,,,,,,,,,,,,
2022-09-28 03:00:00,,,,,,,,,,,,,,,,,
2022-09-28 04:00:00,,,,,,,,,,,,,,,,,
2022-09-28 05:00:00,,,,,,,,,,,,,,,,,
2022-09-28 06:00:00,,,,,,,,,,,,,,,,,
2022-09-28 07:00:00,,,,,,,,,,,,,,,,,
2022-09-28 08:00:00,,,,,,,,,,,,,,,,,
2022-09-28 09:00:00,,,,,,,,,,,,,,,,,
2022-09-28 10:00:00,,,,,,,,,,,,,,,,,
2022-09-28 11:00:00,,,,,,,,,,,,,,,,,
2022-09-28 12:00:00,,,,,,,,,,,,,,,,,
2022-09-28 13:00:00,,,,,,,,,,,,,,,,,
2022-09-28 14:00:00,,,,,,,,,,,,,,,,,
2022-09-28 15:00:00,,,,,,,,,,,,,,,,,
2022-09-28 16:00:00,,,,,,,,,,,,,,,,,
2022-09-28 17:00:00,,,,,,,,,,,,,,,,,
2022-09-28 18:00:00,,,,,,,,,,,,,,,,,
2022-09-28 19:00:00,,,,,,,,,,,,,,,,,
2022-09-28 20:00:00,,,,,,,,,,,,,,,,,
2022-09-28 21:00:00,,,,,,,,,,,,,,,,,
2022-09-28 22:00:00,,,,,,,,,,,,,,,,,
2022-09-28 23:00:00,,,,,,,,,,,,,,,,,
2022-09-29 00:00:00,,,,,,,,,,,,,,,,,
2022-09-29 01:00:00,,,,,,,,,,,,,,,,,
2022-09-29 02:00:00,,,,,,,,,,,,,,,,,
2022-09-29 03:00:00,,,,,,,,,,,,,,,,,
2022-09-29 04:00:00,,,,,,,,,,,,,,,,,
2022-09-29 05:00:00,,,,,,,,,,,,,,,,,
2022-09-29 06:00:00,,,,,,,,,,,,,,,,,
2022-09-29 07:00:00,,,,,,,,,,,,,,,,,
2022-09-29 08:00:00,,,,,,,,,,,,,,,,,
2022-09-29 09:00:00,,,,,,,,,,,,,,,,,
2022-09-29 10:00:00,,,,,,,,,,,,,,,,,
2022-09-29 11:00:00,,,,,,,,,,,,,,,,,
2022-09-29 12:00:00,,,,,,,,,,,,,,,,,
2022-09-29 13:00:00,,,,,,,,,,,,,,,,,
2022-09-29 14:00:00,,,,,,,,,,,,,,,,,
2022-09-29 15:00:00,,,,,,,,,,,,,,,,,
2022-09-29 16:00:00,,,,,,,,,,,,,,,,,
2022-09-29 17:00:00,,,,,,,,,,,,,,,,,
2022-09-29 18:00:00,,,,,,,,,,,,,,,,,
2022-09-29 19:00:00,,,,,,,,,,,,,,,,,
2022-09-29 20:00:00,,,,,,,,,,,,,,,,,
2022-09-29 21:00:00,,,,,,,,,,,,,,,,,
2022-09-29 22:00:00,,,,,,,,,,,,,,,,,
2022-09-29 23:00:00,,,,,,,,,,,,,,,,,
2022-09-30 00:00:00,,,,,,,,,,,,,,,,,
2022-09-30 01:00:00,,,,,,,,,,,,,,,,,
2022-09-30 02:00:00,,,,,,,,,,,,,,,,,
2022-09-30 03:00:00,,,,,,,,,,,,,,,,,
2022-09-30 04:00:00,,,,,,,,,,,,,,,,,
2022-09-30 05:00:00,,,,,,,,,,,,,,,,,
2022-09-30 06:00:00,,,,,,,,,,,,,,,,,
2022-09-30 07:00:00,,,,,,,,,,,,,,,,,
2022-09-30 08:00:00,,,,,,,,,,,,,,,,,
2022-09-30 09:00:00,,,,,,,,,,,,,,,,,
2022-09-30 10:00:00,,,,,,,,,,,,,,,,,
2022-09-30 11:00:00,,,,,,,,,,,,,,,,,
2022-09-30 12:00:00,,,,,,,,,,,,,,,,,
2022-09-30 13:00:00,,,,,,,,,,,,,,,,,
2022-09-30 14:00:00,,,,,,,,,,,,,,,,,
2022-09-30 15:00:00,,,,,,,,,,,,,,,,,
2022-09-30 16:00:00,,,,,,,,,,,,,,,,,
2022-09-30 17:00:00,,,,,,,,,,,,,,,,,
2022-09-30 18:00:00,,,,,,,,,,,,,,,,,
2022-09-30 19:00:00,,,,,,,,,,,,,,,,,
2022-09-30 20:00:00,,,,,,,,,,,,,,,,,
2022-09-30 21:00:00,,,,,,,,,,,,,,,,,
2022-09-30 22:00:00,,,,,,,,,,,,,,,,,
2022-09-30 23:00:00,,,,,,,,,,,,,,,,,
2022-10-01 00:00:00,,,,,,,,,,,,,,,,,
2022-10-01 01:00:00,,,,,,,,,,,,,,,,,
2022-10-01 02:00:00,,,,,,,,,,,,,,,,,
2022-10-01 03:00:00,,,,,,,,,,,,,,,,,
2022-10-01 04:00:00,,,,,,,,,,,,,,,,,
2022-10-01 05:00:00,,,,,,,,,,,,,,,,,
2022-10-01 06:00:00,,,,,,,,,,,,,,,,,
2022-10-01 07:00:00,,,,,,,,,,,,,,,,,
2022-10-01 08:00:00,,,,,,,,,,,,,,,,,
2022-10-01 09:00:00,,,,,,,,,,,,,,,,,
2022-10-01 10:00:00,,,,,,,,,,,,,,,,,
2022-10-01 11:00:00,,,,,,,,,,,,,,,,,
2022-10-01 12:00:00,,,,,,,,,,,,,,,,,
2022-10-01 13:00:00,,,,,,,,,,,,,,,,,
2022-10-01 14:00:00,,,,,,,,,,,,,,,,,
2022-10-01 15:00:00,,,,,,,,,,,,,,,,,
2022-10-01 16:00:00,,,,,,,,,,,,,,,,,
2022-10-01 17:00:00,,,,,,,,,,,,,,,,,
2022-10-01 18:00:00,,,,,,,,,,,,,,,,,
2022-10-01 19:00:00,,,,,,,,,,,,,,,,,
2022-10-01 20:00:00,,,,,,,,,,,,,,,,,
2022-10-01 21:00:00,,,,,,,,,,,,,,,,,
2022-10-01 22:00:00,,,,,,,,,,,,,,,,,
2022-10-01 23:00:00,,,,,,,,,,,,,,,,,
2022-10-02 00:00:00,,,,,,,,,,,,,,,,,
2022-10-02 01:00:00,,,,,,,,,,,,,,,,,
2022-10-02 02:00:00,,,,,,,,,,,,,,,,,
2022-10-02 03:00:00,,,,,,,,,,,,,,,,,
2022-10-02 04:00:00,,,,,,,,,,,,,,,,,
2022-10-02 05:00:00,,,,,,,,,,,,,,,,,
2022-10-02 06:00:00,,,,,,,,,,,,,,,,,
2022-10-02 07:00:00,,,,,,,,,,,,,,,,,
2022-10-02 08:00:00,,,,,,,,,,,,,,,,,
2022-10-02 09:00:00,,,,,,,,,,,,,,,,,
2022-10-02 10:00:00,,,,,,,,,,,,,,,,,
2022-10-02 11:00:00,,,,,,,,,,,,,,,,,
2022-10-02 12:00:00,,,,,,,,,,,,,,,,,
2022-10-02 13:00:00,,,,,,,,,,,,,,,,,
2022-10-02 14:00:00,,,,,,,,,,,,,,,,,
2022-10-02 15:00:00,,,,,,,,,,,,,,,,,
2022-10-02 16:00:00,,,,,,,,,,,,,,,,,
2022-10-02 17:00:00,,,,,,,,,,,,,,,,,
2022-10-02 18:00:00,,,,,,,,,,,,,,,,,
2022-10-02 19:00:00,,,,,,,,,,,,,,,,,
2022-10-02 20:00:00,,,,,,,,,,,,,,,,,
2022-10-02 21:00:00,,,,,,,,,,,,,,,,,
2022-10-02 22:00:00,,,,,,,,,,,,,,,,,
2022-10-02 23:00:00,,,,,,,,,,,,,,,,,
2022-10-03 00:00:00,,,,,,,,,,,,,,,,,
2022-10-03 01:00:00,,,,,,,,,,,,,,,,,
2022-10-03 02:00:00,,,,,,,,,,,,,,,,,
2022-10-03 03:00:00,,,,,,,,,,,,,,,,,
2022-10-03 04:00:00,,,,,,,,,,,,,,,,,
2022-10-03 05:00:00,,,,,,,,,,,,,,,,,
2022-10-03 06:00:00,,,,,,,,,,,,,,,,,
2022-10-03 07:00:00,,,,,,,,,,,,,,,,,
2022-10-03 08:00:00,,,,,,,,,,,,,,,,,
2022-10-03 09:00:00,,,,,,,,,,,,,,,,,
2022-10-03 10:00:00,,,,,,,,,,,,,,,,,
2022-10-03 11:00:00,,,,,,,,,,,,,,,,,
2022-10-03 12:00:00,,,,,,,,,,,,,,,,,
2022-10-03 13:00:00,,,,,,,,,,,,,,,,,
2022-10-03 14:00:00,,,,,,,,,,,,,,,,,
2022-10-03 15:00:00,,,,,,,,,,,,,,,,,
2022-10-03 16:00:00,,,,,,,,,,,,,,,,,
2022-10-03 17:00:00,,,,,,,,,,,,,,,,,
2022-10-03 18:00:00,,,,,,,,,,,,,,,,,
2022-10-03 19:00:00,,,,,,,,,,,,,,,,,
2022-10-03 20:00:00,,,,,,,,,,,,,,,,,
2022-10-03 21:00:00,,,,,,,,,,,,,,,,,
2022-10-03 22:00:00,,,,,,,,,,,,,,,,,
2022-10-03 23:00:00,,,,,,,,,,,,,,,,,
2022-10-04 00:00:00,,,,,,,,,,,,,,,,,
2022-10-04 01:00:00,,,,,,,,,,,,,,,,,
2022-10-04 02:00:00,,,,,,,,,,,,,,,,,
2022-10-04 03:00:00,,,,,,,,,,,,,,,,,
2022-10-04 04:00:00,,,,,,,,,,,,,,,,,
2022-10-04 05:00:00,,,,,,,,,,,,,,,,,
2022-10-04 06:00:00,,,,,,,,,,,,,,,,,
2022-10-04 07:00:00,,,,,,,,,,,,,,,,,
2022-10-04 08:00:00,,,,,,,,,,,,,,,,,
2022-10-04 09:00:00,,,,,,,,,,,,,,,,,
2022-10-04 10:00:00,,,,,,,,,,,,,,,,,
2022-10-04 11:00:00,,,,,,,,,,,,,,,,,
2022-10-04 12:00:00,,,,,,,,,,,,,,,,,
2022-10-04 13:00:00,,,,,,,,,,,,,,,,,
2022-10-04 14:00:00,,,,,,,,,,,,,,,,,
2022-10-04 15:00:00,,,,,,,,,,,,,,,,,
2022-10-04 16:00:00,,,,,,,,,,,,,,,,,
2022-10-04 17:00:00,,,,,,,,,,,,,,,,,
2022-10-04 18:00:00,,,,,,,,,,,,,,,,,
2022-10-04 19:00:00,,,,,,,,,,,,,,,,,
2022-10-04 20:00:00,,,,,,,,,,,,,,,,,
2022-10-04 21:00:00,,,,,,,,,,,,,,,,,
2022-10-04 22:00:00,,,,,,,,,,,,,,,,,
2022-10-04 23:00:00,,,,,,,,,,,,,,,,,
2022-10-05 00:00:00,,,,,,,,,,,,,,,,,
2022-10-05 01:00:00,,,,,,,,,,,,,,,,,
2022-10-05 02:00:00,,,,,,,,,,,,,,,,,
2022-10-05 03:00:00,,,,,,,,,,,,,,,,,
2022-10-05 04:00:00,,,,,,,,,,,,,,,,,
2022-10-05 05:00:00,,,,,,,,,,,,,,,,,
2022-10-05 06:00:00,,,,,,,,,,,,,,,,,
2022-10-05 07:00:00,,,,,,,,,,,,,,,,,
2022-10-05 08:00:00,,,,,,,,,,,,,,,,,
2022-10-05 09:00:00,,,,,,,,,,,,,,,,,
2022-10-05 10:00:00,,,,,,,,,,,,,,,,,
2022-10-05 11:00:00,,,,,,,,,,,,,,,,,
2022-10-05 12:00:00,,,,,,,,,,,,,,,,,
2022-10-05 13:00:00,,,,,,,,,,,,,,,,,
2022-10-05 14:00:00,,,,,,,,,,,,,,,,,
2022-10-05 15:00:00,,,,,,,,,,,,,,,,,
2022-10-05 16:00:00,,,,,,,,,,,,,,,,,
2022-10-05 17:00:00,,,,,,,,,,,,,,,,,
2022-10-05 18:00:00,,,,,,,,,,,,,,,,,
2022-10-05 19:00:00,,,,,,,,,,,,,,,,,
2022-10-05 20:00:00,,,,,,,,,,,,,,,,,
2022-10-05 21:00:00,,,,,,,,,,,,,,,,,
2022-10-05 22:00:00,,,,,,,,,,,,,,,,,
2022-10-05 23:00:00,,,,,,,,,,,,,,,,,
2022-10-06 00:00:00,,,,,,,,,,,,,,,,,
2022-10-06 01:00:00,,,,,,,,,,,,,,,,,
2022-10-06 02:00:00,,,,,,,,,,,,,,,,,
2022-10-06 03:00:00,,,,,,,,,,,,,,,,,
2022-10-06 04:00:00,,,,,,,,,,,,,,,,,
2022-10-06 05:00:00,,,,,,,,,,,,,,,,,
2022-10-06 06:00:00,,,,,,,,,,,,,,,,,
2022-10-06 07:00:00,,,,,,,,,,,,,,,,,
2022-10-06 08:00:00,,,,,,,,,,,,,,,,,
2022-10-06 09:00:00,,,,,,,,,,,,,,,,,
2022-10-06 10:00:00,,,,,,,,,,,,,,,,,
2022-10-06 11:00:00,,,,,,,,,,,,,,,,,
2022-10-06 12:00:00,,,,,,,,,,,,,,,,,
2022-10-06 13:00:00,,,,,,,,,,,,,,,,,
2022-10-06 14:00:00,,,,,,,,,,,,,,,,,
2022-10-06 15:00:00,,,,,,,,,,,,,,,,,
2022-10-06 16:00:00,,,,,,,,,,,,,,,,,
2022-10-06 17:00:00,,,,,,,,,,,,,,,,,
2022-10-06 18:00:00,,,,,,,,,,,,,,,,,
2022-10-06 19:00:00,,,,,,,,,,,,,,,,,
2022-10-06 20:00:00,,,,,,,,,,,,,,,,,
2022-10-06 21:00:00,,,,,,,,,,,,,,,,,
2022-10-06 22:00:00,,,,,,,,,,,,,,,,,
2022-10-06 23:00:00,,,,,,,,,,,,,,,,,
2022-10-07 00:00:00,,,,,,,,,,,,,,,,,
2022-10-07 01:00:00,,,,,,,,,,,,,,,,,
2022-10-07 02:00:00,,,,,,,,,,,,,,,,,
2022-10-07 03:00:00,,,,,,,,,,,,,,,,,
2022-10-07 04:00:00,,,,,,,,,,,,,,,,,
2022-10-07 05:00:00,,,,,,,,,,,,,,,,,
2022-10-07 06:00:00,,,,,,,,,,,,,,,,,
2022-10-07 07:00:00,,,,,,,,,,,,,,,,,
2022-10-07 08:00:00,,,,,,,,,,,,,,,,,
2022-10-07 09:00:00,,,,,,,,,,,,,,,,,
2022-10-07 10:00:00,,,,,,,,,,,,,,,,,
2022-10-07 11:00:00,,,,,,,,,,,,,,,,,
2022-10-07 12:00:00,,,,,,,,,,,,,,,,,
2022-10-07 13:00:00,,,,,,,,,,,,,,,,,
2022-10-07 14:00:00,,,,,,,,,,,,,,,,,
2022-10-07 15:00:00,,,,,,,,,,,,,,,,,
2022-10-07 16:00:00,,,,,,,,,,,,,,,,,
2022-10-07 17:00:00,,,,,,,,,,,,,,,,,
2022-10-07 18:00:00,,,,,,,,,,,,,,,,,
2022-10-07 19:00:00,,,,,,,,,,,,,,,,,
2022-10-07 20:00:00,,,,,,,,,,,,,,,,,
2022-10-07 21:00:00,,,,,,,,,,,,,,,,,
2022-10-07 22:00:00,,,,,,,,,,,,,,,,,
2022-10-07 23:00:00,,,,,,,,,,,,,,,,,
2022-10-08 00:00:00,,,,,,,,,,,,,,,,,
2022-10-08 01:00:00,,,,,,,,,,,,,,,,,
2022-10-08 02:00:00,,,,,,,,,,,,,,,,,
2022-10-08 03:00:00,,,,,,,,,,,,,,,,,
2022-10-08 04:00:00,,,,,,,,,,,,,,,,,
2022-10-08 05:00:00,,,,,,,,,,,,,,,,,
2022-10-08 06:00:00,,,,,,,,,,,,,,,,,
2022-10-08 07:00:00,,,,,,,,,,,,,,,,,
2022-10-08 08:00:00,,,,,,,,,,,,,,,,,
2022-10-08 09:00:00,,,,,,,,,,,,,,,,,
2022-10-08 10:00:00,,,,,,,,,,,,,,,,,
2022-10-08 11:00:00,,,,,,,,,,,,,,,,,
2022-10-08 12:00:00,,,,,,,,,,,,,,,,,
2022-10-08 13:00:00,,,,,,,,,,,,,,,,,
2022-10-08 14:00:00,,,,,,,,,,,,,,,,,
2022-10-08 15:00:00,,,,,,,,,,,,,,,,,
2022-10-08 16:00:00,,,,,,,,,,,,,,,,,
2022-10-08 17:00:00,,,,,,,,,,,,,,,,,
2022-10-08 18:00:00,,,,,,,,,,,,,,,,,
2022-10-08 19:00:00,,,,,,,,,,,,,,,,,
2022-10-08 20:00:00,,,,,,,,,,,,,,,,,
2022-10-08 21:00:00,,,,,,,,,,,,,,,,,
2022-10-08 22:00:00,,,,,,,,,,,,,,,,,
2022-10-08 23:00:00,,,,,,,,,,,,,,,,,
2022-10-09 00:00:00,,,,,,,,,,,,,,,,,
2022-10-09 01:00:00,,,,,,,,,,,,,,,,,
2022-10-09 02:00:00,,,,,,,,,,,,,,,,,
2022-10-09 03:00:00,,,,,,,,,,,,,,,,,
2022-10-09 04:00:00,,,,,,,,,,,,,,,,,
2022-10-09 05:00:00,,,,,,,,,,,,,,,,,
2022-10-09 06:00:00,,,,,,,,,,,,,,,,,
2022-10-09 07:00:00,,,,,,,,,,,,,,,,,
2022-10-09 08:00:00,,,,,,,,,,,,,,,,,
2022-10-09 09:00:00,,,,,,,,,,,,,,,,,
2022-10-09 10:00:00,,,,,,,,,,,,,,,,,
2022-10-09 11:00:00,,,,,,,,,,,,,,,,,
2022-10-09 12:00:00,,,,,,,,,,,,,,,,,
2022-10-09 13:00:00,,,,,,,,,,,,,,,,,
2022-10-09 14:00:00,,,,,,,,,,,,,,,,,
2022-10-09 15:00:00,,,,,,,,,,,,,,,,,
2022-10-09 16:00:00,,,,,,,,,,,,,,,,,
2022-10-09 17:00:00,,,,,,,,,,,,,,,,,
2022-10-09 18:00:00,,,,,,,,,,,,,,,,,
2022-10-09 19:00:00,,,,,,,,,,,,,,,,,
2022-10-09 20:00:00,,,,,,,,,,,,,,,,,
2022-10-09 21:00:00,,,,,,,,,,,,,,,,,
2022-10-09 22:00:00,,,,,,,,,,,,,,,,,
2022-10-09 23:00:00,,,,,,,,,,,,,,,,,
2022-10-10 00:00:00,,,,,,,,,,,,,,,,,
2022-10-10 01:00:00,,,,,,,,,,,,,,,,,
2022-10-10 02:00:00,,,,,,,,,,,,,,,,,
2022-10-10 03:00:00,,,,,,,,,,,,,,,,,
2022-10-10 04:00:00,,,,,,,,,,,,,,,,,
2022-10-10 05:00:00,,,,,,,,,,,,,,,,,
2022-10-10 06:00:00,,,,,,,,,,,,,,,,,
2022-10-10 07:00:00,,,,,,,,,,,,,,,,,
2022-10-10 08:00:00,,,,,,,,,,,,,,,,,
2022-10-10 09:00:00,,,,,,,,,,,,,,,,,
2022-10-10 10:00:00,,,,,,,,,,,,,,,,,
2022-10-10 11:00:00,,,,,,,,,,,,,,,,,
2022-10-10 12:00:00,,,,,,,,,,,,,,,,,
2022-10-10 13:00:00,,,,,,,,,,,,,,,,,
2022-10-10 14:00:00,,,,,,,,,,,,,,,,,
2022-10-10 15:00:00,,,,,,,,,,,,,,,,,
2022-10-10 16:00:00,,,,,,,,,,,,,,,,,
2022-10-10 17:00:00,,,,,,,,,,,,,,,,,
2022-10-10 18:00:00,,,,,,,,,,,,,,,,,
2022-10-10 19:00:00,,,,,,,,,,,,,,,,,
2022-10-10 20:00:00,,,,,,,,,,,,,,,,,
2022-10-10 21:00:00,,,,,,,,,,,,,,,,,
2022-10-10 22:00:00,,,,,,,,,,,,,,,,,
2022-10-10 23:00:00,,,,,,,,,,,,,,,,,
2022-10-11 00:00:00,,,,,,,,,,,,,,,,,
2022-10-11 01:00:00,,,,,,,,,,,,,,,,,
2022-10-11 02:00:00,,,,,,,,,,,,,,,,,
2022-10-11 03:00:00,,,,,,,,,,,,,,,,,
2022-10-11 04:00:00,,,,,,,,,,,,,,,,,
2022-10-11 05:00:00,,,,,,,,,,,,,,,,,
2022-10-11 06:00:00,,,,,,,,,,,,,,,,,
2022-10-11 07:00:00,,,,,,,,,,,,,,,,,
2022-10-11 08:00:00,,,,,,,,,,,,,,,,,
2022-10-11 09:00:00,,,,,,,,,,,,,,,,,
2022-10-11 10:00:00,,,,,,,,,,,,,,,,,
2022-10-11 11:00:00,,,,,,,,,,,,,,,,,
2022-10-11 12:00:00,,,,,,,,,,,,,,,,,
2022-10-11 13:00:00,,,,,,,,,,,,,,,,,
2022-10-11 14:00:00,,,,,,,,,,,,,,,,,
2022-10-11 15:00:00,,,,,,,,,,,,,,,,,
2022-10-11 16:00:00,,,,,,,,,,,,,,,,,
2022-10-11 17:00:00,,,,,,,,,,,,,,,,,
2022-10-11 18:00:00,,,,,,,,,,,,,,,,,
2022-10-11 19:00:00,,,,,,,,,,,,,,,,,
2022-10-11 20:00:00,,,,,,,,,,,,,,,,,
2022-10-11 21:00:00,,,,,,,,,,,,,,,,,
2022-10-11 22:00:00,,,,,,,,,,,,,,,,,
2022-10-11 23:00:00,,,,,,,,,,,,,,,,,
2022-10-12 00:00:00,,,,,,,,,,,,,,,,,
2022-10-12 01:00:00,,,,,,,,,,,,,,,,,
2022-10-12 02:00:00,,,,,,,,,,,,,,,,,
2022-10-12 03:00:00,,,,,,,,,,,,,,,,,
2022-10-12 04:00:00,,,,,,,,,,,,,,,,,
2022-10-12 05:00:00,,,,,,,,,,,,,,,,,
2022-10-12 06:00:00,,,,,,,,,,,,,,,,,
2022-10-12 07:00:00,,,,,,,,,,,,,,,,,
2022-10-12 08:00:00,,,,,,,,,,,,,,,,,
2022-10-12 09:00:00,,,,,,,,,,,,,,,,,
2022-10-12 10:00:00,,,,,,,,,,,,,,,,,
2022-10-12 11:00:00,,,,,,,,,,,,,,,,,
2022-10-12 12:00:00,,,,,,,,,,,,,,,,,
2022-10-12 13:00:00,,,,,,,,,,,,,,,,,
2022-10-12 14:00:00,,,,,,,,,,,,,,,,,
2022-10-12 15:00:00,,,,,,,,,,,,,,,,,
2022-10-12 16:00:00,,,,,,,,,,,,,,,,,
2022-10-12 17:00:00,,,,,,,,,,,,,,,,,
2022-10-12 18:00:00,,,,,,,,,,,,,,,,,
2022-10-12 19:00:00,,,,,,,,,,,,,,,,,
2022-10-12 20:00:00,,,,,,,,,,,,,,,,,
2022-10-12 21:00:00,,,,,,,,,,,,,,,,,
2022-10-12 22:00:00,,,,,,,,,,,,,,,,,
2022-10-12 23:00:00,,,,,,,,,,,,,,,,,
2022-10-13 00:00:00,,,,,,,,,,,,,,,,,
2022-10-13 01:00:00,,,,,,,,,,,,,,,,,
2022-10-13 02:00:00,,,,,,,,,,,,,,,,,
2022-10-13 03:00:00,,,,,,,,,,,,,,,,,
2022-10-13 04:00:00,,,,,,,,,,,,,,,,,
2022-10-13 05:00:00,,,,,,,,,,,,,,,,,
2022-10-13 06:00:00,,,,,,,,,,,,,,,,,
2022-10-13 07:00:00,,,,,,,,,,,,,,,,,
2022-10-13 08:00:00,,,,,,,,,,,,,,,,,
2022-10-13 09:00:00,,,,,,,,,,,,,,,,,
2022-10-13 10:00:00,,,,,,,,,,,,,,,,,
2022-10-13 11:00:00,,,,,,,,,,,,,,,,,
2022-10-13 12:00:00,,,,,,,,,,,,,,,,,
2022-10-13 13:00:00,,,,,,,,,,,,,,,,,
2022-10-13 14:00:00,,,,,,,,,,,,,,,,,
2022-10-13 15:00:00,,,,,,,,,,,,,,,,,
2022-10-13 16:00:00,,,,,,,,,,,,,,,,,
2022-10-13 17:00:00,,,,,,,,,,,,,,,,,
2022-10-13 18:00:00,,,,,,,,,,,,,,,,,
2022-10-13 19:00:00,,,,,,,,,,,,,,,,,
2022-10-13 20:00:00,,,,,,,,,,,,,,,,,
2022-10-13 21:00:00,,,,,,,,,,,,,,,,,
2022-10-13 22:00:00,,,,,,,,,,,,,,,,,
2022-10-13 23:00:00,,,,,,,,,,,,,,,,,
2022-10-14 00:00:00,,,,,,,,,,,,,,,,,
2022-10-14 01:00:00,,,,,,,,,,,,,,,,,
2022-10-14 02:00:00,,,,,,,,,,,,,,,,,
2022-10-14 03:00:00,,,,,,,,,,,,,,,,,
2022-10-14 04:00:00,,,,,,,,,,,,,,,,,
2022-10-14 05:00:00,,,,,,,,,,,,,,,,,
2022-10-14 06:00:00,,,,,,,,,,,,,,,,,
2022-10-14 07:00:00,,,,,,,,,,,,,,,,,
2022-10-14 08:00:00,,,,,,,,,,,,,,,,,
2022-10-14 09:00:00,,,,,,,,,,,,,,,,,
2022-10-14 10:00:00,,,,,,,,,,,,,,,,,
2022-10-14 11:00:00,,,,,,,,,,,,,,,,,
2022-10-14 12:00:00,,,,,,,,,,,,,,,,,
2022-10-14 13:00:00,,,,,,,,,,,,,,,,,
2022-10-14 14:00:00,,,,,,,,,,,,,,,,,
2022-10-14 15:00:00,,,,,,,,,,,,,,,,,
2022-10-14 16:00:00,,,,,,,,,,,,,,,,,
2022-10-14 17:00:00,,,,,,,,,,,,,,,,,
2022-10-14 18:00:00,,,,,,,,,,,,,,,,,
2022-10-14 19:00:00,,,,,,,,,,,,,,,,,
2022-10-14 20:00:00,,,,,,,,,,,,,,,,,
2022-10-14 21:00:00,,,,,,,,,,,,,,,,,
2022-10-14 22:00:00,,,,,,,,,,,,,,,,,
2022-10-14 23:00:00,,,,,,,,,,,,,,,,,
2022-10-15 00:00:00,,,,,,,,,,,,,,,,,
2022-10-15 01:00:00,,,,,,,,,,,,,,,,,
2022-10-15 02:00:00,,,,,,,,,,,,,,,,,
2022-10-15 03:00:00,,,,,,,,,,,,,,,,,
2022-10-15 04:00:00,,,,,,,,,,,,,,,,,
2022-10-15 05:00:00,,,,,,,,,,,,,,,,,
2022-10-15 06:00:00,,,,,,,,,,,,,,,,,
2022-10-15 07:00:00,,,,,,,,,,,,,,,,,
2022-10-15 08:00:00,,,,,,,,,,,,,,,,,
2022-10-15 09:00:00,,,,,,,,,,,,,,,,,
2022-10-15 10:00:00,,,,,,,,,,,,,,,,,
2022-10-15 11:00:00,,,,,,,,,,,,,,,,,
2022-10-15 12:00:00,,,,,,,,,,,,,,,,,
2022-10-15 13:00:00,,,,,,,,,,,,,,,,,
2022-10-15 14:00:00,,,,,,,,,,,,,,,,,
2022-10-15 15:00:00,,,,,,,,,,,,,,,,,
2022-10-15 16:00:00,,,,,,,,,,,,,,,,,
2022-10-15 17:00:00,,,,,,,,,,,,,,,,,
2022-10-15 18:00:00,,,,,,,,,,,,,,,,,
2022-10-15 19:00:00,,,,,,,,,,,,,,,,,
2022-10-15 20:00:00,,,,,,,,,,,,,,,,,
2022-10-15 21:00:00,,,,,,,,,,,,,,,,,
2022-10-15 22:00:00,,,,,,,,,,,,,,,,,
2022-10-15 23:00:00,,,,,,,,,,,,,,,,,
2022-10-16 00:00:00,,,,,,,,,,,,,,,,,
2022-10-16 01:00:00,,,,,,,,,,,,,,,,,
2022-10-16 02:00:00,,,,,,,,,,,,,,,,,
2022-10-16 03:00:00,,,,,,,,,,,,,,,,,
2022-10-16 04:00:00,,,,,,,,,,,,,,,,,
2022-10-16 05:00:00,,,,,,,,,,,,,,,,,
2022-10-16 06:00:00,,,,,,,,,,,,,,,,,
2022-10-16 07:00:00,,,,,,,,,,,,,,,,,
2022-10-16 08:00:00,,,,,,,,,,,,,,,,,
2022-10-16 09:00:00,,,,,,,,,,,,,,,,,
2022-10-16 10:00:00,,,,,,,,,,,,,,,,,
2022-10-16 11:00:00,,,,,,,,,,,,,,,,,
2022-10-16 12:00:00,,,,,,,,,,,,,,,,,
2022-10-16 13:00:00,,,,,,,,,,,,,,,,,
2022-10-16 14:00:00,,,,,,,,,,,,,,,,,
2022-10-16 15:00:00,,,,,,,,,,,,,,,,,
2022-10-16 16:00:00,,,,,,,,,,,,,,,,,
2022-10-16 17:00:00,,,,,,,,,,,,,,,,,
2022-10-16 18:00:00,,,,,,,,,,,,,,,,,
2022-10-16 19:00:00,,,,,,,,,,,,,,,,,
2022-10-16 20:00:00,,,,,,,,,,,,,,,,,
2022-10-16 21:00:00,,,,,,,,,,,,,,,,,
2022-10-16 22:00:00,,,,,,,,,,,,,,,,,
2022-10-16 23:00:00,,,,,,,,,,,,,,,,,
2022-10-17 00:00:00,,,,,,,,,,,,,,,,,
2022-10-17 01:00:00,,,,,,,,,,,,,,,,,
2022-10-17 02:00:00,,,,,,,,,,,,,,,,,
2022-10-17 03:00:00,,,,,,,,,,,,,,,,,
2022-10-17 04:00:00,,,,,,,,,,,,,,,,,
2022-10-17 05:00:00,,,,,,,,,,,,,,,,,
2022-10-17 06:00:00,,,,,,,,,,,,,,,,,
2022-10-17 07:00:00,,,,,,,,,,,,,,,,,
2022-10-17 08:00:00,,,,,,,,,,,,,,,,,
2022-10-17 09:00:00,,,,,,,,,,,,,,,,,
2022-10-17 10:00:00,,,,,,,,,,,,,,,,,
2022-10-17 11:00:00,,,,,,,,,,,,,,,,,
2022-10-17 12:00:00,,,,,,,,,,,,,,,,,
2022-10-17 13:00:00,,,,,,,,,,,,,,,,,
2022-10-17 14:00:00,,,,,,,,,,,,,,,,,
2022-10-17 15:00:00,,,,,,,,,,,,,,,,,
2022-10-17 16:00:00,,,,,,,,,,,,,,,,,
2022-10-17 17:00:00,,,,,,,,,,,,,,,,,
2022-10-17 18:00:00,,,,,,,,,,,,,,,,,
2022-10-17 19:00:00,,,,,,,,,,,,,,,,,
2022-10-17 20:00:00,,,,,,,,,,,,,,,,,
2022-10-17 21:00:00,,,,,,,,,,,,,,,,,
2022-10-17 22:00:00,,,,,,,,,,,,,,,,,
2022-10-17 23:00:00,,,,,,,,,,,,,,,,,
2022-10-18 00:00:00,,,,,,,,,,,,,,,,,
2022-10-18 01:00:00,,,,,,,,,,,,,,,,,
2022-10-18 02:00:00,,,,,,,,,,,,,,,,,
2022-10-18 03:00:00,,,,,,,,,,,,,,,,,
2022-10-18 04:00:00,,,,,,,,,,,,,,,,,
2022-10-18 05:00:00,,,,,,,,,,,,,,,,,
2022-10-18 06:00:00,,,,,,,,,,,,,,,,,
2022-10-18 07:00:00,,,,,,,,,,,,,,,,,
2022-10-18 08:00:00,,,,,,,,,,,,,,,,,
2022-10-18 09:00:00,,,,,,,,,,,,,,,,,
2022-10-18 10:00:00,,,,,,,,,,,,,,,,,
2022-10-18 11:00:00,,,,,,,,,,,,,,,,,
2022-10-18 12:00:00,,,,,,,,,,,,,,,,,
2022-10-18 13:00:00,,,,,,,,,,,,,,,,,
2022-10-18 14:00:00,,,,,,,,,,,,,,,,,
2022-10-18 15:00:00,,,,,,,,,,,,,,,,,
2022-10-18 16:00:00,,,,,,,,,,,,,,,,,
2022-10-18 17:00:00,,,,,,,,,,,,,,,,,
2022-10-18 18:00:00,,,,,,,,,,,,,,,,,
2022-10-18 19:00:00,,,,,,,,,,,,,,,,,
2022-10-18 20:00:00,,,,,,,,,,,,,,,,,
2022-10-18 21:00:00,,,,,,,,,,,,,,,,,
2022-10-18 22:00:00,,,,,,,,,,,,,,,,,
2022-10-18 23:00:00,,,,,,,,,,,,,,,,,
2022-10-19 00:00:00,,,,,,,,,,,,,,,,,
2022-10-19 01:00:00,,,,,,,,,,,,,,,,,
2022-10-19 02:00:00,,,,,,,,,,,,,,,,,
2022-10-19 03:00:00,,,,,,,,,,,,,,,,,
2022-10-19 04:00:00,,,,,,,,,,,,,,,,,
2022-10-19 05:00:00,,,,,,,,,,,,,,,,,
2022-10-19 06:00:00,,,,,,,,,,,,,,,,,
2022-10-19 07:00:00,,,,,,,,,,,,,,,,,
2022-10-19 08:00:00,,,,,,,,,,,,,,,,,
2022-10-19 09:00:00,,,,,,,,,,,,,,,,,
2022-10-19 10:00:00,,,,,,,,,,,,,,,,,
2022-10-19 11:00:00,,,,,,,,,,,,,,,,,
2022-10-19 12:00:00,,,,,,,,,,,,,,,,,
2022-10-19 13:00:00,,,,,,,,,,,,,,,,,
2022-10-19 14:00:00,,,,,,,,,,,,,,,,,
2022-10-19 15:00:00,,,,,,,,,,,,,,,,,
2022-10-19 16:00:00,,,,,,,,,,,,,,,,,
2022-10-19 17:00:00,,,,,,,,,,,,,,,,,
2022-10-19 18:00:00,,,,,,,,,,,,,,,,,
2022-10-19 19:00:00,,,,,,,,,,,,,,,,,
2022-10-19 20:00:00,,,,,,,,,,,,,,,,,
2022-10-19 21:00:00,,,,,,,,,,,,,,,,,
2022-10-19 22:00:00,,,,,,,,,,,,,,,,,
2022-10-19 23:00:00,,,,,,,,,,,,,,,,,
2022-10-20 00:00:00,,,,,,,,,,,,,,,,,
2022-10-20 01:00:00,,,,,,,,,,,,,,,,,
2022-10-20 02:00:00,,,,,,,,,,,,,,,,,
2022-10-20 03:00:00,,,,,,,,,,,,,,,,,
2022-10-20 04:00:00,,,,,,,,,,,,,,,,,
2022-10-20 05:00:00,,,,,,,,,,,,,,,,,
2022-10-20 06:00:00,,,,,,,,,,,,,,,,,
2022-10-20 07:00:00,,,,,,,,,,,,,,,,,
2022-10-20 08:00:00,,,,,,,,,,,,,,,,,
2022-10-20 09:00:00,,,,,,,,,,,,,,,,,
2022-10-20 10:00:00,,,,,,,,,,,,,,,,,
2022-10-20 11:00:00,,,,,,,,,,,,,,,,,
2022-10-20 12:00:00,,,,,,,,,,,,,,,,,
2022-10-20 13:00:00,,,,,,,,,,,,,,,,,
2022-10-20 14:00:00,,,,,,,,,,,,,,,,,
2022-10-20 15:00:00,,,,,,,,,,,,,,,,,
2022-10-20 16:00:00,,,,,,,,,,,,,,,,,
2022-10-20 17:00:00,,,,,,,,,,,,,,,,,
2022-10-20 18:00:00,,,,,,,,,,,,,,,,,
2022-10-20 19:00:00,,,,,,,,,,,,,,,,,
2022-10-20 20:00:00,,,,,,,,,,,,,,,,,
2022-10-20 21:00:00,,,,,,,,,,,,,,,,,
2022-10-20 22:00:00,,,,,,,,,,,,,,,,,
2022-10-20 23:00:00,,,,,,,,,,,,,,,,,
2022-10-21 00:00:00,,,,,,,,,,,,,,,,,
2022-10-21 01:00:00,,,,,,,,,,,,,,,,,
2022-10-21 02:00:00,,,,,,,,,,,,,,,,,
2022-10-21 03:00:00,,,,,,,,,,,,,,,,,
2022-10-21 04:00:00,,,,,,,,,,,,,,,,,
2022-10-21 05:00:00,,,,,,,,,,,,,,,,,
2022-10-21 06:00:00,,,,,,,,,,,,,,,,,
2022-10-21 07:00:00,,,,,,,,,,,,,,,,,
2022-10-21 08:00:00,,,,,,,,,,,,,,,,,
2022-10-21 09:00:00,,,,,,,,,,,,,,,,,
2022-10-21 10:00:00,,,,,,,,,,,,,,,,,
2022-10-21 11:00:00,,,,,,,,,,,,,,,,,
2022-10-21 12:00:00,,,,,,,,,,,,,,,,,
2022-10-21 13:00:00,,,,,,,,,,,,,,,,,
2022-10-21 14:00:00,,,,,,,,,,,,,,,,,
2022-10-21 15:00:00,,,,,,,,,,,,,,,,,
2022-10-21 16:00:00,,,,,,,,,,,,,,,,,
2022-10-21 17:00:00,,,,,,,,,,,,,,,,,
2022-10-21 18:00:00,,,,,,,,,,,,,,,,,
2022-10-21 19:00:00,,,,,,,,,,,,,,,,,
2022-10-21 20:00:00,,,,,,,,,,,,,,,,,
2022-10-21 21:00:00,,,,,,,,,,,,,,,,,
2022-10-21 22:00:00,,,,,,,,,,,,,,,,,
2022-10-21 23:00:00,,,,,,,,,,,,,,,,,
2022-10-22 00:00:00,,,,,,,,,,,,,,,,,
2022-10-22 01:00:00,,,,,,,,,,,,,,,,,
2022-10-22 02:00:00,,,,,,,,,,,,,,,,,
2022-10-22 03:00:00,,,,,,,,,,,,,,,,,
2022-10-22 04:00:00,,,,,,,,,,,,,,,,,
2022-10-22 05:00:00,,,,,,,,,,,,,,,,,
2022-10-22 06:00:00,,,,,,,,,,,,,,,,,
2022-10-22 07:00:00,,,,,,,,,,,,,,,,,
2022-10-22 08:00:00,,,,,,,,,,,,,,,,,
2022-10-22 09:00:00,,,,,,,,,,,,,,,,,
2022-10-22 10:00:00,,,,,,,,,,,,,,,,,
2022-10-22 11:00:00,,,,,,,,,,,,,,,,,
2022-10-22 12:00:00,,,,,,,,,,,,,,,,,
2022-10-22 13:00:00,,,,,,,,,,,,,,,,,
2022-10-22 14:00:00,,,,,,,,,,,,,,,,,
2022-10-22 15:00:00,,,,,,,,,,,,,,,,,
2022-10-22 16:00:00,,,,,,,,,,,,,,,,,
2022-10-22 17:00:00,,,,,,,,,,,,,,,,,
2022-10-22 18:00:00,,,,,,,,,,,,,,,,,
2022-10-22 19:00:00,,,,,,,,,,,,,,,,,
2022-10-22 20:00:00,,,,,,,,,,,,,,,,,
2022-10-22 21:00:00,,,,,,,,,,,,,,,,,
2022-10-22 22:00:00,,,,,,,,,,,,,,,,,
2022-10-22 23:00:00,,,,,,,,,,,,,,,,,
2022-10-23 00:00:00,,,,,,,,,,,,,,,,,
2022-10-23 01:00:00,,,,,,,,,,,,,,,,,
2022-10-23 02:00:00,,,,,,,,,,,,,,,,,
2022-10-23 03:00:00,,,,,,,,,,,,,,,,,
2022-10-23 04:00:00,,,,,,,,,,,,,,,,,
2022-10-23 05:00:00,,,,,,,,,,,,,,,,,
2022-10-23 06:00:00,,,,,,,,,,,,,,,,,
2022-10-23 07:00:00,,,,,,,,,,,,,,,,,
2022-10-23 08:00:00,,,,,,,,,,,,,,,,,
2022-10-23 09:00:00,,,,,,,,,,,,,,,,,
2022-10-23 10:00:00,,,,,,,,,,,,,,,,,
2022-10-23 11:00:00,,,,,,,,,,,,,,,,,
2022-10-23 12:00:00,,,,,,,,,,,,,,,,,
2022-10-23 13:00:00,,,,,,,,,,,,,,,,,
2022-10-23 14:00:00,,,,,,,,,,,,,,,,,
2022-10-23 15:00:00,,,,,,,,,,,,,,,,,
2022-10-23 16:00:00,,,,,,,,,,,,,,,,,
2022-10-23 17:00:00,,,,,,,,,,,,,,,,,
2022-10-23 18:00:00,,,,,,,,,,,,,,,,,
2022-10-23 19:00:00,,,,,,,,,,,,,,,,,
2022-10-23 20:00:00,,,,,,,,,,,,,,,,,
2022-10-23 21:00:00,,,,,,,,,,,,,,,,,
2022-10-23 22:00:00,,,,,,,,,,,,,,,,,
2022-10-23 23:00:00,,,,,,,,,,,,,,,,,
2022-10-24 00:00:00,,,,,,,,,,,,,,,,,
2022-10-24 01:00:00,,,,,,,,,,,,,,,,,
2022-10-24 02:00:00,,,,,,,,,,,,,,,,,
2022-10-24 03:00:00,,,,,,,,,,,,,,,,,
2022-10-24 04:00:00,,,,,,,,,,,,,,,,,
2022-10-24 05:00:00,,,,,,,,,,,,,,,,,
2022-10-24 06:00:00,,,,,,,,,,,,,,,,,
2022-10-24 07:00:00,,,,,,,,,,,,,,,,,
2022-10-24 08:00:00,,,,,,,,,,,,,,,,,
2022-10-24 09:00:00,,,,,,,,,,,,,,,,,
2022-10-24 10:00:00,,,,,,,,,,,,,,,,,
2022-10-24 11:00:00,,,,,,,,,,,,,,,,,
2022-10-24 12:00:00,,,,,,,,,,,,,,,,,
2022-10-24 13:00:00,,,,,,,,,,,,,,,,,
2022-10-24 14:00:00,,,,,,,,,,,,,,,,,
2022-10-24 15:00:00,,,,,,,,,,,,,,,,,
2022-10-24 16:00:00,,,,,,,,,,,,,,,,,
2022-10-24 17:00:00,,,,,,,,,,,,,,,,,
2022-10-24 18:00:00,,,,,,,,,,,,,,,,,
2022-10-24 19:00:00,,,,,,,,,,,,,,,,,
2022-10-24 20:00:00,,,,,,,,,,,,,,,,,
2022-10-24 21:00:00,,,,,,,,,,,,,,,,,
2022-10-24 22:00:00,,,,,,,,,,,,,,,,,
2022-10-24 23:00:00,,,,,,,,,,,,,,,,,
2022-10-25 00:00:00,,,,,,,,,,,,,,,,,
2022-10-25 01:00:00,,,,,,,,,,,,,,,,,
2022-10-25 02:00:00,,,,,,,,,,,,,,,,,
2022-10-25 03:00:00,,,,,,,,,,,,,,,,,
2022-10-25 04:00:00,,,,,,,,,,,,,,,,,
2022-10-25 05:00:00,,,,,,,,,,,,,,,,,
2022-10-25 06:00:00,,,,,,,,,,,,,,,,,
2022-10-25 07:00:00,,,,,,,,,,,,,,,,,
2022-10-25 08:00:00,,,,,,,,,,,,,,,,,
2022-10-25 09:00:00,,,,,,,,,,,,,,,,,
2022-10-25 10:00:00,,,,,,,,,,,,,,,,,
2022-10-25 11:00:00,,,,,,,,,,,,,,,,,
2022-10-25 12:00:00,,,,,,,,,,,,,,,,,
2022-10-25 13:00:00,,,,,,,,,,,,,,,,,
2022-10-25 14:00:00,,,,,,,,,,,,,,,,,
2022-10-25 15:00:00,,,,,,,,,,,,,,,,,
2022-10-25 16:00:00,,,,,,,,,,,,,,,,,
2022-10-25 17:00:00,,,,,,,,,,,,,,,,,
2022-10-25 18:00:00,,,,,,,,,,,,,,,,,
2022-10-25 19:00:00,,,,,,,,,,,,,,,,,
2022-10-25 20:00:00,,,,,,,,,,,,,,,,,
2022-10-25 21:00:00,,,,,,,,,,,,,,,,,
2022-10-25 22:00:00,,,,,,,,,,,,,,,,,
2022-10-25 23:00:00,,,,,,,,,,,,,,,,,
2022-10-26 00:00:00,,,,,,,,,,,,,,,,,
2022-10-26 01:00:00,,,,,,,,,,,,,,,,,
2022-10-26 02:00:00,,,,,,,,,,,,,,,,,
2022-10-26 03:00:00,,,,,,,,,,,,,,,,,
2022-10-26 04:00:00,,,,,,,,,,,,,,,,,
2022-10-26 05:00:00,,,,,,,,,,,,,,,,,
2022-10-26 06:00:00,,,,,,,,,,,,,,,,,
2022-10-26 07:00:00,,,,,,,,,,,,,,,,,
2022-10-26 08:00:00,,,,,,,,,,,,,,,,,
2022-10-26 09:00:00,,,,,,,,,,,,,,,,,
2022-10-26 10:00:00,,,,,,,,,,,,,,,,,
2022-10-26 11:00:00,,,,,,,,,,,,,,,,,
2022-10-26 12:00:00,,,,,,,,,,,,,,,,,
2022-10-26 13:00:00,,,,,,,,,,,,,,,,,
2022-10-26 14:00:00,,,,,,,,,,,,,,,,,
2022-10-26 15:00:00,,,,,,,,,,,,,,,,,
2022-10-26 16:00:00,,,,,,,,,,,,,,,,,
2022-10-26 17:00:00,,,,,,,,,,,,,,,,,
2022-10-26 18:00:00,,,,,,,,,,,,,,,,,
2022-10-26 19:00:00,,,,,,,,,,,,,,,,,
2022-10-26 20:00:00,,,,,,,,,,,,,,,,,
2022-10-26 21:00:00,,,,,,,,,,,,,,,,,
2022-10-26 22:00:00,,,,,,,,,,,,,,,,,
2022-10-26 23:00:00,,,,,,,,,,,,,,,,,
2022-10-27 00:00:00,,,,,,,,,,,,,,,,,
2022-10-27 01:00:00,,,,,,,,,,,,,,,,,
2022-10-27 02:00:00,,,,,,,,,,,,,,,,,
2022-10-27 03:00:00,,,,,,,,,,,,,,,,,
2022-10-27 04:00:00,,,,,,,,,,,,,,,,,
2022-10-27 05:00:00,,,,,,,,,,,,,,,,,
2022-10-27 06:00:00,,,,,,,,,,,,,,,,,
2022-10-27 07:00:00,,,,,,,,,,,,,,,,,
2022-10-27 08:00:00,,,,,,,,,,,,,,,,,
2022-10-27 09:00:00,,,,,,,,,,,,,,,,,
2022-10-27 10:00:00,,,,,,,,,,,,,,,,,
2022-10-27 11:00:00,,,,,,,,,,,,,,,,,
2022-10-27 12:00:00,,,,,,,,,,,,,,,,,
2022-10-27 13:00:00,,,,,,,,,,,,,,,,,
2022-10-27 14:00:00,,,,,,,,,,,,,,,,,
2022-10-27 15:00:00,,,,,,,,,,,,,,,,,
2022-10-27 16:00:00,,,,,,,,,,,,,,,,,
2022-10-27 17:00:00,,,,,,,,,,,,,,,,,
2022-10-27 18:00:00,,,,,,,,,,,,,,,,,
2022-10-27 19:00:00,,,,,,,,,,,,,,,,,
2022-10-27 20:00:00,,,,,,,,,,,,,,,,,
2022-10-27 21:00:00,,,,,,,,,,,,,,,,,
2022-10-27 22:00:00,,,,,,,,,,,,,,,,,
2022-10-27 23:00:00,,,,,,,,,,,,,,,,,
2022-10-28 00:00:00,,,,,,,,,,,,,,,,,
2022-10-28 01:00:00,,,,,,,,,,,,,,,,,
2022-10-28 02:00:00,,,,,,,,,,,,,,,,,
2022-10-28 03:00:00,,,,,,,,,,,,,,,,,
2022-10-28 04:00:00,,,,,,,,,,,,,,,,,
2022-10-28 05:00:00,,,,,,,,,,,,,,,,,
2022-10-28 06:00:00,,,,,,,,,,,,,,,,,
2022-10-28 07:00:00,,,,,,,,,,,,,,,,,
2022-10-28 08:00:00,,,,,,,,,,,,,,,,,
2022-10-28 09:00:00,,,,,,,,,,,,,,,,,
2022-10-28 10:00:00,,,,,,,,,,,,,,,,,
2022-10-28 11:00:00,,,,,,,,,,,,,,,,,
2022-10-28 12:00:00,,,,,,,,,,,,,,,,,
2022-10-28 13:00:00,,,,,,,,,,,,,,,,,
2022-10-28 14:00:00,,,,,,,,,,,,,,,,,
2022-10-28 15:00:00,,,,,,,,,,,,,,,,,
2022-10-28 16:00:00,,,,,,,,,,,,,,,,,
2022-10-28 17:00:00,,,,,,,,,,,,,,,,,
2022-10-28 18:00:00,,,,,,,,,,,,,,,,,
2022-10-28 19:00:00,,,,,,,,,,,,,,,,,
2022-10-28 20:00:00,,,,,,,,,,,,,,,,,
2022-10-28 21:00:00,,,,,,,,,,,,,,,,,
2022-10-28 22:00:00,,,,,,,,,,,,,,,,,
2022-10-28 23:00:00,,,,,,,,,,,,,,,,,
2022-10-29 00:00:00,,,,,,,,,,,,,,,,,
2022-10-29 01:00:00,,,,,,,,,,,,,,,,,
2022-10-29 02:00:00,,,,,,,,,,,,,,,,,
2022-10-29 03:00:00,,,,,,,,,,,,,,,,,
2022-10-29 04:00:00,,,,,,,,,,,,,,,,,
2022-10-29 05:00:00,,,,,,,,,,,,,,,,,
2022-10-29 06:00:00,,,,,,,,,,,,,,,,,
2022-10-29 07:00:00,,,,,,,,,,,,,,,,,
2022-10-29 08:00:00,,,,,,,,,,,,,,,,,
2022-10-29 09:00:00,,,,,,,,,,,,,,,,,
2022-10-29 10:00:00,,,,,,,,,,,,,,,,,
2022-10-29 11:00:00,,,,,,,,,,,,,,,,,
2022-10-29 12:00:00,,,,,,,,,,,,,,,,,
2022-10-29 13:00:00,,,,,,,,,,,,,,,,,
2022-10-29 14:00:00,,,,,,,,,,,,,,,,,
2022-10-29 15:00:00,,,,,,,,,,,,,,,,,
2022-10-29 16:00:00,,,,,,,,,,,,,,,,,
2022-10-29 17:00:00,,,,,,,,,,,,,,,,,
2022-10-29 18:00:00,,,,,,,,,,,,,,,,,
2022-10-29 19:00:00,,,,,,,,,,,,,,,,,
2022-10-29 20:00:00,,,,,,,,,,,,,,,,,
2022-10-29 21:00:00,,,,,,,,,,,,,,,,,
2022-10-29 22:00:00,,,,,,,,,,,,,,,,,
2022-10-29 23:00:00,,,,,,,,,,,,,,,,,
2022-10-30 00:00:00,,,,,,,,,,,,,,,,,
2022-10-30 01:00:00,,,,,,,,,,,,,,,,,
2022-10-30 02:00:00,,,,,,,,,,,,,,,,,
2022-10-30 03:00:00,,,,,,,,,,,,,,,,,
2022-10-30 04:00:00,,,,,,,,,,,,,,,,,
2022-10-30 05:00:00,,,,,,,,,,,,,,,,,
2022-10-30 06:00:00,,,,,,,,,,,,,,,,,
2022-10-30 07:00:00,,,,,,,,,,,,,,,,,
2022-10-30 08:00:00,,,,,,,,,,,,,,,,,
2022-10-30 09:00:00,,,,,,,,,,,,,,,,,
2022-10-30 10:00:00,,,,,,,,,,,,,,,,,
2022-10-30 11:00:00,,,,,,,,,,,,,,,,,
2022-10-30 12:00:00,,,,,,,,,,,,,,,,,
2022-10-30 13:00:00,,,,,,,,,,,,,,,,,
2022-10-30 14:00:00,,,,,,,,,,,,,,,,,
2022-10-30 15:00:00,,,,,,,,,,,,,,,,,
2022-10-30 16:00:00,,,,,,,,,,,,,,,,,
2022-10-30 17:00:00,,,,,,,,,,,,,,,,,
2022-10-30 18:00:00,,,,,,,,,,,,,,,,,
2022-10-30 19:00:00,,,,,,,,,,,,,,,,,
2022-10-30 20:00:00,,,,,,,,,,,,,,,,,
2022-10-30 21:00:00,,,,,,,,,,,,,,,,,
2022-10-30 22:00:00,,,,,,,,,,,,,,,,,
2022-10-30 23:00:00,,,,,,,,,,,,,,,,,
2022-10-31 00:00:00,,,,,,,,,,,,,,,,,
2022-10-31 01:00:00,,,,,,,,,,,,,,,,,
2022-10-31 02:00:00,,,,,,,,,,,,,,,,,
2022-10-31 03:00:00,,,,,,,,,,,,,,,,,
2022-10-31 04:00:00,,,,,,,,,,,,,,,,,
2022-10-31 05:00:00,,,,,,,,,,,,,,,,,
2022-10-31 06:00:00,,,,,,,,,,,,,,,,,
2022-10-31 07:00:00,,,,,,,,,,,,,,,,,
2022-10-31 08:00:00,,,,,,,,,,,,,,,,,
2022-10-31 09:00:00,,,,,,,,,,,,,,,,,
2022-10-31 10:00:00,,,,,,,,,,,,,,,,,
2022-10-31 11:00:00,,,,,,,,,,,,,,,,,
2022-10-31 12:00:00,,,,,,,,,,,,,,,,,
2022-10-31 13:00:00,,,,,,,,,,,,,,,,,
2022-10-31 14:00:00,,,,,,,,,,,,,,,,,
2022-10-31 15:00:00,,,,,,,,,,,,,,,,,
2022-10-31 16:00:00,,,,,,,,,,,,,,,,,
2022-10-31 17:00:00,,,,,,,,,,,,,,,,,
2022-10-31 18:00:00,,,,,,,,,,,,,,,,,
2022-10-31 19:00:00,,,,,,,,,,,,,,,,,
2022-10-31 20:00:00,,,,,,,,,,,,,,,,,
2022-10-31 21:00:00,,,,,,,,,,,,,,,,,
2022-10-31 22:00:00,,,,,,,,,,,,,,,,,
2022-10-31 23:00:00,,,,,,,,,,,,,,,,,
2022-11-01 00:00:00,,,,,,,,,,,,,,,,,
2022-11-01 01:00:00,,,,,,,,,,,,,,,,,
2022-11-01 02:00:00,,,,,,,,,,,,,,,,,
2022-11-01 03:00:00,,,,,,,,,,,,,,,,,
2022-11-01 04:00:00,,,,,,,,,,,,,,,,,
2022-11-01 05:00:00,,,,,,,,,,,,,,,,,
2022-11-01 06:00:00,,,,,,,,,,,,,,,,,
2022-11-01 07:00:00,,,,,,,,,,,,,,,,,
2022-11-01 08:00:00,,,,,,,,,,,,,,,,,
2022-11-01 09:00:00,,,,,,,,,,,,,,,,,
2022-11-01 10:00:00,,,,,,,,,,,,,,,,,
2022-11-01 11:00:00,,,,,,,,,,,,,,,,,
2022-11-01 12:00:00,,,,,,,,,,,,,,,,,
2022-11-01 13:00:00,,,,,,,,,,,,,,,,,
2022-11-01 14:00:00,,,,,,,,,,,,,,,,,
2022-11-01 15:00:00,,,,,,,,,,,,,,,,,
2022-11-01 16:00:00,,,,,,,,,,,,,,,,,
2022-11-01 17:00:00,,,,,,,,,,,,,,,,,
2022-11-01 18:00:00,,,,,,,,,,,,,,,,,
2022-11-01 19:00:00,,,,,,,,,,,,,,,,,
2022-11-01 20:00:00,,,,,,,,,,,,,,,,,
2022-11-01 21:00:00,,,,,,,,,,,,,,,,,
2022-11-01 22:00:00,,,,,,,,,,,,,,,,,
2022-11-01 23:00:00,,,,,,,,,,,,,,,,,
2022-11-02 00:00:00,,,,,,,,,,,,,,,,,
2022-11-02 01:00:00,,,,,,,,,,,,,,,,,
2022-11-02 02:00:00,,,,,,,,,,,,,,,,,
2022-11-02 03:00:00,,,,,,,,,,,,,,,,,
2022-11-02 04:00:00,,,,,,,,,,,,,,,,,
2022-11-02 05:00:00,,,,,,,,,,,,,,,,,
2022-11-02 06:00:00,,,,,,,,,,,,,,,,,
2022-11-02 07:00:00,,,,,,,,,,,,,,,,,
2022-11-02 08:00:00,,,,,,,,,,,,,,,,,
2022-11-02 09:00:00,,,,,,,,,,,,,,,,,
2022-11-02 10:00:00,,,,,,,,,,,,,,,,,
2022-11-02 11:00:00,,,,,,,,,,,,,,,,,
2022-11-02 12:00:00,,,,,,,,,,,,,,,,,
2022-11-02 13:00:00,,,,,,,,,,,,,,,,,
2022-11-02 14:00:00,,,,,,,,,,,,,,,,,
2022-11-02 15:00:00,,,,,,,,,,,,,,,,,
2022-11-02 16:00:00,,,,,,,,,,,,,,,,,
2022-11-02 17:00:00,,,,,,,,,,,,,,,,,
2022-11-02 18:00:00,,,,,,,,,,,,,,,,,
2022-11-02 19:00:00,,,,,,,,,,,,,,,,,
2022-11-02 20:00:00,,,,,,,,,,,,,,,,,
2022-11-02 21:00:00,,,,,,,,,,,,,,,,,
2022-11-02 22:00:00,,,,,,,,,,,,,,,,,
2022-11-02 23:00:00,,,,,,,,,,,,,,,,,
2022-11-03 00:00:00,,,,,,,,,,,,,,,,,
2022-11-03 01:00:00,,,,,,,,,,,,,,,,,
2022-11-03 02:00:00,,,,,,,,,,,,,,,,,
2022-11-03 03:00:00,,,,,,,,,,,,,,,,,
2022-11-03 04:00:00,,,,,,,,,,,,,,,,,
2022-11-03 05:00:00,,,,,,,,,,,,,,,,,
2022-11-03 06:00:00,,,,,,,,,,,,,,,,,
2022-11-03 07:00:00,,,,,,,,,,,,,,,,,
2022-11-03 08:00:00,,,,,,,,,,,,,,,,,
2022-11-03 09:00:00,,,,,,,,,,,,,,,,,
2022-11-03 10:00:00,,,,,,,,,,,,,,,,,
2022-11-03 11:00:00,,,,,,,,,,,,,,,,,
2022-11-03 12:00:00,,,,,,,,,,,,,,,,,
2022-11-03 13:00:00,,,,,,,,,,,,,,,,,
2022-11-03 14:00:00,,,,,,,,,,,,,,,,,
2022-11-03 15:00:00,,,,,,,,,,,,,,,,,
2022-11-03 16:00:00,,,,,,,,,,,,,,,,,
2022-11-03 17:00:00,,,,,,,,,,,,,,,,,
2022-11-03 18:00:00,,,,,,,,,,,,,,,,,
2022-11-03 19:00:00,,,,,,,,,,,,,,,,,
2022-11-03 20:00:00,,,,,,,,,,,,,,,,,
2022-11-03 21:00:00,,,,,,,,,,,,,,,,,
2022-11-03 22:00:00,,,,,,,,,,,,,,,,,
2022-11-03 23:00:00,,,,,,,,,,,,,,,,,
2022-11-04 00:00:00,,,,,,,,,,,,,,,,,
2022-11-04 01:00:00,,,,,,,,,,,,,,,,,
2022-11-04 02:00:00,,,,,,,,,,,,,,,,,
2022-11-04 03:00:00,,,,,,,,,,,,,,,,,
2022-11-04 04:00:00,,,,,,,,,,,,,,,,,
2022-11-04 05:00:00,,,,,,,,,,,,,,,,,
2022-11-04 06:00:00,,,,,,,,,,,,,,,,,
2022-11-04 07:00:00,,,,,,,,,,,,,,,,,
2022-11-04 08:00:00,,,,,,,,,,,,,,,,,
2022-11-04 09:00:00,,,,,,,,,,,,,,,,,
2022-11-04 10:00:00,,,,,,,,,,,,,,,,,
2022-11-04 11:00:00,,,,,,,,,,,,,,,,,
2022-11-04 12:00:00,,,,,,,,,,,,,,,,,
2022-11-04 13:00:00,,,,,,,,,,,,,,,,,
2022-11-04 14:00:00,,,,,,,,,,,,,,,,,
2022-11-04 15:00:00,,,,,,,,,,,,,,,,,
2022-11-04 16:00:00,,,,,,,,,,,,,,,,,
2022-11-04 17:00:00,,,,,,,,,,,,,,,,,
2022-11-04 18:00:00,,,,,,,,,,,,,,,,,
2022-11-04 19:00:00,,,,,,,,,,,,,,,,,
2022-11-04 20:00:00,,,,,,,,,,,,,,,,,
2022-11-04 21:00:00,,,,,,,,,,,,,,,,,
2022-11-04 22:00:00,,,,,,,,,,,,,,,,,
2022-11-04 23:00:00,,,,,,,,,,,,,,,,,
2022-11-05 00:00:00,,,,,,,,,,,,,,,,,
2022-11-05 01:00:00,,,,,,,,,,,,,,,,,
2022-11-05 02:00:00,,,,,,,,,,,,,,,,,
2022-11-05 03:00:00,,,,,,,,,,,,,,,,,
2022-11-05 04:00:00,,,,,,,,,,,,,,,,,
2022-11-05 05:00:00,,,,,,,,,,,,,,,,,
2022-11-05 06:00:00,,,,,,,,,,,,,,,,,
2022-11-05 07:00:00,,,,,,,,,,,,,,,,,
2022-11-05 08:00:00,,,,,,,,,,,,,,,,,
2022-11-05 09:00:00,,,,,,,,,,,,,,,,,
2022-11-05 10:00:00,,,,,,,,,,,,,,,,,
2022-11-05 11:00:00,,,,,,,,,,,,,,,,,
2022-11-05 12:00:00,,,,,,,,,,,,,,,,,
2022-11-05 13:00:00,,,,,,,,,,,,,,,,,
2022-11-05 14:00:00,,,,,,,,,,,,,,,,,
2022-11-05 15:00:00,,,,,,,,,,,,,,,,,
2022-11-05 16:00:00,,,,,,,,,,,,,,,,,
2022-11-05 17:00:00,,,,,,,,,,,,,,,,,
2022-11-05 18:00:00,,,,,,,,,,,,,,,,,
2022-11-05 19:00:00,,,,,,,,,,,,,,,,,
2022-11-05 20:00:00,,,,,,,,,,,,,,,,,
2022-11-05 21:00:00,,,,,,,,,,,,,,,,,
2022-11-05 22:00:00,,,,,,,,,,,,,,,,,
2022-11-05 23:00:00,,,,,,,,,,,,,,,,,
2022-11-06 00:00:00,,,,,,,,,,,,,,,,,
2022-11-06 01:00:00,,,,,,,,,,,,,,,,,
2022-11-06 02:00:00,,,,,,,,,,,,,,,,,
2022-11-06 03:00:00,,,,,,,,,,,,,,,,,
2022-11-06 04:00:00,,,,,,,,,,,,,,,,,
2022-11-06 05:00:00,,,,,,,,,,,,,,,,,
2022-11-06 06:00:00,,,,,,,,,,,,,,,,,
2022-11-06 07:00:00,,,,,,,,,,,,,,,,,
2022-11-06 08:00:00,,,,,,,,,,,,,,,,,
2022-11-06 09:00:00,,,,,,,,,,,,,,,,,
2022-11-06 10:00:00,,,,,,,,,,,,,,,,,
2022-11-06 11:00:00,,,,,,,,,,,,,,,,,
2022-11-06 12:00:00,,,,,,,,,,,,,,,,,
2022-11-06 13:00:00,,,,,,,,,,,,,,,,,
2022-11-06 14:00:00,,,,,,,,,,,,,,,,,
2022-11-06 15:00:00,,,,,,,,,,,,,,,,,
2022-11-06 16:00:00,,,,,,,,,,,,,,,,,
2022-11-06 17:00:00,,,,,,,,,,,,,,,,,
2022-11-06 18:00:00,,,,,,,,,,,,,,,,,
2022-11-06 19:00:00,,,,,,,,,,,,,,,,,
2022-11-06 20:00:00,,,,,,,,,,,,,,,,,
2022-11-06 21:00:00,,,,,,,,,,,,,,,,,
2022-11-06 22:00:00,,,,,,,,,,,,,,,,,
2022-11-06 23:00:00,,,,,,,,,,,,,,,,,
2022-11-07 00:00:00,,,,,,,,,,,,,,,,,
2022-11-07 01:00:00,,,,,,,,,,,,,,,,,
2022-11-07 02:00:00,,,,,,,,,,,,,,,,,
2022-11-07 03:00:00,,,,,,,,,,,,,,,,,
2022-11-07 04:00:00,,,,,,,,,,,,,,,,,
2022-11-07 05:00:00,,,,,,,,,,,,,,,,,
2022-11-07 06:00:00,,,,,,,,,,,,,,,,,
2022-11-07 07:00:00,,,,,,,,,,,,,,,,,
2022-11-07 08:00:00,,,,,,,,,,,,,,,,,
2022-11-07 09:00:00,,,,,,,,,,,,,,,,,
2022-11-07 10:00:00,,,,,,,,,,,,,,,,,
2022-11-07 11:00:00,,,,,,,,,,,,,,,,,
2022-11-07 12:00:00,,,,,,,,,,,,,,,,,
2022-11-07 13:00:00,,,,,,,,,,,,,,,,,
2022-11-07 14:00:00,,,,,,,,,,,,,,,,,
2022-11-07 15:00:00,,,,,,,,,,,,,,,,,
2022-11-07 16:00:00,,,,,,,,,,,,,,,,,
2022-11-07 17:00:00,,,,,,,,,,,,,,,,,
2022-11-07 18:00:00,,,,,,,,,,,,,,,,,
2022-11-07 19:00:00,,,,,,,,,,,,,,,,,
2022-11-07 20:00:00,,,,,,,,,,,,,,,,,
2022-11-07 21:00:00,,,,,,,,,,,,,,,,,
2022-11-07 22:00:00,,,,,,,,,,,,,,,,,
2022-11-07 23:00:00,,,,,,,,,,,,,,,,,
2022-11-08 00:00:00,,,,,,,,,,,,,,,,,
2022-11-08 01:00:00,,,,,,,,,,,,,,,,,
2022-11-08 02:00:00,,,,,,,,,,,,,,,,,
2022-11-08 03:00:00,,,,,,,,,,,,,,,,,
2022-11-08 04:00:00,,,,,,,,,,,,,,,,,
2022-11-08 05:00:00,,,,,,,,,,,,,,,,,
2022-11-08 06:00:00,,,,,,,,,,,,,,,,,
2022-11-08 07:00:00,,,,,,,,,,,,,,,,,
2022-11-08 08:00:00,,,,,,,,,,,,,,,,,
2022-11-08 09:00:00,,,,,,,,,,,,,,,,,
2022-11-08 10:00:00,,,,,,,,,,,,,,,,,
2022-11-08 11:00:00,,,,,,,,,,,,,,,,,
2022-11-08 12:00:00,,,,,,,,,,,,,,,,,
2022-11-08 13:00:00,,,,,,,,,,,,,,,,,
2022-11-08 14:00:00,,,,,,,,,,,,,,,,,
2022-11-08 15:00:00,,,,,,,,,,,,,,,,,
2022-11-08 16:00:00,,,,,,,,,,,,,,,,,
2022-11-08 17:00:00,,,,,,,,,,,,,,,,,
2022-11-08 18:00:00,,,,,,,,,,,,,,,,,
2022-11-08 19:00:00,,,,,,,,,,,,,,,,,
2022-11-08 20:00:00,,,,,,,,,,,,,,,,,
2022-11-08 21:00:00,,,,,,,,,,,,,,,,,
2022-11-08 22:00:00,,,,,,,,,,,,,,,,,
2022-11-08 23:00:00,,,,,,,,,,,,,,,,,
2022-11-09 00:00:00,,,,,,,,,,,,,,,,,
2022-11-09 01:00:00,,,,,,,,,,,,,,,,,
2022-11-09 02:00:00,,,,,,,,,,,,,,,,,
2022-11-09 03:00:00,,,,,,,,,,,,,,,,,
2022-11-09 04:00:00,,,,,,,,,,,,,,,,,
2022-11-09 05:00:00,,,,,,,,,,,,,,,,,
2022-11-09 06:00:00,,,,,,,,,,,,,,,,,
2022-11-09 07:00:00,,,,,,,,,,,,,,,,,
2022-11-09 08:00:00,,,,,,,,,,,,,,,,,
2022-11-09 09:00:00,,,,,,,,,,,,,,,,,
2022-11-09 10:00:00,,,,,,,,,,,,,,,,,
2022-11-09 11:00:00,,,,,,,,,,,,,,,,,
2022-11-09 12:00:00,,,,,,,,,,,,,,,,,
2022-11-09 13:00:00,,,,,,,,,,,,,,,,,
2022-11-09 14:00:00,,,,,,,,,,,,,,,,,
2022-11-09 15:00:00,,,,,,,,,,,,,,,,,
2022-11-09 16:00:00,,,,,,,,,,,,,,,,,
2022-11-09 17:00:00,,,,,,,,,,,,,,,,,
2022-11-09 18:00:00,,,,,,,,,,,,,,,,,
2022-11-09 19:00:00,,,,,,,,,,,,,,,,,
2022-11-09 20:00:00,,,,,,,,,,,,,,,,,
2022-11-09 21:00:00,,,,,,,,,,,,,,,,,
2022-11-09 22:00:00,,,,,,,,,,,,,,,,,
2022-11-09 23:00:00,,,,,,,,,,,,,,,,,
2022-11-10 00:00:00,,,,,,,,,,,,,,,,,
2022-11-10 01:00:00,,,,,,,,,,,,,,,,,
2022-11-10 02:00:00,,,,,,,,,,,,,,,,,
2022-11-10 03:00:00,,,,,,,,,,,,,,,,,
2022-11-10 04:00:00,,,,,,,,,,,,,,,,,
2022-11-10 05:00:00,,,,,,,,,,,,,,,,,
2022-11-10 06:00:00,,,,,,,,,,,,,,,,,
2022-11-10 07:00:00,,,,,,,,,,,,,,,,,
2022-11-10 08:00:00,,,,,,,,,,,,,,,,,
2022-11-10 09:00:00,,,,,,,,,,,,,,,,,
2022-11-10 10:00:00,,,,,,,,,,,,,,,,,
2022-11-10 11:00:00,,,,,,,,,,,,,,,,,
2022-11-10 12:00:00,,,,,,,,,,,,,,,,,
2022-11-10 13:00:00,,,,,,,,,,,,,,,,,
2022-11-10 14:00:00,,,,,,,,,,,,,,,,,
2022-11-10 15:00:00,,,,,,,,,,,,,,,,,
2022-11-10 16:00:00,,,,,,,,,,,,,,,,,
2022-11-10 17:00:00,,,,,,,,,,,,,,,,,
2022-11-10 18:00:00,,,,,,,,,,,,,,,,,
2022-11-10 19:00:00,,,,,,,,,,,,,,,,,
2022-11-10 20:00:00,,,,,,,,,,,,,,,,,
2022-11-10 21:00:00,,,,,,,,,,,,,,,,,
2022-11-10 22:00:00,,,,,,,,,,,,,,,,,
2022-11-10 23:00:00,,,,,,,,,,,,,,,,,
2022-11-11 00:00:00,,,,,,,,,,,,,,,,,
2022-11-11 01:00:00,,,,,,,,,,,,,,,,,
2022-11-11 02:00:00,,,,,,,,,,,,,,,,,
2022-11-11 03:00:00,,,,,,,,,,,,,,,,,
2022-11-11 04:00:00,,,,,,,,,,,,,,,,,
2022-11-11 05:00:00,,,,,,,,,,,,,,,,,
2022-11-11 06:00:00,,,,,,,,,,,,,,,,,
2022-11-11 07:00:00,,,,,,,,,,,,,,,,,
2022-11-11 08:00:00,,,,,,,,,,,,,,,,,
2022-11-11 09:00:00,,,,,,,,,,,,,,,,,
2022-11-11 10:00:00,,,,,,,,,,,,,,,,,
2022-11-11 11:00:00,,,,,,,,,,,,,,,,,
2022-11-11 12:00:00,,,,,,,,,,,,,,,,,
2022-11-11 13:00:00,,,,,,,,,,,,,,,,,
2022-11-11 14:00:00,,,,,,,,,,,,,,,,,
2022-11-11 15:00:00,,,,,,,,,,,,,,,,,
2022-11-11 16:00:00,,,,,,,,,,,,,,,,,
2022-11-11 17:00:00,,,,,,,,,,,,,,,,,
2022-11-11 18:00:00,,,,,,,,,,,,,,,,,
2022-11-11 19:00:00,,,,,,,,,,,,,,,,,
2022-11-11 20:00:00,,,,,,,,,,,,,,,,,
2022-11-11 21:00:00,,,,,,,,,,,,,,,,,
2022-11-11 22:00:00,,,,,,,,,,,,,,,,,
2022-11-11 23:00:00,,,,,,,,,,,,,,,,,
2022-11-12 00:00:00,,,,,,,,,,,,,,,,,
2022-11-12 01:00:00,,,,,,,,,,,,,,,,,
2022-11-12 02:00:00,,,,,,,,,,,,,,,,,
2022-11-12 03:00:00,,,,,,,,,,,,,,,,,
2022-11-12 04:00:00,,,,,,,,,,,,,,,,,
2022-11-12 05:00:00,,,,,,,,,,,,,,,,,
2022-11-12 06:00:00,,,,,,,,,,,,,,,,,
2022-11-12 07:00:00,,,,,,,,,,,,,,,,,
2022-11-12 08:00:00,,,,,,,,,,,,,,,,,
2022-11-12 09:00:00,,,,,,,,,,,,,,,,,
2022-11-12 10:00:00,,,,,,,,,,,,,,,,,
2022-11-12 11:00:00,,,,,,,,,,,,,,,,,
2022-11-12 12:00:00,,,,,,,,,,,,,,,,,
2022-11-12 13:00:00,,,,,,,,,,,,,,,,,
2022-11-12 14:00:00,,,,,,,,,,,,,,,,,
2022-11-12 15:00:00,,,,,,,,,,,,,,,,,
2022-11-12 16:00:00,,,,,,,,,,,,,,,,,
2022-11-12 17:00:00,,,,,,,,,,,,,,,,,
2022-11-12 18:00:00,,,,,,,,,,,,,,,,,
2022-11-12 19:00:00,,,,,,,,,,,,,,,,,
2022-11-12 20:00:00,,,,,,,,,,,,,,,,,
2022-11-12 21:00:00,,,,,,,,,,,,,,,,,
2022-11-12 22:00:00,,,,,,,,,,,,,,,,,
2022-11-12 23:00:00,,,,,,,,,,,,,,,,,
2022-11-13 00:00:00,,,,,,,,,,,,,,,,,
2022-11-13 01:00:00,,,,,,,,,,,,,,,,,
2022-11-13 02:00:00,,,,,,,,,,,,,,,,,
2022-11-13 03:00:00,,,,,,,,,,,,,,,,,
2022-11-13 04:00:00,,,,,,,,,,,,,,,,,
2022-11-13 05:00:00,,,,,,,,,,,,,,,,,
2022-11-13 06:00:00,,,,,,,,,,,,,,,,,
2022-11-13 07:00:00,,,,,,,,,,,,,,,,,
2022-11-13 08:00:00,,,,,,,,,,,,,,,,,
2022-11-13 09:00:00,,,,,,,,,,,,,,,,,
2022-11-13 10:00:00,,,,,,,,,,,,,,,,,
2022-11-13 11:00:00,,,,,,,,,,,,,,,,,
2022-11-13 12:00:00,,,,,,,,,,,,,,,,,
2022-11-13 13:00:00,,,,,,,,,,,,,,,,,
2022-11-13 14:00:00,,,,,,,,,,,,,,,,,
2022-11-13 15:00:00,,,,,,,,,,,,,,,,,
2022-11-13 16:00:00,,,,,,,,,,,,,,,,,
2022-11-13 17:00:00,,,,,,,,,,,,,,,,,
2022-11-13 18:00:00,,,,,,,,,,,,,,,,,
2022-11-13 19:00:00,,,,,,,,,,,,,,,,,
2022-11-13 20:00:00,,,,,,,,,,,,,,,,,
2022-11-13 21:00:00,,,,,,,,,,,,,,,,,
2022-11-13 22:00:00,,,,,,,,,,,,,,,,,
2022-11-13 23:00:00,,,,,,,,,,,,,,,,,
2022-11-14 00:00:00,,,,,,,,,,,,,,,,,
2022-11-14 01:00:00,,,,,,,,,,,,,,,,,
2022-11-14 02:00:00,,,,,,,,,,,,,,,,,
2022-11-14 03:00:00,,,,,,,,,,,,,,,,,
2022-11-14 04:00:00,,,,,,,,,,,,,,,,,
2022-11-14 05:00:00,,,,,,,,,,,,,,,,,
2022-11-14 06:00:00,,,,,,,,,,,,,,,,,
2022-11-14 07:00:00,,,,,,,,,,,,,,,,,
2022-11-14 08:00:00,,,,,,,,,,,,,,,,,
2022-11-14 09:00:00,,,,,,,,,,,,,,,,,
2022-11-14 10:00:00,,,,,,,,,,,,,,,,,
2022-11-14 11:00:00,,,,,,,,,,,,,,,,,
2022-11-14 12:00:00,,,,,,,,,,,,,,,,,
2022-11-14 13:00:00,,,,,,,,,,,,,,,,,
2022-11-14 14:00:00,,,,,,,,,,,,,,,,,
2022-11-14 15:00:00,,,,,,,,,,,,,,,,,
2022-11-14 16:00:00,,,,,,,,,,,,,,,,,
2022-11-14 17:00:00,,,,,,,,,,,,,,,,,
2022-11-14 18:00:00,,,,,,,,,,,,,,,,,
2022-11-14 19:00:00,,,,,,,,,,,,,,,,,
2022-11-14 20:00:00,,,,,,,,,,,,,,,,,
2022-11-14 21:00:00,,,,,,,,,,,,,,,,,
2022-11-14 22:00:00,,,,,,,,,,,,,,,,,
2022-11-14 23:00:00,,,,,,,,,,,,,,,,,
2022-11-15 00:00:00,,,,,,,,,,,,,,,,,
2022-11-15 01:00:00,,,,,,,,,,,,,,,,,
2022-11-15 02:00:00,,,,,,,,,,,,,,,,,
2022-11-15 03:00:00,,,,,,,,,,,,,,,,,
2022-11-15 04:00:00,,,,,,,,,,,,,,,,,
2022-11-15 05:00:00,,,,,,,,,,,,,,,,,
2022-11-15 06:00:00,,,,,,,,,,,,,,,,,
2022-11-15 07:00:00,,,,,,,,,,,,,,,,,
2022-11-15 08:00:00,,,,,,,,,,,,,,,,,
2022-11-15 09:00:00,,,,,,,,,,,,,,,,,
2022-11-15 10:00:00,,,,,,,,,,,,,,,,,
2022-11-15 11:00:00,,,,,,,,,,,,,,,,,
2022-11-15 12:00:00,,,,,,,,,,,,,,,,,
2022-11-15 13:00:00,,,,,,,,,,,,,,,,,
2022-11-15 14:00:00,,,,,,,,,,,,,,,,,
2022-11-15 15:00:00,,,,,,,,,,,,,,,,,
2022-11-15 16:00:00,,,,,,,,,,,,,,,,,
2022-11-15 17:00:00,,,,,,,,,,,,,,,,,
2022-11-15 18:00:00,,,,,,,,,,,,,,,,,
2022-11-15 19:00:00,,,,,,,,,,,,,,,,,
2022-11-15 20:00:00,,,,,,,,,,,,,,,,,
2022-11-15 21:00:00,,,,,,,,,,,,,,,,,
2022-11-15 22:00:00,,,,,,,,,,,,,,,,,
2022-11-15 23:00:00,,,,,,,,,,,,,,,,,
2022-11-16 00:00:00,,,,,,,,,,,,,,,,,
2022-11-16 01:00:00,,,,,,,,,,,,,,,,,
2022-11-16 02:00:00,,,,,,,,,,,,,,,,,
2022-11-16 03:00:00,,,,,,,,,,,,,,,,,
2022-11-16 04:00:00,,,,,,,,,,,,,,,,,
2022-11-16 05:00:00,,,,,,,,,,,,,,,,,
2022-11-16 06:00:00,,,,,,,,,,,,,,,,,
2022-11-16 07:00:00,,,,,,,,,,,,,,,,,
2022-11-16 08:00:00,,,,,,,,,,,,,,,,,
2022-11-16 09:00:00,,,,,,,,,,,,,,,,,
2022-11-16 10:00:00,,,,,,,,,,,,,,,,,
2022-11-16 11:00:00,,,,,,,,,,,,,,,,,
2022-11-16 12:00:00,,,,,,,,,,,,,,,,,
2022-11-16 13:00:00,,,,,,,,,,,,,,,,,
2022-11-16 14:00:00,,,,,,,,,,,,,,,,,
2022-11-16 15:00:00,,,,,,,,,,,,,,,,,
2022-11-16 16:00:00,,,,,,,,,,,,,,,,,
2022-11-16 17:00:00,,,,,,,,,,,,,,,,,
2022-11-16 18:00:00,,,,,,,,,,,,,,,,,
2022-11-16 19:00:00,,,,,,,,,,,,,,,,,
2022-11-16 20:00:00,,,,,,,,,,,,,,,,,
2022-11-16 21:00:00,,,,,,,,,,,,,,,,,
2022-11-16 22:00:00,,,,,,,,,,,,,,,,,
2022-11-16 23:00:00,,,,,,,,,,,,,,,,,
2022-11-17 00:00:00,,,,,,,,,,,,,,,,,
2022-11-17 01:00:00,,,,,,,,,,,,,,,,,
2022-11-17 02:00:00,,,,,,,,,,,,,,,,,
2022-11-17 03:00:00,,,,,,,,,,,,,,,,,
2022-11-17 04:00:00,,,,,,,,,,,,,,,,,
2022-11-17 05:00:00,,,,,,,,,,,,,,,,,
2022-11-17 06:00:00,,,,,,,,,,,,,,,,,
2022-11-17 07:00:00,,,,,,,,,,,,,,,,,
2022-11-17 08:00:00,,,,,,,,,,,,,,,,,
2022-11-17 09:00:00,,,,,,,,,,,,,,,,,
2022-11-17 10:00:00,,,,,,,,,,,,,,,,,
2022-11-17 11:00:00,,,,,,,,,,,,,,,,,
2022-11-17 12:00:00,,,,,,,,,,,,,,,,,
2022-11-17 13:00:00,,,,,,,,,,,,,,,,,
2022-11-17 14:00:00,,,,,,,,,,,,,,,,,
2022-11-17 15:00:00,,,,,,,,,,,,,,,,,
2022-11-17 16:00:00,,,,,,,,,,,,,,,,,
2022-11-17 17:00:00,,,,,,,,,,,,,,,,,
2022-11-17 18:00:00,,,,,,,,,,,,,,,,,
2022-11-17 19:00:00,,,,,,,,,,,,,,,,,
2022-11-17 20:00:00,,,,,,,,,,,,,,,,,
2022-11-17 21:00:00,,,,,,,,,,,,,,,,,
2022-11-17 22:00:00,,,,,,,,,,,,,,,,,
2022-11-17 23:00:00,,,,,,,,,,,,,,,,,
2022-11-18 00:00:00,,,,,,,,,,,,,,,,,
2022-11-18 01:00:00,,,,,,,,,,,,,,,,,
2022-11-18 02:00:00,,,,,,,,,,,,,,,,,
2022-11-18 03:00:00,,,,,,,,,,,,,,,,,
2022-11-18 04:00:00,,,,,,,,,,,,,,,,,
2022-11-18 05:00:00,,,,,,,,,,,,,,,,,
2022-11-18 06:00:00,,,,,,,,,,,,,,,,,
2022-11-18 07:00:00,,,,,,,,,,,,,,,,,
2022-11-18 08:00:00,,,,,,,,,,,,,,,,,
2022-11-18 09:00:00,,,,,,,,,,,,,,,,,
2022-11-18 10:00:00,,,,,,,,,,,,,,,,,
2022-11-18 11:00:00,,,,,,,,,,,,,,,,,
2022-11-18 12:00:00,,,,,,,,,,,,,,,,,
2022-11-18 13:00:00,,,,,,,,,,,,,,,,,
2022-11-18 14:00:00,,,,,,,,,,,,,,,,,
2022-11-18 15:00:00,,,,,,,,,,,,,,,,,
2022-11-18 16:00:00,,,,,,,,,,,,,,,,,
2022-11-18 17:00:00,,,,,,,,,,,,,,,,,
2022-11-18 18:00:00,,,,,,,,,,,,,,,,,
2022-11-18 19:00:00,,,,,,,,,,,,,,,,,
2022-11-18 20:00:00,,,,,,,,,,,,,,,,,
2022-11-18 21:00:00,,,,,,,,,,,,,,,,,
2022-11-18 22:00:00,,,,,,,,,,,,,,,,,
2022-11-18 23:00:00,,,,,,,,,,,,,,,,,
2022-11-19 00:00:00,,,,,,,,,,,,,,,,,
2022-11-19 01:00:00,,,,,,,,,,,,,,,,,
2022-11-19 02:00:00,,,,,,,,,,,,,,,,,
2022-11-19 03:00:00,,,,,,,,,,,,,,,,,
2022-11-19 04:00:00,,,,,,,,,,,,,,,,,
2022-11-19 05:00:00,,,,,,,,,,,,,,,,,
2022-11-19 06:00:00,,,,,,,,,,,,,,,,,
2022-11-19 07:00:00,,,,,,,,,,,,,,,,,
2022-11-19 08:00:00,,,,,,,,,,,,,,,,,
2022-11-19 09:00:00,,,,,,,,,,,,,,,,,
2022-11-19 10:00:00,,,,,,,,,,,,,,,,,
2022-11-19 11:00:00,,,,,,,,,,,,,,,,,
2022-11-19 12:00:00,,,,,,,,,,,,,,,,,
2022-11-19 13:00:00,,,,,,,,,,,,,,,,,
2022-11-19 14:00:00,,,,,,,,,,,,,,,,,
2022-11-19 15:00:00,,,,,,,,,,,,,,,,,
2022-11-19 16:00:00,,,,,,,,,,,,,,,,,
2022-11-19 17:00:00,,,,,,,,,,,,,,,,,
2022-11-19 18:00:00,,,,,,,,,,,,,,,,,
2022-11-19 19:00:00,,,,,,,,,,,,,,,,,
2022-11-19 20:00:00,,,,,,,,,,,,,,,,,
2022-11-19 21:00:00,,,,,,,,,,,,,,,,,
2022-11-19 22:00:00,,,,,,,,,,,,,,,,,
2022-11-19 23:00:00,,,,,,,,,,,,,,,,,
2022-11-20 00:00:00,,,,,,,,,,,,,,,,,
2022-11-20 01:00:00,,,,,,,,,,,,,,,,,
2022-11-20 02:00:00,,,,,,,,,,,,,,,,,
2022-11-20 03:00:00,,,,,,,,,,,,,,,,,
2022-11-20 04:00:00,,,,,,,,,,,,,,,,,
2022-11-20 05:00:00,,,,,,,,,,,,,,,,,
2022-11-20 06:00:00,,,,,,,,,,,,,,,,,
2022-11-20 07:00:00,,,,,,,,,,,,,,,,,
2022-11-20 08:00:00,,,,,,,,,,,,,,,,,
2022-11-20 09:00:00,,,,,,,,,,,,,,,,,
2022-11-20 10:00:00,,,,,,,,,,,,,,,,,
2022-11-20 11:00:00,,,,,,,,,,,,,,,,,
2022-11-20 12:00:00,,,,,,,,,,,,,,,,,
2022-11-20 13:00:00,,,,,,,,,,,,,,,,,
2022-11-20 14:00:00,,,,,,,,,,,,,,,,,
2022-11-20 15:00:00,,,,,,,,,,,,,,,,,
2022-11-20 16:00:00,,,,,,,,,,,,,,,,,
2022-11-20 17:00:00,,,,,,,,,,,,,,,,,
2022-11-20 18:00:00,,,,,,,,,,,,,,,,,
2022-11-20 19:00:00,,,,,,,,,,,,,,,,,
2022-11-20 20:00:00,,,,,,,,,,,,,,,,,
2022-11-20 21:00:00,,,,,,,,,,,,,,,,,
2022-11-20 22:00:00,,,,,,,,,,,,,,,,,
2022-11-20 23:00:00,,,,,,,,,,,,,,,,,
2022-11-21 00:00:00,,,,,,,,,,,,,,,,,
2022-11-21 01:00:00,,,,,,,,,,,,,,,,,
2022-11-21 02:00:00,,,,,,,,,,,,,,,,,
2022-11-21 03:00:00,,,,,,,,,,,,,,,,,
2022-11-21 04:00:00,,,,,,,,,,,,,,,,,
2022-11-21 05:00:00,,,,,,,,,,,,,,,,,
2022-11-21 06:00:00,,,,,,,,,,,,,,,,,
2022-11-21 07:00:00,,,,,,,,,,,,,,,,,
2022-11-21 08:00:00,,,,,,,,,,,,,,,,,
2022-11-21 09:00:00,,,,,,,,,,,,,,,,,
2022-11-21 10:00:00,,,,,,,,,,,,,,,,,
2022-11-21 11:00:00,,,,,,,,,,,,,,,,,
2022-11-21 12:00:00,,,,,,,,,,,,,,,,,
2022-11-21 13:00:00,,,,,,,,,,,,,,,,,
2022-11-21 14:00:00,,,,,,,,,,,,,,,,,
2022-11-21 15:00:00,,,,,,,,,,,,,,,,,
2022-11-21 16:00:00,,,,,,,,,,,,,,,,,
2022-11-21 17:00:00,,,,,,,,,,,,,,,,,
2022-11-21 18:00:00,,,,,,,,,,,,,,,,,
2022-11-21 19:00:00,,,,,,,,,,,,,,,,,
2022-11-21 20:00:00,,,,,,,,,,,,,,,,,
2022-11-21 21:00:00,,,,,,,,,,,,,,,,,
2022-11-21 22:00:00,,,,,,,,,,,,,,,,,
2022-11-21 23:00:00,,,,,,,,,,,,,,,,,
2022-11-22 00:00:00,,,,,,,,,,,,,,,,,
2022-11-22 01:00:00,,,,,,,,,,,,,,,,,
2022-11-22 02:00:00,,,,,,,,,,,,,,,,,
2022-11-22 03:00:00,,,,,,,,,,,,,,,,,
2022-11-22 04:00:00,,,,,,,,,,,,,,,,,
2022-11-22 05:00:00,,,,,,,,,,,,,,,,,
2022-11-22 06:00:00,,,,,,,,,,,,,,,,,
2022-11-22 07:00:00,,,,,,,,,,,,,,,,,
2022-11-22 08:00:00,,,,,,,,,,,,,,,,,
2022-11-22 09:00:00,,,,,,,,,,,,,,,,,
2022-11-22 10:00:00,,,,,,,,,,,,,,,,,
2022-11-22 11:00:00,,,,,,,,,,,,,,,,,
2022-11-22 12:00:00,,,,,,,,,,,,,,,,,
2022-11-22 13:00:00,,,,,,,,,,,,,,,,,
2022-11-22 14:00:00,,,,,,,,,,,,,,,,,
2022-11-22 15:00:00,,,,,,,,,,,,,,,,,
2022-11-22 16:00:00,,,,,,,,,,,,,,,,,
2022-11-22 17:00:00,,,,,,,,,,,,,,,,,
2022-11-22 18:00:00,,,,,,,,,,,,,,,,,
2022-11-22 19:00:00,,,,,,,,,,,,,,,,,
2022-11-22 20:00:00,,,,,,,,,,,,,,,,,
2022-11-22 21:00:00,,,,,,,,,,,,,,,,,
2022-11-22 22:00:00,,,,,,,,,,,,,,,,,
2022-11-22 23:00:00,,,,,,,,,,,,,,,,,
2022-11-23 00:00:00,,,,,,,,,,,,,,,,,
2022-11-23 01:00:00,,,,,,,,,,,,,,,,,
2022-11-23 02:00:00,,,,,,,,,,,,,,,,,
2022-11-23 03:00:00,,,,,,,,,,,,,,,,,
2022-11-23 04:00:00,,,,,,,,,,,,,,,,,
2022-11-23 05:00:00,,,,,,,,,,,,,,,,,
2022-11-23 06:00:00,,,,,,,,,,,,,,,,,
2022-11-23 07:00:00,,,,,,,,,,,,,,,,,
2022-11-23 08:00:00,,,,,,,,,,,,,,,,,
2022-11-23 09:00:00,,,,,,,,,,,,,,,,,
2022-11-23 10:00:00,,,,,,,,,,,,,,,,,
2022-11-23 11:00:00,,,,,,,,,,,,,,,,,
2022-11-23 12:00:00,,,,,,,,,,,,,,,,,
2022-11-23 13:00:00,,,,,,,,,,,,,,,,,
2022-11-23 14:00:00,,,,,,,,,,,,,,,,,
2022-11-23 15:00:00,,,,,,,,,,,,,,,,,
2022-11-23 16:00:00,,,,,,,,,,,,,,,,,
2022-11-23 17:00:00,,,,,,,,,,,,,,,,,
2022-11-23 18:00:00,,,,,,,,,,,,,,,,,
2022-11-23 19:00:00,,,,,,,,,,,,,,,,,
2022-11-23 20:00:00,,,,,,,,,,,,,,,,,
2022-11-23 21:00:00,,,,,,,,,,,,,,,,,
2022-11-23 22:00:00,,,,,,,,,,,,,,,,,
2022-11-23 23:00:00,,,,,,,,,,,,,,,,,
2022-11-24 00:00:00,,,,,,,,,,,,,,,,,
2022-11-24 01:00:00,,,,,,,,,,,,,,,,,
2022-11-24 02:00:00,,,,,,,,,,,,,,,,,
2022-11-24 03:00:00,,,,,,,,,,,,,,,,,
2022-11-24 04:00:00,,,,,,,,,,,,,,,,,
2022-11-24 05:00:00,,,,,,,,,,,,,,,,,
2022-11-24 06:00:00,,,,,,,,,,,,,,,,,
2022-11-24 07:00:00,,,,,,,,,,,,,,,,,
2022-11-24 08:00:00,,,,,,,,,,,,,,,,,
2022-11-24 09:00:00,,,,,,,,,,,,,,,,,
2022-11-24 10:00:00,,,,,,,,,,,,,,,,,
2022-11-24 11:00:00,,,,,,,,,,,,,,,,,
2022-11-24 12:00:00,,,,,,,,,,,,,,,,,
2022-11-24 13:00:00,,,,,,,,,,,,,,,,,
2022-11-24 14:00:00,,,,,,,,,,,,,,,,,
2022-11-24 15:00:00,,,,,,,,,,,,,,,,,
2022-11-24 16:00:00,,,,,,,,,,,,,,,,,
2022-11-24 17:00:00,,,,,,,,,,,,,,,,,
2022-11-24 18:00:00,,,,,,,,,,,,,,,,,
2022-11-24 19:00:00,,,,,,,,,,,,,,,,,
2022-11-24 20:00:00,,,,,,,,,,,,,,,,,
2022-11-24 21:00:00,,,,,,,,,,,,,,,,,
2022-11-24 22:00:00,,,,,,,,,,,,,,,,,
2022-11-24 23:00:00,,,,,,,,,,,,,,,,,
2022-11-25 00:00:00,,,,,,,,,,,,,,,,,
2022-11-25 01:00:00,,,,,,,,,,,,,,,,,
2022-11-25 02:00:00,,,,,,,,,,,,,,,,,
2022-11-25 03:00:00,,,,,,,,,,,,,,,,,
2022-11-25 04:00:00,,,,,,,,,,,,,,,,,
2022-11-25 05:00:00,,,,,,,,,,,,,,,,,
2022-11-25 06:00:00,,,,,,,,,,,,,,,,,
2022-11-25 07:00:00,,,,,,,,,,,,,,,,,
2022-11-25 08:00:00,,,,,,,,,,,,,,,,,
2022-11-25 09:00:00,,,,,,,,,,,,,,,,,
2022-11-25 10:00:00,,,,,,,,,,,,,,,,,
2022-11-25 11:00:00,,,,,,,,,,,,,,,,,
2022-11-25 12:00:00,,,,,,,,,,,,,,,,,
2022-11-25 13:00:00,,,,,,,,,,,,,,,,,
2022-11-25 14:00:00,,,,,,,,,,,,,,,,,
2022-11-25 15:00:00,,,,,,,,,,,,,,,,,
2022-11-25 16:00:00,,,,,,,,,,,,,,,,,
2022-11-25 17:00:00,,,,,,,,,,,,,,,,,
2022-11-25 18:00:00,,,,,,,,,,,,,,,,,
2022-11-25 19:00:00,,,,,,,,,,,,,,,,,
2022-11-25 20:00:00,,,,,,,,,,,,,,,,,
2022-11-25 21:00:00,,,,,,,,,,,,,,,,,
2022-11-25 22:00:00,,,,,,,,,,,,,,,,,
2022-11-25 23:00:00,,,,,,,,,,,,,,,,,
2022-11-26 00:00:00,,,,,,,,,,,,,,,,,
2022-11-26 01:00:00,,,,,,,,,,,,,,,,,
2022-11-26 02:00:00,,,,,,,,,,,,,,,,,
2022-11-26 03:00:00,,,,,,,,,,,,,,,,,
2022-11-26 04:00:00,,,,,,,,,,,,,,,,,
2022-11-26 05:00:00,,,,,,,,,,,,,,,,,
2022-11-26 06:00:00,,,,,,,,,,,,,,,,,
2022-11-26 07:00:00,,,,,,,,,,,,,,,,,
2022-11-26 08:00:00,,,,,,,,,,,,,,,,,
2022-11-26 09:00:00,,,,,,,,,,,,,,,,,
2022-11-26 10:00:00,,,,,,,,,,,,,,,,,
2022-11-26 11:00:00,,,,,,,,,,,,,,,,,
2022-11-26 12:00:00,,,,,,,,,,,,,,,,,
2022-11-26 13:00:00,,,,,,,,,,,,,,,,,
2022-11-26 14:00:00,,,,,,,,,,,,,,,,,
2022-11-26 15:00:00,,,,,,,,,,,,,,,,,
2022-11-26 16:00:00,,,,,,,,,,,,,,,,,
2022-11-26 17:00:00,,,,,,,,,,,,,,,,,
2022-11-26 18:00:00,,,,,,,,,,,,,,,,,
2022-11-26 19:00:00,,,,,,,,,,,,,,,,,
2022-11-26 20:00:00,,,,,,,,,,,,,,,,,
2022-11-26 21:00:00,,,,,,,,,,,,,,,,,
2022-11-26 22:00:00,,,,,,,,,,,,,,,,,
2022-11-26 23:00:00,,,,,,,,,,,,,,,,,
2022-11-27 00:00:00,,,,,,,,,,,,,,,,,
2022-11-27 01:00:00,,,,,,,,,,,,,,,,,
2022-11-27 02:00:00,,,,,,,,,,,,,,,,,
2022-11-27 03:00:00,,,,,,,,,,,,,,,,,
2022-11-27 04:00:00,,,,,,,,,,,,,,,,,
2022-11-27 05:00:00,,,,,,,,,,,,,,,,,
2022-11-27 06:00:00,,,,,,,,,,,,,,,,,
2022-11-27 07:00:00,,,,,,,,,,,,,,,,,
2022-11-27 08:00:00,,,,,,,,,,,,,,,,,
2022-11-27 09:00:00,,,,,,,,,,,,,,,,,
2022-11-27 10:00:00,,,,,,,,,,,,,,,,,
2022-11-27 11:00:00,,,,,,,,,,,,,,,,,
2022-11-27 12:00:00,,,,,,,,,,,,,,,,,
2022-11-27 13:00:00,,,,,,,,,,,,,,,,,
2022-11-27 14:00:00,,,,,,,,,,,,,,,,,
2022-11-27 15:00:00,,,,,,,,,,,,,,,,,
2022-11-27 16:00:00,,,,,,,,,,,,,,,,,
2022-11-27 17:00:00,,,,,,,,,,,,,,,,,
2022-11-27 18:00:00,,,,,,,,,,,,,,,,,
2022-11-27 19:00:00,,,,,,,,,,,,,,,,,
2022-11-27 20:00:00,,,,,,,,,,,,,,,,,
2022-11-27 21:00:00,,,,,,,,,,,,,,,,,
2022-11-27 22:00:00,,,,,,,,,,,,,,,,,
2022-11-27 23:00:00,,,,,,,,,,,,,,,,,
2022-11-28 00:00:00,,,,,,,,,,,,,,,,,
2022-11-28 01:00:00,,,,,,,,,,,,,,,,,
2022-11-28 02:00:00,,,,,,,,,,,,,,,,,
2022-11-28 03:00:00,,,,,,,,,,,,,,,,,
2022-11-28 04:00:00,,,,,,,,,,,,,,,,,
2022-11-28 05:00:00,,,,,,,,,,,,,,,,,
2022-11-28 06:00:00,,,,,,,,,,,,,,,,,
2022-11-28 07:00:00,,,,,,,,,,,,,,,,,
2022-11-28 08:00:00,,,,,,,,,,,,,,,,,
2022-11-28 09:00:00,,,,,,,,,,,,,,,,,
2022-11-28 10:00:00,,,,,,,,,,,,,,,,,
2022-11-28 11:00:00,,,,,,,,,,,,,,,,,
2022-11-28 12:00:00,,,,,,,,,,,,,,,,,
2022-11-28 13:00:00,,,,,,,,,,,,,,,,,
2022-11-28 14:00:00,,,,,,,,,,,,,,,,,
2022-11-28 15:00:00,,,,,,,,,,,,,,,,,
2022-11-28 16:00:00,,,,,,,,,,,,,,,,,
2022-11-28 17:00:00,,,,,,,,,,,,,,,,,
2022-11-28 18:00:00,,,,,,,,,,,,,,,,,
2022-11-28 19:00:00,,,,,,,,,,,,,,,,,
2022-11-28 20:00:00,,,,,,,,,,,,,,,,,
2022-11-28 21:00:00,,,,,,,,,,,,,,,,,
2022-11-28 22:00:00,,,,,,,,,,,,,,,,,
2022-11-28 23:00:00,,,,,,,,,,,,,,,,,
2022-11-29 00:00:00,,,,,,,,,,,,,,,,,
2022-11-29 01:00:00,,,,,,,,,,,,,,,,,
2022-11-29 02:00:00,,,,,,,,,,,,,,,,,
2022-11-29 03:00:00,,,,,,,,,,,,,,,,,
2022-11-29 04:00:00,,,,,,,,,,,,,,,,,
2022-11-29 05:00:00,,,,,,,,,,,,,,,,,
2022-11-29 06:00:00,,,,,,,,,,,,,,,,,
2022-11-29 07:00:00,,,,,,,,,,,,,,,,,
2022-11-29 08:00:00,,,,,,,,,,,,,,,,,
2022-11-29 09:00:00,,,,,,,,,,,,,,,,,
2022-11-29 10:00:00,,,,,,,,,,,,,,,,,
2022-11-29 11:00:00,,,,,,,,,,,,,,,,,
2022-11-29 12:00:00,,,,,,,,,,,,,,,,,
2022-11-29 13:00:00,,,,,,,,,,,,,,,,,
2022-11-29 14:00:00,,,,,,,,,,,,,,,,,
2022-11-29 15:00:00,,,,,,,,,,,,,,,,,
2022-11-29 16:00:00,,,,,,,,,,,,,,,,,
2022-11-29 17:00:00,,,,,,,,,,,,,,,,,
2022-11-29 18:00:00,,,,,,,,,,,,,,,,,
2022-11-29 19:00:00,,,,,,,,,,,,,,,,,
2022-11-29 20:00:00,,,,,,,,,,,,,,,,,
2022-11-29 21:00:00,,,,,,,,,,,,,,,,,
2022-11-29 22:00:00,,,,,,,,,,,,,,,,,
2022-11-29 23:00:00,,,,,,,,,,,,,,,,,
2022-11-30 00:00:00,,,,,,,,,,,,,,,,,
2022-11-30 01:00:00,,,,,,,,,,,,,,,,,
2022-11-30 02:00:00,,,,,,,,,,,,,,,,,
2022-11-30 03:00:00,,,,,,,,,,,,,,,,,
2022-11-30 04:00:00,,,,,,,,,,,,,,,,,
2022-11-30 05:00:00,,,,,,,,,,,,,,,,,
2022-11-30 06:00:00,,,,,,,,,,,,,,,,,
2022-11-30 07:00:00,,,,,,,,,,,,,,,,,
2022-11-30 08:00:00,,,,,,,,,,,,,,,,,
2022-11-30 09:00:00,,,,,,,,,,,,,,,,,
2022-11-30 10:00:00,,,,,,,,,,,,,,,,,
2022-11-30 11:00:00,,,,,,,,,,,,,,,,,
2022-11-30 12:00:00,,,,,,,,,,,,,,,,,
2022-11-30 13:00:00,,,,,,,,,,,,,,,,,
2022-11-30 14:00:00,,,,,,,,,,,,,,,,,
2022-11-30 15:00:00,,,,,,,,,,,,,,,,,
2022-11-30 16:00:00,,,,,,,,,,,,,,,,,
2022-11-30 17:00:00,,,,,,,,,,,,,,,,,
2022-11-30 18:00:00,,,,,,,,,,,,,,,,,
2022-11-30 19:00:00,,,,,,,,,,,,,,,,,
2022-11-30 20:00:00,,,,,,,,,,,,,,,,,
2022-11-30 21:00:00,,,,,,,,,,,,,,,,,
2022-11-30 22:00:00,,,,,,,,,,,,,,,,,
2022-11-30 23:00:00,,,,,,,,,,,,,,,,,
2022-12-01 00:00:00,,,,,,,,,,,,,,,,,
2022-12-01 01:00:00,,,,,,,,,,,,,,,,,
2022-12-01 02:00:00,,,,,,,,,,,,,,,,,
2022-12-01 03:00:00,,,,,,,,,,,,,,,,,
2022-12-01 04:00:00,,,,,,,,,,,,,,,,,
2022-12-01 05:00:00,,,,,,,,,,,,,,,,,
2022-12-01 06:00:00,,,,,,,,,,,,,,,,,
2022-12-01 07:00:00,,,,,,,,,,,,,,,,,
2022-12-01 08:00:00,,,,,,,,,,,,,,,,,
2022-12-01 09:00:00,,,,,,,,,,,,,,,,,
2022-12-01 10:00:00,,,,,,,,,,,,,,,,,
2022-12-01 11:00:00,,,,,,,,,,,,,,,,,
2022-12-01 12:00:00,,,,,,,,,,,,,,,,,
2022-12-01 13:00:00,,,,,,,,,,,,,,,,,
2022-12-01 14:00:00,,,,,,,,,,,,,,,,,
2022-12-01 15:00:00,,,,,,,,,,,,,,,,,
2022-12-01 16:00:00,,,,,,,,,,,,,,,,,
2022-12-01 17:00:00,,,,,,,,,,,,,,,,,
2022-12-01 18:00:00,,,,,,,,,,,,,,,,,
2022-12-01 19:00:00,,,,,,,,,,,,,,,,,
2022-12-01 20:00:00,,,,,,,,,,,,,,,,,
2022-12-01 21:00:00,,,,,,,,,,,,,,,,,
2022-12-01 22:00:00,,,,,,,,,,,,,,,,,
2022-12-01 23:00:00,,,,,,,,,,,,,,,,,
2022-12-02 00:00:00,,,,,,,,,,,,,,,,,
2022-12-02 01:00:00,,,,,,,,,,,,,,,,,
2022-12-02 02:00:00,,,,,,,,,,,,,,,,,
2022-12-02 03:00:00,,,,,,,,,,,,,,,,,
2022-12-02 04:00:00,,,,,,,,,,,,,,,,,
2022-12-02 05:00:00,,,,,,,,,,,,,,,,,
2022-12-02 06:00:00,,,,,,,,,,,,,,,,,
2022-12-02 07:00:00,,,,,,,,,,,,,,,,,
2022-12-02 08:00:00,,,,,,,,,,,,,,,,,
2022-12-02 09:00:00,,,,,,,,,,,,,,,,,
2022-12-02 10:00:00,,,,,,,,,,,,,,,,,
2022-12-02 11:00:00,,,,,,,,,,,,,,,,,
2022-12-02 12:00:00,,,,,,,,,,,,,,,,,
2022-12-02 13:00:00,,,,,,,,,,,,,,,,,
2022-12-02 14:00:00,,,,,,,,,,,,,,,,,
2022-12-02 15:00:00,,,,,,,,,,,,,,,,,
2022-12-02 16:00:00,,,,,,,,,,,,,,,,,
2022-12-02 17:00:00,,,,,,,,,,,,,,,,,
2022-12-02 18:00:00,,,,,,,,,,,,,,,,,
2022-12-02 19:00:00,,,,,,,,,,,,,,,,,
2022-12-02 20:00:00,,,,,,,,,,,,,,,,,
2022-12-02 21:00:00,,,,,,,,,,,,,,,,,
2022-12-02 22:00:00,,,,,,,,,,,,,,,,,
2022-12-02 23:00:00,,,,,,,,,,,,,,,,,
2022-12-03 00:00:00,,,,,,,,,,,,,,,,,
2022-12-03 01:00:00,,,,,,,,,,,,,,,,,
2022-12-03 02:00:00,,,,,,,,,,,,,,,,,
2022-12-03 03:00:00,,,,,,,,,,,,,,,,,
2022-12-03 04:00:00,,,,,,,,,,,,,,,,,
2022-12-03 05:00:00,,,,,,,,,,,,,,,,,
2022-12-03 06:00:00,,,,,,,,,,,,,,,,,
2022-12-03 07:00:00,,,,,,,,,,,,,,,,,
2022-12-03 08:00:00,,,,,,,,,,,,,,,,,
2022-12-03 09:00:00,,,,,,,,,,,,,,,,,
2022-12-03 10:00:00,,,,,,,,,,,,,,,,,
2022-12-03 11:00:00,,,,,,,,,,,,,,,,,
2022-12-03 12:00:00,,,,,,,,,,,,,,,,,
2022-12-03 13:00:00,,,,,,,,,,,,,,,,,
2022-12-03 14:00:00,,,,,,,,,,,,,,,,,
2022-12-03 15:00:00,,,,,,,,,,,,,,,,,
2022-12-03 16:00:00,,,,,,,,,,,,,,,,,
2022-12-03 17:00:00,,,,,,,,,,,,,,,,,
2022-12-03 18:00:00,,,,,,,,,,,,,,,,,
2022-12-03 19:00:00,,,,,,,,,,,,,,,,,
2022-12-03 20:00:00,,,,,,,,,,,,,,,,,
2022-12-03 21:00:00,,,,,,,,,,,,,,,,,
2022-12-03 22:00:00,,,,,,,,,,,,,,,,,
2022-12-03 23:00:00,,,,,,,,,,,,,,,,,
2022-12-04 00:00:00,,,,,,,,,,,,,,,,,
2022-12-04 01:00:00,,,,,,,,,,,,,,,,,
2022-12-04 02:00:00,,,,,,,,,,,,,,,,,
2022-12-04 03:00:00,,,,,,,,,,,,,,,,,
2022-12-04 04:00:00,,,,,,,,,,,,,,,,,
2022-12-04 05:00:00,,,,,,,,,,,,,,,,,
2022-12-04 06:00:00,,,,,,,,,,,,,,,,,
2022-12-04 07:00:00,,,,,,,,,,,,,,,,,
2022-12-04 08:00:00,,,,,,,,,,,,,,,,,
2022-12-04 09:00:00,,,,,,,,,,,,,,,,,
2022-12-04 10:00:00,,,,,,,,,,,,,,,,,
2022-12-04 11:00:00,,,,,,,,,,,,,,,,,
2022-12-04 12:00:00,,,,,,,,,,,,,,,,,
2022-12-04 13:00:00,,,,,,,,,,,,,,,,,
2022-12-04 14:00:00,,,,,,,,,,,,,,,,,
2022-12-04 15:00:00,,,,,,,,,,,,,,,,,
2022-12-04 16:00:00,,,,,,,,,,,,,,,,,
2022-12-04 17:00:00,,,,,,,,,,,,,,,,,
2022-12-04 18:00:00,,,,,,,,,,,,,,,,,
2022-12-04 19:00:00,,,,,,,,,,,,,,,,,
2022-12-04 20:00:00,,,,,,,,,,,,,,,,,
2022-12-04 21:00:00,,,,,,,,,,,,,,,,,
2022-12-04 22:00:00,,,,,,,,,,,,,,,,,
2022-12-04 23:00:00,,,,,,,,,,,,,,,,,
2022-12-05 00:00:00,,,,,,,,,,,,,,,,,
2022-12-05 01:00:00,,,,,,,,,,,,,,,,,
2022-12-05 02:00:00,,,,,,,,,,,,,,,,,
2022-12-05 03:00:00,,,,,,,,,,,,,,,,,
2022-12-05 04:00:00,,,,,,,,,,,,,,,,,
2022-12-05 05:00:00,,,,,,,,,,,,,,,,,
2022-12-05 06:00:00,,,,,,,,,,,,,,,,,
2022-12-05 07:00:00,,,,,,,,,,,,,,,,,
2022-12-05 08:00:00,,,,,,,,,,,,,,,,,
2022-12-05 09:00:00,,,,,,,,,,,,,,,,,
2022-12-05 10:00:00,,,,,,,,,,,,,,,,,
2022-12-05 11:00:00,,,,,,,,,,,,,,,,,
2022-12-05 12:00:00,,,,,,,,,,,,,,,,,
2022-12-05 13:00:00,,,,,,,,,,,,,,,,,
2022-12-05 14:00:00,,,,,,,,,,,,,,,,,
2022-12-05 15:00:00,,,,,,,,,,,,,,,,,
2022-12-05 16:00:00,,,,,,,,,,,,,,,,,
2022-12-05 17:00:00,,,,,,,,,,,,,,,,,
2022-12-05 18:00:00,,,,,,,,,,,,,,,,,
2022-12-05 19:00:00,,,,,,,,,,,,,,,,,
2022-12-05 20:00:00,,,,,,,,,,,,,,,,,
2022-12-05 21:00:00,,,,,,,,,,,,,,,,,
2022-12-05 22:00:00,,,,,,,,,,,,,,,,,
2022-12-05 23:00:00,,,,,,,,,,,,,,,,,
2022-12-06 00:00:00,,,,,,,,,,,,,,,,,
2022-12-06 01:00:00,,,,,,,,,,,,,,,,,
2022-12-06 02:00:00,,,,,,,,,,,,,,,,,
2022-12-06 03:00:00,,,,,,,,,,,,,,,,,
2022-12-06 04:00:00,,,,,,,,,,,,,,,,,
2022-12-06 05:00:00,,,,,,,,,,,,,,,,,
2022-12-06 06:00:00,,,,,,,,,,,,,,,,,
2022-12-06 07:00:00,,,,,,,,,,,,,,,,,
2022-12-06 08:00:00,,,,,,,,,,,,,,,,,
2022-12-06 09:00:00,,,,,,,,,,,,,,,,,
2022-12-06 10:00:00,,,,,,,,,,,,,,,,,
2022-12-06 11:00:00,,,,,,,,,,,,,,,,,
2022-12-06 12:00:00,,,,,,,,,,,,,,,,,
2022-12-06 13:00:00,,,,,,,,,,,,,,,,,
2022-12-06 14:00:00,,,,,,,,,,,,,,,,,
2022-12-06 15:00:00,,,,,,,,,,,,,,,,,
2022-12-06 16:00:00,,,,,,,,,,,,,,,,,
2022-12-06 17:00:00,,,,,,,,,,,,,,,,,
2022-12-06 18:00:00,,,,,,,,,,,,,,,,,
2022-12-06 19:00:00,,,,,,,,,,,,,,,,,
2022-12-06 20:00:00,,,,,,,,,,,,,,,,,
2022-12-06 21:00:00,,,,,,,,,,,,,,,,,
2022-12-06 22:00:00,,,,,,,,,,,,,,,,,
2022-12-06 23:00:00,,,,,,,,,,,,,,,,,
2022-12-07 00:00:00,,,,,,,,,,,,,,,,,
2022-12-07 01:00:00,,,,,,,,,,,,,,,,,
2022-12-07 02:00:00,,,,,,,,,,,,,,,,,
2022-12-07 03:00:00,,,,,,,,,,,,,,,,,
2022-12-07 04:00:00,,,,,,,,,,,,,,,,,
2022-12-07 05:00:00,,,,,,,,,,,,,,,,,
2022-12-07 06:00:00,,,,,,,,,,,,,,,,,
2022-12-07 07:00:00,,,,,,,,,,,,,,,,,
2022-12-07 08:00:00,,,,,,,,,,,,,,,,,
2022-12-07 09:00:00,,,,,,,,,,,,,,,,,
2022-12-07 10:00:00,,,,,,,,,,,,,,,,,
2022-12-07 11:00:00,,,,,,,,,,,,,,,,,
2022-12-07 12:00:00,,,,,,,,,,,,,,,,,
2022-12-07 13:00:00,,,,,,,,,,,,,,,,,
2022-12-07 14:00:00,,,,,,,,,,,,,,,,,
2022-12-07 15:00:00,,,,,,,,,,,,,,,,,
2022-12-07 16:00:00,,,,,,,,,,,,,,,,,
2022-12-07 17:00:00,,,,,,,,,,,,,,,,,
2022-12-07 18:00:00,,,,,,,,,,,,,,,,,
2022-12-07 19:00:00,,,,,,,,,,,,,,,,,
2022-12-07 20:00:00,,,,,,,,,,,,,,,,,
2022-12-07 21:00:00,,,,,,,,,,,,,,,,,
2022-12-07 22:00:00,,,,,,,,,,,,,,,,,
2022-12-07 23:00:00,,,,,,,,,,,,,,,,,
2022-12-08 00:00:00,,,,,,,,,,,,,,,,,
2022-12-08 01:00:00,,,,,,,,,,,,,,,,,
2022-12-08 02:00:00,,,,,,,,,,,,,,,,,
2022-12-08 03:00:00,,,,,,,,,,,,,,,,,
2022-12-08 04:00:00,,,,,,,,,,,,,,,,,
2022-12-08 05:00:00,,,,,,,,,,,,,,,,,
2022-12-08 06:00:00,,,,,,,,,,,,,,,,,
2022-12-08 07:00:00,,,,,,,,,,,,,,,,,
2022-12-08 08:00:00,,,,,,,,,,,,,,,,,
2022-12-08 09:00:00,,,,,,,,,,,,,,,,,
2022-12-08 10:00:00,,,,,,,,,,,,,,,,,
2022-12-08 11:00:00,,,,,,,,,,,,,,,,,
2022-12-08 12:00:00,,,,,,,,,,,,,,,,,
2022-12-08 13:00:00,,,,,,,,,,,,,,,,,
2022-12-08 14:00:00,,,,,,,,,,,,,,,,,
2022-12-08 15:00:00,,,,,,,,,,,,,,,,,
2022-12-08 16:00:00,,,,,,,,,,,,,,,,,
2022-12-08 17:00:00,,,,,,,,,,,,,,,,,
2022-12-08 18:00:00,,,,,,,,,,,,,,,,,
2022-12-08 19:00:00,,,,,,,,,,,,,,,,,
2022-12-08 20:00:00,,,,,,,,,,,,,,,,,
2022-12-08 21:00:00,,,,,,,,,,,,,,,,,
2022-12-08 22:00:00,,,,,,,,,,,,,,,,,
2022-12-08 23:00:00,,,,,,,,,,,,,,,,,
2022-12-09 00:00:00,,,,,,,,,,,,,,,,,
2022-12-09 01:00:00,,,,,,,,,,,,,,,,,
2022-12-09 02:00:00,,,,,,,,,,,,,,,,,
2022-12-09 03:00:00,,,,,,,,,,,,,,,,,
2022-12-09 04:00:00,,,,,,,,,,,,,,,,,
2022-12-09 05:00:00,,,,,,,,,,,,,,,,,
2022-12-09 06:00:00,,,,,,,,,,,,,,,,,
2022-12-09 07:00:00,,,,,,,,,,,,,,,,,
2022-12-09 08:00:00,,,,,,,,,,,,,,,,,
2022-12-09 09:00:00,,,,,,,,,,,,,,,,,
2022-12-09 10:00:00,,,,,,,,,,,,,,,,,
2022-12-09 11:00:00,,,,,,,,,,,,,,,,,
2022-12-09 12:00:00,,,,,,,,,,,,,,,,,
2022-12-09 13:00:00,,,,,,,,,,,,,,,,,
2022-12-09 14:00:00,,,,,,,,,,,,,,,,,
2022-12-09 15:00:00,,,,,,,,,,,,,,,,,
2022-12-09 16:00:00,,,,,,,,,,,,,,,,,
2022-12-09 17:00:00,,,,,,,,,,,,,,,,,
2022-12-09 18:00:00,,,,,,,,,,,,,,,,,
2022-12-09 19:00:00,,,,,,,,,,,,,,,,,
2022-12-09 20:00:00,,,,,,,,,,,,,,,,,
2022-12-09 21:00:00,,,,,,,,,,,,,,,,,
2022-12-09 22:00:00,,,,,,,,,,,,,,,,,
2022-12-09 23:00:00,,,,,,,,,,,,,,,,,
2022-12-10 00:00:00,,,,,,,,,,,,,,,,,
2022-12-10 01:00:00,,,,,,,,,,,,,,,,,
2022-12-10 02:00:00,,,,,,,,,,,,,,,,,
2022-12-10 03:00:00,,,,,,,,,,,,,,,,,
2022-12-10 04:00:00,,,,,,,,,,,,,,,,,
2022-12-10 05:00:00,,,,,,,,,,,,,,,,,
2022-12-10 06:00:00,,,,,,,,,,,,,,,,,
2022-12-10 07:00:00,,,,,,,,,,,,,,,,,
2022-12-10 08:00:00,,,,,,,,,,,,,,,,,
2022-12-10 09:00:00,,,,,,,,,,,,,,,,,
2022-12-10 10:00:00,,,,,,,,,,,,,,,,,
2022-12-10 11:00:00,,,,,,,,,,,,,,,,,
2022-12-10 12:00:00,,,,,,,,,,,,,,,,,
2022-12-10 13:00:00,,,,,,,,,,,,,,,,,
2022-12-10 14:00:00,,,,,,,,,,,,,,,,,
2022-12-10 15:00:00,,,,,,,,,,,,,,,,,
2022-12-10 16:00:00,,,,,,,,,,,,,,,,,
2022-12-10 17:00:00,,,,,,,,,,,,,,,,,
2022-12-10 18:00:00,,,,,,,,,,,,,,,,,
2022-12-10 19:00:00,,,,,,,,,,,,,,,,,
2022-12-10 20:00:00,,,,,,,,,,,,,,,,,
2022-12-10 21:00:00,,,,,,,,,,,,,,,,,
2022-12-10 22:00:00,,,,,,,,,,,,,,,,,
2022-12-10 23:00:00,,,,,,,,,,,,,,,,,
2022-12-11 00:00:00,,,,,,,,,,,,,,,,,
2022-12-11 01:00:00,,,,,,,,,,,,,,,,,
2022-12-11 02:00:00,,,,,,,,,,,,,,,,,
2022-12-11 03:00:00,,,,,,,,,,,,,,,,,
2022-12-11 04:00:00,,,,,,,,,,,,,,,,,
2022-12-11 05:00:00,,,,,,,,,,,,,,,,,
2022-12-11 06:00:00,,,,,,,,,,,,,,,,,
2022-12-11 07:00:00,,,,,,,,,,,,,,,,,
2022-12-11 08:00:00,,,,,,,,,,,,,,,,,
2022-12-11 09:00:00,,,,,,,,,,,,,,,,,
2022-12-11 10:00:00,,,,,,,,,,,,,,,,,
2022-12-11 11:00:00,,,,,,,,,,,,,,,,,
2022-12-11 12:00:00,,,,,,,,,,,,,,,,,
2022-12-11 13:00:00,,,,,,,,,,,,,,,,,
2022-12-11 14:00:00,,,,,,,,,,,,,,,,,
2022-12-11 15:00:00,,,,,,,,,,,,,,,,,
2022-12-11 16:00:00,,,,,,,,,,,,,,,,,
2022-12-11 17:00:00,,,,,,,,,,,,,,,,,
2022-12-11 18:00:00,,,,,,,,,,,,,,,,,
2022-12-11 19:00:00,,,,,,,,,,,,,,,,,
2022-12-11 20:00:00,,,,,,,,,,,,,,,,,
2022-12-11 21:00:00,,,,,,,,,,,,,,,,,
2022-12-11 22:00:00,,,,,,,,,,,,,,,,,
2022-12-11 23:00:00,,,,,,,,,,,,,,,,,
2022-12-12 00:00:00,,,,,,,,,,,,,,,,,
2022-12-12 01:00:00,,,,,,,,,,,,,,,,,
2022-12-12 02:00:00,,,,,,,,,,,,,,,,,
2022-12-12 03:00:00,,,,,,,,,,,,,,,,,
2022-12-12 04:00:00,,,,,,,,,,,,,,,,,
2022-12-12 05:00:00,,,,,,,,,,,,,,,,,
2022-12-12 06:00:00,,,,,,,,,,,,,,,,,
2022-12-12 07:00:00,,,,,,,,,,,,,,,,,
2022-12-12 08:00:00,,,,,,,,,,,,,,,,,
2022-12-12 09:00:00,,,,,,,,,,,,,,,,,
2022-12-12 10:00:00,,,,,,,,,,,,,,,,,
2022-12-12 11:00:00,,,,,,,,,,,,,,,,,
2022-12-12 12:00:00,,,,,,,,,,,,,,,,,
2022-12-12 13:00:00,,,,,,,,,,,,,,,,,
2022-12-12 14:00:00,,,,,,,,,,,,,,,,,
2022-12-12 15:00:00,,,,,,,,,,,,,,,,,
2022-12-12 16:00:00,,,,,,,,,,,,,,,,,
2022-12-12 17:00:00,,,,,,,,,,,,,,,,,
2022-12-12 18:00:00,,,,,,,,,,,,,,,,,
2022-12-12 19:00:00,,,,,,,,,,,,,,,,,
2022-12-12 20:00:00,,,,,,,,,,,,,,,,,
2022-12-12 21:00:00,,,,,,,,,,,,,,,,,
2022-12-12 22:00:00,,,,,,,,,,,,,,,,,
2022-12-12 23:00:00,,,,,,,,,,,,,,,,,
2022-12-13 00:00:00,,,,,,,,,,,,,,,,,
2022-12-13 01:00:00,,,,,,,,,,,,,,,,,
2022-12-13 02:00:00,,,,,,,,,,,,,,,,,
2022-12-13 03:00:00,,,,,,,,,,,,,,,,,
2022-12-13 04:00:00,,,,,,,,,,,,,,,,,
2022-12-13 05:00:00,,,,,,,,,,,,,,,,,
2022-12-13 06:00:00,,,,,,,,,,,,,,,,,
2022-12-13 07:00:00,,,,,,,,,,,,,,,,,
2022-12-13 08:00:00,,,,,,,,,,,,,,,,,
2022-12-13 09:00:00,,,,,,,,,,,,,,,,,
2022-12-13 10:00:00,,,,,,,,,,,,,,,,,
2022-12-13 11:00:00,,,,,,,,,,,,,,,,,
2022-12-13 12:00:00,,,,,,,,,,,,,,,,,
2022-12-13 13:00:00,,,,,,,,,,,,,,,,,
2022-12-13 14:00:00,,,,,,,,,,,,,,,,,
2022-12-13 15:00:00,,,,,,,,,,,,,,,,,
2022-12-13 16:00:00,,,,,,,,,,,,,,,,,
2022-12-13 17:00:00,,,,,,,,,,,,,,,,,
2022-12-13 18:00:00,,,,,,,,,,,,,,,,,
2022-12-13 19:00:00,,,,,,,,,,,,,,,,,
2022-12-13 20:00:00,,,,,,,,,,,,,,,,,
2022-12-13 21:00:00,,,,,,,,,,,,,,,,,
2022-12-13 22:00:00,,,,,,,,,,,,,,,,,
2022-12-13 23:00:00,,,,,,,,,,,,,,,,,
2022-12-14 00:00:00,,,,,,,,,,,,,,,,,
2022-12-14 01:00:00,,,,,,,,,,,,,,,,,
2022-12-14 02:00:00,,,,,,,,,,,,,,,,,
2022-12-14 03:00:00,,,,,,,,,,,,,,,,,
2022-12-14 04:00:00,,,,,,,,,,,,,,,,,
2022-12-14 05:00:00,,,,,,,,,,,,,,,,,
2022-12-14 06:00:00,,,,,,,,,,,,,,,,,
2022-12-14 07:00:00,,,,,,,,,,,,,,,,,
2022-12-14 08:00:00,,,,,,,,,,,,,,,,,
2022-12-14 09:00:00,,,,,,,,,,,,,,,,,
2022-12-14 10:00:00,,,,,,,,,,,,,,,,,
2022-12-14 11:00:00,,,,,,,,,,,,,,,,,
2022-12-14 12:00:00,,,,,,,,,,,,,,,,,
2022-12-14 13:00:00,,,,,,,,,,,,,,,,,
2022-12-14 14:00:00,,,,,,,,,,,,,,,,,
2022-12-14 15:00:00,,,,,,,,,,,,,,,,,
2022-12-14 16:00:00,,,,,,,,,,,,,,,,,
2022-12-14 17:00:00,,,,,,,,,,,,,,,,,
2022-12-14 18:00:00,,,,,,,,,,,,,,,,,
2022-12-14 19:00:00,,,,,,,,,,,,,,,,,
2022-12-14 20:00:00,,,,,,,,,,,,,,,,,
2022-12-14 21:00:00,,,,,,,,,,,,,,,,,
2022-12-14 22:00:00,,,,,,,,,,,,,,,,,
2022-12-14 23:00:00,,,,,,,,,,,,,,,,,
2022-12-15 00:00:00,,,,,,,,,,,,,,,,,
2022-12-15 01:00:00,,,,,,,,,,,,,,,,,
2022-12-15 02:00:00,,,,,,,,,,,,,,,,,
2022-12-15 03:00:00,,,,,,,,,,,,,,,,,
2022-12-15 04:00:00,,,,,,,,,,,,,,,,,
2022-12-15 05:00:00,,,,,,,,,,,,,,,,,
2022-12-15 06:00:00,,,,,,,,,,,,,,,,,
2022-12-15 07:00:00,,,,,,,,,,,,,,,,,
2022-12-15 08:00:00,,,,,,,,,,,,,,,,,
2022-12-15 09:00:00,,,,,,,,,,,,,,,,,
2022-12-15 10:00:00,,,,,,,,,,,,,,,,,
2022-12-15 11:00:00,,,,,,,,,,,,,,,,,
2022-12-15 12:00:00,,,,,,,,,,,,,,,,,
2022-12-15 13:00:00,,,,,,,,,,,,,,,,,
2022-12-15 14:00:00,,,,,,,,,,,,,,,,,
2022-12-15 15:00:00,,,,,,,,,,,,,,,,,
2022-12-15 16:00:00,,,,,,,,,,,,,,,,,
2022-12-15 17:00:00,,,,,,,,,,,,,,,,,
2022-12-15 18:00:00,,,,,,,,,,,,,,,,,
2022-12-15 19:00:00,,,,,,,,,,,,,,,,,
2022-12-15 20:00:00,,,,,,,,,,,,,,,,,
2022-12-15 21:00:00,,,,,,,,,,,,,,,,,
2022-12-15 22:00:00,,,,,,,,,,,,,,,,,
2022-12-15 23:00:00,,,,,,,,,,,,,,,,,
2022-12-16 00:00:00,,,,,,,,,,,,,,,,,
2022-12-16 01:00:00,,,,,,,,,,,,,,,,,
2022-12-16 02:00:00,,,,,,,,,,,,,,,,,
2022-12-16 03:00:00,,,,,,,,,,,,,,,,,
2022-12-16 04:00:00,,,,,,,,,,,,,,,,,
2022-12-16 05:00:00,,,,,,,,,,,,,,,,,
2022-12-16 06:00:00,,,,,,,,,,,,,,,,,
2022-12-16 07:00:00,,,,,,,,,,,,,,,,,
2022-12-16 08:00:00,,,,,,,,,,,,,,,,,
2022-12-16 09:00:00,,,,,,,,,,,,,,,,,
2022-12-16 10:00:00,,,,,,,,,,,,,,,,,
2022-12-16 11:00:00,,,,,,,,,,,,,,,,,
2022-12-16 12:00:00,,,,,,,,,,,,,,,,,
2022-12-16 13:00:00,,,,,,,,,,,,,,,,,
2022-12-16 14:00:00,,,,,,,,,,,,,,,,,
2022-12-16 15:00:00,,,,,,,,,,,,,,,,,
2022-12-16 16:00:00,,,,,,,,,,,,,,,,,
2022-12-16 17:00:00,,,,,,,,,,,,,,,,,
2022-12-16 18:00:00,,,,,,,,,,,,,,,,,
2022-12-16 19:00:00,,,,,,,,,,,,,,,,,
2022-12-16 20:00:00,,,,,,,,,,,,,,,,,
2022-12-16 21:00:00,,,,,,,,,,,,,,,,,
2022-12-16 22:00:00,,,,,,,,,,,,,,,,,
2022-12-16 23:00:00,,,,,,,,,,,,,,,,,
2022-12-17 00:00:00,,,,,,,,,,,,,,,,,
2022-12-17 01:00:00,,,,,,,,,,,,,,,,,
2022-12-17 02:00:00,,,,,,,,,,,,,,,,,
2022-12-17 03:00:00,,,,,,,,,,,,,,,,,
2022-12-17 04:00:00,,,,,,,,,,,,,,,,,
2022-12-17 05:00:00,,,,,,,,,,,,,,,,,
2022-12-17 06:00:00,,,,,,,,,,,,,,,,,
2022-12-17 07:00:00,,,,,,,,,,,,,,,,,
2022-12-17 08:00:00,,,,,,,,,,,,,,,,,
2022-12-17 09:00:00,,,,,,,,,,,,,,,,,
2022-12-17 10:00:00,,,,,,,,,,,,,,,,,
2022-12-17 11:00:00,,,,,,,,,,,,,,,,,
2022-12-17 12:00:00,,,,,,,,,,,,,,,,,
2022-12-17 13:00:00,,,,,,,,,,,,,,,,,
2022-12-17 14:00:00,,,,,,,,,,,,,,,,,
2022-12-17 15:00:00,,,,,,,,,,,,,,,,,
2022-12-17 16:00:00,,,,,,,,,,,,,,,,,
2022-12-17 17:00:00,,,,,,,,,,,,,,,,,
2022-12-17 18:00:00,,,,,,,,,,,,,,,,,
2022-12-17 19:00:00,,,,,,,,,,,,,,,,,
2022-12-17 20:00:00,,,,,,,,,,,,,,,,,
2022-12-17 21:00:00,,,,,,,,,,,,,,,,,
2022-12-17 22:00:00,,,,,,,,,,,,,,,,,
2022-12-17 23:00:00,,,,,,,,,,,,,,,,,
2022-12-18 00:00:00,,,,,,,,,,,,,,,,,
2022-12-18 01:00:00,,,,,,,,,,,,,,,,,
2022-12-18 02:00:00,,,,,,,,,,,,,,,,,
2022-12-18 03:00:00,,,,,,,,,,,,,,,,,
2022-12-18 04:00:00,,,,,,,,,,,,,,,,,
2022-12-18 05:00:00,,,,,,,,,,,,,,,,,
2022-12-18 06:00:00,,,,,,,,,,,,,,,,,
2022-12-18 07:00:00,,,,,,,,,,,,,,,,,
2022-12-18 08:00:00,,,,,,,,,,,,,,,,,
2022-12-18 09:00:00,,,,,,,,,,,,,,,,,
2022-12-18 10:00:00,,,,,,,,,,,,,,,,,
2022-12-18 11:00:00,,,,,,,,,,,,,,,,,
2022-12-18 12:00:00,,,,,,,,,,,,,,,,,
2022-12-18 13:00:00,,,,,,,,,,,,,,,,,
2022-12-18 14:00:00,,,,,,,,,,,,,,,,,
2022-12-18 15:00:00,,,,,,,,,,,,,,,,,
2022-12-18 16:00:00,,,,,,,,,,,,,,,,,
2022-12-18 17:00:00,,,,,,,,,,,,,,,,,
2022-12-18 18:00:00,,,,,,,,,,,,,,,,,
2022-12-18 19:00:00,,,,,,,,,,,,,,,,,
2022-12-18 20:00:00,,,,,,,,,,,,,,,,,
2022-12-18 21:00:00,,,,,,,,,,,,,,,,,
2022-12-18 22:00:00,,,,,,,,,,,,,,,,,
2022-12-18 23:00:00,,,,,,,,,,,,,,,,,
2022-12-19 00:00:00,,,,,,,,,,,,,,,,,
2022-12-19 01:00:00,,,,,,,,,,,,,,,,,
2022-12-19 02:00:00,,,,,,,,,,,,,,,,,
2022-12-19 03:00:00,,,,,,,,,,,,,,,,,
2022-12-19 04:00:00,2022-12-19 04:00:00,-31.44,25.49,,,,23.93,268.0,30.27,68.97554736842106,65.52677,194.8446,187.1249,331.98,,,34.4660168874262
2022-12-19 05:00:00,2022-12-19 05:00:00,-30.61,21.53,,,,25.51,267.9,29.22,108.08157894736843,102.6775,200.0425,190.5471,331.93,,,28.889624269471586
2022-12-19 06:00:00,2022-12-19 06:00:00,-30.01,20.68,,,,28.1,268.5,33.93,135.57084210526318,128.7923,203.3351,192.2323,331.47,,,27.595486472536162
2022-12-19 07:00:00,2022-12-19 07:00:00,-29.74,20.26,,,,28.42,268.0,33.41,156.93831578947368,149.0914,206.8186,194.2155,331.02,,,26.967470394463362
2022-12-19 08:00:00,2022-12-19 08:00:00,-29.46,20.42,,,,29.07,268.4,34.51,177.10336842105264,168.2482,209.2613,195.895,330.54,,,27.10991529328776
2022-12-19 09:00:00,2022-12-19 09:00:00,-29.13,22.83,,,,28.68,267.3,34.98,233.8023157894737,222.1122,211.2476,197.3021,330.92,,,30.216681356921452
2022-12-19 10:00:00,2022-12-19 10:00:00,-29.17,25.23,,,,26.71,267.5,32.65,383.6096842105263,364.4292,211.8647,197.4152,330.97,,,33.40562526744495
2022-12-19 11:00:00,2022-12-19 11:00:00,-29.35,26.21,,,,24.43,264.1,32.01,313.40294736842105,297.7328,209.503,196.1028,331.25,,,34.76128273557442
2022-12-19 12:00:00,2022-12-19 12:00:00,-30.1,25.69,,,,24.88,264.2,32.77,0.0,0.0,197.9257,188.2996,,,,34.30943672185209
2022-12-19 13:00:00,,,,,,,,,,,,,,,,,
2022-12-19 14:00:00,,,,,,,,,,,,,,,,,
2022-12-19 15:00:00,,,,,,,,,,,,,,,,,
2022-12-19 16:00:00,,,,,,,,,,,,,,,,,
2022-12-19 17:00:00,,,,,,,,,,,,,,,,,
2022-12-19 18:00:00,,,,,,,,,,,,,,,,,
2022-12-19 19:00:00,,,,,,,,,,,,,,,,,
2022-12-19 20:00:00,,,,,,,,,,,,,,,,,
2022-12-19 21:00:00,,,,,,,,,,,,,,,,,
2022-12-19 22:00:00,,,,,,,,,,,,,,,,,
2022-12-19 23:00:00,,,,,,,,,,,,,,,,,
2022-12-20 00:00:00,,,,,,,,,,,,,,,,,
2022-12-20 01:00:00,,,,,,,,,,,,,,,,,
2022-12-20 02:00:00,,,,,,,,,,,,,,,,,
2022-12-20 03:00:00,2022-12-20 03:00:00,-30.33,30.28,,,,22.76,260.1,28.93,0.0,0.0,198.485,191.4769,333.2533,,,40.52562443227977
2022-12-20 04:00:00,2022-12-20 04:00:00,-30.08,33.55,,,,22.4,259.3,29.75,60.96486315789474,57.91662,201.1756,193.6538,333.5167,35.02,45.32,44.79830521985786
2022-12-20 05:00:00,2022-12-20 05:00:00,-29.7,48.4,,,,22.15,258.6,30.27,108.72073684210527,103.2847,206.5636,197.5853,333.5583,45.64,47.94,64.39987469079425
2022-12-20 06:00:00,2022-12-20 06:00:00,-29.44,52.23,,,,23.3,258.2,29.75,148.48757894736843,141.0632,211.5395,200.902,333.1983,47.94,51.4,69.32849947641395
2022-12-20 07:00:00,2022-12-20 07:00:00,-29.31,53.94,,,,22.89,258.3,28.87,174.8995789473684,166.1546,215.351,197.1207,332.8167,48.97,52.1,71.51190324272196
2022-12-20 08:00:00,2022-12-20 08:00:00,-28.99,48.21,,,,22.68,258.1,31.84,202.15736842105264,192.0495,218.5798,202.9863,332.4716,45.67,47.32,63.72539233390802
2022-12-20 09:00:00,2022-12-20 09:00:00,-28.73,48.8,,,,21.85,257.3,30.21,256.39884210526316,243.5789,221.5707,205.7477,332.685,46.05,48.23,64.3493529468986
2022-12-20 10:00:00,2022-12-20 10:00:00,-28.85,47.77,,,,22.31,259.4,30.44,384.103052631579,364.8979,221.4566,206.7099,332.6483,45.4,47.24,63.061577669665795
2022-12-20 11:00:00,2022-12-20 11:00:00,-29.39,49.37,,,,22.28,258.8,29.86,466.88589473684215,443.5416,218.5309,204.4097,332.66,46.3,47.92,65.50180255348283
2022-12-20 12:00:00,2022-12-20 12:00:00,-30.49,48.4,,,,22.55,256.5,28.41,90.93333684210526,86.38667,208.4176,197.047,332.665,45.59,48.23,64.87265575297641
2022-12-20 13:00:00,2022-12-20 13:00:00,-31.62,41.37,,,,22.24,255.7,27.36,0.0,0.0,197.9387,189.5163,,41.0,43.68,56.03066797551694
2022-12-20 14:00:00,,,,,,,,,,,,,,,,,
2022-12-20 15:00:00,,,,,,,,,,,,,,,,,
2022-12-20 16:00:00,,,,,,,,,,,,,,,,,
2022-12-20 17:00:00,,,,,,,,,,,,,,,,,
2022-12-20 18:00:00,,,,,,,,,,,,,,,,,
2022-12-20 19:00:00,,,,,,,,,,,,,,,,,
2022-12-20 20:00:00,,,,,,,,,,,,,,,,,
2022-12-20 21:00:00,,,,,,,,,,,,,,,,,
2022-12-20 22:00:00,,,,,,,,,,,,,,,,,
2022-12-20 23:00:00,,,,,,,,,,,,,,,,,
2022-12-21 00:00:00,,,,,,,,,,,,,,,,,
2022-12-21 01:00:00,,,,,,,,,,,,,,,,,
2022-12-21 02:00:00,,,,,,,,,,,,,,,,,
2022-12-21 03:00:00,2022-12-21 03:00:00,-33.23,61.36,,,,25.32,250.3,31.03,26.45486315789474,25.13212,186.4702,180.5421,331.5533,,,84.33898130156767
2022-12-21 04:00:00,2022-12-21 04:00:00,-32.52,58.6,,,,26.13,250.5,30.91,62.96152631578948,59.81345,194.2583,187.6221,331.6967,51.23,57.22,80.02459603886099
2022-12-21 05:00:00,2022-12-21 05:00:00,-31.77,52.62,,,,26.11,250.3,33.47,111.67010526315791,106.0866,199.8822,191.4422,331.675,48.09,51.05,71.36574884259338
2022-12-21 06:00:00,2022-12-21 06:00:00,-31.25,50.85,,,,26.43,249.9,34.92,155.32884210526316,147.5624,205.0983,194.9328,331.55,47.14,50.41,68.63609754541844
2022-12-21 07:00:00,2022-12-21 07:00:00,-30.8,50.36,,,,26.6,250.2,33.58,186.9884210526316,177.639,209.3239,193.5966,331.1617,46.92,50.08,67.69327039087396
2022-12-21 08:00:00,2022-12-21 08:00:00,-30.76,52.17,,,,26.64,250.8,34.69,211.8323157894737,201.2407,212.032,193.2802,330.9867,47.96,53.21,70.10036260472091
2022-12-21 09:00:00,2022-12-21 09:00:00,-29.87,48.2,,,,27.24,247.0,38.35,277.2248421052632,263.3636,214.8314,198.1194,330.7467,45.69,49.96,64.23492455070689
2022-12-21 10:00:00,2022-12-21 10:00:00,-29.54,41.24,,,,27.88,246.0,35.5,412.05568421052635,391.4529,216.418,202.4014,330.4633,41.35,44.23,54.79155209011871
2022-12-21 11:00:00,2022-12-21 11:00:00,-30.21,41.33,,,,27.33,245.7,32.54,479.4592631578948,455.4863,213.6218,199.8311,330.405,41.35,43.15,55.25315644344606
2022-12-21 12:00:00,,,,,,,,,,,,,,,,,
2022-12-21 13:00:00,,,,,,,,,,,,,,,,,
2022-12-21 14:00:00,,,,,,,,,,,,,,,,,
2022-12-21 15:00:00,,,,,,,,,,,,,,,,,
2022-12-21 16:00:00,,,,,,,,,,,,,,,,,
2022-12-21 17:00:00,,,,,,,,,,,,,,,,,
2022-12-21 18:00:00,,,,,,,,,,,,,,,,,
2022-12-21 19:00:00,,,,,,,,,,,,,,,,,
2022-12-21 20:00:00,,,,,,,,,,,,,,,,,
2022-12-21 21:00:00,,,,,,,,,,,,,,,,,
2022-12-21 22:00:00,,,,,,,,,,,,,,,,,
2022-12-21 23:00:00,,,,,,,,,,,,,,,,,
2022-12-22 00:00:00,,,,,,,,,,,,,,,,,
2022-12-22 01:00:00,,,,,,,,,,,,,,,,,
2022-12-22 02:00:00,,,,,,,,,,,,,,,,,
2022-12-22 03:00:00,,,,,,,,,,,,,,,,,
2022-12-22 04:00:00,,,,,,,,,,,,,,,,,
2022-12-22 05:00:00,,,,,,,,,,,,,,,,,
2022-12-22 06:00:00,,,,,,,,,,,,,,,,,
2022-12-22 07:00:00,,,,,,,,,,,,,,,,,
2022-12-22 08:00:00,,,,,,,,,,,,,,,,,
2022-12-22 09:00:00,,,,,,,,,,,,,,,,,
2022-12-22 10:00:00,,,,,,,,,,,,,,,,,
2022-12-22 11:00:00,,,,,,,,,,,,,,,,,
2022-12-22 12:00:00,,,,,,,,,,,,,,,,,
2022-12-22 13:00:00,,,,,,,,,,,,,,,,,
2022-12-22 14:00:00,,,,,,,,,,,,,,,,,
2022-12-22 15:00:00,,,,,,,,,,,,,,,,,
2022-12-22 16:00:00,,,,,,,,,,,,,,,,,
2022-12-22 17:00:00,,,,,,,,,,,,,,,,,
2022-12-22 18:00:00,,,,,,,,,,,,,,,,,
2022-12-22 19:00:00,,,,,,,,,,,,,,,,,
2022-12-22 20:00:00,,,,,,,,,,,,,,,,,
2022-12-22 21:00:00,,,,,,,,,,,,,,,,,
2022-12-22 22:00:00,,,,,,,,,,,,,,,,,
2022-12-22 23:00:00,,,,,,,,,,,,,,,,,
2022-12-23 00:00:00,,,,,,,,,,,,,,,,,
2022-12-23 01:00:00,,,,,,,,,,,,,,,,,
2022-12-23 02:00:00,,,,,,,,,,,,,,,,,
2022-12-23 03:00:00,2022-12-23 03:00:00,-36.38,23.77,,,,26.66,264.9,31.37,30.0688,28.56536,181.3592,175.6051,329.12,,,33.61538840700189
2022-12-23 04:00:00,2022-12-23 04:00:00,-36.45,31.52,,,,25.53,261.6,30.79,67.97195789473683,64.57336,185.3587,178.5842,329.3933,33.49,35.89,44.60333593957634
2022-12-23 05:00:00,2022-12-23 05:00:00,-36.73,43.28,,,,24.64,259.7,28.58,125.93389473684212,119.6372,189.3341,180.5685,329.5683,41.67,50.62,61.39823748553155
2022-12-23 06:00:00,2022-12-23 06:00:00,-37.17,53.32,,,,22.18,257.9,27.19,181.31442105263162,172.2487,193.1488,182.4437,329.4333,47.91,53.05,75.93881502397146
2022-12-23 07:00:00,2022-12-23 07:00:00,-36.66,56.7,,,,20.08,255.3,24.63,211.91021052631578,201.3147,198.5715,181.637,329.2683,49.86,53.13,80.38592479098631
2022-12-23 08:00:00,2022-12-23 08:00:00,-36.0,38.19,,,,20.19,257.0,26.2,237.6518947368421,225.7693,203.0786,183.9101,329.2267,38.48,44.73,53.824373516110114
2022-12-23 09:00:00,2022-12-23 09:00:00,-35.5,32.1,,,,20.56,258.5,27.3,303.12547368421053,287.9692,205.709,183.8084,329.0633,34.0,39.2,45.03832403333519
2022-12-23 10:00:00,2022-12-23 10:00:00,-36.39,39.93,,,,19.07,260.0,26.32,446.0517894736842,423.7492,205.2181,189.6548,329.075,39.66,44.1,56.47381832570155
2022-12-23 11:00:00,2022-12-23 11:00:00,-36.84,51.46,,,,19.5,260.0,25.62,502.6272631578948,477.4959,201.9579,187.5186,328.9267,46.8,53.26,73.07438074174972
2022-12-23 12:00:00,,,,,,,,,,,,,,,,,
2022-12-23 13:00:00,,,,,,,,,,,,,,,,,
2022-12-23 14:00:00,,,,,,,,,,,,,,,,,
2022-12-23 15:00:00,,,,,,,,,,,,,,,,,
2022-12-23 16:00:00,,,,,,,,,,,,,,,,,
2022-12-23 17:00:00,,,,,,,,,,,,,,,,,
2022-12-23 18:00:00,,,,,,,,,,,,,,,,,
2022-12-23 19:00:00,,,,,,,,,,,,,,,,,
2022-12-23 20:00:00,,,,,,,,,,,,,,,,,
2022-12-23 21:00:00,,,,,,,,,,,,,,,,,
2022-12-23 22:00:00,,,,,,,,,,,,,,,,,
2022-12-23 23:00:00,,,,,,,,,,,,,,,,,
2022-12-24 00:00:00,,,,,,,,,,,,,,,,,
2022-12-24 01:00:00,,,,,,,,,,,,,,,,,
2022-12-24 02:00:00,,,,,,,,,,,,,,,,,
2022-12-24 03:00:00,,,,,,,,,,,,,,,,,
2022-12-24 04:00:00,,,,,,,,,,,,,,,,,
2022-12-24 05:00:00,,,,,,,,,,,,,,,,,
2022-12-24 06:00:00,,,,,,,,,,,,,,,,,
2022-12-24 07:00:00,,,,,,,,,,,,,,,,,
2022-12-24 08:00:00,,,,,,,,,,,,,,,,,
2022-12-24 09:00:00,,,,,,,,,,,,,,,,,
2022-12-24 10:00:00,,,,,,,,,,,,,,,,,
2022-12-24 11:00:00,,,,,,,,,,,,,,,,,
2022-12-24 12:00:00,,,,,,,,,,,,,,,,,
2022-12-24 13:00:00,,,,,,,,,,,,,,,,,
2022-12-24 14:00:00,,,,,,,,,,,,,,,,,
2022-12-24 15:00:00,,,,,,,,,,,,,,,,,
2022-12-24 16:00:00,,,,,,,,,,,,,,,,,
2022-12-24 17:00:00,,,,,,,,,,,,,,,,,
2022-12-24 18:00:00,,,,,,,,,,,,,,,,,
2022-12-24 19:00:00,,,,,,,,,,,,,,,,,
2022-12-24 20:00:00,,,,,,,,,,,,,,,,,
2022-12-24 21:00:00,,,,,,,,,,,,,,,,,
2022-12-24 22:00:00,,,,,,,,,,,,,,,,,
2022-12-24 23:00:00,,,,,,,,,,,,,,,,,
2022-12-25 00:00:00,,,,,,,,,,,,,,,,,
2022-12-25 01:00:00,,,,,,,,,,,,,,,,,
2022-12-25 02:00:00,,,,,,,,,,,,,,,,,
2022-12-25 03:00:00,,,,,,,,,,,,,,,,,
2022-12-25 04:00:00,,,,,,,,,,,,,,,,,
2022-12-25 05:00:00,,,,,,,,,,,,,,,,,
2022-12-25 06:00:00,,,,,,,,,,,,,,,,,
2022-12-25 07:00:00,,,,,,,,,,,,,,,,,
2022-12-25 08:00:00,,,,,,,,,,,,,,,,,
2022-12-25 09:00:00,,,,,,,,,,,,,,,,,
2022-12-25 10:00:00,,,,,,,,,,,,,,,,,
2022-12-25 11:00:00,,,,,,,,,,,,,,,,,
2022-12-25 12:00:00,,,,,,,,,,,,,,,,,
2022-12-25 13:00:00,,,,,,,,,,,,,,,,,
2022-12-25 14:00:00,,,,,,,,,,,,,,,,,
2022-12-25 15:00:00,,,,,,,,,,,,,,,,,
2022-12-25 16:00:00,,,,,,,,,,,,,,,,,
2022-12-25 17:00:00,,,,,,,,,,,,,,,,,
2022-12-25 18:00:00,,,,,,,,,,,,,,,,,
2022-12-25 19:00:00,,,,,,,,,,,,,,,,,
2022-12-25 20:00:00,,,,,,,,,,,,,,,,,
2022-12-25 21:00:00,,,,,,,,,,,,,,,,,
2022-12-25 22:00:00,,,,,,,,,,,,,,,,,
2022-12-25 23:00:00,,,,,,,,,,,,,,,,,
2022-12-26 00:00:00,,,,,,,,,,,,,,,,,
2022-12-26 01:00:00,,,,,,,,,,,,,,,,,
2022-12-26 02:00:00,,,,,,,,,,,,,,,,,
2022-12-26 03:00:00,,,,,,,,,,,,,,,,,
2022-12-26 04:00:00,,,,,,,,,,,,,,,,,
2022-12-26 05:00:00,,,,,,,,,,,,,,,,,
2022-12-26 06:00:00,,,,,,,,,,,,,,,,,
2022-12-26 07:00:00,,,,,,,,,,,,,,,,,
2022-12-26 08:00:00,,,,,,,,,,,,,,,,,
2022-12-26 09:00:00,,,,,,,,,,,,,,,,,
2022-12-26 10:00:00,,,,,,,,,,,,,,,,,
2022-12-26 11:00:00,,,,,,,,,,,,,,,,,
2022-12-26 12:00:00,,,,,,,,,,,,,,,,,
2022-12-26 13:00:00,,,,,,,,,,,,,,,,,
2022-12-26 14:00:00,,,,,,,,,,,,,,,,,
2022-12-26 15:00:00,,,,,,,,,,,,,,,,,
2022-12-26 16:00:00,,,,,,,,,,,,,,,,,
2022-12-26 17:00:00,,,,,,,,,,,,,,,,,
2022-12-26 18:00:00,,,,,,,,,,,,,,,,,
2022-12-26 19:00:00,,,,,,,,,,,,,,,,,
2022-12-26 20:00:00,,,,,,,,,,,,,,,,,
2022-12-26 21:00:00,,,,,,,,,,,,,,,,,
2022-12-26 22:00:00,,,,,,,,,,,,,,,,,
2022-12-26 23:00:00,,,,,,,,,,,,,,,,,
2022-12-27 00:00:00,,,,,,,,,,,,,,,,,
2022-12-27 01:00:00,,,,,,,,,,,,,,,,,
2022-12-27 02:00:00,,,,,,,,,,,,,,,,,
2022-12-27 03:00:00,,,,,,,,,,,,,,,,,
2022-12-27 04:00:00,,,,,,,,,,,,,,,,,
2022-12-27 05:00:00,,,,,,,,,,,,,,,,,
2022-12-27 06:00:00,,,,,,,,,,,,,,,,,
2022-12-27 07:00:00,,,,,,,,,,,,,,,,,
2022-12-27 08:00:00,,,,,,,,,,,,,,,,,
2022-12-27 09:00:00,,,,,,,,,,,,,,,,,
2022-12-27 10:00:00,,,,,,,,,,,,,,,,,
2022-12-27 11:00:00,,,,,,,,,,,,,,,,,
2022-12-27 12:00:00,,,,,,,,,,,,,,,,,
2022-12-27 13:00:00,,,,,,,,,,,,,,,,,
2022-12-27 14:00:00,,,,,,,,,,,,,,,,,
2022-12-27 15:00:00,,,,,,,,,,,,,,,,,
2022-12-27 16:00:00,,,,,,,,,,,,,,,,,
2022-12-27 17:00:00,,,,,,,,,,,,,,,,,
2022-12-27 18:00:00,,,,,,,,,,,,,,,,,
2022-12-27 19:00:00,,,,,,,,,,,,,,,,,
2022-12-27 20:00:00,,,,,,,,,,,,,,,,,
2022-12-27 21:00:00,,,,,,,,,,,,,,,,,
2022-12-27 22:00:00,,,,,,,,,,,,,,,,,
2022-12-27 23:00:00,,,,,,,,,,,,,,,,,
2022-12-28 00:00:00,,,,,,,,,,,,,,,,,
2022-12-28 01:00:00,,,,,,,,,,,,,,,,,
2022-12-28 02:00:00,,,,,,,,,,,,,,,,,
2022-12-28 03:00:00,,,,,,,,,,,,,,,,,
2022-12-28 04:00:00,,,,,,,,,,,,,,,,,
2022-12-28 05:00:00,,,,,,,,,,,,,,,,,
2022-12-28 06:00:00,,,,,,,,,,,,,,,,,
2022-12-28 07:00:00,,,,,,,,,,,,,,,,,
2022-12-28 08:00:00,,,,,,,,,,,,,,,,,
2022-12-28 09:00:00,,,,,,,,,,,,,,,,,
2022-12-28 10:00:00,,,,,,,,,,,,,,,,,
2022-12-28 11:00:00,,,,,,,,,,,,,,,,,
2022-12-28 12:00:00,,,,,,,,,,,,,,,,,
2022-12-28 13:00:00,,,,,,,,,,,,,,,,,
2022-12-28 14:00:00,,,,,,,,,,,,,,,,,
2022-12-28 15:00:00,,,,,,,,,,,,,,,,,
2022-12-28 16:00:00,,,,,,,,,,,,,,,,,
2022-12-28 17:00:00,,,,,,,,,,,,,,,,,
2022-12-28 18:00:00,,,,,,,,,,,,,,,,,
2022-12-28 19:00:00,,,,,,,,,,,,,,,,,
2022-12-28 20:00:00,,,,,,,,,,,,,,,,,
2022-12-28 21:00:00,,,,,,,,,,,,,,,,,
2022-12-28 22:00:00,,,,,,,,,,,,,,,,,
2022-12-28 23:00:00,,,,,,,,,,,,,,,,,
2022-12-29 00:00:00,,,,,,,,,,,,,,,,,
2022-12-29 01:00:00,,,,,,,,,,,,,,,,,
2022-12-29 02:00:00,,,,,,,,,,,,,,,,,
2022-12-29 03:00:00,,,,,,,,,,,,,,,,,
2022-12-29 04:00:00,,,,,,,,,,,,,,,,,
2022-12-29 05:00:00,,,,,,,,,,,,,,,,,
2022-12-29 06:00:00,,,,,,,,,,,,,,,,,
2022-12-29 07:00:00,,,,,,,,,,,,,,,,,
2022-12-29 08:00:00,,,,,,,,,,,,,,,,,
2022-12-29 09:00:00,,,,,,,,,,,,,,,,,
2022-12-29 10:00:00,,,,,,,,,,,,,,,,,
2022-12-29 11:00:00,,,,,,,,,,,,,,,,,
2022-12-29 12:00:00,,,,,,,,,,,,,,,,,
2022-12-29 13:00:00,,,,,,,,,,,,,,,,,
2022-12-29 14:00:00,,,,,,,,,,,,,,,,,
2022-12-29 15:00:00,,,,,,,,,,,,,,,,,
2022-12-29 16:00:00,,,,,,,,,,,,,,,,,
2022-12-29 17:00:00,,,,,,,,,,,,,,,,,
2022-12-29 18:00:00,,,,,,,,,,,,,,,,,
2022-12-29 19:00:00,,,,,,,,,,,,,,,,,
2022-12-29 20:00:00,,,,,,,,,,,,,,,,,
2022-12-29 21:00:00,,,,,,,,,,,,,,,,,
2022-12-29 22:00:00,,,,,,,,,,,,,,,,,
2022-12-29 23:00:00,,,,,,,,,,,,,,,,,
2022-12-30 00:00:00,,,,,,,,,,,,,,,,,
2022-12-30 01:00:00,,,,,,,,,,,,,,,,,
2022-12-30 02:00:00,,,,,,,,,,,,,,,,,
2022-12-30 03:00:00,,,,,,,,,,,,,,,,,
2022-12-30 04:00:00,,,,,,,,,,,,,,,,,
2022-12-30 05:00:00,,,,,,,,,,,,,,,,,
2022-12-30 06:00:00,,,,,,,,,,,,,,,,,
2022-12-30 07:00:00,,,,,,,,,,,,,,,,,
2022-12-30 08:00:00,,,,,,,,,,,,,,,,,
2022-12-30 09:00:00,,,,,,,,,,,,,,,,,
2022-12-30 10:00:00,,,,,,,,,,,,,,,,,
2022-12-30 11:00:00,,,,,,,,,,,,,,,,,
2022-12-30 12:00:00,,,,,,,,,,,,,,,,,
2022-12-30 13:00:00,,,,,,,,,,,,,,,,,
2022-12-30 14:00:00,,,,,,,,,,,,,,,,,
2022-12-30 15:00:00,,,,,,,,,,,,,,,,,
2022-12-30 16:00:00,,,,,,,,,,,,,,,,,
2022-12-30 17:00:00,,,,,,,,,,,,,,,,,
2022-12-30 18:00:00,,,,,,,,,,,,,,,,,
2022-12-30 19:00:00,,,,,,,,,,,,,,,,,
2022-12-30 20:00:00,,,,,,,,,,,,,,,,,
2022-12-30 21:00:00,,,,,,,,,,,,,,,,,
2022-12-30 22:00:00,,,,,,,,,,,,,,,,,
2022-12-30 23:00:00,,,,,,,,,,,,,,,,,
2022-12-31 00:00:00,,,,,,,,,,,,,,,,,
2022-12-31 01:00:00,,,,,,,,,,,,,,,,,
2022-12-31 02:00:00,,,,,,,,,,,,,,,,,
2022-12-31 03:00:00,,,,,,,,,,,,,,,,,
2022-12-31 04:00:00,,,,,,,,,,,,,,,,,
2022-12-31 05:00:00,,,,,,,,,,,,,,,,,
2022-12-31 06:00:00,,,,,,,,,,,,,,,,,
2022-12-31 07:00:00,,,,,,,,,,,,,,,,,
2022-12-31 08:00:00,,,,,,,,,,,,,,,,,
2022-12-31 09:00:00,,,,,,,,,,,,,,,,,
2022-12-31 10:00:00,,,,,,,,,,,,,,,,,
2022-12-31 11:00:00,,,,,,,,,,,,,,,,,
2022-12-31 12:00:00,,,,,,,,,,,,,,,,,
2022-12-31 13:00:00,,,,,,,,,,,,,,,,,
2022-12-31 14:00:00,,,,,,,,,,,,,,,,,
2022-12-31 15:00:00,,,,,,,,,,,,,,,,,
2022-12-31 16:00:00,,,,,,,,,,,,,,,,,
2022-12-31 17:00:00,,,,,,,,,,,,,,,,,
2022-12-31 18:00:00,,,,,,,,,,,,,,,,,
2022-12-31 19:00:00,,,,,,,,,,,,,,,,,
2022-12-31 20:00:00,,,,,,,,,,,,,,,,,
2022-12-31 21:00:00,,,,,,,,,,,,,,,,,
2022-12-31 22:00:00,,,,,,,,,,,,,,,,,
2022-12-31 23:00:00,,,,,,,,,,,,,,,,,
2023-01-01 00:00:00,,,,,,,,,,,,,,,,,
2023-01-01 01:00:00,,,,,,,,,,,,,,,,,
2023-01-01 02:00:00,,,,,,,,,,,,,,,,,
2023-01-01 03:00:00,,,,,,,,,,,,,,,,,
2023-01-01 04:00:00,,,,,,,,,,,,,,,,,
2023-01-01 05:00:00,,,,,,,,,,,,,,,,,
2023-01-01 06:00:00,,,,,,,,,,,,,,,,,
2023-01-01 07:00:00,,,,,,,,,,,,,,,,,
2023-01-01 08:00:00,,,,,,,,,,,,,,,,,
2023-01-01 09:00:00,,,,,,,,,,,,,,,,,
2023-01-01 10:00:00,,,,,,,,,,,,,,,,,
2023-01-01 11:00:00,,,,,,,,,,,,,,,,,
2023-01-01 12:00:00,,,,,,,,,,,,,,,,,
2023-01-01 13:00:00,,,,,,,,,,,,,,,,,
2023-01-01 14:00:00,,,,,,,,,,,,,,,,,
2023-01-01 15:00:00,,,,,,,,,,,,,,,,,
2023-01-01 16:00:00,,,,,,,,,,,,,,,,,
2023-01-01 17:00:00,,,,,,,,,,,,,,,,,
2023-01-01 18:00:00,,,,,,,,,,,,,,,,,
2023-01-01 19:00:00,,,,,,,,,,,,,,,,,
2023-01-01 20:00:00,,,,,,,,,,,,,,,,,
2023-01-01 21:00:00,,,,,,,,,,,,,,,,,
2023-01-01 22:00:00,,,,,,,,,,,,,,,,,
2023-01-01 23:00:00,,,,,,,,,,,,,,,,,
2023-01-02 00:00:00,,,,,,,,,,,,,,,,,
2023-01-02 01:00:00,,,,,,,,,,,,,,,,,
2023-01-02 02:00:00,,,,,,,,,,,,,,,,,
2023-01-02 03:00:00,,,,,,,,,,,,,,,,,
2023-01-02 04:00:00,,,,,,,,,,,,,,,,,
2023-01-02 05:00:00,,,,,,,,,,,,,,,,,
2023-01-02 06:00:00,,,,,,,,,,,,,,,,,
2023-01-02 07:00:00,,,,,,,,,,,,,,,,,
2023-01-02 08:00:00,,,,,,,,,,,,,,,,,
2023-01-02 09:00:00,,,,,,,,,,,,,,,,,
2023-01-02 10:00:00,,,,,,,,,,,,,,,,,
2023-01-02 11:00:00,,,,,,,,,,,,,,,,,
2023-01-02 12:00:00,,,,,,,,,,,,,,,,,
2023-01-02 13:00:00,,,,,,,,,,,,,,,,,
2023-01-02 14:00:00,,,,,,,,,,,,,,,,,
2023-01-02 15:00:00,,,,,,,,,,,,,,,,,
2023-01-02 16:00:00,,,,,,,,,,,,,,,,,
2023-01-02 17:00:00,,,,,,,,,,,,,,,,,
2023-01-02 18:00:00,,,,,,,,,,,,,,,,,
2023-01-02 19:00:00,,,,,,,,,,,,,,,,,
2023-01-02 20:00:00,,,,,,,,,,,,,,,,,
2023-01-02 21:00:00,,,,,,,,,,,,,,,,,
2023-01-02 22:00:00,,,,,,,,,,,,,,,,,
2023-01-02 23:00:00,,,,,,,,,,,,,,,,,
2023-01-03 00:00:00,,,,,,,,,,,,,,,,,
2023-01-03 01:00:00,,,,,,,,,,,,,,,,,
2023-01-03 02:00:00,,,,,,,,,,,,,,,,,
2023-01-03 03:00:00,,,,,,,,,,,,,,,,,
2023-01-03 04:00:00,,,,,,,,,,,,,,,,,
2023-01-03 05:00:00,,,,,,,,,,,,,,,,,
2023-01-03 06:00:00,,,,,,,,,,,,,,,,,
2023-01-03 07:00:00,,,,,,,,,,,,,,,,,
2023-01-03 08:00:00,,,,,,,,,,,,,,,,,
2023-01-03 09:00:00,,,,,,,,,,,,,,,,,
2023-01-03 10:00:00,,,,,,,,,,,,,,,,,
2023-01-03 11:00:00,,,,,,,,,,,,,,,,,
2023-01-03 12:00:00,,,,,,,,,,,,,,,,,
2023-01-03 13:00:00,,,,,,,,,,,,,,,,,
2023-01-03 14:00:00,,,,,,,,,,,,,,,,,
2023-01-03 15:00:00,,,,,,,,,,,,,,,,,
2023-01-03 16:00:00,,,,,,,,,,,,,,,,,
2023-01-03 17:00:00,,,,,,,,,,,,,,,,,
2023-01-03 18:00:00,,,,,,,,,,,,,,,,,
2023-01-03 19:00:00,,,,,,,,,,,,,,,,,
2023-01-03 20:00:00,,,,,,,,,,,,,,,,,
2023-01-03 21:00:00,,,,,,,,,,,,,,,,,
2023-01-03 22:00:00,,,,,,,,,,,,,,,,,
2023-01-03 23:00:00,,,,,,,,,,,,,,,,,
2023-01-04 00:00:00,,,,,,,,,,,,,,,,,
2023-01-04 01:00:00,,,,,,,,,,,,,,,,,
2023-01-04 02:00:00,,,,,,,,,,,,,,,,,
2023-01-04 03:00:00,,,,,,,,,,,,,,,,,
2023-01-04 04:00:00,,,,,,,,,,,,,,,,,
2023-01-04 05:00:00,,,,,,,,,,,,,,,,,
2023-01-04 06:00:00,,,,,,,,,,,,,,,,,
2023-01-04 07:00:00,,,,,,,,,,,,,,,,,
2023-01-04 08:00:00,,,,,,,,,,,,,,,,,
2023-01-04 09:00:00,,,,,,,,,,,,,,,,,
2023-01-04 10:00:00,,,,,,,,,,,,,,,,,
2023-01-04 11:00:00,,,,,,,,,,,,,,,,,
2023-01-04 12:00:00,,,,,,,,,,,,,,,,,
2023-01-04 13:00:00,,,,,,,,,,,,,,,,,
2023-01-04 14:00:00,,,,,,,,,,,,,,,,,
2023-01-04 15:00:00,,,,,,,,,,,,,,,,,
2023-01-04 16:00:00,,,,,,,,,,,,,,,,,
2023-01-04 17:00:00,,,,,,,,,,,,,,,,,
2023-01-04 18:00:00,,,,,,,,,,,,,,,,,
2023-01-04 19:00:00,,,,,,,,,,,,,,,,,
2023-01-04 20:00:00,,,,,,,,,,,,,,,,,
2023-01-04 21:00:00,,,,,,,,,,,,,,,,,
2023-01-04 22:00:00,,,,,,,,,,,,,,,,,
2023-01-04 23:00:00,,,,,,,,,,,,,,,,,
2023-01-05 00:00:00,,,,,,,,,,,,,,,,,
2023-01-05 01:00:00,,,,,,,,,,,,,,,,,
2023-01-05 02:00:00,,,,,,,,,,,,,,,,,
2023-01-05 03:00:00,,,,,,,,,,,,,,,,,
2023-01-05 04:00:00,,,,,,,,,,,,,,,,,
2023-01-05 05:00:00,,,,,,,,,,,,,,,,,
2023-01-05 06:00:00,,,,,,,,,,,,,,,,,
2023-01-05 07:00:00,,,,,,,,,,,,,,,,,
2023-01-05 08:00:00,,,,,,,,,,,,,,,,,
2023-01-05 09:00:00,,,,,,,,,,,,,,,,,
2023-01-05 10:00:00,,,,,,,,,,,,,,,,,
2023-01-05 11:00:00,,,,,,,,,,,,,,,,,
2023-01-05 12:00:00,,,,,,,,,,,,,,,,,
2023-01-05 13:00:00,,,,,,,,,,,,,,,,,
2023-01-05 14:00:00,,,,,,,,,,,,,,,,,
2023-01-05 15:00:00,,,,,,,,,,,,,,,,,
2023-01-05 16:00:00,,,,,,,,,,,,,,,,,
2023-01-05 17:00:00,,,,,,,,,,,,,,,,,
2023-01-05 18:00:00,,,,,,,,,,,,,,,,,
2023-01-05 19:00:00,,,,,,,,,,,,,,,,,
2023-01-05 20:00:00,,,,,,,,,,,,,,,,,
2023-01-05 21:00:00,,,,,,,,,,,,,,,,,
2023-01-05 22:00:00,,,,,,,,,,,,,,,,,
2023-01-05 23:00:00,,,,,,,,,,,,,,,,,
2023-01-06 00:00:00,,,,,,,,,,,,,,,,,
2023-01-06 01:00:00,,,,,,,,,,,,,,,,,
2023-01-06 02:00:00,,,,,,,,,,,,,,,,,
2023-01-06 03:00:00,,,,,,,,,,,,,,,,,
2023-01-06 04:00:00,,,,,,,,,,,,,,,,,
2023-01-06 05:00:00,,,,,,,,,,,,,,,,,
2023-01-06 06:00:00,,,,,,,,,,,,,,,,,
2023-01-06 07:00:00,,,,,,,,,,,,,,,,,
2023-01-06 08:00:00,,,,,,,,,,,,,,,,,
2023-01-06 09:00:00,,,,,,,,,,,,,,,,,
2023-01-06 10:00:00,,,,,,,,,,,,,,,,,
2023-01-06 11:00:00,,,,,,,,,,,,,,,,,
2023-01-06 12:00:00,,,,,,,,,,,,,,,,,
2023-01-06 13:00:00,,,,,,,,,,,,,,,,,
2023-01-06 14:00:00,,,,,,,,,,,,,,,,,
2023-01-06 15:00:00,,,,,,,,,,,,,,,,,
2023-01-06 16:00:00,,,,,,,,,,,,,,,,,
2023-01-06 17:00:00,,,,,,,,,,,,,,,,,
2023-01-06 18:00:00,,,,,,,,,,,,,,,,,
2023-01-06 19:00:00,,,,,,,,,,,,,,,,,
2023-01-06 20:00:00,,,,,,,,,,,,,,,,,
2023-01-06 21:00:00,,,,,,,,,,,,,,,,,
2023-01-06 22:00:00,,,,,,,,,,,,,,,,,
2023-01-06 23:00:00,,,,,,,,,,,,,,,,,
2023-01-07 00:00:00,,,,,,,,,,,,,,,,,
2023-01-07 01:00:00,,,,,,,,,,,,,,,,,
2023-01-07 02:00:00,,,,,,,,,,,,,,,,,
2023-01-07 03:00:00,,,,,,,,,,,,,,,,,
2023-01-07 04:00:00,,,,,,,,,,,,,,,,,
2023-01-07 05:00:00,,,,,,,,,,,,,,,,,
2023-01-07 06:00:00,,,,,,,,,,,,,,,,,
2023-01-07 07:00:00,,,,,,,,,,,,,,,,,
2023-01-07 08:00:00,,,,,,,,,,,,,,,,,
2023-01-07 09:00:00,,,,,,,,,,,,,,,,,
2023-01-07 10:00:00,,,,,,,,,,,,,,,,,
2023-01-07 11:00:00,,,,,,,,,,,,,,,,,
2023-01-07 12:00:00,,,,,,,,,,,,,,,,,
2023-01-07 13:00:00,,,,,,,,,,,,,,,,,
2023-01-07 14:00:00,,,,,,,,,,,,,,,,,
2023-01-07 15:00:00,,,,,,,,,,,,,,,,,
2023-01-07 16:00:00,,,,,,,,,,,,,,,,,
2023-01-07 17:00:00,,,,,,,,,,,,,,,,,
2023-01-07 18:00:00,,,,,,,,,,,,,,,,,
2023-01-07 19:00:00,,,,,,,,,,,,,,,,,
2023-01-07 20:00:00,,,,,,,,,,,,,,,,,
2023-01-07 21:00:00,,,,,,,,,,,,,,,,,
2023-01-07 22:00:00,,,,,,,,,,,,,,,,,
2023-01-07 23:00:00,,,,,,,,,,,,,,,,,
2023-01-08 00:00:00,,,,,,,,,,,,,,,,,
2023-01-08 01:00:00,,,,,,,,,,,,,,,,,
2023-01-08 02:00:00,,,,,,,,,,,,,,,,,
2023-01-08 03:00:00,,,,,,,,,,,,,,,,,
2023-01-08 04:00:00,,,,,,,,,,,,,,,,,
2023-01-08 05:00:00,,,,,,,,,,,,,,,,,
2023-01-08 06:00:00,,,,,,,,,,,,,,,,,
2023-01-08 07:00:00,,,,,,,,,,,,,,,,,
2023-01-08 08:00:00,,,,,,,,,,,,,,,,,
2023-01-08 09:00:00,,,,,,,,,,,,,,,,,
2023-01-08 10:00:00,,,,,,,,,,,,,,,,,
2023-01-08 11:00:00,,,,,,,,,,,,,,,,,
2023-01-08 12:00:00,,,,,,,,,,,,,,,,,
2023-01-08 13:00:00,,,,,,,,,,,,,,,,,
2023-01-08 14:00:00,,,,,,,,,,,,,,,,,
2023-01-08 15:00:00,,,,,,,,,,,,,,,,,
2023-01-08 16:00:00,,,,,,,,,,,,,,,,,
2023-01-08 17:00:00,,,,,,,,,,,,,,,,,
2023-01-08 18:00:00,,,,,,,,,,,,,,,,,
2023-01-08 19:00:00,,,,,,,,,,,,,,,,,
2023-01-08 20:00:00,,,,,,,,,,,,,,,,,
2023-01-08 21:00:00,,,,,,,,,,,,,,,,,
2023-01-08 22:00:00,,,,,,,,,,,,,,,,,
2023-01-08 23:00:00,,,,,,,,,,,,,,,,,
2023-01-09 00:00:00,,,,,,,,,,,,,,,,,
2023-01-09 01:00:00,,,,,,,,,,,,,,,,,
2023-01-09 02:00:00,,,,,,,,,,,,,,,,,
2023-01-09 03:00:00,,,,,,,,,,,,,,,,,
2023-01-09 04:00:00,,,,,,,,,,,,,,,,,
2023-01-09 05:00:00,,,,,,,,,,,,,,,,,
2023-01-09 06:00:00,,,,,,,,,,,,,,,,,
2023-01-09 07:00:00,,,,,,,,,,,,,,,,,
2023-01-09 08:00:00,,,,,,,,,,,,,,,,,
2023-01-09 09:00:00,,,,,,,,,,,,,,,,,
2023-01-09 10:00:00,,,,,,,,,,,,,,,,,
2023-01-09 11:00:00,,,,,,,,,,,,,,,,,
2023-01-09 12:00:00,,,,,,,,,,,,,,,,,
2023-01-09 13:00:00,,,,,,,,,,,,,,,,,
2023-01-09 14:00:00,,,,,,,,,,,,,,,,,
2023-01-09 15:00:00,,,,,,,,,,,,,,,,,
2023-01-09 16:00:00,,,,,,,,,,,,,,,,,
2023-01-09 17:00:00,,,,,,,,,,,,,,,,,
2023-01-09 18:00:00,,,,,,,,,,,,,,,,,
2023-01-09 19:00:00,,,,,,,,,,,,,,,,,
2023-01-09 20:00:00,,,,,,,,,,,,,,,,,
2023-01-09 21:00:00,,,,,,,,,,,,,,,,,
2023-01-09 22:00:00,,,,,,,,,,,,,,,,,
2023-01-09 23:00:00,,,,,,,,,,,,,,,,,
2023-01-10 00:00:00,,,,,,,,,,,,,,,,,
2023-01-10 01:00:00,,,,,,,,,,,,,,,,,
2023-01-10 02:00:00,,,,,,,,,,,,,,,,,
2023-01-10 03:00:00,,,,,,,,,,,,,,,,,
2023-01-10 04:00:00,,,,,,,,,,,,,,,,,
2023-01-10 05:00:00,,,,,,,,,,,,,,,,,
2023-01-10 06:00:00,,,,,,,,,,,,,,,,,
2023-01-10 07:00:00,,,,,,,,,,,,,,,,,
2023-01-10 08:00:00,,,,,,,,,,,,,,,,,
2023-01-10 09:00:00,,,,,,,,,,,,,,,,,
2023-01-10 10:00:00,,,,,,,,,,,,,,,,,
2023-01-10 11:00:00,,,,,,,,,,,,,,,,,
2023-01-10 12:00:00,,,,,,,,,,,,,,,,,
2023-01-10 13:00:00,,,,,,,,,,,,,,,,,
2023-01-10 14:00:00,,,,,,,,,,,,,,,,,
2023-01-10 15:00:00,,,,,,,,,,,,,,,,,
2023-01-10 16:00:00,,,,,,,,,,,,,,,,,
2023-01-10 17:00:00,,,,,,,,,,,,,,,,,
2023-01-10 18:00:00,,,,,,,,,,,,,,,,,
2023-01-10 19:00:00,,,,,,,,,,,,,,,,,
2023-01-10 20:00:00,,,,,,,,,,,,,,,,,
2023-01-10 21:00:00,,,,,,,,,,,,,,,,,
2023-01-10 22:00:00,,,,,,,,,,,,,,,,,
2023-01-10 23:00:00,,,,,,,,,,,,,,,,,
2023-01-11 00:00:00,,,,,,,,,,,,,,,,,
2023-01-11 01:00:00,,,,,,,,,,,,,,,,,
2023-01-11 02:00:00,,,,,,,,,,,,,,,,,
2023-01-11 03:00:00,,,,,,,,,,,,,,,,,
2023-01-11 04:00:00,,,,,,,,,,,,,,,,,
2023-01-11 05:00:00,,,,,,,,,,,,,,,,,
2023-01-11 06:00:00,,,,,,,,,,,,,,,,,
2023-01-11 07:00:00,,,,,,,,,,,,,,,,,
2023-01-11 08:00:00,,,,,,,,,,,,,,,,,
2023-01-11 09:00:00,,,,,,,,,,,,,,,,,
2023-01-11 10:00:00,,,,,,,,,,,,,,,,,
2023-01-11 11:00:00,,,,,,,,,,,,,,,,,
2023-01-11 12:00:00,,,,,,,,,,,,,,,,,
2023-01-11 13:00:00,,,,,,,,,,,,,,,,,
2023-01-11 14:00:00,,,,,,,,,,,,,,,,,
2023-01-11 15:00:00,,,,,,,,,,,,,,,,,
2023-01-11 16:00:00,,,,,,,,,,,,,,,,,
2023-01-11 17:00:00,,,,,,,,,,,,,,,,,
2023-01-11 18:00:00,,,,,,,,,,,,,,,,,
2023-01-11 19:00:00,,,,,,,,,,,,,,,,,
2023-01-11 20:00:00,,,,,,,,,,,,,,,,,
2023-01-11 21:00:00,,,,,,,,,,,,,,,,,
2023-01-11 22:00:00,,,,,,,,,,,,,,,,,
2023-01-11 23:00:00,,,,,,,,,,,,,,,,,
2023-01-12 00:00:00,,,,,,,,,,,,,,,,,
2023-01-12 01:00:00,,,,,,,,,,,,,,,,,
2023-01-12 02:00:00,,,,,,,,,,,,,,,,,
2023-01-12 03:00:00,,,,,,,,,,,,,,,,,
2023-01-12 04:00:00,,,,,,,,,,,,,,,,,
2023-01-12 05:00:00,,,,,,,,,,,,,,,,,
2023-01-12 06:00:00,,,,,,,,,,,,,,,,,
2023-01-12 07:00:00,,,,,,,,,,,,,,,,,
2023-01-12 08:00:00,,,,,,,,,,,,,,,,,
2023-01-12 09:00:00,,,,,,,,,,,,,,,,,
2023-01-12 10:00:00,,,,,,,,,,,,,,,,,
2023-01-12 11:00:00,,,,,,,,,,,,,,,,,
2023-01-12 12:00:00,,,,,,,,,,,,,,,,,
2023-01-12 13:00:00,,,,,,,,,,,,,,,,,
2023-01-12 14:00:00,,,,,,,,,,,,,,,,,
2023-01-12 15:00:00,,,,,,,,,,,,,,,,,
2023-01-12 16:00:00,,,,,,,,,,,,,,,,,
2023-01-12 17:00:00,,,,,,,,,,,,,,,,,
2023-01-12 18:00:00,,,,,,,,,,,,,,,,,
2023-01-12 19:00:00,,,,,,,,,,,,,,,,,
2023-01-12 20:00:00,,,,,,,,,,,,,,,,,
2023-01-12 21:00:00,,,,,,,,,,,,,,,,,
2023-01-12 22:00:00,,,,,,,,,,,,,,,,,
2023-01-12 23:00:00,,,,,,,,,,,,,,,,,
2023-01-13 00:00:00,,,,,,,,,,,,,,,,,
2023-01-13 01:00:00,,,,,,,,,,,,,,,,,
2023-01-13 02:00:00,,,,,,,,,,,,,,,,,
2023-01-13 03:00:00,,,,,,,,,,,,,,,,,
2023-01-13 04:00:00,,,,,,,,,,,,,,,,,
2023-01-13 05:00:00,,,,,,,,,,,,,,,,,
2023-01-13 06:00:00,,,,,,,,,,,,,,,,,
2023-01-13 07:00:00,,,,,,,,,,,,,,,,,
2023-01-13 08:00:00,,,,,,,,,,,,,,,,,
2023-01-13 09:00:00,,,,,,,,,,,,,,,,,
2023-01-13 10:00:00,,,,,,,,,,,,,,,,,
2023-01-13 11:00:00,,,,,,,,,,,,,,,,,
2023-01-13 12:00:00,,,,,,,,,,,,,,,,,
2023-01-13 13:00:00,,,,,,,,,,,,,,,,,
2023-01-13 14:00:00,,,,,,,,,,,,,,,,,
2023-01-13 15:00:00,,,,,,,,,,,,,,,,,
2023-01-13 16:00:00,,,,,,,,,,,,,,,,,
2023-01-13 17:00:00,,,,,,,,,,,,,,,,,
2023-01-13 18:00:00,,,,,,,,,,,,,,,,,
2023-01-13 19:00:00,,,,,,,,,,,,,,,,,
2023-01-13 20:00:00,,,,,,,,,,,,,,,,,
2023-01-13 21:00:00,,,,,,,,,,,,,,,,,
2023-01-13 22:00:00,,,,,,,,,,,,,,,,,
2023-01-13 23:00:00,,,,,,,,,,,,,,,,,
2023-01-14 00:00:00,,,,,,,,,,,,,,,,,
2023-01-14 01:00:00,,,,,,,,,,,,,,,,,
2023-01-14 02:00:00,,,,,,,,,,,,,,,,,
2023-01-14 03:00:00,,,,,,,,,,,,,,,,,
2023-01-14 04:00:00,,,,,,,,,,,,,,,,,
2023-01-14 05:00:00,,,,,,,,,,,,,,,,,
2023-01-14 06:00:00,,,,,,,,,,,,,,,,,
2023-01-14 07:00:00,,,,,,,,,,,,,,,,,
2023-01-14 08:00:00,,,,,,,,,,,,,,,,,
2023-01-14 09:00:00,,,,,,,,,,,,,,,,,
2023-01-14 10:00:00,,,,,,,,,,,,,,,,,
2023-01-14 11:00:00,,,,,,,,,,,,,,,,,
2023-01-14 12:00:00,,,,,,,,,,,,,,,,,
2023-01-14 13:00:00,,,,,,,,,,,,,,,,,
2023-01-14 14:00:00,,,,,,,,,,,,,,,,,
2023-01-14 15:00:00,,,,,,,,,,,,,,,,,
2023-01-14 16:00:00,,,,,,,,,,,,,,,,,
2023-01-14 17:00:00,,,,,,,,,,,,,,,,,
2023-01-14 18:00:00,,,,,,,,,,,,,,,,,
2023-01-14 19:00:00,,,,,,,,,,,,,,,,,
2023-01-14 20:00:00,,,,,,,,,,,,,,,,,
2023-01-14 21:00:00,,,,,,,,,,,,,,,,,
2023-01-14 22:00:00,,,,,,,,,,,,,,,,,
2023-01-14 23:00:00,,,,,,,,,,,,,,,,,
2023-01-15 00:00:00,,,,,,,,,,,,,,,,,
2023-01-15 01:00:00,,,,,,,,,,,,,,,,,
2023-01-15 02:00:00,,,,,,,,,,,,,,,,,
2023-01-15 03:00:00,,,,,,,,,,,,,,,,,
2023-01-15 04:00:00,,,,,,,,,,,,,,,,,
2023-01-15 05:00:00,,,,,,,,,,,,,,,,,
2023-01-15 06:00:00,,,,,,,,,,,,,,,,,
2023-01-15 07:00:00,,,,,,,,,,,,,,,,,
2023-01-15 08:00:00,,,,,,,,,,,,,,,,,
2023-01-15 09:00:00,,,,,,,,,,,,,,,,,
2023-01-15 10:00:00,,,,,,,,,,,,,,,,,
2023-01-15 11:00:00,,,,,,,,,,,,,,,,,
2023-01-15 12:00:00,,,,,,,,,,,,,,,,,
2023-01-15 13:00:00,,,,,,,,,,,,,,,,,
2023-01-15 14:00:00,,,,,,,,,,,,,,,,,
2023-01-15 15:00:00,,,,,,,,,,,,,,,,,
2023-01-15 16:00:00,,,,,,,,,,,,,,,,,
2023-01-15 17:00:00,,,,,,,,,,,,,,,,,
2023-01-15 18:00:00,,,,,,,,,,,,,,,,,
2023-01-15 19:00:00,,,,,,,,,,,,,,,,,
2023-01-15 20:00:00,,,,,,,,,,,,,,,,,
2023-01-15 21:00:00,,,,,,,,,,,,,,,,,
2023-01-15 22:00:00,,,,,,,,,,,,,,,,,
2023-01-15 23:00:00,,,,,,,,,,,,,,,,,
2023-01-16 00:00:00,,,,,,,,,,,,,,,,,
2023-01-16 01:00:00,,,,,,,,,,,,,,,,,
2023-01-16 02:00:00,,,,,,,,,,,,,,,,,
2023-01-16 03:00:00,,,,,,,,,,,,,,,,,
2023-01-16 04:00:00,,,,,,,,,,,,,,,,,
2023-01-16 05:00:00,,,,,,,,,,,,,,,,,
2023-01-16 06:00:00,,,,,,,,,,,,,,,,,
2023-01-16 07:00:00,,,,,,,,,,,,,,,,,
2023-01-16 08:00:00,,,,,,,,,,,,,,,,,
2023-01-16 09:00:00,,,,,,,,,,,,,,,,,
2023-01-16 10:00:00,,,,,,,,,,,,,,,,,
2023-01-16 11:00:00,,,,,,,,,,,,,,,,,
2023-01-16 12:00:00,,,,,,,,,,,,,,,,,
2023-01-16 13:00:00,,,,,,,,,,,,,,,,,
2023-01-16 14:00:00,,,,,,,,,,,,,,,,,
2023-01-16 15:00:00,,,,,,,,,,,,,,,,,
2023-01-16 16:00:00,,,,,,,,,,,,,,,,,
2023-01-16 17:00:00,,,,,,,,,,,,,,,,,
2023-01-16 18:00:00,,,,,,,,,,,,,,,,,
2023-01-16 19:00:00,,,,,,,,,,,,,,,,,
2023-01-16 20:00:00,,,,,,,,,,,,,,,,,
2023-01-16 21:00:00,,,,,,,,,,,,,,,,,
2023-01-16 22:00:00,,,,,,,,,,,,,,,,,
2023-01-16 23:00:00,,,,,,,,,,,,,,,,,
2023-01-17 00:00:00,,,,,,,,,,,,,,,,,
2023-01-17 01:00:00,,,,,,,,,,,,,,,,,
2023-01-17 02:00:00,,,,,,,,,,,,,,,,,
2023-01-17 03:00:00,,,,,,,,,,,,,,,,,
2023-01-17 04:00:00,,,,,,,,,,,,,,,,,
2023-01-17 05:00:00,,,,,,,,,,,,,,,,,
2023-01-17 06:00:00,,,,,,,,,,,,,,,,,
2023-01-17 07:00:00,,,,,,,,,,,,,,,,,
2023-01-17 08:00:00,,,,,,,,,,,,,,,,,
2023-01-17 09:00:00,,,,,,,,,,,,,,,,,
2023-01-17 10:00:00,,,,,,,,,,,,,,,,,
2023-01-17 11:00:00,,,,,,,,,,,,,,,,,
2023-01-17 12:00:00,,,,,,,,,,,,,,,,,
2023-01-17 13:00:00,,,,,,,,,,,,,,,,,
2023-01-17 14:00:00,,,,,,,,,,,,,,,,,
2023-01-17 15:00:00,,,,,,,,,,,,,,,,,
2023-01-17 16:00:00,,,,,,,,,,,,,,,,,
2023-01-17 17:00:00,,,,,,,,,,,,,,,,,
2023-01-17 18:00:00,,,,,,,,,,,,,,,,,
2023-01-17 19:00:00,,,,,,,,,,,,,,,,,
2023-01-17 20:00:00,,,,,,,,,,,,,,,,,
2023-01-17 21:00:00,,,,,,,,,,,,,,,,,
2023-01-17 22:00:00,,,,,,,,,,,,,,,,,
2023-01-17 23:00:00,,,,,,,,,,,,,,,,,
2023-01-18 00:00:00,,,,,,,,,,,,,,,,,
2023-01-18 01:00:00,,,,,,,,,,,,,,,,,
2023-01-18 02:00:00,,,,,,,,,,,,,,,,,
2023-01-18 03:00:00,,,,,,,,,,,,,,,,,
2023-01-18 04:00:00,,,,,,,,,,,,,,,,,
2023-01-18 05:00:00,,,,,,,,,,,,,,,,,
2023-01-18 06:00:00,,,,,,,,,,,,,,,,,
2023-01-18 07:00:00,,,,,,,,,,,,,,,,,
2023-01-18 08:00:00,,,,,,,,,,,,,,,,,
2023-01-18 09:00:00,,,,,,,,,,,,,,,,,
2023-01-18 10:00:00,,,,,,,,,,,,,,,,,
2023-01-18 11:00:00,,,,,,,,,,,,,,,,,
2023-01-18 12:00:00,,,,,,,,,,,,,,,,,
2023-01-18 13:00:00,,,,,,,,,,,,,,,,,
2023-01-18 14:00:00,,,,,,,,,,,,,,,,,
2023-01-18 15:00:00,,,,,,,,,,,,,,,,,
2023-01-18 16:00:00,,,,,,,,,,,,,,,,,
2023-01-18 17:00:00,,,,,,,,,,,,,,,,,
2023-01-18 18:00:00,,,,,,,,,,,,,,,,,
2023-01-18 19:00:00,,,,,,,,,,,,,,,,,
2023-01-18 20:00:00,,,,,,,,,,,,,,,,,
2023-01-18 21:00:00,,,,,,,,,,,,,,,,,
2023-01-18 22:00:00,,,,,,,,,,,,,,,,,
2023-01-18 23:00:00,,,,,,,,,,,,,,,,,
2023-01-19 00:00:00,,,,,,,,,,,,,,,,,
2023-01-19 01:00:00,,,,,,,,,,,,,,,,,
2023-01-19 02:00:00,,,,,,,,,,,,,,,,,
2023-01-19 03:00:00,,,,,,,,,,,,,,,,,
2023-01-19 04:00:00,,,,,,,,,,,,,,,,,
2023-01-19 05:00:00,,,,,,,,,,,,,,,,,
2023-01-19 06:00:00,,,,,,,,,,,,,,,,,
2023-01-19 07:00:00,,,,,,,,,,,,,,,,,
2023-01-19 08:00:00,,,,,,,,,,,,,,,,,
2023-01-19 09:00:00,,,,,,,,,,,,,,,,,
2023-01-19 10:00:00,,,,,,,,,,,,,,,,,
2023-01-19 11:00:00,,,,,,,,,,,,,,,,,
2023-01-19 12:00:00,,,,,,,,,,,,,,,,,
2023-01-19 13:00:00,,,,,,,,,,,,,,,,,
2023-01-19 14:00:00,,,,,,,,,,,,,,,,,
2023-01-19 15:00:00,,,,,,,,,,,,,,,,,
2023-01-19 16:00:00,,,,,,,,,,,,,,,,,
2023-01-19 17:00:00,,,,,,,,,,,,,,,,,
2023-01-19 18:00:00,,,,,,,,,,,,,,,,,
2023-01-19 19:00:00,,,,,,,,,,,,,,,,,
2023-01-19 20:00:00,,,,,,,,,,,,,,,,,
2023-01-19 21:00:00,,,,,,,,,,,,,,,,,
2023-01-19 22:00:00,,,,,,,,,,,,,,,,,
2023-01-19 23:00:00,,,,,,,,,,,,,,,,,
2023-01-20 00:00:00,,,,,,,,,,,,,,,,,
2023-01-20 01:00:00,,,,,,,,,,,,,,,,,
2023-01-20 02:00:00,,,,,,,,,,,,,,,,,
2023-01-20 03:00:00,,,,,,,,,,,,,,,,,
2023-01-20 04:00:00,,,,,,,,,,,,,,,,,
2023-01-20 05:00:00,,,,,,,,,,,,,,,,,
2023-01-20 06:00:00,,,,,,,,,,,,,,,,,
2023-01-20 07:00:00,,,,,,,,,,,,,,,,,
2023-01-20 08:00:00,,,,,,,,,,,,,,,,,
2023-01-20 09:00:00,,,,,,,,,,,,,,,,,
2023-01-20 10:00:00,,,,,,,,,,,,,,,,,
2023-01-20 11:00:00,,,,,,,,,,,,,,,,,
2023-01-20 12:00:00,,,,,,,,,,,,,,,,,
2023-01-20 13:00:00,,,,,,,,,,,,,,,,,
2023-01-20 14:00:00,,,,,,,,,,,,,,,,,
2023-01-20 15:00:00,,,,,,,,,,,,,,,,,
2023-01-20 16:00:00,,,,,,,,,,,,,,,,,
2023-01-20 17:00:00,,,,,,,,,,,,,,,,,
2023-01-20 18:00:00,,,,,,,,,,,,,,,,,
2023-01-20 19:00:00,,,,,,,,,,,,,,,,,
2023-01-20 20:00:00,,,,,,,,,,,,,,,,,
2023-01-20 21:00:00,,,,,,,,,,,,,,,,,
2023-01-20 22:00:00,,,,,,,,,,,,,,,,,
2023-01-20 23:00:00,,,,,,,,,,,,,,,,,
2023-01-21 00:00:00,,,,,,,,,,,,,,,,,
2023-01-21 01:00:00,,,,,,,,,,,,,,,,,
2023-01-21 02:00:00,,,,,,,,,,,,,,,,,
2023-01-21 03:00:00,,,,,,,,,,,,,,,,,
2023-01-21 04:00:00,,,,,,,,,,,,,,,,,
2023-01-21 05:00:00,,,,,,,,,,,,,,,,,
2023-01-21 06:00:00,,,,,,,,,,,,,,,,,
2023-01-21 07:00:00,,,,,,,,,,,,,,,,,
2023-01-21 08:00:00,,,,,,,,,,,,,,,,,
2023-01-21 09:00:00,,,,,,,,,,,,,,,,,
2023-01-21 10:00:00,,,,,,,,,,,,,,,,,
2023-01-21 11:00:00,,,,,,,,,,,,,,,,,
2023-01-21 12:00:00,,,,,,,,,,,,,,,,,
2023-01-21 13:00:00,,,,,,,,,,,,,,,,,
2023-01-21 14:00:00,,,,,,,,,,,,,,,,,
2023-01-21 15:00:00,,,,,,,,,,,,,,,,,
2023-01-21 16:00:00,,,,,,,,,,,,,,,,,
2023-01-21 17:00:00,,,,,,,,,,,,,,,,,
2023-01-21 18:00:00,,,,,,,,,,,,,,,,,
2023-01-21 19:00:00,,,,,,,,,,,,,,,,,
2023-01-21 20:00:00,,,,,,,,,,,,,,,,,
2023-01-21 21:00:00,,,,,,,,,,,,,,,,,
2023-01-21 22:00:00,,,,,,,,,,,,,,,,,
2023-01-21 23:00:00,,,,,,,,,,,,,,,,,
2023-01-22 00:00:00,,,,,,,,,,,,,,,,,
2023-01-22 01:00:00,,,,,,,,,,,,,,,,,
2023-01-22 02:00:00,,,,,,,,,,,,,,,,,
2023-01-22 03:00:00,,,,,,,,,,,,,,,,,
2023-01-22 04:00:00,,,,,,,,,,,,,,,,,
2023-01-22 05:00:00,,,,,,,,,,,,,,,,,
2023-01-22 06:00:00,,,,,,,,,,,,,,,,,
2023-01-22 07:00:00,,,,,,,,,,,,,,,,,
2023-01-22 08:00:00,,,,,,,,,,,,,,,,,
2023-01-22 09:00:00,,,,,,,,,,,,,,,,,
2023-01-22 10:00:00,,,,,,,,,,,,,,,,,
2023-01-22 11:00:00,,,,,,,,,,,,,,,,,
2023-01-22 12:00:00,,,,,,,,,,,,,,,,,
2023-01-22 13:00:00,,,,,,,,,,,,,,,,,
2023-01-22 14:00:00,,,,,,,,,,,,,,,,,
2023-01-22 15:00:00,,,,,,,,,,,,,,,,,
2023-01-22 16:00:00,,,,,,,,,,,,,,,,,
2023-01-22 17:00:00,,,,,,,,,,,,,,,,,
2023-01-22 18:00:00,,,,,,,,,,,,,,,,,
2023-01-22 19:00:00,,,,,,,,,,,,,,,,,
2023-01-22 20:00:00,,,,,,,,,,,,,,,,,
2023-01-22 21:00:00,,,,,,,,,,,,,,,,,
2023-01-22 22:00:00,,,,,,,,,,,,,,,,,
2023-01-22 23:00:00,,,,,,,,,,,,,,,,,
2023-01-23 00:00:00,,,,,,,,,,,,,,,,,
2023-01-23 01:00:00,,,,,,,,,,,,,,,,,
2023-01-23 02:00:00,,,,,,,,,,,,,,,,,
2023-01-23 03:00:00,,,,,,,,,,,,,,,,,
2023-01-23 04:00:00,,,,,,,,,,,,,,,,,
2023-01-23 05:00:00,,,,,,,,,,,,,,,,,
2023-01-23 06:00:00,,,,,,,,,,,,,,,,,
2023-01-23 07:00:00,,,,,,,,,,,,,,,,,
2023-01-23 08:00:00,,,,,,,,,,,,,,,,,
2023-01-23 09:00:00,,,,,,,,,,,,,,,,,
2023-01-23 10:00:00,,,,,,,,,,,,,,,,,
2023-01-23 11:00:00,,,,,,,,,,,,,,,,,
2023-01-23 12:00:00,,,,,,,,,,,,,,,,,
2023-01-23 13:00:00,,,,,,,,,,,,,,,,,
2023-01-23 14:00:00,,,,,,,,,,,,,,,,,
2023-01-23 15:00:00,,,,,,,,,,,,,,,,,
2023-01-23 16:00:00,,,,,,,,,,,,,,,,,
2023-01-23 17:00:00,,,,,,,,,,,,,,,,,
2023-01-23 18:00:00,,,,,,,,,,,,,,,,,
2023-01-23 19:00:00,,,,,,,,,,,,,,,,,
2023-01-23 20:00:00,,,,,,,,,,,,,,,,,
2023-01-23 21:00:00,,,,,,,,,,,,,,,,,
2023-01-23 22:00:00,,,,,,,,,,,,,,,,,
2023-01-23 23:00:00,,,,,,,,,,,,,,,,,
2023-01-24 00:00:00,,,,,,,,,,,,,,,,,
2023-01-24 01:00:00,,,,,,,,,,,,,,,,,
2023-01-24 02:00:00,,,,,,,,,,,,,,,,,
2023-01-24 03:00:00,,,,,,,,,,,,,,,,,
2023-01-24 04:00:00,,,,,,,,,,,,,,,,,
2023-01-24 05:00:00,,,,,,,,,,,,,,,,,
2023-01-24 06:00:00,,,,,,,,,,,,,,,,,
2023-01-24 07:00:00,,,,,,,,,,,,,,,,,
2023-01-24 08:00:00,,,,,,,,,,,,,,,,,
2023-01-24 09:00:00,,,,,,,,,,,,,,,,,
2023-01-24 10:00:00,,,,,,,,,,,,,,,,,
2023-01-24 11:00:00,,,,,,,,,,,,,,,,,
2023-01-24 12:00:00,,,,,,,,,,,,,,,,,
2023-01-24 13:00:00,,,,,,,,,,,,,,,,,
2023-01-24 14:00:00,,,,,,,,,,,,,,,,,
2023-01-24 15:00:00,,,,,,,,,,,,,,,,,
2023-01-24 16:00:00,,,,,,,,,,,,,,,,,
2023-01-24 17:00:00,,,,,,,,,,,,,,,,,
2023-01-24 18:00:00,,,,,,,,,,,,,,,,,
2023-01-24 19:00:00,,,,,,,,,,,,,,,,,
2023-01-24 20:00:00,,,,,,,,,,,,,,,,,
2023-01-24 21:00:00,,,,,,,,,,,,,,,,,
2023-01-24 22:00:00,,,,,,,,,,,,,,,,,
2023-01-24 23:00:00,,,,,,,,,,,,,,,,,
2023-01-25 00:00:00,,,,,,,,,,,,,,,,,
2023-01-25 01:00:00,,,,,,,,,,,,,,,,,
2023-01-25 02:00:00,,,,,,,,,,,,,,,,,
2023-01-25 03:00:00,,,,,,,,,,,,,,,,,
2023-01-25 04:00:00,,,,,,,,,,,,,,,,,
2023-01-25 05:00:00,,,,,,,,,,,,,,,,,
2023-01-25 06:00:00,,,,,,,,,,,,,,,,,
2023-01-25 07:00:00,,,,,,,,,,,,,,,,,
2023-01-25 08:00:00,,,,,,,,,,,,,,,,,
2023-01-25 09:00:00,,,,,,,,,,,,,,,,,
2023-01-25 10:00:00,,,,,,,,,,,,,,,,,
2023-01-25 11:00:00,,,,,,,,,,,,,,,,,
2023-01-25 12:00:00,,,,,,,,,,,,,,,,,
2023-01-25 13:00:00,,,,,,,,,,,,,,,,,
2023-01-25 14:00:00,,,,,,,,,,,,,,,,,
2023-01-25 15:00:00,,,,,,,,,,,,,,,,,
2023-01-25 16:00:00,,,,,,,,,,,,,,,,,
2023-01-25 17:00:00,,,,,,,,,,,,,,,,,
2023-01-25 18:00:00,,,,,,,,,,,,,,,,,
2023-01-25 19:00:00,,,,,,,,,,,,,,,,,
2023-01-25 20:00:00,,,,,,,,,,,,,,,,,
2023-01-25 21:00:00,,,,,,,,,,,,,,,,,
2023-01-25 22:00:00,,,,,,,,,,,,,,,,,
2023-01-25 23:00:00,,,,,,,,,,,,,,,,,
2023-01-26 00:00:00,,,,,,,,,,,,,,,,,
2023-01-26 01:00:00,,,,,,,,,,,,,,,,,
2023-01-26 02:00:00,,,,,,,,,,,,,,,,,
2023-01-26 03:00:00,,,,,,,,,,,,,,,,,
2023-01-26 04:00:00,,,,,,,,,,,,,,,,,
2023-01-26 05:00:00,,,,,,,,,,,,,,,,,
2023-01-26 06:00:00,,,,,,,,,,,,,,,,,
2023-01-26 07:00:00,,,,,,,,,,,,,,,,,
2023-01-26 08:00:00,,,,,,,,,,,,,,,,,
2023-01-26 09:00:00,,,,,,,,,,,,,,,,,
2023-01-26 10:00:00,,,,,,,,,,,,,,,,,
2023-01-26 11:00:00,,,,,,,,,,,,,,,,,
2023-01-26 12:00:00,,,,,,,,,,,,,,,,,
2023-01-26 13:00:00,,,,,,,,,,,,,,,,,
2023-01-26 14:00:00,,,,,,,,,,,,,,,,,
2023-01-26 15:00:00,,,,,,,,,,,,,,,,,
2023-01-26 16:00:00,,,,,,,,,,,,,,,,,
2023-01-26 17:00:00,,,,,,,,,,,,,,,,,
2023-01-26 18:00:00,,,,,,,,,,,,,,,,,
2023-01-26 19:00:00,,,,,,,,,,,,,,,,,
2023-01-26 20:00:00,,,,,,,,,,,,,,,,,
2023-01-26 21:00:00,,,,,,,,,,,,,,,,,
2023-01-26 22:00:00,,,,,,,,,,,,,,,,,
2023-01-26 23:00:00,,,,,,,,,,,,,,,,,
2023-01-27 00:00:00,,,,,,,,,,,,,,,,,
2023-01-27 01:00:00,,,,,,,,,,,,,,,,,
2023-01-27 02:00:00,,,,,,,,,,,,,,,,,
2023-01-27 03:00:00,,,,,,,,,,,,,,,,,
2023-01-27 04:00:00,,,,,,,,,,,,,,,,,
2023-01-27 05:00:00,,,,,,,,,,,,,,,,,
2023-01-27 06:00:00,,,,,,,,,,,,,,,,,
2023-01-27 07:00:00,,,,,,,,,,,,,,,,,
2023-01-27 08:00:00,,,,,,,,,,,,,,,,,
2023-01-27 09:00:00,,,,,,,,,,,,,,,,,
2023-01-27 10:00:00,,,,,,,,,,,,,,,,,
2023-01-27 11:00:00,,,,,,,,,,,,,,,,,
2023-01-27 12:00:00,,,,,,,,,,,,,,,,,
2023-01-27 13:00:00,,,,,,,,,,,,,,,,,
2023-01-27 14:00:00,,,,,,,,,,,,,,,,,
2023-01-27 15:00:00,,,,,,,,,,,,,,,,,
2023-01-27 16:00:00,,,,,,,,,,,,,,,,,
2023-01-27 17:00:00,,,,,,,,,,,,,,,,,
2023-01-27 18:00:00,,,,,,,,,,,,,,,,,
2023-01-27 19:00:00,,,,,,,,,,,,,,,,,
2023-01-27 20:00:00,,,,,,,,,,,,,,,,,
2023-01-27 21:00:00,,,,,,,,,,,,,,,,,
2023-01-27 22:00:00,,,,,,,,,,,,,,,,,
2023-01-27 23:00:00,,,,,,,,,,,,,,,,,
2023-01-28 00:00:00,,,,,,,,,,,,,,,,,
2023-01-28 01:00:00,,,,,,,,,,,,,,,,,
2023-01-28 02:00:00,,,,,,,,,,,,,,,,,
2023-01-28 03:00:00,,,,,,,,,,,,,,,,,
2023-01-28 04:00:00,,,,,,,,,,,,,,,,,
2023-01-28 05:00:00,,,,,,,,,,,,,,,,,
2023-01-28 06:00:00,,,,,,,,,,,,,,,,,
2023-01-28 07:00:00,,,,,,,,,,,,,,,,,
2023-01-28 08:00:00,,,,,,,,,,,,,,,,,
2023-01-28 09:00:00,,,,,,,,,,,,,,,,,
2023-01-28 10:00:00,,,,,,,,,,,,,,,,,
2023-01-28 11:00:00,,,,,,,,,,,,,,,,,
2023-01-28 12:00:00,,,,,,,,,,,,,,,,,
2023-01-28 13:00:00,,,,,,,,,,,,,,,,,
2023-01-28 14:00:00,,,,,,,,,,,,,,,,,
2023-01-28 15:00:00,,,,,,,,,,,,,,,,,
2023-01-28 16:00:00,,,,,,,,,,,,,,,,,
2023-01-28 17:00:00,,,,,,,,,,,,,,,,,
2023-01-28 18:00:00,,,,,,,,,,,,,,,,,
2023-01-28 19:00:00,,,,,,,,,,,,,,,,,
2023-01-28 20:00:00,,,,,,,,,,,,,,,,,
2023-01-28 21:00:00,,,,,,,,,,,,,,,,,
2023-01-28 22:00:00,,,,,,,,,,,,,,,,,
2023-01-28 23:00:00,,,,,,,,,,,,,,,,,
2023-01-29 00:00:00,,,,,,,,,,,,,,,,,
2023-01-29 01:00:00,,,,,,,,,,,,,,,,,
2023-01-29 02:00:00,,,,,,,,,,,,,,,,,
2023-01-29 03:00:00,,,,,,,,,,,,,,,,,
2023-01-29 04:00:00,,,,,,,,,,,,,,,,,
2023-01-29 05:00:00,,,,,,,,,,,,,,,,,
2023-01-29 06:00:00,,,,,,,,,,,,,,,,,
2023-01-29 07:00:00,,,,,,,,,,,,,,,,,
2023-01-29 08:00:00,,,,,,,,,,,,,,,,,
2023-01-29 09:00:00,,,,,,,,,,,,,,,,,
2023-01-29 10:00:00,,,,,,,,,,,,,,,,,
2023-01-29 11:00:00,,,,,,,,,,,,,,,,,
2023-01-29 12:00:00,,,,,,,,,,,,,,,,,
2023-01-29 13:00:00,,,,,,,,,,,,,,,,,
2023-01-29 14:00:00,,,,,,,,,,,,,,,,,
2023-01-29 15:00:00,,,,,,,,,,,,,,,,,
2023-01-29 16:00:00,,,,,,,,,,,,,,,,,
2023-01-29 17:00:00,,,,,,,,,,,,,,,,,
2023-01-29 18:00:00,,,,,,,,,,,,,,,,,
2023-01-29 19:00:00,,,,,,,,,,,,,,,,,
2023-01-29 20:00:00,,,,,,,,,,,,,,,,,
2023-01-29 21:00:00,,,,,,,,,,,,,,,,,
2023-01-29 22:00:00,,,,,,,,,,,,,,,,,
2023-01-29 23:00:00,,,,,,,,,,,,,,,,,
2023-01-30 00:00:00,,,,,,,,,,,,,,,,,
2023-01-30 01:00:00,,,,,,,,,,,,,,,,,
2023-01-30 02:00:00,,,,,,,,,,,,,,,,,
2023-01-30 03:00:00,,,,,,,,,,,,,,,,,
2023-01-30 04:00:00,,,,,,,,,,,,,,,,,
2023-01-30 05:00:00,,,,,,,,,,,,,,,,,
2023-01-30 06:00:00,,,,,,,,,,,,,,,,,
2023-01-30 07:00:00,,,,,,,,,,,,,,,,,
2023-01-30 08:00:00,,,,,,,,,,,,,,,,,
2023-01-30 09:00:00,,,,,,,,,,,,,,,,,
2023-01-30 10:00:00,,,,,,,,,,,,,,,,,
2023-01-30 11:00:00,,,,,,,,,,,,,,,,,
2023-01-30 12:00:00,,,,,,,,,,,,,,,,,
2023-01-30 13:00:00,,,,,,,,,,,,,,,,,
2023-01-30 14:00:00,,,,,,,,,,,,,,,,,
2023-01-30 15:00:00,,,,,,,,,,,,,,,,,
2023-01-30 16:00:00,,,,,,,,,,,,,,,,,
2023-01-30 17:00:00,,,,,,,,,,,,,,,,,
2023-01-30 18:00:00,,,,,,,,,,,,,,,,,
2023-01-30 19:00:00,,,,,,,,,,,,,,,,,
2023-01-30 20:00:00,,,,,,,,,,,,,,,,,
2023-01-30 21:00:00,,,,,,,,,,,,,,,,,
2023-01-30 22:00:00,,,,,,,,,,,,,,,,,
2023-01-30 23:00:00,,,,,,,,,,,,,,,,,
2023-01-31 00:00:00,,,,,,,,,,,,,,,,,
2023-01-31 01:00:00,,,,,,,,,,,,,,,,,
2023-01-31 02:00:00,,,,,,,,,,,,,,,,,
2023-01-31 03:00:00,,,,,,,,,,,,,,,,,
2023-01-31 04:00:00,,,,,,,,,,,,,,,,,
2023-01-31 05:00:00,,,,,,,,,,,,,,,,,
2023-01-31 06:00:00,,,,,,,,,,,,,,,,,
2023-01-31 07:00:00,,,,,,,,,,,,,,,,,
2023-01-31 08:00:00,,,,,,,,,,,,,,,,,
2023-01-31 09:00:00,,,,,,,,,,,,,,,,,
2023-01-31 10:00:00,,,,,,,,,,,,,,,,,
2023-01-31 11:00:00,,,,,,,,,,,,,,,,,
2023-01-31 12:00:00,,,,,,,,,,,,,,,,,
2023-01-31 13:00:00,,,,,,,,,,,,,,,,,
2023-01-31 14:00:00,,,,,,,,,,,,,,,,,
2023-01-31 15:00:00,,,,,,,,,,,,,,,,,
2023-01-31 16:00:00,,,,,,,,,,,,,,,,,
2023-01-31 17:00:00,,,,,,,,,,,,,,,,,
2023-01-31 18:00:00,,,,,,,,,,,,,,,,,
2023-01-31 19:00:00,,,,,,,,,,,,,,,,,
2023-01-31 20:00:00,,,,,,,,,,,,,,,,,
2023-01-31 21:00:00,,,,,,,,,,,,,,,,,
2023-01-31 22:00:00,,,,,,,,,,,,,,,,,
2023-01-31 23:00:00,,,,,,,,,,,,,,,,,
2023-02-01 00:00:00,,,,,,,,,,,,,,,,,
2023-02-01 01:00:00,,,,,,,,,,,,,,,,,
2023-02-01 02:00:00,,,,,,,,,,,,,,,,,
2023-02-01 03:00:00,,,,,,,,,,,,,,,,,
2023-02-01 04:00:00,,,,,,,,,,,,,,,,,
2023-02-01 05:00:00,,,,,,,,,,,,,,,,,
2023-02-01 06:00:00,,,,,,,,,,,,,,,,,
2023-02-01 07:00:00,,,,,,,,,,,,,,,,,
2023-02-01 08:00:00,,,,,,,,,,,,,,,,,
2023-02-01 09:00:00,,,,,,,,,,,,,,,,,
2023-02-01 10:00:00,,,,,,,,,,,,,,,,,
2023-02-01 11:00:00,,,,,,,,,,,,,,,,,
2023-02-01 12:00:00,,,,,,,,,,,,,,,,,
2023-02-01 13:00:00,,,,,,,,,,,,,,,,,
2023-02-01 14:00:00,,,,,,,,,,,,,,,,,
2023-02-01 15:00:00,,,,,,,,,,,,,,,,,
2023-02-01 16:00:00,,,,,,,,,,,,,,,,,
2023-02-01 17:00:00,,,,,,,,,,,,,,,,,
2023-02-01 18:00:00,,,,,,,,,,,,,,,,,
2023-02-01 19:00:00,,,,,,,,,,,,,,,,,
2023-02-01 20:00:00,,,,,,,,,,,,,,,,,
2023-02-01 21:00:00,,,,,,,,,,,,,,,,,
2023-02-01 22:00:00,,,,,,,,,,,,,,,,,
2023-02-01 23:00:00,,,,,,,,,,,,,,,,,
2023-02-02 00:00:00,,,,,,,,,,,,,,,,,
2023-02-02 01:00:00,,,,,,,,,,,,,,,,,
2023-02-02 02:00:00,,,,,,,,,,,,,,,,,
2023-02-02 03:00:00,,,,,,,,,,,,,,,,,
2023-02-02 04:00:00,,,,,,,,,,,,,,,,,
2023-02-02 05:00:00,,,,,,,,,,,,,,,,,
2023-02-02 06:00:00,,,,,,,,,,,,,,,,,
2023-02-02 07:00:00,,,,,,,,,,,,,,,,,
2023-02-02 08:00:00,,,,,,,,,,,,,,,,,
2023-02-02 09:00:00,,,,,,,,,,,,,,,,,
2023-02-02 10:00:00,,,,,,,,,,,,,,,,,
2023-02-02 11:00:00,,,,,,,,,,,,,,,,,
2023-02-02 12:00:00,,,,,,,,,,,,,,,,,
2023-02-02 13:00:00,,,,,,,,,,,,,,,,,
2023-02-02 14:00:00,,,,,,,,,,,,,,,,,
2023-02-02 15:00:00,,,,,,,,,,,,,,,,,
2023-02-02 16:00:00,,,,,,,,,,,,,,,,,
2023-02-02 17:00:00,,,,,,,,,,,,,,,,,
2023-02-02 18:00:00,,,,,,,,,,,,,,,,,
2023-02-02 19:00:00,,,,,,,,,,,,,,,,,
2023-02-02 20:00:00,,,,,,,,,,,,,,,,,
2023-02-02 21:00:00,,,,,,,,,,,,,,,,,
2023-02-02 22:00:00,,,,,,,,,,,,,,,,,
2023-02-02 23:00:00,,,,,,,,,,,,,,,,,
2023-02-03 00:00:00,,,,,,,,,,,,,,,,,
2023-02-03 01:00:00,,,,,,,,,,,,,,,,,
2023-02-03 02:00:00,,,,,,,,,,,,,,,,,
2023-02-03 03:00:00,,,,,,,,,,,,,,,,,
2023-02-03 04:00:00,,,,,,,,,,,,,,,,,
2023-02-03 05:00:00,,,,,,,,,,,,,,,,,
2023-02-03 06:00:00,,,,,,,,,,,,,,,,,
2023-02-03 07:00:00,,,,,,,,,,,,,,,,,
2023-02-03 08:00:00,,,,,,,,,,,,,,,,,
2023-02-03 09:00:00,,,,,,,,,,,,,,,,,
2023-02-03 10:00:00,,,,,,,,,,,,,,,,,
2023-02-03 11:00:00,,,,,,,,,,,,,,,,,
2023-02-03 12:00:00,,,,,,,,,,,,,,,,,
2023-02-03 13:00:00,,,,,,,,,,,,,,,,,
2023-02-03 14:00:00,,,,,,,,,,,,,,,,,
2023-02-03 15:00:00,,,,,,,,,,,,,,,,,
2023-02-03 16:00:00,,,,,,,,,,,,,,,,,
2023-02-03 17:00:00,,,,,,,,,,,,,,,,,
2023-02-03 18:00:00,,,,,,,,,,,,,,,,,
2023-02-03 19:00:00,,,,,,,,,,,,,,,,,
2023-02-03 20:00:00,,,,,,,,,,,,,,,,,
2023-02-03 21:00:00,,,,,,,,,,,,,,,,,
2023-02-03 22:00:00,,,,,,,,,,,,,,,,,
2023-02-03 23:00:00,,,,,,,,,,,,,,,,,
2023-02-04 00:00:00,,,,,,,,,,,,,,,,,
2023-02-04 01:00:00,,,,,,,,,,,,,,,,,
2023-02-04 02:00:00,,,,,,,,,,,,,,,,,
2023-02-04 03:00:00,,,,,,,,,,,,,,,,,
2023-02-04 04:00:00,,,,,,,,,,,,,,,,,
2023-02-04 05:00:00,,,,,,,,,,,,,,,,,
2023-02-04 06:00:00,,,,,,,,,,,,,,,,,
2023-02-04 07:00:00,,,,,,,,,,,,,,,,,
2023-02-04 08:00:00,,,,,,,,,,,,,,,,,
2023-02-04 09:00:00,,,,,,,,,,,,,,,,,
2023-02-04 10:00:00,,,,,,,,,,,,,,,,,
2023-02-04 11:00:00,,,,,,,,,,,,,,,,,
2023-02-04 12:00:00,,,,,,,,,,,,,,,,,
2023-02-04 13:00:00,,,,,,,,,,,,,,,,,
2023-02-04 14:00:00,,,,,,,,,,,,,,,,,
2023-02-04 15:00:00,,,,,,,,,,,,,,,,,
2023-02-04 16:00:00,,,,,,,,,,,,,,,,,
2023-02-04 17:00:00,,,,,,,,,,,,,,,,,
2023-02-04 18:00:00,,,,,,,,,,,,,,,,,
2023-02-04 19:00:00,,,,,,,,,,,,,,,,,
2023-02-04 20:00:00,,,,,,,,,,,,,,,,,
2023-02-04 21:00:00,,,,,,,,,,,,,,,,,
2023-02-04 22:00:00,,,,,,,,,,,,,,,,,
2023-02-04 23:00:00,,,,,,,,,,,,,,,,,
2023-02-05 00:00:00,,,,,,,,,,,,,,,,,
2023-02-05 01:00:00,,,,,,,,,,,,,,,,,
2023-02-05 02:00:00,,,,,,,,,,,,,,,,,
2023-02-05 03:00:00,,,,,,,,,,,,,,,,,
2023-02-05 04:00:00,,,,,,,,,,,,,,,,,
2023-02-05 05:00:00,,,,,,,,,,,,,,,,,
2023-02-05 06:00:00,,,,,,,,,,,,,,,,,
2023-02-05 07:00:00,,,,,,,,,,,,,,,,,
2023-02-05 08:00:00,,,,,,,,,,,,,,,,,
2023-02-05 09:00:00,,,,,,,,,,,,,,,,,
2023-02-05 10:00:00,,,,,,,,,,,,,,,,,
2023-02-05 11:00:00,,,,,,,,,,,,,,,,,
2023-02-05 12:00:00,,,,,,,,,,,,,,,,,
2023-02-05 13:00:00,,,,,,,,,,,,,,,,,
2023-02-05 14:00:00,,,,,,,,,,,,,,,,,
2023-02-05 15:00:00,,,,,,,,,,,,,,,,,
2023-02-05 16:00:00,,,,,,,,,,,,,,,,,
2023-02-05 17:00:00,,,,,,,,,,,,,,,,,
2023-02-05 18:00:00,,,,,,,,,,,,,,,,,
2023-02-05 19:00:00,,,,,,,,,,,,,,,,,
2023-02-05 20:00:00,,,,,,,,,,,,,,,,,
2023-02-05 21:00:00,,,,,,,,,,,,,,,,,
2023-02-05 22:00:00,,,,,,,,,,,,,,,,,
2023-02-05 23:00:00,,,,,,,,,,,,,,,,,
2023-02-06 00:00:00,,,,,,,,,,,,,,,,,
2023-02-06 01:00:00,,,,,,,,,,,,,,,,,
2023-02-06 02:00:00,,,,,,,,,,,,,,,,,
2023-02-06 03:00:00,,,,,,,,,,,,,,,,,
2023-02-06 04:00:00,,,,,,,,,,,,,,,,,
2023-02-06 05:00:00,,,,,,,,,,,,,,,,,
2023-02-06 06:00:00,,,,,,,,,,,,,,,,,
2023-02-06 07:00:00,,,,,,,,,,,,,,,,,
2023-02-06 08:00:00,,,,,,,,,,,,,,,,,
2023-02-06 09:00:00,,,,,,,,,,,,,,,,,
2023-02-06 10:00:00,,,,,,,,,,,,,,,,,
2023-02-06 11:00:00,,,,,,,,,,,,,,,,,
2023-02-06 12:00:00,,,,,,,,,,,,,,,,,
2023-02-06 13:00:00,,,,,,,,,,,,,,,,,
2023-02-06 14:00:00,,,,,,,,,,,,,,,,,
2023-02-06 15:00:00,,,,,,,,,,,,,,,,,
2023-02-06 16:00:00,,,,,,,,,,,,,,,,,
2023-02-06 17:00:00,,,,,,,,,,,,,,,,,
2023-02-06 18:00:00,,,,,,,,,,,,,,,,,
2023-02-06 19:00:00,,,,,,,,,,,,,,,,,
2023-02-06 20:00:00,,,,,,,,,,,,,,,,,
2023-02-06 21:00:00,,,,,,,,,,,,,,,,,
2023-02-06 22:00:00,,,,,,,,,,,,,,,,,
2023-02-06 23:00:00,,,,,,,,,,,,,,,,,
2023-02-07 00:00:00,,,,,,,,,,,,,,,,,
2023-02-07 01:00:00,,,,,,,,,,,,,,,,,
2023-02-07 02:00:00,,,,,,,,,,,,,,,,,
2023-02-07 03:00:00,,,,,,,,,,,,,,,,,
2023-02-07 04:00:00,,,,,,,,,,,,,,,,,
2023-02-07 05:00:00,,,,,,,,,,,,,,,,,
2023-02-07 06:00:00,,,,,,,,,,,,,,,,,
2023-02-07 07:00:00,,,,,,,,,,,,,,,,,
2023-02-07 08:00:00,,,,,,,,,,,,,,,,,
2023-02-07 09:00:00,,,,,,,,,,,,,,,,,
2023-02-07 10:00:00,,,,,,,,,,,,,,,,,
2023-02-07 11:00:00,,,,,,,,,,,,,,,,,
2023-02-07 12:00:00,,,,,,,,,,,,,,,,,
2023-02-07 13:00:00,,,,,,,,,,,,,,,,,
2023-02-07 14:00:00,,,,,,,,,,,,,,,,,
2023-02-07 15:00:00,,,,,,,,,,,,,,,,,
2023-02-07 16:00:00,,,,,,,,,,,,,,,,,
2023-02-07 17:00:00,,,,,,,,,,,,,,,,,
2023-02-07 18:00:00,,,,,,,,,,,,,,,,,
2023-02-07 19:00:00,,,,,,,,,,,,,,,,,
2023-02-07 20:00:00,,,,,,,,,,,,,,,,,
2023-02-07 21:00:00,,,,,,,,,,,,,,,,,
2023-02-07 22:00:00,,,,,,,,,,,,,,,,,
2023-02-07 23:00:00,,,,,,,,,,,,,,,,,
2023-02-08 00:00:00,,,,,,,,,,,,,,,,,
2023-02-08 01:00:00,,,,,,,,,,,,,,,,,
2023-02-08 02:00:00,,,,,,,,,,,,,,,,,
2023-02-08 03:00:00,,,,,,,,,,,,,,,,,
2023-02-08 04:00:00,,,,,,,,,,,,,,,,,
2023-02-08 05:00:00,,,,,,,,,,,,,,,,,
2023-02-08 06:00:00,,,,,,,,,,,,,,,,,
2023-02-08 07:00:00,,,,,,,,,,,,,,,,,
2023-02-08 08:00:00,,,,,,,,,,,,,,,,,
2023-02-08 09:00:00,,,,,,,,,,,,,,,,,
2023-02-08 10:00:00,,,,,,,,,,,,,,,,,
2023-02-08 11:00:00,,,,,,,,,,,,,,,,,
2023-02-08 12:00:00,,,,,,,,,,,,,,,,,
2023-02-08 13:00:00,,,,,,,,,,,,,,,,,
2023-02-08 14:00:00,,,,,,,,,,,,,,,,,
2023-02-08 15:00:00,,,,,,,,,,,,,,,,,
2023-02-08 16:00:00,,,,,,,,,,,,,,,,,
2023-02-08 17:00:00,,,,,,,,,,,,,,,,,
2023-02-08 18:00:00,,,,,,,,,,,,,,,,,
2023-02-08 19:00:00,,,,,,,,,,,,,,,,,
2023-02-08 20:00:00,,,,,,,,,,,,,,,,,
2023-02-08 21:00:00,,,,,,,,,,,,,,,,,
2023-02-08 22:00:00,,,,,,,,,,,,,,,,,
2023-02-08 23:00:00,,,,,,,,,,,,,,,,,
2023-02-09 00:00:00,,,,,,,,,,,,,,,,,
2023-02-09 01:00:00,,,,,,,,,,,,,,,,,
2023-02-09 02:00:00,,,,,,,,,,,,,,,,,
2023-02-09 03:00:00,,,,,,,,,,,,,,,,,
2023-02-09 04:00:00,,,,,,,,,,,,,,,,,
2023-02-09 05:00:00,,,,,,,,,,,,,,,,,
2023-02-09 06:00:00,,,,,,,,,,,,,,,,,
2023-02-09 07:00:00,,,,,,,,,,,,,,,,,
2023-02-09 08:00:00,,,,,,,,,,,,,,,,,
2023-02-09 09:00:00,,,,,,,,,,,,,,,,,
2023-02-09 10:00:00,,,,,,,,,,,,,,,,,
2023-02-09 11:00:00,,,,,,,,,,,,,,,,,
2023-02-09 12:00:00,,,,,,,,,,,,,,,,,
2023-02-09 13:00:00,,,,,,,,,,,,,,,,,
2023-02-09 14:00:00,,,,,,,,,,,,,,,,,
2023-02-09 15:00:00,,,,,,,,,,,,,,,,,
2023-02-09 16:00:00,,,,,,,,,,,,,,,,,
2023-02-09 17:00:00,,,,,,,,,,,,,,,,,
2023-02-09 18:00:00,,,,,,,,,,,,,,,,,
2023-02-09 19:00:00,,,,,,,,,,,,,,,,,
2023-02-09 20:00:00,,,,,,,,,,,,,,,,,
2023-02-09 21:00:00,,,,,,,,,,,,,,,,,
2023-02-09 22:00:00,,,,,,,,,,,,,,,,,
2023-02-09 23:00:00,,,,,,,,,,,,,,,,,
2023-02-10 00:00:00,,,,,,,,,,,,,,,,,
2023-02-10 01:00:00,,,,,,,,,,,,,,,,,
2023-02-10 02:00:00,,,,,,,,,,,,,,,,,
2023-02-10 03:00:00,,,,,,,,,,,,,,,,,
2023-02-10 04:00:00,,,,,,,,,,,,,,,,,
2023-02-10 05:00:00,,,,,,,,,,,,,,,,,
2023-02-10 06:00:00,,,,,,,,,,,,,,,,,
2023-02-10 07:00:00,,,,,,,,,,,,,,,,,
2023-02-10 08:00:00,,,,,,,,,,,,,,,,,
2023-02-10 09:00:00,,,,,,,,,,,,,,,,,
2023-02-10 10:00:00,,,,,,,,,,,,,,,,,
2023-02-10 11:00:00,,,,,,,,,,,,,,,,,
2023-02-10 12:00:00,,,,,,,,,,,,,,,,,
2023-02-10 13:00:00,,,,,,,,,,,,,,,,,
2023-02-10 14:00:00,,,,,,,,,,,,,,,,,
2023-02-10 15:00:00,,,,,,,,,,,,,,,,,
2023-02-10 16:00:00,,,,,,,,,,,,,,,,,
2023-02-10 17:00:00,,,,,,,,,,,,,,,,,
2023-02-10 18:00:00,,,,,,,,,,,,,,,,,
2023-02-10 19:00:00,,,,,,,,,,,,,,,,,
2023-02-10 20:00:00,,,,,,,,,,,,,,,,,
2023-02-10 21:00:00,,,,,,,,,,,,,,,,,
2023-02-10 22:00:00,,,,,,,,,,,,,,,,,
2023-02-10 23:00:00,,,,,,,,,,,,,,,,,
2023-02-11 00:00:00,,,,,,,,,,,,,,,,,
2023-02-11 01:00:00,,,,,,,,,,,,,,,,,
2023-02-11 02:00:00,,,,,,,,,,,,,,,,,
2023-02-11 03:00:00,,,,,,,,,,,,,,,,,
2023-02-11 04:00:00,,,,,,,,,,,,,,,,,
2023-02-11 05:00:00,,,,,,,,,,,,,,,,,
2023-02-11 06:00:00,,,,,,,,,,,,,,,,,
2023-02-11 07:00:00,,,,,,,,,,,,,,,,,
2023-02-11 08:00:00,,,,,,,,,,,,,,,,,
2023-02-11 09:00:00,,,,,,,,,,,,,,,,,
2023-02-11 10:00:00,,,,,,,,,,,,,,,,,
2023-02-11 11:00:00,,,,,,,,,,,,,,,,,
2023-02-11 12:00:00,,,,,,,,,,,,,,,,,
2023-02-11 13:00:00,,,,,,,,,,,,,,,,,
2023-02-11 14:00:00,,,,,,,,,,,,,,,,,
2023-02-11 15:00:00,,,,,,,,,,,,,,,,,
2023-02-11 16:00:00,,,,,,,,,,,,,,,,,
2023-02-11 17:00:00,,,,,,,,,,,,,,,,,
2023-02-11 18:00:00,,,,,,,,,,,,,,,,,
2023-02-11 19:00:00,,,,,,,,,,,,,,,,,
2023-02-11 20:00:00,,,,,,,,,,,,,,,,,
2023-02-11 21:00:00,,,,,,,,,,,,,,,,,
2023-02-11 22:00:00,,,,,,,,,,,,,,,,,
2023-02-11 23:00:00,,,,,,,,,,,,,,,,,
2023-02-12 00:00:00,,,,,,,,,,,,,,,,,
2023-02-12 01:00:00,,,,,,,,,,,,,,,,,
2023-02-12 02:00:00,,,,,,,,,,,,,,,,,
2023-02-12 03:00:00,,,,,,,,,,,,,,,,,
2023-02-12 04:00:00,,,,,,,,,,,,,,,,,
2023-02-12 05:00:00,,,,,,,,,,,,,,,,,
2023-02-12 06:00:00,,,,,,,,,,,,,,,,,
2023-02-12 07:00:00,,,,,,,,,,,,,,,,,
2023-02-12 08:00:00,,,,,,,,,,,,,,,,,
2023-02-12 09:00:00,,,,,,,,,,,,,,,,,
2023-02-12 10:00:00,,,,,,,,,,,,,,,,,
2023-02-12 11:00:00,,,,,,,,,,,,,,,,,
2023-02-12 12:00:00,,,,,,,,,,,,,,,,,
2023-02-12 13:00:00,,,,,,,,,,,,,,,,,
2023-02-12 14:00:00,,,,,,,,,,,,,,,,,
2023-02-12 15:00:00,,,,,,,,,,,,,,,,,
2023-02-12 16:00:00,,,,,,,,,,,,,,,,,
2023-02-12 17:00:00,,,,,,,,,,,,,,,,,
2023-02-12 18:00:00,,,,,,,,,,,,,,,,,
2023-02-12 19:00:00,,,,,,,,,,,,,,,,,
2023-02-12 20:00:00,,,,,,,,,,,,,,,,,
2023-02-12 21:00:00,,,,,,,,,,,,,,,,,
2023-02-12 22:00:00,,,,,,,,,,,,,,,,,
2023-02-12 23:00:00,,,,,,,,,,,,,,,,,
2023-02-13 00:00:00,,,,,,,,,,,,,,,,,
2023-02-13 01:00:00,,,,,,,,,,,,,,,,,
2023-02-13 02:00:00,,,,,,,,,,,,,,,,,
2023-02-13 03:00:00,,,,,,,,,,,,,,,,,
2023-02-13 04:00:00,,,,,,,,,,,,,,,,,
2023-02-13 05:00:00,,,,,,,,,,,,,,,,,
2023-02-13 06:00:00,,,,,,,,,,,,,,,,,
2023-02-13 07:00:00,,,,,,,,,,,,,,,,,
2023-02-13 08:00:00,,,,,,,,,,,,,,,,,
2023-02-13 09:00:00,,,,,,,,,,,,,,,,,
2023-02-13 10:00:00,,,,,,,,,,,,,,,,,
2023-02-13 11:00:00,,,,,,,,,,,,,,,,,
2023-02-13 12:00:00,,,,,,,,,,,,,,,,,
2023-02-13 13:00:00,,,,,,,,,,,,,,,,,
2023-02-13 14:00:00,,,,,,,,,,,,,,,,,
2023-02-13 15:00:00,,,,,,,,,,,,,,,,,
2023-02-13 16:00:00,,,,,,,,,,,,,,,,,
2023-02-13 17:00:00,,,,,,,,,,,,,,,,,
2023-02-13 18:00:00,,,,,,,,,,,,,,,,,
2023-02-13 19:00:00,,,,,,,,,,,,,,,,,
2023-02-13 20:00:00,,,,,,,,,,,,,,,,,
2023-02-13 21:00:00,,,,,,,,,,,,,,,,,
2023-02-13 22:00:00,,,,,,,,,,,,,,,,,
2023-02-13 23:00:00,,,,,,,,,,,,,,,,,
2023-02-14 00:00:00,,,,,,,,,,,,,,,,,
2023-02-14 01:00:00,,,,,,,,,,,,,,,,,
2023-02-14 02:00:00,,,,,,,,,,,,,,,,,
2023-02-14 03:00:00,,,,,,,,,,,,,,,,,
2023-02-14 04:00:00,,,,,,,,,,,,,,,,,
2023-02-14 05:00:00,,,,,,,,,,,,,,,,,
2023-02-14 06:00:00,,,,,,,,,,,,,,,,,
2023-02-14 07:00:00,,,,,,,,,,,,,,,,,
2023-02-14 08:00:00,,,,,,,,,,,,,,,,,
2023-02-14 09:00:00,,,,,,,,,,,,,,,,,
2023-02-14 10:00:00,,,,,,,,,,,,,,,,,
2023-02-14 11:00:00,,,,,,,,,,,,,,,,,
2023-02-14 12:00:00,,,,,,,,,,,,,,,,,
2023-02-14 13:00:00,,,,,,,,,,,,,,,,,
2023-02-14 14:00:00,,,,,,,,,,,,,,,,,
2023-02-14 15:00:00,,,,,,,,,,,,,,,,,
2023-02-14 16:00:00,,,,,,,,,,,,,,,,,
2023-02-14 17:00:00,,,,,,,,,,,,,,,,,
2023-02-14 18:00:00,,,,,,,,,,,,,,,,,
2023-02-14 19:00:00,,,,,,,,,,,,,,,,,
2023-02-14 20:00:00,,,,,,,,,,,,,,,,,
2023-02-14 21:00:00,,,,,,,,,,,,,,,,,
2023-02-14 22:00:00,,,,,,,,,,,,,,,,,
2023-02-14 23:00:00,,,,,,,,,,,,,,,,,
2023-02-15 00:00:00,,,,,,,,,,,,,,,,,
2023-02-15 01:00:00,,,,,,,,,,,,,,,,,
2023-02-15 02:00:00,,,,,,,,,,,,,,,,,
2023-02-15 03:00:00,,,,,,,,,,,,,,,,,
2023-02-15 04:00:00,,,,,,,,,,,,,,,,,
2023-02-15 05:00:00,,,,,,,,,,,,,,,,,
2023-02-15 06:00:00,,,,,,,,,,,,,,,,,
2023-02-15 07:00:00,,,,,,,,,,,,,,,,,
2023-02-15 08:00:00,,,,,,,,,,,,,,,,,
2023-02-15 09:00:00,,,,,,,,,,,,,,,,,
2023-02-15 10:00:00,,,,,,,,,,,,,,,,,
2023-02-15 11:00:00,,,,,,,,,,,,,,,,,
2023-02-15 12:00:00,,,,,,,,,,,,,,,,,
2023-02-15 13:00:00,,,,,,,,,,,,,,,,,
2023-02-15 14:00:00,,,,,,,,,,,,,,,,,
2023-02-15 15:00:00,,,,,,,,,,,,,,,,,
2023-02-15 16:00:00,,,,,,,,,,,,,,,,,
2023-02-15 17:00:00,,,,,,,,,,,,,,,,,
2023-02-15 18:00:00,,,,,,,,,,,,,,,,,
2023-02-15 19:00:00,,,,,,,,,,,,,,,,,
2023-02-15 20:00:00,,,,,,,,,,,,,,,,,
2023-02-15 21:00:00,,,,,,,,,,,,,,,,,
2023-02-15 22:00:00,,,,,,,,,,,,,,,,,
2023-02-15 23:00:00,,,,,,,,,,,,,,,,,
2023-02-16 00:00:00,,,,,,,,,,,,,,,,,
2023-02-16 01:00:00,,,,,,,,,,,,,,,,,
2023-02-16 02:00:00,,,,,,,,,,,,,,,,,
2023-02-16 03:00:00,,,,,,,,,,,,,,,,,
2023-02-16 04:00:00,,,,,,,,,,,,,,,,,
2023-02-16 05:00:00,,,,,,,,,,,,,,,,,
2023-02-16 06:00:00,,,,,,,,,,,,,,,,,
2023-02-16 07:00:00,,,,,,,,,,,,,,,,,
2023-02-16 08:00:00,,,,,,,,,,,,,,,,,
2023-02-16 09:00:00,,,,,,,,,,,,,,,,,
2023-02-16 10:00:00,,,,,,,,,,,,,,,,,
2023-02-16 11:00:00,,,,,,,,,,,,,,,,,
2023-02-16 12:00:00,,,,,,,,,,,,,,,,,
2023-02-16 13:00:00,,,,,,,,,,,,,,,,,
2023-02-16 14:00:00,,,,,,,,,,,,,,,,,
2023-02-16 15:00:00,,,,,,,,,,,,,,,,,
2023-02-16 16:00:00,,,,,,,,,,,,,,,,,
2023-02-16 17:00:00,,,,,,,,,,,,,,,,,
2023-02-16 18:00:00,,,,,,,,,,,,,,,,,
2023-02-16 19:00:00,,,,,,,,,,,,,,,,,
2023-02-16 20:00:00,,,,,,,,,,,,,,,,,
2023-02-16 21:00:00,,,,,,,,,,,,,,,,,
2023-02-16 22:00:00,,,,,,,,,,,,,,,,,
2023-02-16 23:00:00,,,,,,,,,,,,,,,,,
2023-02-17 00:00:00,,,,,,,,,,,,,,,,,
2023-02-17 01:00:00,,,,,,,,,,,,,,,,,
2023-02-17 02:00:00,,,,,,,,,,,,,,,,,
2023-02-17 03:00:00,,,,,,,,,,,,,,,,,
2023-02-17 04:00:00,,,,,,,,,,,,,,,,,
2023-02-17 05:00:00,,,,,,,,,,,,,,,,,
2023-02-17 06:00:00,,,,,,,,,,,,,,,,,
2023-02-17 07:00:00,,,,,,,,,,,,,,,,,
2023-02-17 08:00:00,,,,,,,,,,,,,,,,,
2023-02-17 09:00:00,,,,,,,,,,,,,,,,,
2023-02-17 10:00:00,,,,,,,,,,,,,,,,,
2023-02-17 11:00:00,,,,,,,,,,,,,,,,,
2023-02-17 12:00:00,,,,,,,,,,,,,,,,,
2023-02-17 13:00:00,,,,,,,,,,,,,,,,,
2023-02-17 14:00:00,,,,,,,,,,,,,,,,,
2023-02-17 15:00:00,,,,,,,,,,,,,,,,,
2023-02-17 16:00:00,,,,,,,,,,,,,,,,,
2023-02-17 17:00:00,,,,,,,,,,,,,,,,,
2023-02-17 18:00:00,,,,,,,,,,,,,,,,,
2023-02-17 19:00:00,,,,,,,,,,,,,,,,,
2023-02-17 20:00:00,,,,,,,,,,,,,,,,,
2023-02-17 21:00:00,,,,,,,,,,,,,,,,,
2023-02-17 22:00:00,,,,,,,,,,,,,,,,,
2023-02-17 23:00:00,,,,,,,,,,,,,,,,,
2023-02-18 00:00:00,,,,,,,,,,,,,,,,,
2023-02-18 01:00:00,,,,,,,,,,,,,,,,,
2023-02-18 02:00:00,,,,,,,,,,,,,,,,,
2023-02-18 03:00:00,,,,,,,,,,,,,,,,,
2023-02-18 04:00:00,,,,,,,,,,,,,,,,,
2023-02-18 05:00:00,,,,,,,,,,,,,,,,,
2023-02-18 06:00:00,,,,,,,,,,,,,,,,,
2023-02-18 07:00:00,,,,,,,,,,,,,,,,,
2023-02-18 08:00:00,,,,,,,,,,,,,,,,,
2023-02-18 09:00:00,,,,,,,,,,,,,,,,,
2023-02-18 10:00:00,,,,,,,,,,,,,,,,,
2023-02-18 11:00:00,,,,,,,,,,,,,,,,,
2023-02-18 12:00:00,,,,,,,,,,,,,,,,,
2023-02-18 13:00:00,,,,,,,,,,,,,,,,,
2023-02-18 14:00:00,,,,,,,,,,,,,,,,,
2023-02-18 15:00:00,,,,,,,,,,,,,,,,,
2023-02-18 16:00:00,,,,,,,,,,,,,,,,,
2023-02-18 17:00:00,,,,,,,,,,,,,,,,,
2023-02-18 18:00:00,,,,,,,,,,,,,,,,,
2023-02-18 19:00:00,,,,,,,,,,,,,,,,,
2023-02-18 20:00:00,,,,,,,,,,,,,,,,,
2023-02-18 21:00:00,,,,,,,,,,,,,,,,,
2023-02-18 22:00:00,,,,,,,,,,,,,,,,,
2023-02-18 23:00:00,,,,,,,,,,,,,,,,,
2023-02-19 00:00:00,,,,,,,,,,,,,,,,,
2023-02-19 01:00:00,,,,,,,,,,,,,,,,,
2023-02-19 02:00:00,,,,,,,,,,,,,,,,,
2023-02-19 03:00:00,,,,,,,,,,,,,,,,,
2023-02-19 04:00:00,,,,,,,,,,,,,,,,,
2023-02-19 05:00:00,,,,,,,,,,,,,,,,,
2023-02-19 06:00:00,,,,,,,,,,,,,,,,,
2023-02-19 07:00:00,,,,,,,,,,,,,,,,,
2023-02-19 08:00:00,,,,,,,,,,,,,,,,,
2023-02-19 09:00:00,,,,,,,,,,,,,,,,,
2023-02-19 10:00:00,,,,,,,,,,,,,,,,,
2023-02-19 11:00:00,,,,,,,,,,,,,,,,,
2023-02-19 12:00:00,,,,,,,,,,,,,,,,,
2023-02-19 13:00:00,,,,,,,,,,,,,,,,,
2023-02-19 14:00:00,,,,,,,,,,,,,,,,,
2023-02-19 15:00:00,,,,,,,,,,,,,,,,,
2023-02-19 16:00:00,,,,,,,,,,,,,,,,,
2023-02-19 17:00:00,,,,,,,,,,,,,,,,,
2023-02-19 18:00:00,,,,,,,,,,,,,,,,,
2023-02-19 19:00:00,,,,,,,,,,,,,,,,,
2023-02-19 20:00:00,,,,,,,,,,,,,,,,,
2023-02-19 21:00:00,,,,,,,,,,,,,,,,,
2023-02-19 22:00:00,,,,,,,,,,,,,,,,,
2023-02-19 23:00:00,,,,,,,,,,,,,,,,,
2023-02-20 00:00:00,,,,,,,,,,,,,,,,,
2023-02-20 01:00:00,,,,,,,,,,,,,,,,,
2023-02-20 02:00:00,,,,,,,,,,,,,,,,,
2023-02-20 03:00:00,,,,,,,,,,,,,,,,,
2023-02-20 04:00:00,,,,,,,,,,,,,,,,,
2023-02-20 05:00:00,,,,,,,,,,,,,,,,,
2023-02-20 06:00:00,,,,,,,,,,,,,,,,,
2023-02-20 07:00:00,,,,,,,,,,,,,,,,,
2023-02-20 08:00:00,,,,,,,,,,,,,,,,,
2023-02-20 09:00:00,,,,,,,,,,,,,,,,,
2023-02-20 10:00:00,,,,,,,,,,,,,,,,,
2023-02-20 11:00:00,,,,,,,,,,,,,,,,,
2023-02-20 12:00:00,,,,,,,,,,,,,,,,,
2023-02-20 13:00:00,,,,,,,,,,,,,,,,,
2023-02-20 14:00:00,,,,,,,,,,,,,,,,,
2023-02-20 15:00:00,,,,,,,,,,,,,,,,,
2023-02-20 16:00:00,,,,,,,,,,,,,,,,,
2023-02-20 17:00:00,,,,,,,,,,,,,,,,,
2023-02-20 18:00:00,,,,,,,,,,,,,,,,,
2023-02-20 19:00:00,,,,,,,,,,,,,,,,,
2023-02-20 20:00:00,,,,,,,,,,,,,,,,,
2023-02-20 21:00:00,,,,,,,,,,,,,,,,,
2023-02-20 22:00:00,,,,,,,,,,,,,,,,,
2023-02-20 23:00:00,,,,,,,,,,,,,,,,,
2023-02-21 00:00:00,,,,,,,,,,,,,,,,,
2023-02-21 01:00:00,,,,,,,,,,,,,,,,,
2023-02-21 02:00:00,,,,,,,,,,,,,,,,,
2023-02-21 03:00:00,,,,,,,,,,,,,,,,,
2023-02-21 04:00:00,,,,,,,,,,,,,,,,,
2023-02-21 05:00:00,,,,,,,,,,,,,,,,,
2023-02-21 06:00:00,,,,,,,,,,,,,,,,,
2023-02-21 07:00:00,,,,,,,,,,,,,,,,,
2023-02-21 08:00:00,,,,,,,,,,,,,,,,,
2023-02-21 09:00:00,,,,,,,,,,,,,,,,,
2023-02-21 10:00:00,,,,,,,,,,,,,,,,,
2023-02-21 11:00:00,,,,,,,,,,,,,,,,,
2023-02-21 12:00:00,,,,,,,,,,,,,,,,,
2023-02-21 13:00:00,,,,,,,,,,,,,,,,,
2023-02-21 14:00:00,,,,,,,,,,,,,,,,,
2023-02-21 15:00:00,,,,,,,,,,,,,,,,,
2023-02-21 16:00:00,,,,,,,,,,,,,,,,,
2023-02-21 17:00:00,,,,,,,,,,,,,,,,,
2023-02-21 18:00:00,,,,,,,,,,,,,,,,,
2023-02-21 19:00:00,,,,,,,,,,,,,,,,,
2023-02-21 20:00:00,,,,,,,,,,,,,,,,,
2023-02-21 21:00:00,,,,,,,,,,,,,,,,,
2023-02-21 22:00:00,,,,,,,,,,,,,,,,,
2023-02-21 23:00:00,,,,,,,,,,,,,,,,,
2023-02-22 00:00:00,,,,,,,,,,,,,,,,,
2023-02-22 01:00:00,,,,,,,,,,,,,,,,,
2023-02-22 02:00:00,,,,,,,,,,,,,,,,,
2023-02-22 03:00:00,,,,,,,,,,,,,,,,,
2023-02-22 04:00:00,,,,,,,,,,,,,,,,,
2023-02-22 05:00:00,,,,,,,,,,,,,,,,,
2023-02-22 06:00:00,,,,,,,,,,,,,,,,,
2023-02-22 07:00:00,,,,,,,,,,,,,,,,,
2023-02-22 08:00:00,,,,,,,,,,,,,,,,,
2023-02-22 09:00:00,,,,,,,,,,,,,,,,,
2023-02-22 10:00:00,,,,,,,,,,,,,,,,,
2023-02-22 11:00:00,,,,,,,,,,,,,,,,,
2023-02-22 12:00:00,,,,,,,,,,,,,,,,,
2023-02-22 13:00:00,,,,,,,,,,,,,,,,,
2023-02-22 14:00:00,,,,,,,,,,,,,,,,,
2023-02-22 15:00:00,,,,,,,,,,,,,,,,,
2023-02-22 16:00:00,,,,,,,,,,,,,,,,,
2023-02-22 17:00:00,,,,,,,,,,,,,,,,,
2023-02-22 18:00:00,,,,,,,,,,,,,,,,,
2023-02-22 19:00:00,,,,,,,,,,,,,,,,,
2023-02-22 20:00:00,,,,,,,,,,,,,,,,,
2023-02-22 21:00:00,,,,,,,,,,,,,,,,,
2023-02-22 22:00:00,,,,,,,,,,,,,,,,,
2023-02-22 23:00:00,,,,,,,,,,,,,,,,,
2023-02-23 00:00:00,,,,,,,,,,,,,,,,,
2023-02-23 01:00:00,,,,,,,,,,,,,,,,,
2023-02-23 02:00:00,,,,,,,,,,,,,,,,,
2023-02-23 03:00:00,,,,,,,,,,,,,,,,,
2023-02-23 04:00:00,,,,,,,,,,,,,,,,,
2023-02-23 05:00:00,,,,,,,,,,,,,,,,,
2023-02-23 06:00:00,,,,,,,,,,,,,,,,,
2023-02-23 07:00:00,,,,,,,,,,,,,,,,,
2023-02-23 08:00:00,,,,,,,,,,,,,,,,,
2023-02-23 09:00:00,,,,,,,,,,,,,,,,,
2023-02-23 10:00:00,,,,,,,,,,,,,,,,,
2023-02-23 11:00:00,,,,,,,,,,,,,,,,,
2023-02-23 12:00:00,,,,,,,,,,,,,,,,,
2023-02-23 13:00:00,,,,,,,,,,,,,,,,,
2023-02-23 14:00:00,,,,,,,,,,,,,,,,,
2023-02-23 15:00:00,,,,,,,,,,,,,,,,,
2023-02-23 16:00:00,,,,,,,,,,,,,,,,,
2023-02-23 17:00:00,,,,,,,,,,,,,,,,,
2023-02-23 18:00:00,,,,,,,,,,,,,,,,,
2023-02-23 19:00:00,,,,,,,,,,,,,,,,,
2023-02-23 20:00:00,,,,,,,,,,,,,,,,,
2023-02-23 21:00:00,,,,,,,,,,,,,,,,,
2023-02-23 22:00:00,,,,,,,,,,,,,,,,,
2023-02-23 23:00:00,,,,,,,,,,,,,,,,,
2023-02-24 00:00:00,,,,,,,,,,,,,,,,,
2023-02-24 01:00:00,,,,,,,,,,,,,,,,,
2023-02-24 02:00:00,,,,,,,,,,,,,,,,,
2023-02-24 03:00:00,,,,,,,,,,,,,,,,,
2023-02-24 04:00:00,,,,,,,,,,,,,,,,,
2023-02-24 05:00:00,,,,,,,,,,,,,,,,,
2023-02-24 06:00:00,,,,,,,,,,,,,,,,,
2023-02-24 07:00:00,,,,,,,,,,,,,,,,,
2023-02-24 08:00:00,,,,,,,,,,,,,,,,,
2023-02-24 09:00:00,,,,,,,,,,,,,,,,,
2023-02-24 10:00:00,,,,,,,,,,,,,,,,,
2023-02-24 11:00:00,,,,,,,,,,,,,,,,,
2023-02-24 12:00:00,,,,,,,,,,,,,,,,,
2023-02-24 13:00:00,,,,,,,,,,,,,,,,,
2023-02-24 14:00:00,,,,,,,,,,,,,,,,,
2023-02-24 15:00:00,,,,,,,,,,,,,,,,,
2023-02-24 16:00:00,,,,,,,,,,,,,,,,,
2023-02-24 17:00:00,,,,,,,,,,,,,,,,,
2023-02-24 18:00:00,,,,,,,,,,,,,,,,,
2023-02-24 19:00:00,,,,,,,,,,,,,,,,,
2023-02-24 20:00:00,,,,,,,,,,,,,,,,,
2023-02-24 21:00:00,,,,,,,,,,,,,,,,,
2023-02-24 22:00:00,,,,,,,,,,,,,,,,,
2023-02-24 23:00:00,,,,,,,,,,,,,,,,,
2023-02-25 00:00:00,,,,,,,,,,,,,,,,,
2023-02-25 01:00:00,,,,,,,,,,,,,,,,,
2023-02-25 02:00:00,,,,,,,,,,,,,,,,,
2023-02-25 03:00:00,,,,,,,,,,,,,,,,,
2023-02-25 04:00:00,,,,,,,,,,,,,,,,,
2023-02-25 05:00:00,,,,,,,,,,,,,,,,,
2023-02-25 06:00:00,,,,,,,,,,,,,,,,,
2023-02-25 07:00:00,,,,,,,,,,,,,,,,,
2023-02-25 08:00:00,,,,,,,,,,,,,,,,,
2023-02-25 09:00:00,,,,,,,,,,,,,,,,,
2023-02-25 10:00:00,,,,,,,,,,,,,,,,,
2023-02-25 11:00:00,,,,,,,,,,,,,,,,,
2023-02-25 12:00:00,,,,,,,,,,,,,,,,,
2023-02-25 13:00:00,,,,,,,,,,,,,,,,,
2023-02-25 14:00:00,,,,,,,,,,,,,,,,,
2023-02-25 15:00:00,,,,,,,,,,,,,,,,,
2023-02-25 16:00:00,,,,,,,,,,,,,,,,,
2023-02-25 17:00:00,,,,,,,,,,,,,,,,,
2023-02-25 18:00:00,,,,,,,,,,,,,,,,,
2023-02-25 19:00:00,,,,,,,,,,,,,,,,,
2023-02-25 20:00:00,,,,,,,,,,,,,,,,,
2023-02-25 21:00:00,,,,,,,,,,,,,,,,,
2023-02-25 22:00:00,,,,,,,,,,,,,,,,,
2023-02-25 23:00:00,,,,,,,,,,,,,,,,,
2023-02-26 00:00:00,,,,,,,,,,,,,,,,,
2023-02-26 01:00:00,,,,,,,,,,,,,,,,,
2023-02-26 02:00:00,,,,,,,,,,,,,,,,,
2023-02-26 03:00:00,,,,,,,,,,,,,,,,,
2023-02-26 04:00:00,,,,,,,,,,,,,,,,,
2023-02-26 05:00:00,,,,,,,,,,,,,,,,,
2023-02-26 06:00:00,,,,,,,,,,,,,,,,,
2023-02-26 07:00:00,,,,,,,,,,,,,,,,,
2023-02-26 08:00:00,,,,,,,,,,,,,,,,,
2023-02-26 09:00:00,,,,,,,,,,,,,,,,,
2023-02-26 10:00:00,,,,,,,,,,,,,,,,,
2023-02-26 11:00:00,,,,,,,,,,,,,,,,,
2023-02-26 12:00:00,,,,,,,,,,,,,,,,,
2023-02-26 13:00:00,,,,,,,,,,,,,,,,,
2023-02-26 14:00:00,,,,,,,,,,,,,,,,,
2023-02-26 15:00:00,,,,,,,,,,,,,,,,,
2023-02-26 16:00:00,,,,,,,,,,,,,,,,,
2023-02-26 17:00:00,,,,,,,,,,,,,,,,,
2023-02-26 18:00:00,,,,,,,,,,,,,,,,,
2023-02-26 19:00:00,,,,,,,,,,,,,,,,,
2023-02-26 20:00:00,,,,,,,,,,,,,,,,,
2023-02-26 21:00:00,,,,,,,,,,,,,,,,,
2023-02-26 22:00:00,,,,,,,,,,,,,,,,,
2023-02-26 23:00:00,,,,,,,,,,,,,,,,,
2023-02-27 00:00:00,,,,,,,,,,,,,,,,,
2023-02-27 01:00:00,,,,,,,,,,,,,,,,,
2023-02-27 02:00:00,,,,,,,,,,,,,,,,,
2023-02-27 03:00:00,,,,,,,,,,,,,,,,,
2023-02-27 04:00:00,,,,,,,,,,,,,,,,,
2023-02-27 05:00:00,,,,,,,,,,,,,,,,,
2023-02-27 06:00:00,,,,,,,,,,,,,,,,,
2023-02-27 07:00:00,,,,,,,,,,,,,,,,,
2023-02-27 08:00:00,,,,,,,,,,,,,,,,,
2023-02-27 09:00:00,,,,,,,,,,,,,,,,,
2023-02-27 10:00:00,,,,,,,,,,,,,,,,,
2023-02-27 11:00:00,,,,,,,,,,,,,,,,,
2023-02-27 12:00:00,,,,,,,,,,,,,,,,,
2023-02-27 13:00:00,,,,,,,,,,,,,,,,,
2023-02-27 14:00:00,,,,,,,,,,,,,,,,,
2023-02-27 15:00:00,,,,,,,,,,,,,,,,,
2023-02-27 16:00:00,,,,,,,,,,,,,,,,,
2023-02-27 17:00:00,,,,,,,,,,,,,,,,,
2023-02-27 18:00:00,,,,,,,,,,,,,,,,,
2023-02-27 19:00:00,,,,,,,,,,,,,,,,,
2023-02-27 20:00:00,,,,,,,,,,,,,,,,,
2023-02-27 21:00:00,,,,,,,,,,,,,,,,,
2023-02-27 22:00:00,,,,,,,,,,,,,,,,,
2023-02-27 23:00:00,,,,,,,,,,,,,,,,,
2023-02-28 00:00:00,,,,,,,,,,,,,,,,,
2023-02-28 01:00:00,,,,,,,,,,,,,,,,,
2023-02-28 02:00:00,,,,,,,,,,,,,,,,,
2023-02-28 03:00:00,,,,,,,,,,,,,,,,,
2023-02-28 04:00:00,,,,,,,,,,,,,,,,,
2023-02-28 05:00:00,,,,,,,,,,,,,,,,,
2023-02-28 06:00:00,,,,,,,,,,,,,,,,,
2023-02-28 07:00:00,,,,,,,,,,,,,,,,,
2023-02-28 08:00:00,,,,,,,,,,,,,,,,,
2023-02-28 09:00:00,,,,,,,,,,,,,,,,,
2023-02-28 10:00:00,,,,,,,,,,,,,,,,,
2023-02-28 11:00:00,,,,,,,,,,,,,,,,,
2023-02-28 12:00:00,,,,,,,,,,,,,,,,,
2023-02-28 13:00:00,,,,,,,,,,,,,,,,,
2023-02-28 14:00:00,,,,,,,,,,,,,,,,,
2023-02-28 15:00:00,,,,,,,,,,,,,,,,,
2023-02-28 16:00:00,,,,,,,,,,,,,,,,,
2023-02-28 17:00:00,,,,,,,,,,,,,,,,,
2023-02-28 18:00:00,,,,,,,,,,,,,,,,,
2023-02-28 19:00:00,,,,,,,,,,,,,,,,,
2023-02-28 20:00:00,,,,,,,,,,,,,,,,,
2023-02-28 21:00:00,,,,,,,,,,,,,,,,,
2023-02-28 22:00:00,,,,,,,,,,,,,,,,,
2023-02-28 23:00:00,,,,,,,,,,,,,,,,,
2023-03-01 00:00:00,,,,,,,,,,,,,,,,,
2023-03-01 01:00:00,,,,,,,,,,,,,,,,,
2023-03-01 02:00:00,,,,,,,,,,,,,,,,,
2023-03-01 03:00:00,,,,,,,,,,,,,,,,,
2023-03-01 04:00:00,,,,,,,,,,,,,,,,,
2023-03-01 05:00:00,,,,,,,,,,,,,,,,,
2023-03-01 06:00:00,,,,,,,,,,,,,,,,,
2023-03-01 07:00:00,,,,,,,,,,,,,,,,,
2023-03-01 08:00:00,,,,,,,,,,,,,,,,,
2023-03-01 09:00:00,,,,,,,,,,,,,,,,,
2023-03-01 10:00:00,,,,,,,,,,,,,,,,,
2023-03-01 11:00:00,,,,,,,,,,,,,,,,,
2023-03-01 12:00:00,,,,,,,,,,,,,,,,,
2023-03-01 13:00:00,,,,,,,,,,,,,,,,,
2023-03-01 14:00:00,,,,,,,,,,,,,,,,,
2023-03-01 15:00:00,,,,,,,,,,,,,,,,,
2023-03-01 16:00:00,,,,,,,,,,,,,,,,,
2023-03-01 17:00:00,,,,,,,,,,,,,,,,,
2023-03-01 18:00:00,,,,,,,,,,,,,,,,,
2023-03-01 19:00:00,,,,,,,,,,,,,,,,,
2023-03-01 20:00:00,,,,,,,,,,,,,,,,,
2023-03-01 21:00:00,,,,,,,,,,,,,,,,,
2023-03-01 22:00:00,,,,,,,,,,,,,,,,,
2023-03-01 23:00:00,,,,,,,,,,,,,,,,,
2023-03-02 00:00:00,,,,,,,,,,,,,,,,,
2023-03-02 01:00:00,,,,,,,,,,,,,,,,,
2023-03-02 02:00:00,,,,,,,,,,,,,,,,,
2023-03-02 03:00:00,,,,,,,,,,,,,,,,,
2023-03-02 04:00:00,,,,,,,,,,,,,,,,,
2023-03-02 05:00:00,,,,,,,,,,,,,,,,,
2023-03-02 06:00:00,,,,,,,,,,,,,,,,,
2023-03-02 07:00:00,,,,,,,,,,,,,,,,,
2023-03-02 08:00:00,,,,,,,,,,,,,,,,,
2023-03-02 09:00:00,,,,,,,,,,,,,,,,,
2023-03-02 10:00:00,,,,,,,,,,,,,,,,,
2023-03-02 11:00:00,,,,,,,,,,,,,,,,,
2023-03-02 12:00:00,,,,,,,,,,,,,,,,,
2023-03-02 13:00:00,,,,,,,,,,,,,,,,,
2023-03-02 14:00:00,,,,,,,,,,,,,,,,,
2023-03-02 15:00:00,,,,,,,,,,,,,,,,,
2023-03-02 16:00:00,,,,,,,,,,,,,,,,,
2023-03-02 17:00:00,,,,,,,,,,,,,,,,,
2023-03-02 18:00:00,,,,,,,,,,,,,,,,,
2023-03-02 19:00:00,,,,,,,,,,,,,,,,,
2023-03-02 20:00:00,,,,,,,,,,,,,,,,,
2023-03-02 21:00:00,,,,,,,,,,,,,,,,,
2023-03-02 22:00:00,,,,,,,,,,,,,,,,,
2023-03-02 23:00:00,,,,,,,,,,,,,,,,,
2023-03-03 00:00:00,,,,,,,,,,,,,,,,,
2023-03-03 01:00:00,,,,,,,,,,,,,,,,,
2023-03-03 02:00:00,,,,,,,,,,,,,,,,,
2023-03-03 03:00:00,,,,,,,,,,,,,,,,,
2023-03-03 04:00:00,,,,,,,,,,,,,,,,,
2023-03-03 05:00:00,,,,,,,,,,,,,,,,,
2023-03-03 06:00:00,,,,,,,,,,,,,,,,,
2023-03-03 07:00:00,,,,,,,,,,,,,,,,,
2023-03-03 08:00:00,,,,,,,,,,,,,,,,,
2023-03-03 09:00:00,,,,,,,,,,,,,,,,,
2023-03-03 10:00:00,,,,,,,,,,,,,,,,,
2023-03-03 11:00:00,,,,,,,,,,,,,,,,,
2023-03-03 12:00:00,,,,,,,,,,,,,,,,,
2023-03-03 13:00:00,,,,,,,,,,,,,,,,,
2023-03-03 14:00:00,,,,,,,,,,,,,,,,,
2023-03-03 15:00:00,,,,,,,,,,,,,,,,,
2023-03-03 16:00:00,,,,,,,,,,,,,,,,,
2023-03-03 17:00:00,,,,,,,,,,,,,,,,,
2023-03-03 18:00:00,,,,,,,,,,,,,,,,,
2023-03-03 19:00:00,,,,,,,,,,,,,,,,,
2023-03-03 20:00:00,,,,,,,,,,,,,,,,,
2023-03-03 21:00:00,,,,,,,,,,,,,,,,,
2023-03-03 22:00:00,,,,,,,,,,,,,,,,,
2023-03-03 23:00:00,,,,,,,,,,,,,,,,,
2023-03-04 00:00:00,,,,,,,,,,,,,,,,,
2023-03-04 01:00:00,,,,,,,,,,,,,,,,,
2023-03-04 02:00:00,,,,,,,,,,,,,,,,,
2023-03-04 03:00:00,,,,,,,,,,,,,,,,,
2023-03-04 04:00:00,,,,,,,,,,,,,,,,,
2023-03-04 05:00:00,,,,,,,,,,,,,,,,,
2023-03-04 06:00:00,,,,,,,,,,,,,,,,,
2023-03-04 07:00:00,,,,,,,,,,,,,,,,,
2023-03-04 08:00:00,,,,,,,,,,,,,,,,,
2023-03-04 09:00:00,,,,,,,,,,,,,,,,,
2023-03-04 10:00:00,,,,,,,,,,,,,,,,,
2023-03-04 11:00:00,,,,,,,,,,,,,,,,,
2023-03-04 12:00:00,,,,,,,,,,,,,,,,,
2023-03-04 13:00:00,,,,,,,,,,,,,,,,,
2023-03-04 14:00:00,,,,,,,,,,,,,,,,,
2023-03-04 15:00:00,,,,,,,,,,,,,,,,,
2023-03-04 16:00:00,,,,,,,,,,,,,,,,,
2023-03-04 17:00:00,,,,,,,,,,,,,,,,,
2023-03-04 18:00:00,,,,,,,,,,,,,,,,,
2023-03-04 19:00:00,,,,,,,,,,,,,,,,,
2023-03-04 20:00:00,,,,,,,,,,,,,,,,,
2023-03-04 21:00:00,,,,,,,,,,,,,,,,,
2023-03-04 22:00:00,,,,,,,,,,,,,,,,,
2023-03-04 23:00:00,,,,,,,,,,,,,,,,,
2023-03-05 00:00:00,,,,,,,,,,,,,,,,,
2023-03-05 01:00:00,,,,,,,,,,,,,,,,,
2023-03-05 02:00:00,,,,,,,,,,,,,,,,,
2023-03-05 03:00:00,,,,,,,,,,,,,,,,,
2023-03-05 04:00:00,,,,,,,,,,,,,,,,,
2023-03-05 05:00:00,,,,,,,,,,,,,,,,,
2023-03-05 06:00:00,,,,,,,,,,,,,,,,,
2023-03-05 07:00:00,,,,,,,,,,,,,,,,,
2023-03-05 08:00:00,,,,,,,,,,,,,,,,,
2023-03-05 09:00:00,,,,,,,,,,,,,,,,,
2023-03-05 10:00:00,,,,,,,,,,,,,,,,,
2023-03-05 11:00:00,,,,,,,,,,,,,,,,,
2023-03-05 12:00:00,,,,,,,,,,,,,,,,,
2023-03-05 13:00:00,,,,,,,,,,,,,,,,,
2023-03-05 14:00:00,,,,,,,,,,,,,,,,,
2023-03-05 15:00:00,,,,,,,,,,,,,,,,,
2023-03-05 16:00:00,,,,,,,,,,,,,,,,,
2023-03-05 17:00:00,,,,,,,,,,,,,,,,,
2023-03-05 18:00:00,,,,,,,,,,,,,,,,,
2023-03-05 19:00:00,,,,,,,,,,,,,,,,,
2023-03-05 20:00:00,,,,,,,,,,,,,,,,,
2023-03-05 21:00:00,,,,,,,,,,,,,,,,,
2023-03-05 22:00:00,,,,,,,,,,,,,,,,,
2023-03-05 23:00:00,,,,,,,,,,,,,,,,,
2023-03-06 00:00:00,,,,,,,,,,,,,,,,,
2023-03-06 01:00:00,,,,,,,,,,,,,,,,,
2023-03-06 02:00:00,,,,,,,,,,,,,,,,,
2023-03-06 03:00:00,,,,,,,,,,,,,,,,,
2023-03-06 04:00:00,,,,,,,,,,,,,,,,,
2023-03-06 05:00:00,,,,,,,,,,,,,,,,,
2023-03-06 06:00:00,,,,,,,,,,,,,,,,,
2023-03-06 07:00:00,,,,,,,,,,,,,,,,,
2023-03-06 08:00:00,,,,,,,,,,,,,,,,,
2023-03-06 09:00:00,,,,,,,,,,,,,,,,,
2023-03-06 10:00:00,,,,,,,,,,,,,,,,,
2023-03-06 11:00:00,,,,,,,,,,,,,,,,,
2023-03-06 12:00:00,,,,,,,,,,,,,,,,,
2023-03-06 13:00:00,,,,,,,,,,,,,,,,,
2023-03-06 14:00:00,,,,,,,,,,,,,,,,,
2023-03-06 15:00:00,,,,,,,,,,,,,,,,,
2023-03-06 16:00:00,,,,,,,,,,,,,,,,,
2023-03-06 17:00:00,,,,,,,,,,,,,,,,,
2023-03-06 18:00:00,,,,,,,,,,,,,,,,,
2023-03-06 19:00:00,,,,,,,,,,,,,,,,,
2023-03-06 20:00:00,,,,,,,,,,,,,,,,,
2023-03-06 21:00:00,,,,,,,,,,,,,,,,,
2023-03-06 22:00:00,,,,,,,,,,,,,,,,,
2023-03-06 23:00:00,,,,,,,,,,,,,,,,,
2023-03-07 00:00:00,,,,,,,,,,,,,,,,,
2023-03-07 01:00:00,,,,,,,,,,,,,,,,,
2023-03-07 02:00:00,,,,,,,,,,,,,,,,,
2023-03-07 03:00:00,,,,,,,,,,,,,,,,,
2023-03-07 04:00:00,,,,,,,,,,,,,,,,,
2023-03-07 05:00:00,,,,,,,,,,,,,,,,,
2023-03-07 06:00:00,,,,,,,,,,,,,,,,,
2023-03-07 07:00:00,,,,,,,,,,,,,,,,,
2023-03-07 08:00:00,,,,,,,,,,,,,,,,,
2023-03-07 09:00:00,,,,,,,,,,,,,,,,,
2023-03-07 10:00:00,,,,,,,,,,,,,,,,,
2023-03-07 11:00:00,,,,,,,,,,,,,,,,,
2023-03-07 12:00:00,,,,,,,,,,,,,,,,,
2023-03-07 13:00:00,,,,,,,,,,,,,,,,,
2023-03-07 14:00:00,,,,,,,,,,,,,,,,,
2023-03-07 15:00:00,,,,,,,,,,,,,,,,,
2023-03-07 16:00:00,,,,,,,,,,,,,,,,,
2023-03-07 17:00:00,,,,,,,,,,,,,,,,,
2023-03-07 18:00:00,,,,,,,,,,,,,,,,,
2023-03-07 19:00:00,,,,,,,,,,,,,,,,,
2023-03-07 20:00:00,,,,,,,,,,,,,,,,,
2023-03-07 21:00:00,,,,,,,,,,,,,,,,,
2023-03-07 22:00:00,,,,,,,,,,,,,,,,,
2023-03-07 23:00:00,,,,,,,,,,,,,,,,,
2023-03-08 00:00:00,,,,,,,,,,,,,,,,,
2023-03-08 01:00:00,,,,,,,,,,,,,,,,,
2023-03-08 02:00:00,,,,,,,,,,,,,,,,,
2023-03-08 03:00:00,,,,,,,,,,,,,,,,,
2023-03-08 04:00:00,,,,,,,,,,,,,,,,,
2023-03-08 05:00:00,,,,,,,,,,,,,,,,,
2023-03-08 06:00:00,,,,,,,,,,,,,,,,,
2023-03-08 07:00:00,,,,,,,,,,,,,,,,,
2023-03-08 08:00:00,,,,,,,,,,,,,,,,,
2023-03-08 09:00:00,,,,,,,,,,,,,,,,,
2023-03-08 10:00:00,,,,,,,,,,,,,,,,,
2023-03-08 11:00:00,,,,,,,,,,,,,,,,,
2023-03-08 12:00:00,,,,,,,,,,,,,,,,,
2023-03-08 13:00:00,,,,,,,,,,,,,,,,,
2023-03-08 14:00:00,,,,,,,,,,,,,,,,,
2023-03-08 15:00:00,,,,,,,,,,,,,,,,,
2023-03-08 16:00:00,,,,,,,,,,,,,,,,,
2023-03-08 17:00:00,,,,,,,,,,,,,,,,,
2023-03-08 18:00:00,,,,,,,,,,,,,,,,,
2023-03-08 19:00:00,,,,,,,,,,,,,,,,,
2023-03-08 20:00:00,,,,,,,,,,,,,,,,,
2023-03-08 21:00:00,,,,,,,,,,,,,,,,,
2023-03-08 22:00:00,,,,,,,,,,,,,,,,,
2023-03-08 23:00:00,,,,,,,,,,,,,,,,,
2023-03-09 00:00:00,,,,,,,,,,,,,,,,,
2023-03-09 01:00:00,,,,,,,,,,,,,,,,,
2023-03-09 02:00:00,,,,,,,,,,,,,,,,,
2023-03-09 03:00:00,,,,,,,,,,,,,,,,,
2023-03-09 04:00:00,,,,,,,,,,,,,,,,,
2023-03-09 05:00:00,,,,,,,,,,,,,,,,,
2023-03-09 06:00:00,,,,,,,,,,,,,,,,,
2023-03-09 07:00:00,,,,,,,,,,,,,,,,,
2023-03-09 08:00:00,,,,,,,,,,,,,,,,,
2023-03-09 09:00:00,,,,,,,,,,,,,,,,,
2023-03-09 10:00:00,,,,,,,,,,,,,,,,,
2023-03-09 11:00:00,,,,,,,,,,,,,,,,,
2023-03-09 12:00:00,,,,,,,,,,,,,,,,,
2023-03-09 13:00:00,,,,,,,,,,,,,,,,,
2023-03-09 14:00:00,,,,,,,,,,,,,,,,,
2023-03-09 15:00:00,,,,,,,,,,,,,,,,,
2023-03-09 16:00:00,,,,,,,,,,,,,,,,,
2023-03-09 17:00:00,,,,,,,,,,,,,,,,,
2023-03-09 18:00:00,,,,,,,,,,,,,,,,,
2023-03-09 19:00:00,,,,,,,,,,,,,,,,,
2023-03-09 20:00:00,,,,,,,,,,,,,,,,,
2023-03-09 21:00:00,,,,,,,,,,,,,,,,,
2023-03-09 22:00:00,,,,,,,,,,,,,,,,,
2023-03-09 23:00:00,,,,,,,,,,,,,,,,,
2023-03-10 00:00:00,,,,,,,,,,,,,,,,,
2023-03-10 01:00:00,,,,,,,,,,,,,,,,,
2023-03-10 02:00:00,,,,,,,,,,,,,,,,,
2023-03-10 03:00:00,,,,,,,,,,,,,,,,,
2023-03-10 04:00:00,,,,,,,,,,,,,,,,,
2023-03-10 05:00:00,,,,,,,,,,,,,,,,,
2023-03-10 06:00:00,,,,,,,,,,,,,,,,,
2023-03-10 07:00:00,,,,,,,,,,,,,,,,,
2023-03-10 08:00:00,,,,,,,,,,,,,,,,,
2023-03-10 09:00:00,,,,,,,,,,,,,,,,,
2023-03-10 10:00:00,,,,,,,,,,,,,,,,,
2023-03-10 11:00:00,,,,,,,,,,,,,,,,,
2023-03-10 12:00:00,,,,,,,,,,,,,,,,,
2023-03-10 13:00:00,,,,,,,,,,,,,,,,,
2023-03-10 14:00:00,,,,,,,,,,,,,,,,,
2023-03-10 15:00:00,,,,,,,,,,,,,,,,,
2023-03-10 16:00:00,,,,,,,,,,,,,,,,,
2023-03-10 17:00:00,,,,,,,,,,,,,,,,,
2023-03-10 18:00:00,,,,,,,,,,,,,,,,,
2023-03-10 19:00:00,,,,,,,,,,,,,,,,,
2023-03-10 20:00:00,,,,,,,,,,,,,,,,,
2023-03-10 21:00:00,,,,,,,,,,,,,,,,,
2023-03-10 22:00:00,,,,,,,,,,,,,,,,,
2023-03-10 23:00:00,,,,,,,,,,,,,,,,,
2023-03-11 00:00:00,,,,,,,,,,,,,,,,,
2023-03-11 01:00:00,,,,,,,,,,,,,,,,,
2023-03-11 02:00:00,,,,,,,,,,,,,,,,,
2023-03-11 03:00:00,,,,,,,,,,,,,,,,,
2023-03-11 04:00:00,,,,,,,,,,,,,,,,,
2023-03-11 05:00:00,,,,,,,,,,,,,,,,,
2023-03-11 06:00:00,,,,,,,,,,,,,,,,,
2023-03-11 07:00:00,,,,,,,,,,,,,,,,,
2023-03-11 08:00:00,,,,,,,,,,,,,,,,,
2023-03-11 09:00:00,,,,,,,,,,,,,,,,,
2023-03-11 10:00:00,,,,,,,,,,,,,,,,,
2023-03-11 11:00:00,,,,,,,,,,,,,,,,,
2023-03-11 12:00:00,,,,,,,,,,,,,,,,,
2023-03-11 13:00:00,,,,,,,,,,,,,,,,,
2023-03-11 14:00:00,,,,,,,,,,,,,,,,,
2023-03-11 15:00:00,,,,,,,,,,,,,,,,,
2023-03-11 16:00:00,,,,,,,,,,,,,,,,,
2023-03-11 17:00:00,,,,,,,,,,,,,,,,,
2023-03-11 18:00:00,,,,,,,,,,,,,,,,,
2023-03-11 19:00:00,,,,,,,,,,,,,,,,,
2023-03-11 20:00:00,,,,,,,,,,,,,,,,,
2023-03-11 21:00:00,,,,,,,,,,,,,,,,,
2023-03-11 22:00:00,,,,,,,,,,,,,,,,,
2023-03-11 23:00:00,,,,,,,,,,,,,,,,,
2023-03-12 00:00:00,,,,,,,,,,,,,,,,,
2023-03-12 01:00:00,,,,,,,,,,,,,,,,,
2023-03-12 02:00:00,,,,,,,,,,,,,,,,,
2023-03-12 03:00:00,,,,,,,,,,,,,,,,,
2023-03-12 04:00:00,,,,,,,,,,,,,,,,,
2023-03-12 05:00:00,,,,,,,,,,,,,,,,,
2023-03-12 06:00:00,,,,,,,,,,,,,,,,,
2023-03-12 07:00:00,,,,,,,,,,,,,,,,,
2023-03-12 08:00:00,,,,,,,,,,,,,,,,,
2023-03-12 09:00:00,,,,,,,,,,,,,,,,,
2023-03-12 10:00:00,,,,,,,,,,,,,,,,,
2023-03-12 11:00:00,,,,,,,,,,,,,,,,,
2023-03-12 12:00:00,,,,,,,,,,,,,,,,,
2023-03-12 13:00:00,,,,,,,,,,,,,,,,,
2023-03-12 14:00:00,,,,,,,,,,,,,,,,,
2023-03-12 15:00:00,,,,,,,,,,,,,,,,,
2023-03-12 16:00:00,,,,,,,,,,,,,,,,,
2023-03-12 17:00:00,,,,,,,,,,,,,,,,,
2023-03-12 18:00:00,,,,,,,,,,,,,,,,,
2023-03-12 19:00:00,,,,,,,,,,,,,,,,,
2023-03-12 20:00:00,,,,,,,,,,,,,,,,,
2023-03-12 21:00:00,,,,,,,,,,,,,,,,,
2023-03-12 22:00:00,,,,,,,,,,,,,,,,,
2023-03-12 23:00:00,,,,,,,,,,,,,,,,,
2023-03-13 00:00:00,,,,,,,,,,,,,,,,,
2023-03-13 01:00:00,,,,,,,,,,,,,,,,,
2023-03-13 02:00:00,,,,,,,,,,,,,,,,,
2023-03-13 03:00:00,,,,,,,,,,,,,,,,,
2023-03-13 04:00:00,,,,,,,,,,,,,,,,,
2023-03-13 05:00:00,,,,,,,,,,,,,,,,,
2023-03-13 06:00:00,,,,,,,,,,,,,,,,,
2023-03-13 07:00:00,,,,,,,,,,,,,,,,,
2023-03-13 08:00:00,,,,,,,,,,,,,,,,,
2023-03-13 09:00:00,,,,,,,,,,,,,,,,,
2023-03-13 10:00:00,,,,,,,,,,,,,,,,,
2023-03-13 11:00:00,,,,,,,,,,,,,,,,,
2023-03-13 12:00:00,,,,,,,,,,,,,,,,,
2023-03-13 13:00:00,,,,,,,,,,,,,,,,,
2023-03-13 14:00:00,,,,,,,,,,,,,,,,,
2023-03-13 15:00:00,,,,,,,,,,,,,,,,,
2023-03-13 16:00:00,,,,,,,,,,,,,,,,,
2023-03-13 17:00:00,,,,,,,,,,,,,,,,,
2023-03-13 18:00:00,,,,,,,,,,,,,,,,,
2023-03-13 19:00:00,,,,,,,,,,,,,,,,,
2023-03-13 20:00:00,,,,,,,,,,,,,,,,,
2023-03-13 21:00:00,,,,,,,,,,,,,,,,,
2023-03-13 22:00:00,,,,,,,,,,,,,,,,,
2023-03-13 23:00:00,,,,,,,,,,,,,,,,,
2023-03-14 00:00:00,,,,,,,,,,,,,,,,,
2023-03-14 01:00:00,,,,,,,,,,,,,,,,,
2023-03-14 02:00:00,,,,,,,,,,,,,,,,,
2023-03-14 03:00:00,,,,,,,,,,,,,,,,,
2023-03-14 04:00:00,,,,,,,,,,,,,,,,,
2023-03-14 05:00:00,,,,,,,,,,,,,,,,,
2023-03-14 06:00:00,,,,,,,,,,,,,,,,,
2023-03-14 07:00:00,,,,,,,,,,,,,,,,,
2023-03-14 08:00:00,,,,,,,,,,,,,,,,,
2023-03-14 09:00:00,,,,,,,,,,,,,,,,,
2023-03-14 10:00:00,,,,,,,,,,,,,,,,,
2023-03-14 11:00:00,,,,,,,,,,,,,,,,,
2023-03-14 12:00:00,,,,,,,,,,,,,,,,,
2023-03-14 13:00:00,,,,,,,,,,,,,,,,,
2023-03-14 14:00:00,,,,,,,,,,,,,,,,,
2023-03-14 15:00:00,,,,,,,,,,,,,,,,,
2023-03-14 16:00:00,,,,,,,,,,,,,,,,,
2023-03-14 17:00:00,,,,,,,,,,,,,,,,,
2023-03-14 18:00:00,,,,,,,,,,,,,,,,,
2023-03-14 19:00:00,,,,,,,,,,,,,,,,,
2023-03-14 20:00:00,,,,,,,,,,,,,,,,,
2023-03-14 21:00:00,,,,,,,,,,,,,,,,,
2023-03-14 22:00:00,,,,,,,,,,,,,,,,,
2023-03-14 23:00:00,,,,,,,,,,,,,,,,,
2023-03-15 00:00:00,,,,,,,,,,,,,,,,,
2023-03-15 01:00:00,,,,,,,,,,,,,,,,,
2023-03-15 02:00:00,,,,,,,,,,,,,,,,,
2023-03-15 03:00:00,,,,,,,,,,,,,,,,,
2023-03-15 04:00:00,,,,,,,,,,,,,,,,,
2023-03-15 05:00:00,,,,,,,,,,,,,,,,,
2023-03-15 06:00:00,,,,,,,,,,,,,,,,,
2023-03-15 07:00:00,,,,,,,,,,,,,,,,,
2023-03-15 08:00:00,,,,,,,,,,,,,,,,,
2023-03-15 09:00:00,,,,,,,,,,,,,,,,,
2023-03-15 10:00:00,,,,,,,,,,,,,,,,,
2023-03-15 11:00:00,,,,,,,,,,,,,,,,,
2023-03-15 12:00:00,,,,,,,,,,,,,,,,,
2023-03-15 13:00:00,,,,,,,,,,,,,,,,,
2023-03-15 14:00:00,,,,,,,,,,,,,,,,,
2023-03-15 15:00:00,,,,,,,,,,,,,,,,,
2023-03-15 16:00:00,,,,,,,,,,,,,,,,,
2023-03-15 17:00:00,,,,,,,,,,,,,,,,,
2023-03-15 18:00:00,,,,,,,,,,,,,,,,,
2023-03-15 19:00:00,,,,,,,,,,,,,,,,,
2023-03-15 20:00:00,,,,,,,,,,,,,,,,,
2023-03-15 21:00:00,,,,,,,,,,,,,,,,,
2023-03-15 22:00:00,,,,,,,,,,,,,,,,,
2023-03-15 23:00:00,,,,,,,,,,,,,,,,,
2023-03-16 00:00:00,,,,,,,,,,,,,,,,,
2023-03-16 01:00:00,,,,,,,,,,,,,,,,,
2023-03-16 02:00:00,,,,,,,,,,,,,,,,,
2023-03-16 03:00:00,,,,,,,,,,,,,,,,,
2023-03-16 04:00:00,,,,,,,,,,,,,,,,,
2023-03-16 05:00:00,,,,,,,,,,,,,,,,,
2023-03-16 06:00:00,,,,,,,,,,,,,,,,,
2023-03-16 07:00:00,,,,,,,,,,,,,,,,,
2023-03-16 08:00:00,,,,,,,,,,,,,,,,,
2023-03-16 09:00:00,,,,,,,,,,,,,,,,,
2023-03-16 10:00:00,,,,,,,,,,,,,,,,,
2023-03-16 11:00:00,,,,,,,,,,,,,,,,,
2023-03-16 12:00:00,,,,,,,,,,,,,,,,,
2023-03-16 13:00:00,,,,,,,,,,,,,,,,,
2023-03-16 14:00:00,,,,,,,,,,,,,,,,,
2023-03-16 15:00:00,,,,,,,,,,,,,,,,,
2023-03-16 16:00:00,,,,,,,,,,,,,,,,,
2023-03-16 17:00:00,,,,,,,,,,,,,,,,,
2023-03-16 18:00:00,,,,,,,,,,,,,,,,,
2023-03-16 19:00:00,,,,,,,,,,,,,,,,,
2023-03-16 20:00:00,,,,,,,,,,,,,,,,,
2023-03-16 21:00:00,,,,,,,,,,,,,,,,,
2023-03-16 22:00:00,,,,,,,,,,,,,,,,,
2023-03-16 23:00:00,,,,,,,,,,,,,,,,,
2023-03-17 00:00:00,,,,,,,,,,,,,,,,,
2023-03-17 01:00:00,,,,,,,,,,,,,,,,,
2023-03-17 02:00:00,,,,,,,,,,,,,,,,,
2023-03-17 03:00:00,,,,,,,,,,,,,,,,,
2023-03-17 04:00:00,,,,,,,,,,,,,,,,,
2023-03-17 05:00:00,,,,,,,,,,,,,,,,,
2023-03-17 06:00:00,,,,,,,,,,,,,,,,,
2023-03-17 07:00:00,,,,,,,,,,,,,,,,,
2023-03-17 08:00:00,,,,,,,,,,,,,,,,,
2023-03-17 09:00:00,,,,,,,,,,,,,,,,,
2023-03-17 10:00:00,,,,,,,,,,,,,,,,,
2023-03-17 11:00:00,,,,,,,,,,,,,,,,,
2023-03-17 12:00:00,,,,,,,,,,,,,,,,,
2023-03-17 13:00:00,,,,,,,,,,,,,,,,,
2023-03-17 14:00:00,,,,,,,,,,,,,,,,,
2023-03-17 15:00:00,,,,,,,,,,,,,,,,,
2023-03-17 16:00:00,,,,,,,,,,,,,,,,,
2023-03-17 17:00:00,,,,,,,,,,,,,,,,,
2023-03-17 18:00:00,,,,,,,,,,,,,,,,,
2023-03-17 19:00:00,,,,,,,,,,,,,,,,,
2023-03-17 20:00:00,,,,,,,,,,,,,,,,,
2023-03-17 21:00:00,,,,,,,,,,,,,,,,,
2023-03-17 22:00:00,,,,,,,,,,,,,,,,,
2023-03-17 23:00:00,,,,,,,,,,,,,,,,,
2023-03-18 00:00:00,,,,,,,,,,,,,,,,,
2023-03-18 01:00:00,,,,,,,,,,,,,,,,,
2023-03-18 02:00:00,,,,,,,,,,,,,,,,,
2023-03-18 03:00:00,,,,,,,,,,,,,,,,,
2023-03-18 04:00:00,,,,,,,,,,,,,,,,,
2023-03-18 05:00:00,,,,,,,,,,,,,,,,,
2023-03-18 06:00:00,,,,,,,,,,,,,,,,,
2023-03-18 07:00:00,,,,,,,,,,,,,,,,,
2023-03-18 08:00:00,,,,,,,,,,,,,,,,,
2023-03-18 09:00:00,,,,,,,,,,,,,,,,,
2023-03-18 10:00:00,,,,,,,,,,,,,,,,,
2023-03-18 11:00:00,,,,,,,,,,,,,,,,,
2023-03-18 12:00:00,,,,,,,,,,,,,,,,,
2023-03-18 13:00:00,,,,,,,,,,,,,,,,,
2023-03-18 14:00:00,,,,,,,,,,,,,,,,,
2023-03-18 15:00:00,,,,,,,,,,,,,,,,,
2023-03-18 16:00:00,,,,,,,,,,,,,,,,,
2023-03-18 17:00:00,,,,,,,,,,,,,,,,,
2023-03-18 18:00:00,,,,,,,,,,,,,,,,,
2023-03-18 19:00:00,,,,,,,,,,,,,,,,,
2023-03-18 20:00:00,,,,,,,,,,,,,,,,,
2023-03-18 21:00:00,,,,,,,,,,,,,,,,,
2023-03-18 22:00:00,,,,,,,,,,,,,,,,,
2023-03-18 23:00:00,,,,,,,,,,,,,,,,,
2023-03-19 00:00:00,,,,,,,,,,,,,,,,,
2023-03-19 01:00:00,,,,,,,,,,,,,,,,,
2023-03-19 02:00:00,,,,,,,,,,,,,,,,,
2023-03-19 03:00:00,,,,,,,,,,,,,,,,,
2023-03-19 04:00:00,,,,,,,,,,,,,,,,,
2023-03-19 05:00:00,,,,,,,,,,,,,,,,,
2023-03-19 06:00:00,,,,,,,,,,,,,,,,,
2023-03-19 07:00:00,,,,,,,,,,,,,,,,,
2023-03-19 08:00:00,,,,,,,,,,,,,,,,,
2023-03-19 09:00:00,,,,,,,,,,,,,,,,,
2023-03-19 10:00:00,,,,,,,,,,,,,,,,,
2023-03-19 11:00:00,,,,,,,,,,,,,,,,,
2023-03-19 12:00:00,,,,,,,,,,,,,,,,,
2023-03-19 13:00:00,,,,,,,,,,,,,,,,,
2023-03-19 14:00:00,,,,,,,,,,,,,,,,,
2023-03-19 15:00:00,,,,,,,,,,,,,,,,,
2023-03-19 16:00:00,,,,,,,,,,,,,,,,,
2023-03-19 17:00:00,,,,,,,,,,,,,,,,,
2023-03-19 18:00:00,,,,,,,,,,,,,,,,,
2023-03-19 19:00:00,,,,,,,,,,,,,,,,,
2023-03-19 20:00:00,,,,,,,,,,,,,,,,,
2023-03-19 21:00:00,,,,,,,,,,,,,,,,,
2023-03-19 22:00:00,,,,,,,,,,,,,,,,,
2023-03-19 23:00:00,,,,,,,,,,,,,,,,,
2023-03-20 00:00:00,,,,,,,,,,,,,,,,,
2023-03-20 01:00:00,,,,,,,,,,,,,,,,,
2023-03-20 02:00:00,,,,,,,,,,,,,,,,,
2023-03-20 03:00:00,,,,,,,,,,,,,,,,,
2023-03-20 04:00:00,,,,,,,,,,,,,,,,,
2023-03-20 05:00:00,,,,,,,,,,,,,,,,,
2023-03-20 06:00:00,,,,,,,,,,,,,,,,,
2023-03-20 07:00:00,,,,,,,,,,,,,,,,,
2023-03-20 08:00:00,,,,,,,,,,,,,,,,,
2023-03-20 09:00:00,,,,,,,,,,,,,,,,,
2023-03-20 10:00:00,,,,,,,,,,,,,,,,,
2023-03-20 11:00:00,,,,,,,,,,,,,,,,,
2023-03-20 12:00:00,,,,,,,,,,,,,,,,,
2023-03-20 13:00:00,,,,,,,,,,,,,,,,,
2023-03-20 14:00:00,,,,,,,,,,,,,,,,,
2023-03-20 15:00:00,,,,,,,,,,,,,,,,,
2023-03-20 16:00:00,,,,,,,,,,,,,,,,,
2023-03-20 17:00:00,,,,,,,,,,,,,,,,,
2023-03-20 18:00:00,,,,,,,,,,,,,,,,,
2023-03-20 19:00:00,,,,,,,,,,,,,,,,,
2023-03-20 20:00:00,,,,,,,,,,,,,,,,,
2023-03-20 21:00:00,,,,,,,,,,,,,,,,,
2023-03-20 22:00:00,,,,,,,,,,,,,,,,,
2023-03-20 23:00:00,,,,,,,,,,,,,,,,,
2023-03-21 00:00:00,,,,,,,,,,,,,,,,,
2023-03-21 01:00:00,,,,,,,,,,,,,,,,,
2023-03-21 02:00:00,,,,,,,,,,,,,,,,,
2023-03-21 03:00:00,,,,,,,,,,,,,,,,,
2023-03-21 04:00:00,,,,,,,,,,,,,,,,,
2023-03-21 05:00:00,,,,,,,,,,,,,,,,,
2023-03-21 06:00:00,,,,,,,,,,,,,,,,,
2023-03-21 07:00:00,,,,,,,,,,,,,,,,,
2023-03-21 08:00:00,,,,,,,,,,,,,,,,,
2023-03-21 09:00:00,,,,,,,,,,,,,,,,,
2023-03-21 10:00:00,,,,,,,,,,,,,,,,,
2023-03-21 11:00:00,,,,,,,,,,,,,,,,,
2023-03-21 12:00:00,,,,,,,,,,,,,,,,,
2023-03-21 13:00:00,,,,,,,,,,,,,,,,,
2023-03-21 14:00:00,,,,,,,,,,,,,,,,,
2023-03-21 15:00:00,,,,,,,,,,,,,,,,,
2023-03-21 16:00:00,,,,,,,,,,,,,,,,,
2023-03-21 17:00:00,,,,,,,,,,,,,,,,,
2023-03-21 18:00:00,,,,,,,,,,,,,,,,,
2023-03-21 19:00:00,,,,,,,,,,,,,,,,,
2023-03-21 20:00:00,,,,,,,,,,,,,,,,,
2023-03-21 21:00:00,,,,,,,,,,,,,,,,,
2023-03-21 22:00:00,,,,,,,,,,,,,,,,,
2023-03-21 23:00:00,,,,,,,,,,,,,,,,,
2023-03-22 00:00:00,,,,,,,,,,,,,,,,,
2023-03-22 01:00:00,,,,,,,,,,,,,,,,,
2023-03-22 02:00:00,,,,,,,,,,,,,,,,,
2023-03-22 03:00:00,,,,,,,,,,,,,,,,,
2023-03-22 04:00:00,,,,,,,,,,,,,,,,,
2023-03-22 05:00:00,,,,,,,,,,,,,,,,,
2023-03-22 06:00:00,,,,,,,,,,,,,,,,,
2023-03-22 07:00:00,,,,,,,,,,,,,,,,,
2023-03-22 08:00:00,,,,,,,,,,,,,,,,,
2023-03-22 09:00:00,,,,,,,,,,,,,,,,,
2023-03-22 10:00:00,,,,,,,,,,,,,,,,,
2023-03-22 11:00:00,,,,,,,,,,,,,,,,,
2023-03-22 12:00:00,,,,,,,,,,,,,,,,,
2023-03-22 13:00:00,,,,,,,,,,,,,,,,,
2023-03-22 14:00:00,,,,,,,,,,,,,,,,,
2023-03-22 15:00:00,,,,,,,,,,,,,,,,,
2023-03-22 16:00:00,,,,,,,,,,,,,,,,,
2023-03-22 17:00:00,,,,,,,,,,,,,,,,,
2023-03-22 18:00:00,,,,,,,,,,,,,,,,,
2023-03-22 19:00:00,,,,,,,,,,,,,,,,,
2023-03-22 20:00:00,,,,,,,,,,,,,,,,,
2023-03-22 21:00:00,,,,,,,,,,,,,,,,,
2023-03-22 22:00:00,,,,,,,,,,,,,,,,,
2023-03-22 23:00:00,,,,,,,,,,,,,,,,,
2023-03-23 00:00:00,,,,,,,,,,,,,,,,,
2023-03-23 01:00:00,,,,,,,,,,,,,,,,,
2023-03-23 02:00:00,,,,,,,,,,,,,,,,,
2023-03-23 03:00:00,,,,,,,,,,,,,,,,,
2023-03-23 04:00:00,,,,,,,,,,,,,,,,,
2023-03-23 05:00:00,,,,,,,,,,,,,,,,,
2023-03-23 06:00:00,,,,,,,,,,,,,,,,,
2023-03-23 07:00:00,,,,,,,,,,,,,,,,,
2023-03-23 08:00:00,,,,,,,,,,,,,,,,,
2023-03-23 09:00:00,,,,,,,,,,,,,,,,,
2023-03-23 10:00:00,,,,,,,,,,,,,,,,,
2023-03-23 11:00:00,,,,,,,,,,,,,,,,,
2023-03-23 12:00:00,,,,,,,,,,,,,,,,,
2023-03-23 13:00:00,,,,,,,,,,,,,,,,,
2023-03-23 14:00:00,,,,,,,,,,,,,,,,,
2023-03-23 15:00:00,,,,,,,,,,,,,,,,,
2023-03-23 16:00:00,,,,,,,,,,,,,,,,,
2023-03-23 17:00:00,,,,,,,,,,,,,,,,,
2023-03-23 18:00:00,,,,,,,,,,,,,,,,,
2023-03-23 19:00:00,,,,,,,,,,,,,,,,,
2023-03-23 20:00:00,,,,,,,,,,,,,,,,,
2023-03-23 21:00:00,,,,,,,,,,,,,,,,,
2023-03-23 22:00:00,,,,,,,,,,,,,,,,,
2023-03-23 23:00:00,,,,,,,,,,,,,,,,,
2023-03-24 00:00:00,,,,,,,,,,,,,,,,,
2023-03-24 01:00:00,,,,,,,,,,,,,,,,,
2023-03-24 02:00:00,,,,,,,,,,,,,,,,,
2023-03-24 03:00:00,,,,,,,,,,,,,,,,,
2023-03-24 04:00:00,,,,,,,,,,,,,,,,,
2023-03-24 05:00:00,,,,,,,,,,,,,,,,,
2023-03-24 06:00:00,,,,,,,,,,,,,,,,,
2023-03-24 07:00:00,,,,,,,,,,,,,,,,,
2023-03-24 08:00:00,,,,,,,,,,,,,,,,,
2023-03-24 09:00:00,,,,,,,,,,,,,,,,,
2023-03-24 10:00:00,,,,,,,,,,,,,,,,,
2023-03-24 11:00:00,,,,,,,,,,,,,,,,,
2023-03-24 12:00:00,,,,,,,,,,,,,,,,,
2023-03-24 13:00:00,,,,,,,,,,,,,,,,,
2023-03-24 14:00:00,,,,,,,,,,,,,,,,,
2023-03-24 15:00:00,,,,,,,,,,,,,,,,,
2023-03-24 16:00:00,,,,,,,,,,,,,,,,,
2023-03-24 17:00:00,,,,,,,,,,,,,,,,,
2023-03-24 18:00:00,,,,,,,,,,,,,,,,,
2023-03-24 19:00:00,,,,,,,,,,,,,,,,,
2023-03-24 20:00:00,,,,,,,,,,,,,,,,,
2023-03-24 21:00:00,,,,,,,,,,,,,,,,,
2023-03-24 22:00:00,,,,,,,,,,,,,,,,,
2023-03-24 23:00:00,,,,,,,,,,,,,,,,,
2023-03-25 00:00:00,,,,,,,,,,,,,,,,,
2023-03-25 01:00:00,,,,,,,,,,,,,,,,,
2023-03-25 02:00:00,,,,,,,,,,,,,,,,,
2023-03-25 03:00:00,,,,,,,,,,,,,,,,,
2023-03-25 04:00:00,,,,,,,,,,,,,,,,,
2023-03-25 05:00:00,,,,,,,,,,,,,,,,,
2023-03-25 06:00:00,,,,,,,,,,,,,,,,,
2023-03-25 07:00:00,,,,,,,,,,,,,,,,,
2023-03-25 08:00:00,,,,,,,,,,,,,,,,,
2023-03-25 09:00:00,,,,,,,,,,,,,,,,,
2023-03-25 10:00:00,,,,,,,,,,,,,,,,,
2023-03-25 11:00:00,,,,,,,,,,,,,,,,,
2023-03-25 12:00:00,,,,,,,,,,,,,,,,,
2023-03-25 13:00:00,,,,,,,,,,,,,,,,,
2023-03-25 14:00:00,,,,,,,,,,,,,,,,,
2023-03-25 15:00:00,,,,,,,,,,,,,,,,,
2023-03-25 16:00:00,,,,,,,,,,,,,,,,,
2023-03-25 17:00:00,,,,,,,,,,,,,,,,,
2023-03-25 18:00:00,,,,,,,,,,,,,,,,,
2023-03-25 19:00:00,,,,,,,,,,,,,,,,,
2023-03-25 20:00:00,,,,,,,,,,,,,,,,,
2023-03-25 21:00:00,,,,,,,,,,,,,,,,,
2023-03-25 22:00:00,,,,,,,,,,,,,,,,,
2023-03-25 23:00:00,,,,,,,,,,,,,,,,,
2023-03-26 00:00:00,,,,,,,,,,,,,,,,,
2023-03-26 01:00:00,,,,,,,,,,,,,,,,,
2023-03-26 02:00:00,,,,,,,,,,,,,,,,,
2023-03-26 03:00:00,,,,,,,,,,,,,,,,,
2023-03-26 04:00:00,,,,,,,,,,,,,,,,,
2023-03-26 05:00:00,,,,,,,,,,,,,,,,,
2023-03-26 06:00:00,,,,,,,,,,,,,,,,,
2023-03-26 07:00:00,,,,,,,,,,,,,,,,,
2023-03-26 08:00:00,,,,,,,,,,,,,,,,,
2023-03-26 09:00:00,,,,,,,,,,,,,,,,,
2023-03-26 10:00:00,,,,,,,,,,,,,,,,,
2023-03-26 11:00:00,,,,,,,,,,,,,,,,,
2023-03-26 12:00:00,,,,,,,,,,,,,,,,,
2023-03-26 13:00:00,,,,,,,,,,,,,,,,,
2023-03-26 14:00:00,,,,,,,,,,,,,,,,,
2023-03-26 15:00:00,,,,,,,,,,,,,,,,,
2023-03-26 16:00:00,,,,,,,,,,,,,,,,,
2023-03-26 17:00:00,,,,,,,,,,,,,,,,,
2023-03-26 18:00:00,,,,,,,,,,,,,,,,,
2023-03-26 19:00:00,,,,,,,,,,,,,,,,,
2023-03-26 20:00:00,,,,,,,,,,,,,,,,,
2023-03-26 21:00:00,,,,,,,,,,,,,,,,,
2023-03-26 22:00:00,,,,,,,,,,,,,,,,,
2023-03-26 23:00:00,,,,,,,,,,,,,,,,,
2023-03-27 00:00:00,,,,,,,,,,,,,,,,,
2023-03-27 01:00:00,,,,,,,,,,,,,,,,,
2023-03-27 02:00:00,,,,,,,,,,,,,,,,,
2023-03-27 03:00:00,,,,,,,,,,,,,,,,,
2023-03-27 04:00:00,,,,,,,,,,,,,,,,,
2023-03-27 05:00:00,,,,,,,,,,,,,,,,,
2023-03-27 06:00:00,,,,,,,,,,,,,,,,,
2023-03-27 07:00:00,,,,,,,,,,,,,,,,,
2023-03-27 08:00:00,,,,,,,,,,,,,,,,,
2023-03-27 09:00:00,,,,,,,,,,,,,,,,,
2023-03-27 10:00:00,,,,,,,,,,,,,,,,,
2023-03-27 11:00:00,,,,,,,,,,,,,,,,,
2023-03-27 12:00:00,,,,,,,,,,,,,,,,,
2023-03-27 13:00:00,,,,,,,,,,,,,,,,,
2023-03-27 14:00:00,,,,,,,,,,,,,,,,,
2023-03-27 15:00:00,,,,,,,,,,,,,,,,,
2023-03-27 16:00:00,,,,,,,,,,,,,,,,,
2023-03-27 17:00:00,,,,,,,,,,,,,,,,,
2023-03-27 18:00:00,,,,,,,,,,,,,,,,,
2023-03-27 19:00:00,,,,,,,,,,,,,,,,,
2023-03-27 20:00:00,,,,,,,,,,,,,,,,,
2023-03-27 21:00:00,,,,,,,,,,,,,,,,,
2023-03-27 22:00:00,,,,,,,,,,,,,,,,,
2023-03-27 23:00:00,,,,,,,,,,,,,,,,,
2023-03-28 00:00:00,,,,,,,,,,,,,,,,,
2023-03-28 01:00:00,,,,,,,,,,,,,,,,,
2023-03-28 02:00:00,,,,,,,,,,,,,,,,,
2023-03-28 03:00:00,,,,,,,,,,,,,,,,,
2023-03-28 04:00:00,,,,,,,,,,,,,,,,,
2023-03-28 05:00:00,,,,,,,,,,,,,,,,,
2023-03-28 06:00:00,,,,,,,,,,,,,,,,,
2023-03-28 07:00:00,,,,,,,,,,,,,,,,,
2023-03-28 08:00:00,,,,,,,,,,,,,,,,,
2023-03-28 09:00:00,,,,,,,,,,,,,,,,,
2023-03-28 10:00:00,,,,,,,,,,,,,,,,,
2023-03-28 11:00:00,,,,,,,,,,,,,,,,,
2023-03-28 12:00:00,,,,,,,,,,,,,,,,,
2023-03-28 13:00:00,,,,,,,,,,,,,,,,,
2023-03-28 14:00:00,,,,,,,,,,,,,,,,,
2023-03-28 15:00:00,,,,,,,,,,,,,,,,,
2023-03-28 16:00:00,,,,,,,,,,,,,,,,,
2023-03-28 17:00:00,,,,,,,,,,,,,,,,,
2023-03-28 18:00:00,,,,,,,,,,,,,,,,,
2023-03-28 19:00:00,,,,,,,,,,,,,,,,,
2023-03-28 20:00:00,,,,,,,,,,,,,,,,,
2023-03-28 21:00:00,,,,,,,,,,,,,,,,,
2023-03-28 22:00:00,,,,,,,,,,,,,,,,,
2023-03-28 23:00:00,,,,,,,,,,,,,,,,,
2023-03-29 00:00:00,,,,,,,,,,,,,,,,,
2023-03-29 01:00:00,,,,,,,,,,,,,,,,,
2023-03-29 02:00:00,,,,,,,,,,,,,,,,,
2023-03-29 03:00:00,,,,,,,,,,,,,,,,,
2023-03-29 04:00:00,,,,,,,,,,,,,,,,,
2023-03-29 05:00:00,,,,,,,,,,,,,,,,,
2023-03-29 06:00:00,,,,,,,,,,,,,,,,,
2023-03-29 07:00:00,,,,,,,,,,,,,,,,,
2023-03-29 08:00:00,,,,,,,,,,,,,,,,,
2023-03-29 09:00:00,,,,,,,,,,,,,,,,,
2023-03-29 10:00:00,,,,,,,,,,,,,,,,,
2023-03-29 11:00:00,,,,,,,,,,,,,,,,,
2023-03-29 12:00:00,,,,,,,,,,,,,,,,,
2023-03-29 13:00:00,,,,,,,,,,,,,,,,,
2023-03-29 14:00:00,,,,,,,,,,,,,,,,,
2023-03-29 15:00:00,,,,,,,,,,,,,,,,,
2023-03-29 16:00:00,,,,,,,,,,,,,,,,,
2023-03-29 17:00:00,,,,,,,,,,,,,,,,,
2023-03-29 18:00:00,,,,,,,,,,,,,,,,,
2023-03-29 19:00:00,,,,,,,,,,,,,,,,,
2023-03-29 20:00:00,,,,,,,,,,,,,,,,,
2023-03-29 21:00:00,,,,,,,,,,,,,,,,,
2023-03-29 22:00:00,,,,,,,,,,,,,,,,,
2023-03-29 23:00:00,,,,,,,,,,,,,,,,,
2023-03-30 00:00:00,,,,,,,,,,,,,,,,,
2023-03-30 01:00:00,,,,,,,,,,,,,,,,,
2023-03-30 02:00:00,,,,,,,,,,,,,,,,,
2023-03-30 03:00:00,,,,,,,,,,,,,,,,,
2023-03-30 04:00:00,,,,,,,,,,,,,,,,,
2023-03-30 05:00:00,,,,,,,,,,,,,,,,,
2023-03-30 06:00:00,,,,,,,,,,,,,,,,,
2023-03-30 07:00:00,,,,,,,,,,,,,,,,,
2023-03-30 08:00:00,,,,,,,,,,,,,,,,,
2023-03-30 09:00:00,,,,,,,,,,,,,,,,,
2023-03-30 10:00:00,,,,,,,,,,,,,,,,,
2023-03-30 11:00:00,,,,,,,,,,,,,,,,,
2023-03-30 12:00:00,,,,,,,,,,,,,,,,,
2023-03-30 13:00:00,,,,,,,,,,,,,,,,,
2023-03-30 14:00:00,,,,,,,,,,,,,,,,,
2023-03-30 15:00:00,,,,,,,,,,,,,,,,,
2023-03-30 16:00:00,,,,,,,,,,,,,,,,,
2023-03-30 17:00:00,,,,,,,,,,,,,,,,,
2023-03-30 18:00:00,,,,,,,,,,,,,,,,,
2023-03-30 19:00:00,,,,,,,,,,,,,,,,,
2023-03-30 20:00:00,,,,,,,,,,,,,,,,,
2023-03-30 21:00:00,,,,,,,,,,,,,,,,,
2023-03-30 22:00:00,,,,,,,,,,,,,,,,,
2023-03-30 23:00:00,,,,,,,,,,,,,,,,,
2023-03-31 00:00:00,,,,,,,,,,,,,,,,,
2023-03-31 01:00:00,,,,,,,,,,,,,,,,,
2023-03-31 02:00:00,,,,,,,,,,,,,,,,,
2023-03-31 03:00:00,,,,,,,,,,,,,,,,,
2023-03-31 04:00:00,,,,,,,,,,,,,,,,,
2023-03-31 05:00:00,,,,,,,,,,,,,,,,,
2023-03-31 06:00:00,,,,,,,,,,,,,,,,,
2023-03-31 07:00:00,,,,,,,,,,,,,,,,,
2023-03-31 08:00:00,,,,,,,,,,,,,,,,,
2023-03-31 09:00:00,,,,,,,,,,,,,,,,,
2023-03-31 10:00:00,,,,,,,,,,,,,,,,,
2023-03-31 11:00:00,,,,,,,,,,,,,,,,,
2023-03-31 12:00:00,,,,,,,,,,,,,,,,,
2023-03-31 13:00:00,,,,,,,,,,,,,,,,,
2023-03-31 14:00:00,,,,,,,,,,,,,,,,,
2023-03-31 15:00:00,,,,,,,,,,,,,,,,,
2023-03-31 16:00:00,,,,,,,,,,,,,,,,,
2023-03-31 17:00:00,,,,,,,,,,,,,,,,,
2023-03-31 18:00:00,,,,,,,,,,,,,,,,,
2023-03-31 19:00:00,,,,,,,,,,,,,,,,,
2023-03-31 20:00:00,,,,,,,,,,,,,,,,,
2023-03-31 21:00:00,,,,,,,,,,,,,,,,,
2023-03-31 22:00:00,,,,,,,,,,,,,,,,,
2023-03-31 23:00:00,,,,,,,,,,,,,,,,,
2023-04-01 00:00:00,,,,,,,,,,,,,,,,,
2023-04-01 01:00:00,,,,,,,,,,,,,,,,,
2023-04-01 02:00:00,,,,,,,,,,,,,,,,,
2023-04-01 03:00:00,,,,,,,,,,,,,,,,,
2023-04-01 04:00:00,,,,,,,,,,,,,,,,,
2023-04-01 05:00:00,,,,,,,,,,,,,,,,,
2023-04-01 06:00:00,,,,,,,,,,,,,,,,,
2023-04-01 07:00:00,,,,,,,,,,,,,,,,,
2023-04-01 08:00:00,,,,,,,,,,,,,,,,,
2023-04-01 09:00:00,,,,,,,,,,,,,,,,,
2023-04-01 10:00:00,,,,,,,,,,,,,,,,,
2023-04-01 11:00:00,,,,,,,,,,,,,,,,,
2023-04-01 12:00:00,,,,,,,,,,,,,,,,,
2023-04-01 13:00:00,,,,,,,,,,,,,,,,,
2023-04-01 14:00:00,,,,,,,,,,,,,,,,,
2023-04-01 15:00:00,,,,,,,,,,,,,,,,,
2023-04-01 16:00:00,,,,,,,,,,,,,,,,,
2023-04-01 17:00:00,,,,,,,,,,,,,,,,,
2023-04-01 18:00:00,,,,,,,,,,,,,,,,,
2023-04-01 19:00:00,,,,,,,,,,,,,,,,,
2023-04-01 20:00:00,,,,,,,,,,,,,,,,,
2023-04-01 21:00:00,,,,,,,,,,,,,,,,,
2023-04-01 22:00:00,,,,,,,,,,,,,,,,,
2023-04-01 23:00:00,,,,,,,,,,,,,,,,,
2023-04-02 00:00:00,,,,,,,,,,,,,,,,,
2023-04-02 01:00:00,,,,,,,,,,,,,,,,,
2023-04-02 02:00:00,,,,,,,,,,,,,,,,,
2023-04-02 03:00:00,,,,,,,,,,,,,,,,,
2023-04-02 04:00:00,,,,,,,,,,,,,,,,,
2023-04-02 05:00:00,,,,,,,,,,,,,,,,,
2023-04-02 06:00:00,,,,,,,,,,,,,,,,,
2023-04-02 07:00:00,,,,,,,,,,,,,,,,,
2023-04-02 08:00:00,,,,,,,,,,,,,,,,,
2023-04-02 09:00:00,,,,,,,,,,,,,,,,,
2023-04-02 10:00:00,,,,,,,,,,,,,,,,,
2023-04-02 11:00:00,,,,,,,,,,,,,,,,,
2023-04-02 12:00:00,,,,,,,,,,,,,,,,,
2023-04-02 13:00:00,,,,,,,,,,,,,,,,,
2023-04-02 14:00:00,,,,,,,,,,,,,,,,,
2023-04-02 15:00:00,,,,,,,,,,,,,,,,,
2023-04-02 16:00:00,,,,,,,,,,,,,,,,,
2023-04-02 17:00:00,,,,,,,,,,,,,,,,,
2023-04-02 18:00:00,,,,,,,,,,,,,,,,,
2023-04-02 19:00:00,,,,,,,,,,,,,,,,,
2023-04-02 20:00:00,,,,,,,,,,,,,,,,,
2023-04-02 21:00:00,,,,,,,,,,,,,,,,,
2023-04-02 22:00:00,,,,,,,,,,,,,,,,,
2023-04-02 23:00:00,,,,,,,,,,,,,,,,,
2023-04-03 00:00:00,,,,,,,,,,,,,,,,,
2023-04-03 01:00:00,,,,,,,,,,,,,,,,,
2023-04-03 02:00:00,,,,,,,,,,,,,,,,,
2023-04-03 03:00:00,,,,,,,,,,,,,,,,,
2023-04-03 04:00:00,,,,,,,,,,,,,,,,,
2023-04-03 05:00:00,,,,,,,,,,,,,,,,,
2023-04-03 06:00:00,,,,,,,,,,,,,,,,,
2023-04-03 07:00:00,,,,,,,,,,,,,,,,,
2023-04-03 08:00:00,,,,,,,,,,,,,,,,,
2023-04-03 09:00:00,,,,,,,,,,,,,,,,,
2023-04-03 10:00:00,,,,,,,,,,,,,,,,,
2023-04-03 11:00:00,,,,,,,,,,,,,,,,,
2023-04-03 12:00:00,,,,,,,,,,,,,,,,,
2023-04-03 13:00:00,,,,,,,,,,,,,,,,,
2023-04-03 14:00:00,,,,,,,,,,,,,,,,,
2023-04-03 15:00:00,,,,,,,,,,,,,,,,,
2023-04-03 16:00:00,,,,,,,,,,,,,,,,,
2023-04-03 17:00:00,,,,,,,,,,,,,,,,,
2023-04-03 18:00:00,,,,,,,,,,,,,,,,,
2023-04-03 19:00:00,,,,,,,,,,,,,,,,,
2023-04-03 20:00:00,,,,,,,,,,,,,,,,,
2023-04-03 21:00:00,,,,,,,,,,,,,,,,,
2023-04-03 22:00:00,,,,,,,,,,,,,,,,,
2023-04-03 23:00:00,,,,,,,,,,,,,,,,,
2023-04-04 00:00:00,,,,,,,,,,,,,,,,,
2023-04-04 01:00:00,,,,,,,,,,,,,,,,,
2023-04-04 02:00:00,,,,,,,,,,,,,,,,,
2023-04-04 03:00:00,,,,,,,,,,,,,,,,,
2023-04-04 04:00:00,,,,,,,,,,,,,,,,,
2023-04-04 05:00:00,,,,,,,,,,,,,,,,,
2023-04-04 06:00:00,,,,,,,,,,,,,,,,,
2023-04-04 07:00:00,,,,,,,,,,,,,,,,,
2023-04-04 08:00:00,,,,,,,,,,,,,,,,,
2023-04-04 09:00:00,,,,,,,,,,,,,,,,,
2023-04-04 10:00:00,,,,,,,,,,,,,,,,,
2023-04-04 11:00:00,,,,,,,,,,,,,,,,,
2023-04-04 12:00:00,,,,,,,,,,,,,,,,,
2023-04-04 13:00:00,,,,,,,,,,,,,,,,,
2023-04-04 14:00:00,,,,,,,,,,,,,,,,,
2023-04-04 15:00:00,,,,,,,,,,,,,,,,,
2023-04-04 16:00:00,,,,,,,,,,,,,,,,,
2023-04-04 17:00:00,,,,,,,,,,,,,,,,,
2023-04-04 18:00:00,,,,,,,,,,,,,,,,,
2023-04-04 19:00:00,,,,,,,,,,,,,,,,,
2023-04-04 20:00:00,,,,,,,,,,,,,,,,,
2023-04-04 21:00:00,,,,,,,,,,,,,,,,,
2023-04-04 22:00:00,,,,,,,,,,,,,,,,,
2023-04-04 23:00:00,,,,,,,,,,,,,,,,,
2023-04-05 00:00:00,,,,,,,,,,,,,,,,,
2023-04-05 01:00:00,,,,,,,,,,,,,,,,,
2023-04-05 02:00:00,,,,,,,,,,,,,,,,,
2023-04-05 03:00:00,,,,,,,,,,,,,,,,,
2023-04-05 04:00:00,,,,,,,,,,,,,,,,,
2023-04-05 05:00:00,,,,,,,,,,,,,,,,,
2023-04-05 06:00:00,,,,,,,,,,,,,,,,,
2023-04-05 07:00:00,,,,,,,,,,,,,,,,,
2023-04-05 08:00:00,,,,,,,,,,,,,,,,,
2023-04-05 09:00:00,,,,,,,,,,,,,,,,,
2023-04-05 10:00:00,,,,,,,,,,,,,,,,,
2023-04-05 11:00:00,,,,,,,,,,,,,,,,,
2023-04-05 12:00:00,,,,,,,,,,,,,,,,,
2023-04-05 13:00:00,,,,,,,,,,,,,,,,,
2023-04-05 14:00:00,,,,,,,,,,,,,,,,,
2023-04-05 15:00:00,,,,,,,,,,,,,,,,,
2023-04-05 16:00:00,,,,,,,,,,,,,,,,,
2023-04-05 17:00:00,,,,,,,,,,,,,,,,,
2023-04-05 18:00:00,,,,,,,,,,,,,,,,,
2023-04-05 19:00:00,,,,,,,,,,,,,,,,,
2023-04-05 20:00:00,,,,,,,,,,,,,,,,,
2023-04-05 21:00:00,,,,,,,,,,,,,,,,,
2023-04-05 22:00:00,,,,,,,,,,,,,,,,,
2023-04-05 23:00:00,,,,,,,,,,,,,,,,,
2023-04-06 00:00:00,,,,,,,,,,,,,,,,,
2023-04-06 01:00:00,,,,,,,,,,,,,,,,,
2023-04-06 02:00:00,,,,,,,,,,,,,,,,,
2023-04-06 03:00:00,,,,,,,,,,,,,,,,,
2023-04-06 04:00:00,,,,,,,,,,,,,,,,,
2023-04-06 05:00:00,,,,,,,,,,,,,,,,,
2023-04-06 06:00:00,,,,,,,,,,,,,,,,,
2023-04-06 07:00:00,,,,,,,,,,,,,,,,,
2023-04-06 08:00:00,,,,,,,,,,,,,,,,,
2023-04-06 09:00:00,,,,,,,,,,,,,,,,,
2023-04-06 10:00:00,,,,,,,,,,,,,,,,,
2023-04-06 11:00:00,,,,,,,,,,,,,,,,,
2023-04-06 12:00:00,,,,,,,,,,,,,,,,,
2023-04-06 13:00:00,,,,,,,,,,,,,,,,,
2023-04-06 14:00:00,,,,,,,,,,,,,,,,,
2023-04-06 15:00:00,,,,,,,,,,,,,,,,,
2023-04-06 16:00:00,,,,,,,,,,,,,,,,,
2023-04-06 17:00:00,,,,,,,,,,,,,,,,,
2023-04-06 18:00:00,,,,,,,,,,,,,,,,,
2023-04-06 19:00:00,,,,,,,,,,,,,,,,,
2023-04-06 20:00:00,,,,,,,,,,,,,,,,,
2023-04-06 21:00:00,,,,,,,,,,,,,,,,,
2023-04-06 22:00:00,,,,,,,,,,,,,,,,,
2023-04-06 23:00:00,,,,,,,,,,,,,,,,,
2023-04-07 00:00:00,,,,,,,,,,,,,,,,,
2023-04-07 01:00:00,,,,,,,,,,,,,,,,,
2023-04-07 02:00:00,,,,,,,,,,,,,,,,,
2023-04-07 03:00:00,,,,,,,,,,,,,,,,,
2023-04-07 04:00:00,,,,,,,,,,,,,,,,,
2023-04-07 05:00:00,,,,,,,,,,,,,,,,,
2023-04-07 06:00:00,,,,,,,,,,,,,,,,,
2023-04-07 07:00:00,,,,,,,,,,,,,,,,,
2023-04-07 08:00:00,,,,,,,,,,,,,,,,,
2023-04-07 09:00:00,,,,,,,,,,,,,,,,,
2023-04-07 10:00:00,,,,,,,,,,,,,,,,,
2023-04-07 11:00:00,,,,,,,,,,,,,,,,,
2023-04-07 12:00:00,,,,,,,,,,,,,,,,,
2023-04-07 13:00:00,,,,,,,,,,,,,,,,,
2023-04-07 14:00:00,,,,,,,,,,,,,,,,,
2023-04-07 15:00:00,,,,,,,,,,,,,,,,,
2023-04-07 16:00:00,,,,,,,,,,,,,,,,,
2023-04-07 17:00:00,,,,,,,,,,,,,,,,,
2023-04-07 18:00:00,,,,,,,,,,,,,,,,,
2023-04-07 19:00:00,,,,,,,,,,,,,,,,,
2023-04-07 20:00:00,,,,,,,,,,,,,,,,,
2023-04-07 21:00:00,,,,,,,,,,,,,,,,,
2023-04-07 22:00:00,,,,,,,,,,,,,,,,,
2023-04-07 23:00:00,,,,,,,,,,,,,,,,,
2023-04-08 00:00:00,,,,,,,,,,,,,,,,,
2023-04-08 01:00:00,,,,,,,,,,,,,,,,,
2023-04-08 02:00:00,,,,,,,,,,,,,,,,,
2023-04-08 03:00:00,,,,,,,,,,,,,,,,,
2023-04-08 04:00:00,,,,,,,,,,,,,,,,,
2023-04-08 05:00:00,,,,,,,,,,,,,,,,,
2023-04-08 06:00:00,,,,,,,,,,,,,,,,,
2023-04-08 07:00:00,,,,,,,,,,,,,,,,,
2023-04-08 08:00:00,,,,,,,,,,,,,,,,,
2023-04-08 09:00:00,,,,,,,,,,,,,,,,,
2023-04-08 10:00:00,,,,,,,,,,,,,,,,,
2023-04-08 11:00:00,,,,,,,,,,,,,,,,,
2023-04-08 12:00:00,,,,,,,,,,,,,,,,,
2023-04-08 13:00:00,,,,,,,,,,,,,,,,,
2023-04-08 14:00:00,,,,,,,,,,,,,,,,,
2023-04-08 15:00:00,,,,,,,,,,,,,,,,,
2023-04-08 16:00:00,,,,,,,,,,,,,,,,,
2023-04-08 17:00:00,,,,,,,,,,,,,,,,,
2023-04-08 18:00:00,,,,,,,,,,,,,,,,,
2023-04-08 19:00:00,,,,,,,,,,,,,,,,,
2023-04-08 20:00:00,,,,,,,,,,,,,,,,,
2023-04-08 21:00:00,,,,,,,,,,,,,,,,,
2023-04-08 22:00:00,,,,,,,,,,,,,,,,,
2023-04-08 23:00:00,,,,,,,,,,,,,,,,,
2023-04-09 00:00:00,,,,,,,,,,,,,,,,,
2023-04-09 01:00:00,,,,,,,,,,,,,,,,,
2023-04-09 02:00:00,,,,,,,,,,,,,,,,,
2023-04-09 03:00:00,,,,,,,,,,,,,,,,,
2023-04-09 04:00:00,,,,,,,,,,,,,,,,,
2023-04-09 05:00:00,,,,,,,,,,,,,,,,,
2023-04-09 06:00:00,,,,,,,,,,,,,,,,,
2023-04-09 07:00:00,,,,,,,,,,,,,,,,,
2023-04-09 08:00:00,,,,,,,,,,,,,,,,,
2023-04-09 09:00:00,,,,,,,,,,,,,,,,,
2023-04-09 10:00:00,,,,,,,,,,,,,,,,,
2023-04-09 11:00:00,,,,,,,,,,,,,,,,,
2023-04-09 12:00:00,,,,,,,,,,,,,,,,,
2023-04-09 13:00:00,,,,,,,,,,,,,,,,,
2023-04-09 14:00:00,,,,,,,,,,,,,,,,,
2023-04-09 15:00:00,,,,,,,,,,,,,,,,,
2023-04-09 16:00:00,,,,,,,,,,,,,,,,,
2023-04-09 17:00:00,,,,,,,,,,,,,,,,,
2023-04-09 18:00:00,,,,,,,,,,,,,,,,,
2023-04-09 19:00:00,,,,,,,,,,,,,,,,,
2023-04-09 20:00:00,,,,,,,,,,,,,,,,,
2023-04-09 21:00:00,,,,,,,,,,,,,,,,,
2023-04-09 22:00:00,,,,,,,,,,,,,,,,,
2023-04-09 23:00:00,,,,,,,,,,,,,,,,,
2023-04-10 00:00:00,,,,,,,,,,,,,,,,,
2023-04-10 01:00:00,,,,,,,,,,,,,,,,,
2023-04-10 02:00:00,,,,,,,,,,,,,,,,,
2023-04-10 03:00:00,,,,,,,,,,,,,,,,,
2023-04-10 04:00:00,,,,,,,,,,,,,,,,,
2023-04-10 05:00:00,,,,,,,,,,,,,,,,,
2023-04-10 06:00:00,,,,,,,,,,,,,,,,,
2023-04-10 07:00:00,,,,,,,,,,,,,,,,,
2023-04-10 08:00:00,,,,,,,,,,,,,,,,,
2023-04-10 09:00:00,,,,,,,,,,,,,,,,,
2023-04-10 10:00:00,,,,,,,,,,,,,,,,,
2023-04-10 11:00:00,,,,,,,,,,,,,,,,,
2023-04-10 12:00:00,,,,,,,,,,,,,,,,,
2023-04-10 13:00:00,,,,,,,,,,,,,,,,,
2023-04-10 14:00:00,,,,,,,,,,,,,,,,,
2023-04-10 15:00:00,,,,,,,,,,,,,,,,,
2023-04-10 16:00:00,,,,,,,,,,,,,,,,,
2023-04-10 17:00:00,,,,,,,,,,,,,,,,,
2023-04-10 18:00:00,,,,,,,,,,,,,,,,,
2023-04-10 19:00:00,,,,,,,,,,,,,,,,,
2023-04-10 20:00:00,,,,,,,,,,,,,,,,,
2023-04-10 21:00:00,,,,,,,,,,,,,,,,,
2023-04-10 22:00:00,,,,,,,,,,,,,,,,,
2023-04-10 23:00:00,,,,,,,,,,,,,,,,,
2023-04-11 00:00:00,,,,,,,,,,,,,,,,,
2023-04-11 01:00:00,,,,,,,,,,,,,,,,,
2023-04-11 02:00:00,,,,,,,,,,,,,,,,,
2023-04-11 03:00:00,,,,,,,,,,,,,,,,,
2023-04-11 04:00:00,,,,,,,,,,,,,,,,,
2023-04-11 05:00:00,,,,,,,,,,,,,,,,,
2023-04-11 06:00:00,,,,,,,,,,,,,,,,,
2023-04-11 07:00:00,,,,,,,,,,,,,,,,,
2023-04-11 08:00:00,,,,,,,,,,,,,,,,,
2023-04-11 09:00:00,,,,,,,,,,,,,,,,,
2023-04-11 10:00:00,,,,,,,,,,,,,,,,,
2023-04-11 11:00:00,,,,,,,,,,,,,,,,,
2023-04-11 12:00:00,,,,,,,,,,,,,,,,,
2023-04-11 13:00:00,,,,,,,,,,,,,,,,,
2023-04-11 14:00:00,,,,,,,,,,,,,,,,,
2023-04-11 15:00:00,,,,,,,,,,,,,,,,,
2023-04-11 16:00:00,,,,,,,,,,,,,,,,,
2023-04-11 17:00:00,,,,,,,,,,,,,,,,,
2023-04-11 18:00:00,,,,,,,,,,,,,,,,,
2023-04-11 19:00:00,,,,,,,,,,,,,,,,,
2023-04-11 20:00:00,,,,,,,,,,,,,,,,,
2023-04-11 21:00:00,,,,,,,,,,,,,,,,,
2023-04-11 22:00:00,,,,,,,,,,,,,,,,,
2023-04-11 23:00:00,,,,,,,,,,,,,,,,,
2023-04-12 00:00:00,,,,,,,,,,,,,,,,,
2023-04-12 01:00:00,,,,,,,,,,,,,,,,,
2023-04-12 02:00:00,,,,,,,,,,,,,,,,,
2023-04-12 03:00:00,,,,,,,,,,,,,,,,,
2023-04-12 04:00:00,,,,,,,,,,,,,,,,,
2023-04-12 05:00:00,,,,,,,,,,,,,,,,,
2023-04-12 06:00:00,,,,,,,,,,,,,,,,,
2023-04-12 07:00:00,,,,,,,,,,,,,,,,,
2023-04-12 08:00:00,,,,,,,,,,,,,,,,,
2023-04-12 09:00:00,,,,,,,,,,,,,,,,,
2023-04-12 10:00:00,,,,,,,,,,,,,,,,,
2023-04-12 11:00:00,,,,,,,,,,,,,,,,,
2023-04-12 12:00:00,,,,,,,,,,,,,,,,,
2023-04-12 13:00:00,,,,,,,,,,,,,,,,,
2023-04-12 14:00:00,,,,,,,,,,,,,,,,,
2023-04-12 15:00:00,,,,,,,,,,,,,,,,,
2023-04-12 16:00:00,,,,,,,,,,,,,,,,,
2023-04-12 17:00:00,,,,,,,,,,,,,,,,,
2023-04-12 18:00:00,,,,,,,,,,,,,,,,,
2023-04-12 19:00:00,,,,,,,,,,,,,,,,,
2023-04-12 20:00:00,,,,,,,,,,,,,,,,,
2023-04-12 21:00:00,,,,,,,,,,,,,,,,,
2023-04-12 22:00:00,,,,,,,,,,,,,,,,,
2023-04-12 23:00:00,,,,,,,,,,,,,,,,,
2023-04-13 00:00:00,,,,,,,,,,,,,,,,,
2023-04-13 01:00:00,,,,,,,,,,,,,,,,,
2023-04-13 02:00:00,,,,,,,,,,,,,,,,,
2023-04-13 03:00:00,,,,,,,,,,,,,,,,,
2023-04-13 04:00:00,,,,,,,,,,,,,,,,,
2023-04-13 05:00:00,,,,,,,,,,,,,,,,,
2023-04-13 06:00:00,,,,,,,,,,,,,,,,,
2023-04-13 07:00:00,,,,,,,,,,,,,,,,,
2023-04-13 08:00:00,,,,,,,,,,,,,,,,,
2023-04-13 09:00:00,,,,,,,,,,,,,,,,,
2023-04-13 10:00:00,,,,,,,,,,,,,,,,,
2023-04-13 11:00:00,,,,,,,,,,,,,,,,,
2023-04-13 12:00:00,,,,,,,,,,,,,,,,,
2023-04-13 13:00:00,,,,,,,,,,,,,,,,,
2023-04-13 14:00:00,,,,,,,,,,,,,,,,,
2023-04-13 15:00:00,,,,,,,,,,,,,,,,,
2023-04-13 16:00:00,,,,,,,,,,,,,,,,,
2023-04-13 17:00:00,,,,,,,,,,,,,,,,,
2023-04-13 18:00:00,,,,,,,,,,,,,,,,,
2023-04-13 19:00:00,,,,,,,,,,,,,,,,,
2023-04-13 20:00:00,,,,,,,,,,,,,,,,,
2023-04-13 21:00:00,,,,,,,,,,,,,,,,,
2023-04-13 22:00:00,,,,,,,,,,,,,,,,,
2023-04-13 23:00:00,,,,,,,,,,,,,,,,,
2023-04-14 00:00:00,,,,,,,,,,,,,,,,,
2023-04-14 01:00:00,,,,,,,,,,,,,,,,,
2023-04-14 02:00:00,,,,,,,,,,,,,,,,,
2023-04-14 03:00:00,,,,,,,,,,,,,,,,,
2023-04-14 04:00:00,,,,,,,,,,,,,,,,,
2023-04-14 05:00:00,,,,,,,,,,,,,,,,,
2023-04-14 06:00:00,,,,,,,,,,,,,,,,,
2023-04-14 07:00:00,,,,,,,,,,,,,,,,,
2023-04-14 08:00:00,,,,,,,,,,,,,,,,,
2023-04-14 09:00:00,,,,,,,,,,,,,,,,,
2023-04-14 10:00:00,,,,,,,,,,,,,,,,,
2023-04-14 11:00:00,,,,,,,,,,,,,,,,,
2023-04-14 12:00:00,,,,,,,,,,,,,,,,,
2023-04-14 13:00:00,,,,,,,,,,,,,,,,,
2023-04-14 14:00:00,,,,,,,,,,,,,,,,,
2023-04-14 15:00:00,,,,,,,,,,,,,,,,,
2023-04-14 16:00:00,,,,,,,,,,,,,,,,,
2023-04-14 17:00:00,,,,,,,,,,,,,,,,,
2023-04-14 18:00:00,,,,,,,,,,,,,,,,,
2023-04-14 19:00:00,,,,,,,,,,,,,,,,,
2023-04-14 20:00:00,,,,,,,,,,,,,,,,,
2023-04-14 21:00:00,,,,,,,,,,,,,,,,,
2023-04-14 22:00:00,,,,,,,,,,,,,,,,,
2023-04-14 23:00:00,,,,,,,,,,,,,,,,,
2023-04-15 00:00:00,,,,,,,,,,,,,,,,,
2023-04-15 01:00:00,,,,,,,,,,,,,,,,,
2023-04-15 02:00:00,,,,,,,,,,,,,,,,,
2023-04-15 03:00:00,,,,,,,,,,,,,,,,,
2023-04-15 04:00:00,,,,,,,,,,,,,,,,,
2023-04-15 05:00:00,,,,,,,,,,,,,,,,,
2023-04-15 06:00:00,,,,,,,,,,,,,,,,,
2023-04-15 07:00:00,,,,,,,,,,,,,,,,,
2023-04-15 08:00:00,,,,,,,,,,,,,,,,,
2023-04-15 09:00:00,,,,,,,,,,,,,,,,,
2023-04-15 10:00:00,,,,,,,,,,,,,,,,,
2023-04-15 11:00:00,,,,,,,,,,,,,,,,,
2023-04-15 12:00:00,,,,,,,,,,,,,,,,,
2023-04-15 13:00:00,,,,,,,,,,,,,,,,,
2023-04-15 14:00:00,,,,,,,,,,,,,,,,,
2023-04-15 15:00:00,,,,,,,,,,,,,,,,,
2023-04-15 16:00:00,,,,,,,,,,,,,,,,,
2023-04-15 17:00:00,,,,,,,,,,,,,,,,,
2023-04-15 18:00:00,,,,,,,,,,,,,,,,,
2023-04-15 19:00:00,,,,,,,,,,,,,,,,,
2023-04-15 20:00:00,,,,,,,,,,,,,,,,,
2023-04-15 21:00:00,,,,,,,,,,,,,,,,,
2023-04-15 22:00:00,,,,,,,,,,,,,,,,,
2023-04-15 23:00:00,,,,,,,,,,,,,,,,,
2023-04-16 00:00:00,,,,,,,,,,,,,,,,,
2023-04-16 01:00:00,,,,,,,,,,,,,,,,,
2023-04-16 02:00:00,,,,,,,,,,,,,,,,,
2023-04-16 03:00:00,,,,,,,,,,,,,,,,,
2023-04-16 04:00:00,,,,,,,,,,,,,,,,,
2023-04-16 05:00:00,,,,,,,,,,,,,,,,,
2023-04-16 06:00:00,,,,,,,,,,,,,,,,,
2023-04-16 07:00:00,,,,,,,,,,,,,,,,,
2023-04-16 08:00:00,,,,,,,,,,,,,,,,,
2023-04-16 09:00:00,,,,,,,,,,,,,,,,,
2023-04-16 10:00:00,,,,,,,,,,,,,,,,,
2023-04-16 11:00:00,,,,,,,,,,,,,,,,,
2023-04-16 12:00:00,,,,,,,,,,,,,,,,,
2023-04-16 13:00:00,,,,,,,,,,,,,,,,,
2023-04-16 14:00:00,,,,,,,,,,,,,,,,,
2023-04-16 15:00:00,,,,,,,,,,,,,,,,,
2023-04-16 16:00:00,,,,,,,,,,,,,,,,,
2023-04-16 17:00:00,,,,,,,,,,,,,,,,,
2023-04-16 18:00:00,,,,,,,,,,,,,,,,,
2023-04-16 19:00:00,,,,,,,,,,,,,,,,,
2023-04-16 20:00:00,,,,,,,,,,,,,,,,,
2023-04-16 21:00:00,,,,,,,,,,,,,,,,,
2023-04-16 22:00:00,,,,,,,,,,,,,,,,,
2023-04-16 23:00:00,,,,,,,,,,,,,,,,,
2023-04-17 00:00:00,,,,,,,,,,,,,,,,,
2023-04-17 01:00:00,,,,,,,,,,,,,,,,,
2023-04-17 02:00:00,,,,,,,,,,,,,,,,,
2023-04-17 03:00:00,,,,,,,,,,,,,,,,,
2023-04-17 04:00:00,,,,,,,,,,,,,,,,,
2023-04-17 05:00:00,,,,,,,,,,,,,,,,,
2023-04-17 06:00:00,,,,,,,,,,,,,,,,,
2023-04-17 07:00:00,,,,,,,,,,,,,,,,,
2023-04-17 08:00:00,,,,,,,,,,,,,,,,,
2023-04-17 09:00:00,,,,,,,,,,,,,,,,,
2023-04-17 10:00:00,,,,,,,,,,,,,,,,,
2023-04-17 11:00:00,,,,,,,,,,,,,,,,,
2023-04-17 12:00:00,,,,,,,,,,,,,,,,,
2023-04-17 13:00:00,,,,,,,,,,,,,,,,,
2023-04-17 14:00:00,,,,,,,,,,,,,,,,,
2023-04-17 15:00:00,,,,,,,,,,,,,,,,,
2023-04-17 16:00:00,,,,,,,,,,,,,,,,,
2023-04-17 17:00:00,,,,,,,,,,,,,,,,,
2023-04-17 18:00:00,,,,,,,,,,,,,,,,,
2023-04-17 19:00:00,,,,,,,,,,,,,,,,,
2023-04-17 20:00:00,,,,,,,,,,,,,,,,,
2023-04-17 21:00:00,,,,,,,,,,,,,,,,,
2023-04-17 22:00:00,,,,,,,,,,,,,,,,,
2023-04-17 23:00:00,,,,,,,,,,,,,,,,,
2023-04-18 00:00:00,,,,,,,,,,,,,,,,,
2023-04-18 01:00:00,,,,,,,,,,,,,,,,,
2023-04-18 02:00:00,,,,,,,,,,,,,,,,,
2023-04-18 03:00:00,,,,,,,,,,,,,,,,,
2023-04-18 04:00:00,,,,,,,,,,,,,,,,,
2023-04-18 05:00:00,,,,,,,,,,,,,,,,,
2023-04-18 06:00:00,,,,,,,,,,,,,,,,,
2023-04-18 07:00:00,,,,,,,,,,,,,,,,,
2023-04-18 08:00:00,,,,,,,,,,,,,,,,,
2023-04-18 09:00:00,,,,,,,,,,,,,,,,,
2023-04-18 10:00:00,,,,,,,,,,,,,,,,,
2023-04-18 11:00:00,,,,,,,,,,,,,,,,,
2023-04-18 12:00:00,,,,,,,,,,,,,,,,,
2023-04-18 13:00:00,,,,,,,,,,,,,,,,,
2023-04-18 14:00:00,,,,,,,,,,,,,,,,,
2023-04-18 15:00:00,,,,,,,,,,,,,,,,,
2023-04-18 16:00:00,,,,,,,,,,,,,,,,,
2023-04-18 17:00:00,,,,,,,,,,,,,,,,,
2023-04-18 18:00:00,,,,,,,,,,,,,,,,,
2023-04-18 19:00:00,,,,,,,,,,,,,,,,,
2023-04-18 20:00:00,,,,,,,,,,,,,,,,,
2023-04-18 21:00:00,,,,,,,,,,,,,,,,,
2023-04-18 22:00:00,,,,,,,,,,,,,,,,,
2023-04-18 23:00:00,,,,,,,,,,,,,,,,,
2023-04-19 00:00:00,,,,,,,,,,,,,,,,,
2023-04-19 01:00:00,,,,,,,,,,,,,,,,,
2023-04-19 02:00:00,,,,,,,,,,,,,,,,,
2023-04-19 03:00:00,,,,,,,,,,,,,,,,,
2023-04-19 04:00:00,,,,,,,,,,,,,,,,,
2023-04-19 05:00:00,,,,,,,,,,,,,,,,,
2023-04-19 06:00:00,,,,,,,,,,,,,,,,,
2023-04-19 07:00:00,,,,,,,,,,,,,,,,,
2023-04-19 08:00:00,,,,,,,,,,,,,,,,,
2023-04-19 09:00:00,,,,,,,,,,,,,,,,,
2023-04-19 10:00:00,,,,,,,,,,,,,,,,,
2023-04-19 11:00:00,,,,,,,,,,,,,,,,,
2023-04-19 12:00:00,,,,,,,,,,,,,,,,,
2023-04-19 13:00:00,,,,,,,,,,,,,,,,,
2023-04-19 14:00:00,,,,,,,,,,,,,,,,,
2023-04-19 15:00:00,,,,,,,,,,,,,,,,,
2023-04-19 16:00:00,,,,,,,,,,,,,,,,,
2023-04-19 17:00:00,,,,,,,,,,,,,,,,,
2023-04-19 18:00:00,,,,,,,,,,,,,,,,,
2023-04-19 19:00:00,,,,,,,,,,,,,,,,,
2023-04-19 20:00:00,,,,,,,,,,,,,,,,,
2023-04-19 21:00:00,,,,,,,,,,,,,,,,,
2023-04-19 22:00:00,,,,,,,,,,,,,,,,,
2023-04-19 23:00:00,,,,,,,,,,,,,,,,,
2023-04-20 00:00:00,,,,,,,,,,,,,,,,,
2023-04-20 01:00:00,,,,,,,,,,,,,,,,,
2023-04-20 02:00:00,,,,,,,,,,,,,,,,,
2023-04-20 03:00:00,,,,,,,,,,,,,,,,,
2023-04-20 04:00:00,,,,,,,,,,,,,,,,,
2023-04-20 05:00:00,,,,,,,,,,,,,,,,,
2023-04-20 06:00:00,,,,,,,,,,,,,,,,,
2023-04-20 07:00:00,,,,,,,,,,,,,,,,,
2023-04-20 08:00:00,,,,,,,,,,,,,,,,,
2023-04-20 09:00:00,,,,,,,,,,,,,,,,,
2023-04-20 10:00:00,,,,,,,,,,,,,,,,,
2023-04-20 11:00:00,,,,,,,,,,,,,,,,,
2023-04-20 12:00:00,,,,,,,,,,,,,,,,,
2023-04-20 13:00:00,,,,,,,,,,,,,,,,,
2023-04-20 14:00:00,,,,,,,,,,,,,,,,,
2023-04-20 15:00:00,,,,,,,,,,,,,,,,,
2023-04-20 16:00:00,,,,,,,,,,,,,,,,,
2023-04-20 17:00:00,,,,,,,,,,,,,,,,,
2023-04-20 18:00:00,,,,,,,,,,,,,,,,,
2023-04-20 19:00:00,,,,,,,,,,,,,,,,,
2023-04-20 20:00:00,,,,,,,,,,,,,,,,,
2023-04-20 21:00:00,,,,,,,,,,,,,,,,,
2023-04-20 22:00:00,,,,,,,,,,,,,,,,,
2023-04-20 23:00:00,,,,,,,,,,,,,,,,,
2023-04-21 00:00:00,,,,,,,,,,,,,,,,,
2023-04-21 01:00:00,,,,,,,,,,,,,,,,,
2023-04-21 02:00:00,,,,,,,,,,,,,,,,,
2023-04-21 03:00:00,,,,,,,,,,,,,,,,,
2023-04-21 04:00:00,,,,,,,,,,,,,,,,,
2023-04-21 05:00:00,,,,,,,,,,,,,,,,,
2023-04-21 06:00:00,,,,,,,,,,,,,,,,,
2023-04-21 07:00:00,,,,,,,,,,,,,,,,,
2023-04-21 08:00:00,,,,,,,,,,,,,,,,,
2023-04-21 09:00:00,,,,,,,,,,,,,,,,,
2023-04-21 10:00:00,,,,,,,,,,,,,,,,,
2023-04-21 11:00:00,,,,,,,,,,,,,,,,,
2023-04-21 12:00:00,,,,,,,,,,,,,,,,,
2023-04-21 13:00:00,,,,,,,,,,,,,,,,,
2023-04-21 14:00:00,,,,,,,,,,,,,,,,,
2023-04-21 15:00:00,,,,,,,,,,,,,,,,,
2023-04-21 16:00:00,,,,,,,,,,,,,,,,,
2023-04-21 17:00:00,,,,,,,,,,,,,,,,,
2023-04-21 18:00:00,,,,,,,,,,,,,,,,,
2023-04-21 19:00:00,,,,,,,,,,,,,,,,,
2023-04-21 20:00:00,,,,,,,,,,,,,,,,,
2023-04-21 21:00:00,,,,,,,,,,,,,,,,,
2023-04-21 22:00:00,,,,,,,,,,,,,,,,,
2023-04-21 23:00:00,,,,,,,,,,,,,,,,,
2023-04-22 00:00:00,,,,,,,,,,,,,,,,,
2023-04-22 01:00:00,,,,,,,,,,,,,,,,,
2023-04-22 02:00:00,,,,,,,,,,,,,,,,,
2023-04-22 03:00:00,,,,,,,,,,,,,,,,,
2023-04-22 04:00:00,,,,,,,,,,,,,,,,,
2023-04-22 05:00:00,,,,,,,,,,,,,,,,,
2023-04-22 06:00:00,,,,,,,,,,,,,,,,,
2023-04-22 07:00:00,,,,,,,,,,,,,,,,,
2023-04-22 08:00:00,,,,,,,,,,,,,,,,,
2023-04-22 09:00:00,,,,,,,,,,,,,,,,,
2023-04-22 10:00:00,,,,,,,,,,,,,,,,,
2023-04-22 11:00:00,,,,,,,,,,,,,,,,,
2023-04-22 12:00:00,,,,,,,,,,,,,,,,,
2023-04-22 13:00:00,,,,,,,,,,,,,,,,,
2023-04-22 14:00:00,,,,,,,,,,,,,,,,,
2023-04-22 15:00:00,,,,,,,,,,,,,,,,,
2023-04-22 16:00:00,,,,,,,,,,,,,,,,,
2023-04-22 17:00:00,,,,,,,,,,,,,,,,,
2023-04-22 18:00:00,,,,,,,,,,,,,,,,,
2023-04-22 19:00:00,,,,,,,,,,,,,,,,,
2023-04-22 20:00:00,,,,,,,,,,,,,,,,,
2023-04-22 21:00:00,,,,,,,,,,,,,,,,,
2023-04-22 22:00:00,,,,,,,,,,,,,,,,,
2023-04-22 23:00:00,,,,,,,,,,,,,,,,,
2023-04-23 00:00:00,,,,,,,,,,,,,,,,,
2023-04-23 01:00:00,,,,,,,,,,,,,,,,,
2023-04-23 02:00:00,,,,,,,,,,,,,,,,,
2023-04-23 03:00:00,,,,,,,,,,,,,,,,,
2023-04-23 04:00:00,,,,,,,,,,,,,,,,,
2023-04-23 05:00:00,,,,,,,,,,,,,,,,,
2023-04-23 06:00:00,,,,,,,,,,,,,,,,,
2023-04-23 07:00:00,,,,,,,,,,,,,,,,,
2023-04-23 08:00:00,,,,,,,,,,,,,,,,,
2023-04-23 09:00:00,,,,,,,,,,,,,,,,,
2023-04-23 10:00:00,,,,,,,,,,,,,,,,,
2023-04-23 11:00:00,,,,,,,,,,,,,,,,,
2023-04-23 12:00:00,,,,,,,,,,,,,,,,,
2023-04-23 13:00:00,,,,,,,,,,,,,,,,,
2023-04-23 14:00:00,,,,,,,,,,,,,,,,,
2023-04-23 15:00:00,,,,,,,,,,,,,,,,,
2023-04-23 16:00:00,,,,,,,,,,,,,,,,,
2023-04-23 17:00:00,,,,,,,,,,,,,,,,,
2023-04-23 18:00:00,,,,,,,,,,,,,,,,,
2023-04-23 19:00:00,,,,,,,,,,,,,,,,,
2023-04-23 20:00:00,,,,,,,,,,,,,,,,,
2023-04-23 21:00:00,,,,,,,,,,,,,,,,,
2023-04-23 22:00:00,,,,,,,,,,,,,,,,,
2023-04-23 23:00:00,,,,,,,,,,,,,,,,,
2023-04-24 00:00:00,,,,,,,,,,,,,,,,,
2023-04-24 01:00:00,,,,,,,,,,,,,,,,,
2023-04-24 02:00:00,,,,,,,,,,,,,,,,,
2023-04-24 03:00:00,,,,,,,,,,,,,,,,,
2023-04-24 04:00:00,,,,,,,,,,,,,,,,,
2023-04-24 05:00:00,,,,,,,,,,,,,,,,,
2023-04-24 06:00:00,,,,,,,,,,,,,,,,,
2023-04-24 07:00:00,,,,,,,,,,,,,,,,,
2023-04-24 08:00:00,,,,,,,,,,,,,,,,,
2023-04-24 09:00:00,,,,,,,,,,,,,,,,,
2023-04-24 10:00:00,,,,,,,,,,,,,,,,,
2023-04-24 11:00:00,,,,,,,,,,,,,,,,,
2023-04-24 12:00:00,,,,,,,,,,,,,,,,,
2023-04-24 13:00:00,,,,,,,,,,,,,,,,,
2023-04-24 14:00:00,,,,,,,,,,,,,,,,,
2023-04-24 15:00:00,,,,,,,,,,,,,,,,,
2023-04-24 16:00:00,,,,,,,,,,,,,,,,,
2023-04-24 17:00:00,,,,,,,,,,,,,,,,,
2023-04-24 18:00:00,,,,,,,,,,,,,,,,,
2023-04-24 19:00:00,,,,,,,,,,,,,,,,,
2023-04-24 20:00:00,,,,,,,,,,,,,,,,,
2023-04-24 21:00:00,,,,,,,,,,,,,,,,,
2023-04-24 22:00:00,,,,,,,,,,,,,,,,,
2023-04-24 23:00:00,,,,,,,,,,,,,,,,,
2023-04-25 00:00:00,,,,,,,,,,,,,,,,,
2023-04-25 01:00:00,,,,,,,,,,,,,,,,,
2023-04-25 02:00:00,,,,,,,,,,,,,,,,,
2023-04-25 03:00:00,,,,,,,,,,,,,,,,,
2023-04-25 04:00:00,,,,,,,,,,,,,,,,,
2023-04-25 05:00:00,,,,,,,,,,,,,,,,,
2023-04-25 06:00:00,,,,,,,,,,,,,,,,,
2023-04-25 07:00:00,,,,,,,,,,,,,,,,,
2023-04-25 08:00:00,,,,,,,,,,,,,,,,,
2023-04-25 09:00:00,,,,,,,,,,,,,,,,,
2023-04-25 10:00:00,,,,,,,,,,,,,,,,,
2023-04-25 11:00:00,,,,,,,,,,,,,,,,,
2023-04-25 12:00:00,,,,,,,,,,,,,,,,,
2023-04-25 13:00:00,,,,,,,,,,,,,,,,,
2023-04-25 14:00:00,,,,,,,,,,,,,,,,,
2023-04-25 15:00:00,,,,,,,,,,,,,,,,,
2023-04-25 16:00:00,,,,,,,,,,,,,,,,,
2023-04-25 17:00:00,,,,,,,,,,,,,,,,,
2023-04-25 18:00:00,,,,,,,,,,,,,,,,,
2023-04-25 19:00:00,,,,,,,,,,,,,,,,,
2023-04-25 20:00:00,,,,,,,,,,,,,,,,,
2023-04-25 21:00:00,,,,,,,,,,,,,,,,,
2023-04-25 22:00:00,,,,,,,,,,,,,,,,,
2023-04-25 23:00:00,,,,,,,,,,,,,,,,,
2023-04-26 00:00:00,,,,,,,,,,,,,,,,,
2023-04-26 01:00:00,,,,,,,,,,,,,,,,,
2023-04-26 02:00:00,,,,,,,,,,,,,,,,,
2023-04-26 03:00:00,,,,,,,,,,,,,,,,,
2023-04-26 04:00:00,,,,,,,,,,,,,,,,,
2023-04-26 05:00:00,,,,,,,,,,,,,,,,,
2023-04-26 06:00:00,,,,,,,,,,,,,,,,,
2023-04-26 07:00:00,,,,,,,,,,,,,,,,,
2023-04-26 08:00:00,,,,,,,,,,,,,,,,,
2023-04-26 09:00:00,,,,,,,,,,,,,,,,,
2023-04-26 10:00:00,,,,,,,,,,,,,,,,,
2023-04-26 11:00:00,,,,,,,,,,,,,,,,,
2023-04-26 12:00:00,,,,,,,,,,,,,,,,,
2023-04-26 13:00:00,,,,,,,,,,,,,,,,,
2023-04-26 14:00:00,,,,,,,,,,,,,,,,,
2023-04-26 15:00:00,,,,,,,,,,,,,,,,,
2023-04-26 16:00:00,,,,,,,,,,,,,,,,,
2023-04-26 17:00:00,,,,,,,,,,,,,,,,,
2023-04-26 18:00:00,,,,,,,,,,,,,,,,,
2023-04-26 19:00:00,,,,,,,,,,,,,,,,,
2023-04-26 20:00:00,,,,,,,,,,,,,,,,,
2023-04-26 21:00:00,,,,,,,,,,,,,,,,,
2023-04-26 22:00:00,,,,,,,,,,,,,,,,,
2023-04-26 23:00:00,,,,,,,,,,,,,,,,,
2023-04-27 00:00:00,,,,,,,,,,,,,,,,,
2023-04-27 01:00:00,,,,,,,,,,,,,,,,,
2023-04-27 02:00:00,,,,,,,,,,,,,,,,,
2023-04-27 03:00:00,,,,,,,,,,,,,,,,,
2023-04-27 04:00:00,,,,,,,,,,,,,,,,,
2023-04-27 05:00:00,,,,,,,,,,,,,,,,,
2023-04-27 06:00:00,,,,,,,,,,,,,,,,,
2023-04-27 07:00:00,,,,,,,,,,,,,,,,,
2023-04-27 08:00:00,,,,,,,,,,,,,,,,,
2023-04-27 09:00:00,,,,,,,,,,,,,,,,,
2023-04-27 10:00:00,,,,,,,,,,,,,,,,,
2023-04-27 11:00:00,,,,,,,,,,,,,,,,,
2023-04-27 12:00:00,,,,,,,,,,,,,,,,,
2023-04-27 13:00:00,,,,,,,,,,,,,,,,,
2023-04-27 14:00:00,,,,,,,,,,,,,,,,,
2023-04-27 15:00:00,,,,,,,,,,,,,,,,,
2023-04-27 16:00:00,,,,,,,,,,,,,,,,,
2023-04-27 17:00:00,,,,,,,,,,,,,,,,,
2023-04-27 18:00:00,,,,,,,,,,,,,,,,,
2023-04-27 19:00:00,,,,,,,,,,,,,,,,,
2023-04-27 20:00:00,,,,,,,,,,,,,,,,,
2023-04-27 21:00:00,,,,,,,,,,,,,,,,,
2023-04-27 22:00:00,,,,,,,,,,,,,,,,,
2023-04-27 23:00:00,,,,,,,,,,,,,,,,,
2023-04-28 00:00:00,,,,,,,,,,,,,,,,,
2023-04-28 01:00:00,,,,,,,,,,,,,,,,,
2023-04-28 02:00:00,,,,,,,,,,,,,,,,,
2023-04-28 03:00:00,,,,,,,,,,,,,,,,,
2023-04-28 04:00:00,,,,,,,,,,,,,,,,,
2023-04-28 05:00:00,,,,,,,,,,,,,,,,,
2023-04-28 06:00:00,,,,,,,,,,,,,,,,,
2023-04-28 07:00:00,,,,,,,,,,,,,,,,,
2023-04-28 08:00:00,,,,,,,,,,,,,,,,,
2023-04-28 09:00:00,,,,,,,,,,,,,,,,,
2023-04-28 10:00:00,,,,,,,,,,,,,,,,,
2023-04-28 11:00:00,,,,,,,,,,,,,,,,,
2023-04-28 12:00:00,,,,,,,,,,,,,,,,,
2023-04-28 13:00:00,,,,,,,,,,,,,,,,,
2023-04-28 14:00:00,,,,,,,,,,,,,,,,,
2023-04-28 15:00:00,,,,,,,,,,,,,,,,,
2023-04-28 16:00:00,,,,,,,,,,,,,,,,,
2023-04-28 17:00:00,,,,,,,,,,,,,,,,,
2023-04-28 18:00:00,,,,,,,,,,,,,,,,,
2023-04-28 19:00:00,,,,,,,,,,,,,,,,,
2023-04-28 20:00:00,,,,,,,,,,,,,,,,,
2023-04-28 21:00:00,,,,,,,,,,,,,,,,,
2023-04-28 22:00:00,,,,,,,,,,,,,,,,,
2023-04-28 23:00:00,,,,,,,,,,,,,,,,,
2023-04-29 00:00:00,,,,,,,,,,,,,,,,,
2023-04-29 01:00:00,,,,,,,,,,,,,,,,,
2023-04-29 02:00:00,,,,,,,,,,,,,,,,,
2023-04-29 03:00:00,,,,,,,,,,,,,,,,,
2023-04-29 04:00:00,,,,,,,,,,,,,,,,,
2023-04-29 05:00:00,,,,,,,,,,,,,,,,,
2023-04-29 06:00:00,,,,,,,,,,,,,,,,,
2023-04-29 07:00:00,,,,,,,,,,,,,,,,,
2023-04-29 08:00:00,,,,,,,,,,,,,,,,,
2023-04-29 09:00:00,,,,,,,,,,,,,,,,,
2023-04-29 10:00:00,,,,,,,,,,,,,,,,,
2023-04-29 11:00:00,,,,,,,,,,,,,,,,,
2023-04-29 12:00:00,,,,,,,,,,,,,,,,,
2023-04-29 13:00:00,,,,,,,,,,,,,,,,,
2023-04-29 14:00:00,,,,,,,,,,,,,,,,,
2023-04-29 15:00:00,,,,,,,,,,,,,,,,,
2023-04-29 16:00:00,,,,,,,,,,,,,,,,,
2023-04-29 17:00:00,,,,,,,,,,,,,,,,,
2023-04-29 18:00:00,,,,,,,,,,,,,,,,,
2023-04-29 19:00:00,,,,,,,,,,,,,,,,,
2023-04-29 20:00:00,,,,,,,,,,,,,,,,,
2023-04-29 21:00:00,,,,,,,,,,,,,,,,,
2023-04-29 22:00:00,,,,,,,,,,,,,,,,,
2023-04-29 23:00:00,,,,,,,,,,,,,,,,,
2023-04-30 00:00:00,,,,,,,,,,,,,,,,,
2023-04-30 01:00:00,,,,,,,,,,,,,,,,,
2023-04-30 02:00:00,,,,,,,,,,,,,,,,,
2023-04-30 03:00:00,,,,,,,,,,,,,,,,,
2023-04-30 04:00:00,,,,,,,,,,,,,,,,,
2023-04-30 05:00:00,,,,,,,,,,,,,,,,,
2023-04-30 06:00:00,,,,,,,,,,,,,,,,,
2023-04-30 07:00:00,,,,,,,,,,,,,,,,,
2023-04-30 08:00:00,,,,,,,,,,,,,,,,,
2023-04-30 09:00:00,,,,,,,,,,,,,,,,,
2023-04-30 10:00:00,,,,,,,,,,,,,,,,,
2023-04-30 11:00:00,,,,,,,,,,,,,,,,,
2023-04-30 12:00:00,,,,,,,,,,,,,,,,,
2023-04-30 13:00:00,,,,,,,,,,,,,,,,,
2023-04-30 14:00:00,,,,,,,,,,,,,,,,,
2023-04-30 15:00:00,,,,,,,,,,,,,,,,,
2023-04-30 16:00:00,,,,,,,,,,,,,,,,,
2023-04-30 17:00:00,,,,,,,,,,,,,,,,,
2023-04-30 18:00:00,,,,,,,,,,,,,,,,,
2023-04-30 19:00:00,,,,,,,,,,,,,,,,,
2023-04-30 20:00:00,,,,,,,,,,,,,,,,,
2023-04-30 21:00:00,,,,,,,,,,,,,,,,,
2023-04-30 22:00:00,,,,,,,,,,,,,,,,,
2023-04-30 23:00:00,,,,,,,,,,,,,,,,,
2023-05-01 00:00:00,,,,,,,,,,,,,,,,,
2023-05-01 01:00:00,,,,,,,,,,,,,,,,,
2023-05-01 02:00:00,,,,,,,,,,,,,,,,,
2023-05-01 03:00:00,,,,,,,,,,,,,,,,,
2023-05-01 04:00:00,,,,,,,,,,,,,,,,,
2023-05-01 05:00:00,,,,,,,,,,,,,,,,,
2023-05-01 06:00:00,,,,,,,,,,,,,,,,,
2023-05-01 07:00:00,,,,,,,,,,,,,,,,,
2023-05-01 08:00:00,,,,,,,,,,,,,,,,,
2023-05-01 09:00:00,,,,,,,,,,,,,,,,,
2023-05-01 10:00:00,,,,,,,,,,,,,,,,,
2023-05-01 11:00:00,,,,,,,,,,,,,,,,,
2023-05-01 12:00:00,,,,,,,,,,,,,,,,,
2023-05-01 13:00:00,,,,,,,,,,,,,,,,,
2023-05-01 14:00:00,,,,,,,,,,,,,,,,,
2023-05-01 15:00:00,,,,,,,,,,,,,,,,,
2023-05-01 16:00:00,,,,,,,,,,,,,,,,,
2023-05-01 17:00:00,,,,,,,,,,,,,,,,,
2023-05-01 18:00:00,,,,,,,,,,,,,,,,,
2023-05-01 19:00:00,,,,,,,,,,,,,,,,,
2023-05-01 20:00:00,,,,,,,,,,,,,,,,,
2023-05-01 21:00:00,,,,,,,,,,,,,,,,,
2023-05-01 22:00:00,,,,,,,,,,,,,,,,,
2023-05-01 23:00:00,,,,,,,,,,,,,,,,,
2023-05-02 00:00:00,,,,,,,,,,,,,,,,,
2023-05-02 01:00:00,,,,,,,,,,,,,,,,,
2023-05-02 02:00:00,,,,,,,,,,,,,,,,,
2023-05-02 03:00:00,,,,,,,,,,,,,,,,,
2023-05-02 04:00:00,,,,,,,,,,,,,,,,,
2023-05-02 05:00:00,,,,,,,,,,,,,,,,,
2023-05-02 06:00:00,,,,,,,,,,,,,,,,,
2023-05-02 07:00:00,,,,,,,,,,,,,,,,,
2023-05-02 08:00:00,,,,,,,,,,,,,,,,,
2023-05-02 09:00:00,,,,,,,,,,,,,,,,,
2023-05-02 10:00:00,,,,,,,,,,,,,,,,,
2023-05-02 11:00:00,,,,,,,,,,,,,,,,,
2023-05-02 12:00:00,,,,,,,,,,,,,,,,,
2023-05-02 13:00:00,,,,,,,,,,,,,,,,,
2023-05-02 14:00:00,,,,,,,,,,,,,,,,,
2023-05-02 15:00:00,,,,,,,,,,,,,,,,,
2023-05-02 16:00:00,,,,,,,,,,,,,,,,,
2023-05-02 17:00:00,,,,,,,,,,,,,,,,,
2023-05-02 18:00:00,,,,,,,,,,,,,,,,,
2023-05-02 19:00:00,,,,,,,,,,,,,,,,,
2023-05-02 20:00:00,,,,,,,,,,,,,,,,,
2023-05-02 21:00:00,,,,,,,,,,,,,,,,,
2023-05-02 22:00:00,,,,,,,,,,,,,,,,,
2023-05-02 23:00:00,,,,,,,,,,,,,,,,,
2023-05-03 00:00:00,,,,,,,,,,,,,,,,,
2023-05-03 01:00:00,,,,,,,,,,,,,,,,,
2023-05-03 02:00:00,,,,,,,,,,,,,,,,,
2023-05-03 03:00:00,,,,,,,,,,,,,,,,,
2023-05-03 04:00:00,,,,,,,,,,,,,,,,,
2023-05-03 05:00:00,,,,,,,,,,,,,,,,,
2023-05-03 06:00:00,,,,,,,,,,,,,,,,,
2023-05-03 07:00:00,,,,,,,,,,,,,,,,,
2023-05-03 08:00:00,,,,,,,,,,,,,,,,,
2023-05-03 09:00:00,,,,,,,,,,,,,,,,,
2023-05-03 10:00:00,,,,,,,,,,,,,,,,,
2023-05-03 11:00:00,,,,,,,,,,,,,,,,,
2023-05-03 12:00:00,,,,,,,,,,,,,,,,,
2023-05-03 13:00:00,,,,,,,,,,,,,,,,,
2023-05-03 14:00:00,,,,,,,,,,,,,,,,,
2023-05-03 15:00:00,,,,,,,,,,,,,,,,,
2023-05-03 16:00:00,,,,,,,,,,,,,,,,,
2023-05-03 17:00:00,,,,,,,,,,,,,,,,,
2023-05-03 18:00:00,,,,,,,,,,,,,,,,,
2023-05-03 19:00:00,,,,,,,,,,,,,,,,,
2023-05-03 20:00:00,,,,,,,,,,,,,,,,,
2023-05-03 21:00:00,,,,,,,,,,,,,,,,,
2023-05-03 22:00:00,,,,,,,,,,,,,,,,,
2023-05-03 23:00:00,,,,,,,,,,,,,,,,,
2023-05-04 00:00:00,,,,,,,,,,,,,,,,,
2023-05-04 01:00:00,,,,,,,,,,,,,,,,,
2023-05-04 02:00:00,,,,,,,,,,,,,,,,,
2023-05-04 03:00:00,,,,,,,,,,,,,,,,,
2023-05-04 04:00:00,,,,,,,,,,,,,,,,,
2023-05-04 05:00:00,,,,,,,,,,,,,,,,,
2023-05-04 06:00:00,,,,,,,,,,,,,,,,,
2023-05-04 07:00:00,,,,,,,,,,,,,,,,,
2023-05-04 08:00:00,,,,,,,,,,,,,,,,,
2023-05-04 09:00:00,,,,,,,,,,,,,,,,,
2023-05-04 10:00:00,,,,,,,,,,,,,,,,,
2023-05-04 11:00:00,,,,,,,,,,,,,,,,,
2023-05-04 12:00:00,,,,,,,,,,,,,,,,,
2023-05-04 13:00:00,,,,,,,,,,,,,,,,,
2023-05-04 14:00:00,,,,,,,,,,,,,,,,,
2023-05-04 15:00:00,,,,,,,,,,,,,,,,,
2023-05-04 16:00:00,,,,,,,,,,,,,,,,,
2023-05-04 17:00:00,,,,,,,,,,,,,,,,,
2023-05-04 18:00:00,,,,,,,,,,,,,,,,,
2023-05-04 19:00:00,,,,,,,,,,,,,,,,,
2023-05-04 20:00:00,,,,,,,,,,,,,,,,,
2023-05-04 21:00:00,,,,,,,,,,,,,,,,,
2023-05-04 22:00:00,,,,,,,,,,,,,,,,,
2023-05-04 23:00:00,,,,,,,,,,,,,,,,,
2023-05-05 00:00:00,,,,,,,,,,,,,,,,,
2023-05-05 01:00:00,,,,,,,,,,,,,,,,,
2023-05-05 02:00:00,,,,,,,,,,,,,,,,,
2023-05-05 03:00:00,,,,,,,,,,,,,,,,,
2023-05-05 04:00:00,,,,,,,,,,,,,,,,,
2023-05-05 05:00:00,,,,,,,,,,,,,,,,,
2023-05-05 06:00:00,,,,,,,,,,,,,,,,,
2023-05-05 07:00:00,,,,,,,,,,,,,,,,,
2023-05-05 08:00:00,,,,,,,,,,,,,,,,,
2023-05-05 09:00:00,,,,,,,,,,,,,,,,,
2023-05-05 10:00:00,,,,,,,,,,,,,,,,,
2023-05-05 11:00:00,,,,,,,,,,,,,,,,,
2023-05-05 12:00:00,,,,,,,,,,,,,,,,,
2023-05-05 13:00:00,,,,,,,,,,,,,,,,,
2023-05-05 14:00:00,,,,,,,,,,,,,,,,,
2023-05-05 15:00:00,,,,,,,,,,,,,,,,,
2023-05-05 16:00:00,,,,,,,,,,,,,,,,,
2023-05-05 17:00:00,,,,,,,,,,,,,,,,,
2023-05-05 18:00:00,,,,,,,,,,,,,,,,,
2023-05-05 19:00:00,,,,,,,,,,,,,,,,,
2023-05-05 20:00:00,,,,,,,,,,,,,,,,,
2023-05-05 21:00:00,,,,,,,,,,,,,,,,,
2023-05-05 22:00:00,,,,,,,,,,,,,,,,,
2023-05-05 23:00:00,,,,,,,,,,,,,,,,,
2023-05-06 00:00:00,,,,,,,,,,,,,,,,,
2023-05-06 01:00:00,,,,,,,,,,,,,,,,,
2023-05-06 02:00:00,,,,,,,,,,,,,,,,,
2023-05-06 03:00:00,,,,,,,,,,,,,,,,,
2023-05-06 04:00:00,,,,,,,,,,,,,,,,,
2023-05-06 05:00:00,,,,,,,,,,,,,,,,,
2023-05-06 06:00:00,,,,,,,,,,,,,,,,,
2023-05-06 07:00:00,,,,,,,,,,,,,,,,,
2023-05-06 08:00:00,,,,,,,,,,,,,,,,,
2023-05-06 09:00:00,,,,,,,,,,,,,,,,,
2023-05-06 10:00:00,,,,,,,,,,,,,,,,,
2023-05-06 11:00:00,,,,,,,,,,,,,,,,,
2023-05-06 12:00:00,,,,,,,,,,,,,,,,,
2023-05-06 13:00:00,,,,,,,,,,,,,,,,,
2023-05-06 14:00:00,,,,,,,,,,,,,,,,,
2023-05-06 15:00:00,,,,,,,,,,,,,,,,,
2023-05-06 16:00:00,,,,,,,,,,,,,,,,,
2023-05-06 17:00:00,,,,,,,,,,,,,,,,,
2023-05-06 18:00:00,,,,,,,,,,,,,,,,,
2023-05-06 19:00:00,,,,,,,,,,,,,,,,,
2023-05-06 20:00:00,,,,,,,,,,,,,,,,,
2023-05-06 21:00:00,,,,,,,,,,,,,,,,,
2023-05-06 22:00:00,,,,,,,,,,,,,,,,,
2023-05-06 23:00:00,,,,,,,,,,,,,,,,,
2023-05-07 00:00:00,,,,,,,,,,,,,,,,,
2023-05-07 01:00:00,,,,,,,,,,,,,,,,,
2023-05-07 02:00:00,,,,,,,,,,,,,,,,,
2023-05-07 03:00:00,,,,,,,,,,,,,,,,,
2023-05-07 04:00:00,,,,,,,,,,,,,,,,,
2023-05-07 05:00:00,,,,,,,,,,,,,,,,,
2023-05-07 06:00:00,,,,,,,,,,,,,,,,,
2023-05-07 07:00:00,,,,,,,,,,,,,,,,,
2023-05-07 08:00:00,,,,,,,,,,,,,,,,,
2023-05-07 09:00:00,,,,,,,,,,,,,,,,,
2023-05-07 10:00:00,,,,,,,,,,,,,,,,,
2023-05-07 11:00:00,,,,,,,,,,,,,,,,,
2023-05-07 12:00:00,,,,,,,,,,,,,,,,,
2023-05-07 13:00:00,,,,,,,,,,,,,,,,,
2023-05-07 14:00:00,,,,,,,,,,,,,,,,,
2023-05-07 15:00:00,,,,,,,,,,,,,,,,,
2023-05-07 16:00:00,,,,,,,,,,,,,,,,,
2023-05-07 17:00:00,,,,,,,,,,,,,,,,,
2023-05-07 18:00:00,,,,,,,,,,,,,,,,,
2023-05-07 19:00:00,,,,,,,,,,,,,,,,,
2023-05-07 20:00:00,,,,,,,,,,,,,,,,,
2023-05-07 21:00:00,,,,,,,,,,,,,,,,,
2023-05-07 22:00:00,,,,,,,,,,,,,,,,,
2023-05-07 23:00:00,,,,,,,,,,,,,,,,,
2023-05-08 00:00:00,,,,,,,,,,,,,,,,,
2023-05-08 01:00:00,,,,,,,,,,,,,,,,,
2023-05-08 02:00:00,,,,,,,,,,,,,,,,,
2023-05-08 03:00:00,,,,,,,,,,,,,,,,,
2023-05-08 04:00:00,,,,,,,,,,,,,,,,,
2023-05-08 05:00:00,,,,,,,,,,,,,,,,,
2023-05-08 06:00:00,,,,,,,,,,,,,,,,,
2023-05-08 07:00:00,,,,,,,,,,,,,,,,,
2023-05-08 08:00:00,,,,,,,,,,,,,,,,,
2023-05-08 09:00:00,,,,,,,,,,,,,,,,,
2023-05-08 10:00:00,,,,,,,,,,,,,,,,,
2023-05-08 11:00:00,,,,,,,,,,,,,,,,,
2023-05-08 12:00:00,,,,,,,,,,,,,,,,,
2023-05-08 13:00:00,,,,,,,,,,,,,,,,,
2023-05-08 14:00:00,,,,,,,,,,,,,,,,,
2023-05-08 15:00:00,,,,,,,,,,,,,,,,,
2023-05-08 16:00:00,,,,,,,,,,,,,,,,,
2023-05-08 17:00:00,,,,,,,,,,,,,,,,,
2023-05-08 18:00:00,,,,,,,,,,,,,,,,,
2023-05-08 19:00:00,,,,,,,,,,,,,,,,,
2023-05-08 20:00:00,,,,,,,,,,,,,,,,,
2023-05-08 21:00:00,,,,,,,,,,,,,,,,,
2023-05-08 22:00:00,,,,,,,,,,,,,,,,,
2023-05-08 23:00:00,,,,,,,,,,,,,,,,,
2023-05-09 00:00:00,,,,,,,,,,,,,,,,,
2023-05-09 01:00:00,,,,,,,,,,,,,,,,,
2023-05-09 02:00:00,,,,,,,,,,,,,,,,,
2023-05-09 03:00:00,,,,,,,,,,,,,,,,,
2023-05-09 04:00:00,,,,,,,,,,,,,,,,,
2023-05-09 05:00:00,,,,,,,,,,,,,,,,,
2023-05-09 06:00:00,,,,,,,,,,,,,,,,,
2023-05-09 07:00:00,,,,,,,,,,,,,,,,,
2023-05-09 08:00:00,,,,,,,,,,,,,,,,,
2023-05-09 09:00:00,,,,,,,,,,,,,,,,,
2023-05-09 10:00:00,,,,,,,,,,,,,,,,,
2023-05-09 11:00:00,,,,,,,,,,,,,,,,,
2023-05-09 12:00:00,,,,,,,,,,,,,,,,,
2023-05-09 13:00:00,,,,,,,,,,,,,,,,,
2023-05-09 14:00:00,,,,,,,,,,,,,,,,,
2023-05-09 15:00:00,,,,,,,,,,,,,,,,,
2023-05-09 16:00:00,,,,,,,,,,,,,,,,,
2023-05-09 17:00:00,,,,,,,,,,,,,,,,,
2023-05-09 18:00:00,,,,,,,,,,,,,,,,,
2023-05-09 19:00:00,,,,,,,,,,,,,,,,,
2023-05-09 20:00:00,,,,,,,,,,,,,,,,,
2023-05-09 21:00:00,,,,,,,,,,,,,,,,,
2023-05-09 22:00:00,,,,,,,,,,,,,,,,,
2023-05-09 23:00:00,,,,,,,,,,,,,,,,,
2023-05-10 00:00:00,,,,,,,,,,,,,,,,,
2023-05-10 01:00:00,,,,,,,,,,,,,,,,,
2023-05-10 02:00:00,,,,,,,,,,,,,,,,,
2023-05-10 03:00:00,,,,,,,,,,,,,,,,,
2023-05-10 04:00:00,,,,,,,,,,,,,,,,,
2023-05-10 05:00:00,,,,,,,,,,,,,,,,,
2023-05-10 06:00:00,,,,,,,,,,,,,,,,,
2023-05-10 07:00:00,,,,,,,,,,,,,,,,,
2023-05-10 08:00:00,,,,,,,,,,,,,,,,,
2023-05-10 09:00:00,,,,,,,,,,,,,,,,,
2023-05-10 10:00:00,,,,,,,,,,,,,,,,,
2023-05-10 11:00:00,,,,,,,,,,,,,,,,,
2023-05-10 12:00:00,,,,,,,,,,,,,,,,,
2023-05-10 13:00:00,,,,,,,,,,,,,,,,,
2023-05-10 14:00:00,,,,,,,,,,,,,,,,,
2023-05-10 15:00:00,,,,,,,,,,,,,,,,,
2023-05-10 16:00:00,,,,,,,,,,,,,,,,,
2023-05-10 17:00:00,,,,,,,,,,,,,,,,,
2023-05-10 18:00:00,,,,,,,,,,,,,,,,,
2023-05-10 19:00:00,,,,,,,,,,,,,,,,,
2023-05-10 20:00:00,,,,,,,,,,,,,,,,,
2023-05-10 21:00:00,,,,,,,,,,,,,,,,,
2023-05-10 22:00:00,,,,,,,,,,,,,,,,,
2023-05-10 23:00:00,,,,,,,,,,,,,,,,,
2023-05-11 00:00:00,,,,,,,,,,,,,,,,,
2023-05-11 01:00:00,,,,,,,,,,,,,,,,,
2023-05-11 02:00:00,,,,,,,,,,,,,,,,,
2023-05-11 03:00:00,,,,,,,,,,,,,,,,,
2023-05-11 04:00:00,,,,,,,,,,,,,,,,,
2023-05-11 05:00:00,,,,,,,,,,,,,,,,,
2023-05-11 06:00:00,,,,,,,,,,,,,,,,,
2023-05-11 07:00:00,,,,,,,,,,,,,,,,,
2023-05-11 08:00:00,,,,,,,,,,,,,,,,,
2023-05-11 09:00:00,,,,,,,,,,,,,,,,,
2023-05-11 10:00:00,,,,,,,,,,,,,,,,,
2023-05-11 11:00:00,,,,,,,,,,,,,,,,,
2023-05-11 12:00:00,,,,,,,,,,,,,,,,,
2023-05-11 13:00:00,,,,,,,,,,,,,,,,,
2023-05-11 14:00:00,,,,,,,,,,,,,,,,,
2023-05-11 15:00:00,,,,,,,,,,,,,,,,,
2023-05-11 16:00:00,,,,,,,,,,,,,,,,,
2023-05-11 17:00:00,,,,,,,,,,,,,,,,,
2023-05-11 18:00:00,,,,,,,,,,,,,,,,,
2023-05-11 19:00:00,,,,,,,,,,,,,,,,,
2023-05-11 20:00:00,,,,,,,,,,,,,,,,,
2023-05-11 21:00:00,,,,,,,,,,,,,,,,,
2023-05-11 22:00:00,,,,,,,,,,,,,,,,,
2023-05-11 23:00:00,,,,,,,,,,,,,,,,,
2023-05-12 00:00:00,,,,,,,,,,,,,,,,,
2023-05-12 01:00:00,,,,,,,,,,,,,,,,,
2023-05-12 02:00:00,,,,,,,,,,,,,,,,,
2023-05-12 03:00:00,,,,,,,,,,,,,,,,,
2023-05-12 04:00:00,,,,,,,,,,,,,,,,,
2023-05-12 05:00:00,,,,,,,,,,,,,,,,,
2023-05-12 06:00:00,,,,,,,,,,,,,,,,,
2023-05-12 07:00:00,,,,,,,,,,,,,,,,,
2023-05-12 08:00:00,,,,,,,,,,,,,,,,,
2023-05-12 09:00:00,,,,,,,,,,,,,,,,,
2023-05-12 10:00:00,,,,,,,,,,,,,,,,,
2023-05-12 11:00:00,,,,,,,,,,,,,,,,,
2023-05-12 12:00:00,,,,,,,,,,,,,,,,,
2023-05-12 13:00:00,,,,,,,,,,,,,,,,,
2023-05-12 14:00:00,,,,,,,,,,,,,,,,,
2023-05-12 15:00:00,,,,,,,,,,,,,,,,,
2023-05-12 16:00:00,,,,,,,,,,,,,,,,,
2023-05-12 17:00:00,,,,,,,,,,,,,,,,,
2023-05-12 18:00:00,,,,,,,,,,,,,,,,,
2023-05-12 19:00:00,,,,,,,,,,,,,,,,,
2023-05-12 20:00:00,,,,,,,,,,,,,,,,,
2023-05-12 21:00:00,,,,,,,,,,,,,,,,,
2023-05-12 22:00:00,,,,,,,,,,,,,,,,,
2023-05-12 23:00:00,,,,,,,,,,,,,,,,,
2023-05-13 00:00:00,,,,,,,,,,,,,,,,,
2023-05-13 01:00:00,,,,,,,,,,,,,,,,,
2023-05-13 02:00:00,,,,,,,,,,,,,,,,,
2023-05-13 03:00:00,,,,,,,,,,,,,,,,,
2023-05-13 04:00:00,,,,,,,,,,,,,,,,,
2023-05-13 05:00:00,,,,,,,,,,,,,,,,,
2023-05-13 06:00:00,,,,,,,,,,,,,,,,,
2023-05-13 07:00:00,,,,,,,,,,,,,,,,,
2023-05-13 08:00:00,,,,,,,,,,,,,,,,,
2023-05-13 09:00:00,,,,,,,,,,,,,,,,,
2023-05-13 10:00:00,,,,,,,,,,,,,,,,,
2023-05-13 11:00:00,,,,,,,,,,,,,,,,,
2023-05-13 12:00:00,,,,,,,,,,,,,,,,,
2023-05-13 13:00:00,,,,,,,,,,,,,,,,,
2023-05-13 14:00:00,,,,,,,,,,,,,,,,,
2023-05-13 15:00:00,,,,,,,,,,,,,,,,,
2023-05-13 16:00:00,,,,,,,,,,,,,,,,,
2023-05-13 17:00:00,,,,,,,,,,,,,,,,,
2023-05-13 18:00:00,,,,,,,,,,,,,,,,,
2023-05-13 19:00:00,,,,,,,,,,,,,,,,,
2023-05-13 20:00:00,,,,,,,,,,,,,,,,,
2023-05-13 21:00:00,,,,,,,,,,,,,,,,,
2023-05-13 22:00:00,,,,,,,,,,,,,,,,,
2023-05-13 23:00:00,,,,,,,,,,,,,,,,,
2023-05-14 00:00:00,,,,,,,,,,,,,,,,,
2023-05-14 01:00:00,,,,,,,,,,,,,,,,,
2023-05-14 02:00:00,,,,,,,,,,,,,,,,,
2023-05-14 03:00:00,,,,,,,,,,,,,,,,,
2023-05-14 04:00:00,,,,,,,,,,,,,,,,,
2023-05-14 05:00:00,,,,,,,,,,,,,,,,,
2023-05-14 06:00:00,,,,,,,,,,,,,,,,,
2023-05-14 07:00:00,,,,,,,,,,,,,,,,,
2023-05-14 08:00:00,,,,,,,,,,,,,,,,,
2023-05-14 09:00:00,,,,,,,,,,,,,,,,,
2023-05-14 10:00:00,,,,,,,,,,,,,,,,,
2023-05-14 11:00:00,,,,,,,,,,,,,,,,,
2023-05-14 12:00:00,,,,,,,,,,,,,,,,,
2023-05-14 13:00:00,,,,,,,,,,,,,,,,,
2023-05-14 14:00:00,,,,,,,,,,,,,,,,,
2023-05-14 15:00:00,,,,,,,,,,,,,,,,,
2023-05-14 16:00:00,,,,,,,,,,,,,,,,,
2023-05-14 17:00:00,,,,,,,,,,,,,,,,,
2023-05-14 18:00:00,,,,,,,,,,,,,,,,,
2023-05-14 19:00:00,,,,,,,,,,,,,,,,,
2023-05-14 20:00:00,,,,,,,,,,,,,,,,,
2023-05-14 21:00:00,,,,,,,,,,,,,,,,,
2023-05-14 22:00:00,,,,,,,,,,,,,,,,,
2023-05-14 23:00:00,,,,,,,,,,,,,,,,,
2023-05-15 00:00:00,,,,,,,,,,,,,,,,,
2023-05-15 01:00:00,2023-05-15 01:00:00,-30.75,48.48,,,,7.105,264.9,13.53,42.8385,33.82394,100.5869,180.2243,333.41,,,65.13612935078335
2023-05-15 02:00:00,2023-05-15 02:00:00,-30.48,44.57,,,,8.64,254.3,18.58,336.1765,62.96188,116.9551,181.3921,333.4,,,59.73361644904879
2023-05-15 03:00:00,2023-05-15 03:00:00,-30.05,41.7,,,,10.08,265.4,19.57,764.3851,281.8549,110.7452,186.9518,333.82,,,55.66528867211835
2023-05-15 04:00:00,2023-05-15 04:00:00,-29.22,43.58,,,,14.06,276.8,20.27,979.506,520.5915,116.5048,200.6119,333.988,,,57.728652286848536
2023-05-15 05:00:00,2023-05-15 05:00:00,-29.48,56.08,,,,14.41,269.7,18.99,1109.623,659.6743,119.1378,204.8725,334.185,0.142,11.41,74.46652177372702
2023-05-15 06:00:00,2023-05-15 06:00:00,-29.67,55.65,,,,12.99,262.0,17.83,1171.873,736.5361,120.1399,201.5727,334.2666,0.042,8.97,74.02594825561184
2023-05-15 07:00:00,2023-05-15 07:00:00,-30.14,69.95,,,,12.9,253.2,18.41,1145.45,731.4554,137.1082,210.3573,333.9917,0.059,8.39,93.4540289109372
2023-05-15 08:00:00,2023-05-15 08:00:00,-29.31,74.85,,,,13.88,251.8,18.0,1045.482,702.7689,163.8564,207.8785,333.8983,0.051,9.6,99.23370333180826
2023-05-15 09:00:00,2023-05-15 09:00:00,-28.51,74.65,,,,14.94,249.0,21.14,744.9766,628.7693,145.0417,213.3908,333.5316,0.208,13.01,98.2344847067778
2023-05-15 10:00:00,2023-05-15 10:00:00,-28.44,74.55,,,,15.29,247.9,21.9,582.793,548.4957,168.7364,207.0024,333.2717,0.013,5.761,98.03889196599145
2023-05-15 11:00:00,2023-05-15 11:00:00,-28.84,74.44,,,,15.06,248.7,21.72,430.7128,386.5869,187.9185,204.4514,332.8883,0.194,12.76,98.25972137961304
2023-05-15 12:00:00,2023-05-15 12:00:00,-29.17,74.57,,,,12.66,249.8,19.69,301.3675,268.573,187.4559,201.1118,332.94,,,98.7339467377475
2023-05-15 13:00:00,2023-05-15 13:00:00,-30.51,73.69,,,,10.82,256.5,13.76,108.81168421052632,103.3711,114.6388,189.4698,332.8766,,,98.7882173375914
2023-05-15 14:00:00,2023-05-15 14:00:00,-31.34,70.92,,,,11.47,269.9,14.52,0.0,0.0,97.97197,181.6119,333.215,,,95.80546109320683
2023-05-15 15:00:00,2023-05-15 15:00:00,-30.94,43.17,,,,9.32,272.8,11.67,0.0,0.0,102.6308,185.1463,333.7483,,,58.10356833425892
2023-05-15 16:00:00,2023-05-15 16:00:00,-30.27,24.01,,,,9.85,267.0,12.31,0.0,0.0,107.4446,185.1734,334.0016,,,32.116259512143124
2023-05-15 17:00:00,2023-05-15 17:00:00,-30.04,42.85,,,,9.79,251.9,12.25,0.0,0.0,110.9039,185.221,334.124,,,57.19512545226953
2023-05-15 18:00:00,2023-05-15 18:00:00,-29.91,75.46,,,,9.58,246.8,12.54,0.0,0.0,133.7445,189.0993,333.9666,,,100.0
2023-05-15 19:00:00,2023-05-15 19:00:00,-29.35,76.46,,,,10.15,249.8,12.25,0.0,0.0,172.5382,195.2197,333.7067,,,100.0
2023-05-15 20:00:00,2023-05-15 20:00:00,-30.38,71.08,,,,11.52,250.7,15.21,0.0,0.0,153.3262,189.5364,333.4183,,,95.17482472977117
2023-05-15 21:00:00,2023-05-15 21:00:00,-30.55,16.29,,,,13.1,249.7,15.33,0.0,0.0,90.76725,181.4724,333.1033,,,21.84631578008804
2023-05-15 22:00:00,2023-05-15 22:00:00,-30.53,13.9,,,,13.05,256.0,15.97,0.0,0.0,98.71049,182.2772,333.0717,,,18.637671862396875
2023-05-15 23:00:00,2023-05-15 23:00:00,-30.48,24.32,,,,13.74,258.4,16.9,0.0,0.0,103.5097,183.7602,333.1467,,,32.59415642900755
2023-05-16 00:00:00,2023-05-16 00:00:00,-30.14,20.27,,,,13.74,266.0,17.25,0.0,0.0,101.6151,184.3824,333.345,,,27.080960200496023
2023-05-16 01:00:00,2023-05-16 01:00:00,-29.59,33.41,,,,13.29,269.8,16.49,25.917494736842105,24.62162,101.0641,187.1941,333.745,,,44.40919930638124
2023-05-16 02:00:00,2023-05-16 02:00:00,-29.73,11.7,,,,16.08,269.6,20.85,410.1281,49.94959,105.1104,178.8869,333.715,0.004,3.812,15.572070338183261
2023-05-16 03:00:00,2023-05-16 03:00:00,-30.77,11.41,,,,18.29,263.9,23.64,786.9391,282.0504,106.8378,187.3856,333.63,0.494,10.71,15.332930306414392
2023-05-16 04:00:00,2023-05-16 04:00:00,-30.81,34.26,,,,18.38,262.5,24.17,988.6169,525.3621,107.4429,194.3364,333.9016,1.459,15.81,46.056105951260164
2023-05-16 05:00:00,2023-05-16 05:00:00,-30.28,52.46,,,,16.73,258.5,23.82,1114.205,662.1176,110.4599,199.8,334.35,0.974,17.1,70.17804467210267
2023-05-16 06:00:00,2023-05-16 06:00:00,-29.75,50.52,,,,13.37,261.2,22.6,1172.099,739.7323,114.1618,208.518,334.7983,0.187,14.86,67.25187302744227
2023-05-16 07:00:00,2023-05-16 07:00:00,-28.38,22.71,,,,13.06,279.2,21.9,1159.576,741.432,116.0546,210.9271,334.9833,0.099,12.47,29.848663621509242
2023-05-16 08:00:00,2023-05-16 08:00:00,-26.4,15.55,,,,14.84,280.3,21.55,1085.384,667.9189,119.0808,213.5113,334.8983,0.536,17.6,20.06262975316446
2023-05-16 09:00:00,2023-05-16 09:00:00,-24.93,26.63,,,,13.81,264.7,20.68,752.9863,600.486,119.0051,213.6583,335.0033,0.646,13.7,33.885562706924134
2023-05-16 10:00:00,2023-05-16 10:00:00,-24.8,39.66,,,,12.94,256.0,21.37,552.1477894736842,524.5404,118.7363,214.9742,335.075,0.589,16.75,50.40376516600664
2023-05-16 11:00:00,2023-05-16 11:00:00,-25.21,50.17,,,,9.71,242.8,18.58,444.2352631578948,422.0235,117.7062,214.2345,335.185,0.058,11.39,64.00817475937343
2023-05-16 12:00:00,2023-05-16 12:00:00,-25.47,58.88,,,,7.829,247.7,16.9,291.134,276.5773,114.8896,208.7447,335.465,,,75.3050349040755
2023-05-16 13:00:00,2023-05-16 13:00:00,-26.42,52.46,,,,6.085,264.8,15.21,112.99242105263158,107.3428,111.3971,199.1342,336.0733,,,67.69667888401723
2023-05-16 14:00:00,2023-05-16 14:00:00,-27.71,27.29,,,,8.18,276.9,13.53,0.0,0.0,109.8836,187.9882,336.5933,,,35.64462005580732
2023-05-16 15:00:00,2023-05-16 15:00:00,-27.26,25.77,,,,8.89,266.9,12.07,0.0,0.0,114.0872,193.6606,336.8783,,,33.517827295993165
2023-05-16 16:00:00,2023-05-16 16:00:00,-27.34,27.67,,,,7.385,261.1,11.49,0.0,0.0,111.5391,191.6646,337.1817,,,36.016042117066014
2023-05-16 17:00:00,2023-05-16 17:00:00,-27.73,25.29,,,,5.503,246.6,8.06,0.0,0.0,111.3867,188.1073,337.285,,,33.03851358809472
2023-05-16 18:00:00,2023-05-16 18:00:00,-28.23,25.44,,,,4.062,239.0,5.853,0.0,0.0,110.4287,185.0213,337.0767,,,33.390055190331886
2023-05-16 19:00:00,2023-05-16 19:00:00,-28.72,29.07,,,,4.273,237.6,5.853,0.0,0.0,110.5195,183.9623,336.7,,,38.329128756728736
2023-05-16 20:00:00,2023-05-16 20:00:00,-29.19,36.06,,,,5.728,235.7,8.76,0.0,0.0,110.8175,184.0839,336.2233,,,47.7538968858552
2023-05-16 21:00:00,2023-05-16 21:00:00,-29.27,33.35,,,,7.317,233.5,9.23,0.0,0.0,108.7083,185.096,335.7583,,,44.19791952908185
2023-05-16 22:00:00,2023-05-16 22:00:00,-29.46,31.72,,,,6.656,221.8,9.57,0.0,0.0,109.3885,184.5428,335.5017,,,42.11197419701703
2023-05-16 23:00:00,2023-05-16 23:00:00,-30.04,44.23,,,,7.798,217.5,10.04,0.0,0.0,113.7287,184.5405,335.4433,,,59.037115490172255
2023-05-17 00:00:00,2023-05-17 00:00:00,-30.49,50.85,,,,7.028,220.0,9.81,0.0,0.0,110.1499,183.2285,335.4867,,,68.15649886443906
2023-05-17 01:00:00,2023-05-17 01:00:00,-30.66,73.09,,,,7.584,229.3,9.98,95.04717,54.82446,142.3109,186.9485,335.6017,,,98.11974093846578
2023-05-17 02:00:00,2023-05-17 02:00:00,-29.41,75.5,,,,6.301,233.7,9.75,167.6021,104.7018,181.3794,190.0256,335.9,,,100.0
2023-05-17 03:00:00,2023-05-17 03:00:00,-29.6,74.41,,,,6.086,232.2,8.47,457.4923,240.6515,146.2236,195.8032,336.24,,,98.9163473294824
2023-05-17 04:00:00,2023-05-17 04:00:00,-30.38,72.9,,,,6.669,235.8,9.4,854.6097,514.5075,113.1862,199.4391,336.495,,,97.61177156443892
2023-05-17 05:00:00,2023-05-17 05:00:00,-29.5,70.76,,,,5.891,246.2,7.888,1104.595,654.5694,116.0306,211.4805,336.7633,,,93.97698822553242
2023-05-17 06:00:00,2023-05-17 06:00:00,-28.63,58.28,,,,6.435,251.4,8.76,1175.033,741.0674,118.1989,221.0972,336.8383,,,76.77845461116857
2023-05-17 07:00:00,2023-05-17 07:00:00,-27.15,75.34,,,,5.683,255.4,10.1,1062.222,729.86,166.8089,226.6123,336.785,,,97.89026204411417
2023-05-17 08:00:00,2023-05-17 08:00:00,-27.36,74.77,,,,7.399,258.4,12.31,962.3361,707.0087,181.2128,221.4352,336.545,,,97.34094054161757
2023-05-17 09:00:00,2023-05-17 09:00:00,-26.62,75.15,,,,8.59,260.2,13.76,806.8906,661.9004,161.3624,219.1613,336.5933,,,97.15918417585198
2023-05-17 10:00:00,2023-05-17 10:00:00,-26.56,57.63,,,,8.73,263.2,12.54,595.6108421052631,565.8303,119.9893,214.0136,336.4683,,,74.4661355118829
2023-05-17 11:00:00,2023-05-17 11:00:00,-26.17,76.22,,,,8.53,262.1,13.47,480.05084210526314,456.0483,138.844,211.9813,336.385,,,98.12675962094403
2023-05-17 12:00:00,2023-05-17 12:00:00,-26.62,54.23,,,,8.27,274.5,11.72,275.62736842105267,261.846,132.5633,205.1295,336.5467,,,70.11234275258086
2023-05-17 13:00:00,2023-05-17 13:00:00,-27.42,58.4,,,,7.194,268.9,11.96,47.95646315789474,45.55864,142.0822,195.4242,336.8483,,,76.07202225880694
2023-05-17 14:00:00,2023-05-17 14:00:00,-27.99,64.15,,,,3.315,267.4,10.45,0.0,0.0,127.0837,184.6194,337.17,,,84.00856646542863
2023-05-17 15:00:00,2023-05-17 15:00:00,-28.12,64.47,,,,3.761,267.2,9.17,0.0,0.0,155.562,195.0616,337.47,,,84.53018174212217
2023-05-17 16:00:00,2023-05-17 16:00:00,-27.76,80.4,,,,5.771,268.6,8.59,0.0,0.0,177.5749,200.4316,337.725,,,100.0
2023-05-17 17:00:00,2023-05-17 17:00:00,-27.5,77.14,,,,6.285,261.1,11.32,0.0,0.0,184.733,201.389,337.9217,,,100.0
2023-05-17 18:00:00,2023-05-17 18:00:00,-27.09,77.16,,,,7.669,251.6,9.81,0.0,0.0,179.4601,201.1073,337.635,,,100.0
2023-05-17 19:00:00,2023-05-17 19:00:00,-27.33,77.16,,,,8.04,256.8,9.57,0.0,0.0,191.2532,202.0606,337.2917,,,100.0
2023-05-17 20:00:00,2023-05-17 20:00:00,-27.49,76.95,,,,8.98,251.9,10.74,0.0,0.0,198.5686,202.4372,336.905,,,100.0
2023-05-17 21:00:00,2023-05-17 21:00:00,-27.09,77.16,,,,11.13,248.4,13.35,0.0,0.0,203.7174,205.0284,336.6883,,,100.0
2023-05-17 22:00:00,2023-05-17 22:00:00,-28.12,76.12,,,,12.72,250.3,17.31,0.0,0.0,187.0038,200.3046,336.4117,,,99.80514090600806
2023-05-17 23:00:00,2023-05-17 23:00:00,-29.24,57.72,,,,13.87,258.4,16.9,0.0,0.0,143.9657,193.3838,336.295,,,76.47354779857972
2023-05-18 00:00:00,2023-05-18 00:00:00,-28.75,39.43,,,,13.21,268.3,16.38,10.981105263157895,10.43205,120.4163,192.0332,336.4517,,,52.0034345375489
2023-05-18 01:00:00,2023-05-18 01:00:00,-28.51,21.2,,,,13.2,270.6,17.6,32.433600000000006,30.81192,109.3378,190.8222,336.7,,,27.897804096231607
2023-05-18 02:00:00,2023-05-18 02:00:00,-28.62,21.99,,,,10.96,277.5,16.43,405.4796,61.91583,111.1589,181.8465,336.9983,,,28.967071394387197
2023-05-18 03:00:00,2023-05-18 03:00:00,-28.37,28.01,,,,11.58,277.4,16.38,773.998,293.4195,116.0594,191.6658,337.2683,,,36.8112328341406
2023-05-18 04:00:00,2023-05-18 04:00:00,-27.88,28.44,,,,10.91,274.1,15.21,979.0526,544.8434,119.1104,203.0796,337.5483,,,37.20576055330855
2023-05-18 05:00:00,2023-05-18 05:00:00,-27.5,28.03,,,,12.26,270.8,15.79,1107.782,685.2759,121.1838,208.1879,337.7283,,,36.53931501426288
2023-05-18 06:00:00,2023-05-18 06:00:00,-27.23,36.46,,,,11.37,268.7,14.34,1168.958,767.9426,120.9173,213.985,337.895,,,47.40848310069439
2023-05-18 07:00:00,2023-05-18 07:00:00,-27.16,43.44,,,,9.73,274.7,13.29,1162.206,774.6178,121.1705,216.6837,337.8366,,,56.44745774298998
2023-05-18 08:00:00,2023-05-18 08:00:00,-25.38,76.87,,,,7.448,263.7,13.29,934.8961,676.157,183.9024,222.5364,337.5533,,,98.23010069245434
2023-05-18 09:00:00,2023-05-18 09:00:00,-23.37,76.93,,,,2.039,253.4,8.76,787.5377,669.2438,209.1248,235.3006,337.5783,,,96.45521973567632
2023-05-18 10:00:00,2023-05-18 10:00:00,-23.81,77.1,,,,2.106,277.4,7.655,661.1287368421054,628.0723,206.771,235.2856,337.3117,,,97.07254811740975
2023-05-18 11:00:00,2023-05-18 11:00:00,-22.59,77.14,,,,1.802,232.8,5.621,519.85,493.8575,250.2451,233.5423,337.265,,,96.00451560402598
2023-05-18 12:00:00,2023-05-18 12:00:00,-23.8,77.45,,,,2.923,234.5,8.35,371.32305263157895,352.7569,153.9714,212.2338,337.39,,,97.50397414751824
2023-05-18 13:00:00,2023-05-18 13:00:00,-24.65,76.15,,,,0.675,224.3,5.737,154.64663157894736,146.9143,115.9505,190.3805,337.6683,,,96.6417072175129
2023-05-18 14:00:00,2023-05-18 14:00:00,-27.67,75.74,,,,0.14,202.6,2.54,0.0,0.0,107.4282,169.8197,337.9283,,,98.89021089249741
2023-05-18 15:00:00,2023-05-18 15:00:00,-28.94,75.89,,,,0.062,204.4,0.97,0.0,0.0,109.8616,169.9306,338.1317,,,100.0
2023-05-18 16:00:00,2023-05-18 16:00:00,-28.52,75.63,,,,0.463,207.4,2.772,0.0,0.0,110.694,170.5951,338.315,,,99.53337735167742
2023-05-18 17:00:00,2023-05-18 17:00:00,-27.64,76.25,,,,1.17,220.8,3.121,0.0,0.0,112.0391,174.9277,338.2467,,,99.52816452710371
2023-05-18 18:00:00,2023-05-18 18:00:00,-27.67,64.62,,,,3.464,232.1,4.691,0.0,0.0,111.6532,182.3417,337.9417,,,84.37134179922344
2023-05-18 19:00:00,2023-05-18 19:00:00,-27.88,49.01,,,,3.671,239.6,5.098,0.0,0.0,107.421,180.609,337.5133,,,64.11583420244908
2023-05-18 20:00:00,2023-05-18 20:00:00,-28.92,58.37,,,,4.412,247.1,6.551,0.0,0.0,110.5441,180.3936,336.9033,,,77.10494340538199
2023-05-18 21:00:00,2023-05-18 21:00:00,-28.84,74.69,,,,6.125,245.4,8.0,0.0,0.0,149.2159,191.1807,336.385,,,98.58971775716412
2023-05-18 22:00:00,2023-05-18 22:00:00,-28.0,77.79,,,,7.035,241.1,11.55,0.0,0.0,191.5949,200.4882,335.995,,,100.0
2023-05-18 23:00:00,2023-05-18 23:00:00,-29.74,69.4,,,,8.74,252.2,13.76,0.0,0.0,174.3426,193.4547,335.795,,,92.37623126237698
2023-05-19 00:00:00,2023-05-19 00:00:00,-30.93,45.73,,,,11.63,253.2,14.75,0.0,0.0,116.5867,185.5384,335.4233,,,61.54345866435352
2023-05-19 01:00:00,2023-05-19 01:00:00,-31.47,29.76,,,,10.89,241.9,16.49,35.809105263157896,34.01865,96.21651,180.5214,335.38,,,40.25075837134122
2023-05-19 02:00:00,2023-05-19 02:00:00,-30.95,26.09,,,,10.17,241.5,13.99,380.822,66.47099,97.38953,173.5122,335.585,,,35.118413756434656
2023-05-19 03:00:00,2023-05-19 03:00:00,-31.38,24.82,,,,10.29,248.2,13.59,782.6011,276.7166,100.8418,182.8418,335.5767,,,33.54155768138289
2023-05-19 04:00:00,2023-05-19 04:00:00,-31.5,14.2,,,,12.17,252.4,16.26,990.8113,503.4789,103.318,189.5496,335.435,,,19.210972361645826
2023-05-19 05:00:00,2023-05-19 05:00:00,-30.79,15.82,,,,12.39,254.2,16.38,1113.948,651.4792,106.1915,198.103,335.475,,,21.263079841172694
2023-05-19 06:00:00,2023-05-19 06:00:00,-30.39,21.6,,,,11.14,251.8,13.35,1174.402,743.5801,107.2477,204.8884,335.4733,,,28.924680916464805
2023-05-19 07:00:00,2023-05-19 07:00:00,-30.4,40.77,,,,11.46,251.4,17.07,1156.027,762.2978,113.7401,206.8756,335.2317,,,54.60038363879957
2023-05-19 08:00:00,2023-05-19 08:00:00,-29.68,58.1,,,,9.58,258.6,14.4,1041.341,703.2349,135.632,210.3439,335.0833,,,77.29212153897193
2023-05-19 09:00:00,2023-05-19 09:00:00,-29.11,63.48,,,,9.56,259.0,14.11,756.8464,659.6259,141.3856,211.2504,334.79,,,84.00342831964893
2023-05-19 10:00:00,2023-05-19 10:00:00,-28.75,73.6,,,,10.24,256.5,15.27,596.1243157894737,566.3181,174.6811,209.6695,334.5233,,,97.06956079035248
2023-05-19 11:00:00,2023-05-19 11:00:00,-30.25,49.48,,,,11.58,262.9,16.43,496.6346315789474,471.8029,112.0676,199.5188,334.17,,,66.17319841767079
2023-05-19 12:00:00,2023-05-19 12:00:00,-28.56,60.38,,,,10.99,273.5,16.03,338.24484210526316,321.3326,109.0015,197.8046,334.3433,,,79.49314085293616
2023-05-19 13:00:00,2023-05-19 13:00:00,-30.08,44.09,,,,7.658,276.7,12.31,138.50926315789474,131.5838,110.8101,185.4984,334.47,,,58.872049989375064
2023-05-19 14:00:00,2023-05-19 14:00:00,-29.43,62.54,,,,5.74,277.8,10.74,0.0,0.0,115.571,180.0336,334.8617,,,83.00596922427287
2023-05-19 15:00:00,2023-05-19 15:00:00,-28.84,58.94,,,,4.427,280.9,7.074,0.0,0.0,123.2965,188.0483,335.2033,,,77.79994597144535
2023-05-19 16:00:00,2023-05-19 16:00:00,-28.36,68.21,,,,6.503,266.9,8.88,0.0,0.0,158.7189,195.5083,335.5067,,,89.63441693263405
2023-05-19 17:00:00,2023-05-19 17:00:00,-28.72,77.56,,,,6.335,253.5,8.59,0.0,0.0,179.8839,198.2241,335.4783,,,100.0
2023-05-19 18:00:00,2023-05-19 18:00:00,-29.05,75.64,,,,5.105,239.6,7.19,0.0,0.0,190.3891,197.8093,335.1133,,,100.0
2023-05-19 19:00:00,2023-05-19 19:00:00,-29.45,75.21,,,,5.942,248.2,8.24,0.0,0.0,173.7965,193.2516,334.6767,,,99.84071633840482
2023-05-19 20:00:00,2023-05-19 20:00:00,-30.43,72.77,,,,9.9,268.3,14.75,0.0,0.0,158.8044,187.2602,334.0833,,,97.4827603610671
2023-05-19 21:00:00,2023-05-19 21:00:00,-29.97,19.95,,,,11.62,271.0,16.38,0.0,0.0,96.41297,183.1178,333.7033,,,26.61150896167803
2023-05-19 22:00:00,2023-05-19 22:00:00,-29.67,9.66,,,,13.22,272.5,17.31,0.0,0.0,92.09256,184.3877,333.585,,,12.849787244370358
2023-05-19 23:00:00,2023-05-19 23:00:00,-30.45,27.8,,,,12.12,276.4,18.93,0.0,0.0,94.60252,183.0385,333.6117,,,37.24779233847647
2023-05-20 00:00:00,2023-05-20 00:00:00,-30.67,18.92,,,,14.18,268.2,18.29,0.0,0.0,90.98409,182.7208,333.625,0.011,5.573,25.401518005354813
2023-05-20 01:00:00,2023-05-20 01:00:00,-31.2,11.95,,,,14.46,266.0,18.0,32.68984210526316,31.05535,88.97163,179.1187,333.9017,0.002,2.669,16.12239335435537
2023-05-20 02:00:00,2023-05-20 02:00:00,-31.13,9.76,,,,13.55,261.0,17.01,411.947,62.26693,93.4982,170.7286,334.19,,,13.159255547989716
2023-05-20 03:00:00,2023-05-20 03:00:00,-31.65,8.94,,,,12.89,256.9,15.33,789.8187,276.0623,97.17258,182.299,334.4183,,,12.111489962942073
2023-05-20 04:00:00,2023-05-20 04:00:00,-31.37,9.48,,,,13.03,254.7,15.56,982.6319,500.0813,99.74588,189.107,334.5016,,,12.810020141025666
2023-05-20 05:00:00,2023-05-20 05:00:00,-30.98,11.57,,,,13.36,254.5,16.38,1112.435,642.2123,102.0671,197.15,334.5133,,,15.578094297557254
2023-05-20 06:00:00,2023-05-20 06:00:00,-30.63,14.1,,,,13.01,256.5,16.67,1172.508,733.1141,104.1083,202.6617,334.575,,,18.923314566459997
2023-05-20 07:00:00,2023-05-20 07:00:00,-30.09,21.92,,,,12.63,260.2,16.96,1163.392,749.6193,105.869,205.677,334.6467,0.004,4.959,29.271826512667502
2023-05-20 08:00:00,2023-05-20 08:00:00,-30.11,43.7,,,,12.67,262.9,16.78,1081.405,682.0971,107.8527,206.4635,334.59,,,58.36750511455762
2023-05-20 09:00:00,2023-05-20 09:00:00,-30.17,42.93,,,,13.32,257.5,17.25,719.5192,610.4714,104.1226,205.4964,334.4967,0.01,4.57,57.37091808491974
2023-05-20 10:00:00,2023-05-20 10:00:00,-30.13,37.33,,,,13.74,256.7,18.06,577.3075789473684,548.4422,103.4262,203.2998,334.3966,0.033,9.24,49.8687056539716
2023-05-20 11:00:00,2023-05-20 11:00:00,-30.04,41.19,,,,15.12,256.5,19.63,486.67842105263156,462.3445,100.3836,198.8666,334.2567,0.342,10.58,54.979398305227114
2023-05-20 12:00:00,2023-05-20 12:00:00,-29.87,43.98,,,,15.19,258.3,21.26,327.052,310.6994,99.70469,189.3187,334.21,0.521,12.8,58.611036965562015
2023-05-20 13:00:00,2023-05-20 13:00:00,-29.62,68.72,,,,14.72,264.4,21.2,65.07716842105263,61.82331,164.2062,192.6473,334.43,0.521,14.46,91.36934464850776
2023-05-20 14:00:00,2023-05-20 14:00:00,-28.74,75.3,,,,10.16,266.0,16.08,0.0,0.0,203.0337,194.8165,334.9683,,,99.30240877666353
2023-05-20 15:00:00,2023-05-20 15:00:00,-28.93,75.15,,,,5.903,256.3,9.86,0.0,0.0,205.4215,200.664,335.5,,,99.28003635384414
2023-05-20 16:00:00,2023-05-20 16:00:00,-29.6,74.78,,,,7.499,265.1,10.68,0.0,0.0,203.2511,198.4275,335.5833,,,99.40820391477885
2023-05-20 17:00:00,2023-05-20 17:00:00,-29.54,74.91,,,,7.014,270.0,9.98,0.0,0.0,203.0313,198.2191,335.4967,,,99.52558601044596
2023-05-20 18:00:00,2023-05-20 18:00:00,-29.57,74.86,,,,4.881,258.1,6.9,0.0,0.0,203.1069,198.0017,335.32,,,99.48685152476385
2023-05-20 19:00:00,2023-05-20 19:00:00,-30.53,73.9,,,,5.245,257.3,6.609,0.0,0.0,197.7026,193.2567,335.03,,,99.0880540022395
2023-05-20 20:00:00,2023-05-20 20:00:00,-31.39,73.64,,,,5.578,260.7,7.481,0.0,0.0,194.2205,189.7466,334.6167,,,99.5256914260955
2023-05-20 21:00:00,2023-05-20 21:00:00,-30.94,73.93,,,,4.611,261.7,6.725,0.0,0.0,196.8021,192.1762,334.415,,,99.50421141885018
2023-05-20 22:00:00,2023-05-20 22:00:00,-31.89,73.06,,,,4.711,256.4,6.667,0.0,0.0,191.3649,187.5478,334.2667,,,99.19671721102439
2023-05-20 23:00:00,2023-05-20 23:00:00,-32.05,73.37,,,,5.546,265.8,7.423,0.0,0.0,186.9688,183.7466,334.0933,,,99.76401310805349
2023-05-21 00:00:00,2023-05-21 00:00:00,-31.46,73.52,,,,5.165,263.1,6.493,0.0,0.0,186.5494,184.0158,334.3583,,,99.42753692807742
2023-05-21 01:00:00,2023-05-21 01:00:00,-30.8,74.02,,,,4.84,268.4,6.493,31.801526315789474,30.21145,185.4164,183.8846,334.755,,,99.49674095179687
2023-05-21 02:00:00,2023-05-21 02:00:00,-29.66,75.43,,,,5.825,264.8,7.888,213.8273,69.53387,181.7351,179.411,335.125,,,100.0
2023-05-21 03:00:00,2023-05-21 03:00:00,-30.07,74.71,,,,6.956,257.6,9.23,363.9805,291.8808,120.8621,184.8957,335.3633,,,99.74877746938554
2023-05-21 04:00:00,2023-05-21 04:00:00,-30.66,73.63,,,,7.125,256.4,8.47,545.5808421052632,518.3018,110.5128,192.0211,335.505,,,98.84466445887583
2023-05-21 05:00:00,2023-05-21 05:00:00,-30.33,73.26,,,,6.205,260.4,7.83,698.1878947368422,663.2785,107.6205,202.0361,335.695,,,98.04845594150648
2023-05-21 06:00:00,2023-05-21 06:00:00,-30.46,72.78,,,,10.15,267.2,14.57,1163.918,761.5772,107.234,204.9045,335.7467,,,97.52319905731183
2023-05-21 07:00:00,2023-05-21 07:00:00,-29.71,64.02,,,,10.77,274.5,15.97,1169.74,781.1107,110.6255,205.4275,335.8483,,,85.19137155879528
2023-05-21 08:00:00,2023-05-21 08:00:00,-28.12,73.39,,,,7.927,271.8,15.68,1010.675,710.7381,152.9306,216.3918,336.0,,,96.2256869560159
2023-05-21 09:00:00,2023-05-21 09:00:00,-25.88,76.16,,,,3.655,260.8,10.33,668.9502,588.3162,203.5443,224.3763,336.1767,,,97.78235074669969
2023-05-21 10:00:00,2023-05-21 10:00:00,-26.95,75.5,,,,4.747,259.3,10.1,524.686,471.0699,204.3841,215.8286,335.9983,,,97.9144081079051
2023-05-21 11:00:00,2023-05-21 11:00:00,-26.24,76.07,,,,5.637,262.4,9.63,502.5861052631579,477.4568,197.6104,217.3631,336.0383,,,97.99812764742553
2023-05-21 12:00:00,2023-05-21 12:00:00,-26.4,76.45,,,,7.336,252.3,11.61,323.10410526315786,306.9489,190.3516,211.045,336.1833,,,98.63588711443235
2023-05-21 13:00:00,2023-05-21 13:00:00,-27.45,76.57,,,,5.465,263.5,10.33,77.67797894736842,73.79408,203.1793,202.358,336.4633,,,99.76833375449174
2023-05-21 14:00:00,2023-05-21 14:00:00,-28.28,75.98,,,,3.584,264.1,6.842,0.0,0.0,204.6467,196.3515,336.7583,,,99.77045100698939
2023-05-21 15:00:00,2023-05-21 15:00:00,-29.68,74.79,,,,3.499,272.5,7.016,0.0,0.0,199.6841,196.1308,336.8083,,,99.49531445610518
2023-05-21 16:00:00,2023-05-21 16:00:00,-31.12,73.76,,,,5.097,293.6,8.99,0.0,0.0,142.622,188.2239,337.0683,,,99.44029151103335
2023-05-21 17:00:00,2023-05-21 17:00:00,-31.85,73.45,,,,6.474,295.2,10.21,0.0,0.0,139.9756,186.3838,337.075,,,99.6896138834788
2023-05-21 18:00:00,2023-05-21 18:00:00,-31.88,73.6,,,,6.979,280.0,10.79,0.0,0.0,137.5585,185.3104,337.0433,,,99.92072345214336
2023-05-21 19:00:00,2023-05-21 19:00:00,-32.47,73.07,,,,6.993,275.7,10.62,0.0,0.0,114.2353,182.0889,336.7166,,,99.73927443978553
2023-05-21 20:00:00,2023-05-21 20:00:00,-33.11,72.88,,,,6.638,281.1,11.03,0.0,0.0,135.0984,181.285,336.3217,,,100.0
2023-05-21 21:00:00,2023-05-21 21:00:00,-33.24,72.83,,,,6.816,289.6,10.45,0.0,0.0,127.9484,179.6385,336.1466,,,100.0
2023-05-21 22:00:00,2023-05-21 22:00:00,-34.08,72.19,,,,7.139,293.0,11.9,0.0,0.0,110.4753,177.125,335.9016,,,99.99510577508448
2023-05-21 23:00:00,2023-05-21 23:00:00,-33.95,72.29,,,,7.79,288.9,12.25,0.0,0.0,101.0014,176.3687,336.085,,,100.0
2023-05-22 00:00:00,2023-05-22 00:00:00,-34.15,72.1,,,,6.863,302.1,10.91,10.608115789473684,10.07771,104.1354,175.619,336.2483,,,99.93390817192292
2023-05-22 01:00:00,2023-05-22 01:00:00,-33.89,72.38,,,,3.444,304.0,11.32,35.22621052631579,33.4649,114.0134,175.5721,336.534,,,100.0
2023-05-22 02:00:00,2023-05-22 02:00:00,-33.04,69.65,,,,5.813,290.2,9.23,414.0319,63.9756,101.5359,168.8341,337.035,,,95.56772792013466
2023-05-22 03:00:00,2023-05-22 03:00:00,-32.73,64.11,,,,5.025,293.3,8.64,759.2673,269.499,106.9201,181.7014,337.335,,,87.71744290520107
2023-05-22 04:00:00,2023-05-22 04:00:00,-32.26,54.66,,,,5.392,285.1,8.41,979.06,496.4094,110.0218,191.3488,337.595,,,74.46656334175213
2023-05-22 05:00:00,2023-05-22 05:00:00,-31.38,43.41,,,,7.328,279.8,10.5,1103.166,644.7653,111.0709,199.1905,337.75,,,58.6639411341189
2023-05-22 06:00:00,2023-05-22 06:00:00,-30.38,34.93,,,,8.35,277.6,11.78,1164.578,744.9836,111.7205,204.4154,337.9033,,,46.7706334807387
2023-05-22 07:00:00,2023-05-22 07:00:00,-29.64,59.83,,,,5.975,276.8,9.92,1163.6,774.6655,121.05,212.7032,337.975,,,79.56406211634054
2023-05-22 08:00:00,2023-05-22 08:00:00,-27.16,75.33,,,,5.528,255.8,10.27,1045.087,741.986,165.1008,221.9224,338.02,,,97.88644087890044
2023-05-22 09:00:00,2023-05-22 09:00:00,-26.85,75.51,,,,5.453,255.9,9.63,580.7714,456.5298,193.6891,216.4288,338.03,,,97.83557108552527
2023-05-22 10:00:00,2023-05-22 10:00:00,-27.51,75.75,,,,4.495,260.3,8.24,278.3062,232.3185,206.5141,206.2617,337.8817,,,98.7553386746528
2023-05-22 11:00:00,2023-05-22 11:00:00,-27.36,76.03,,,,1.955,252.6,6.609,154.9589,137.474,212.008,198.8858,337.9483,,,98.98129877463133
2023-05-22 12:00:00,2023-05-22 12:00:00,-26.85,76.91,,,,0.215,227.7,2.017,95.97876842105264,91.17983,218.7496,201.818,337.995,,,99.64950036005493
2023-05-22 13:00:00,2023-05-22 13:00:00,-27.56,76.73,,,,0.697,237.6,2.249,22.739736842105266,21.60275,212.2158,197.4801,338.0533,,,100.0
2023-05-22 14:00:00,2023-05-22 14:00:00,-29.28,75.1,,,,0.088,253.0,1.261,0.0,0.0,204.0317,186.9069,338.2583,,,99.53739707289805
2023-05-22 15:00:00,2023-05-22 15:00:00,-30.13,74.53,,,,0.04,196.8,0.04,0.0,0.0,200.454,188.0012,338.4367,,,99.56374584491036
2023-05-22 16:00:00,2023-05-22 16:00:00,-31.58,73.13,,,,0.307,213.4,4.284,0.0,0.0,192.8467,172.1686,338.3466,,,99.00933066394937
2023-05-22 17:00:00,2023-05-22 17:00:00,-31.64,73.73,,,,0.234,308.8,3.47,0.0,0.0,191.2744,178.2926,338.3267,,,99.87674160186037
2023-05-22 18:00:00,2023-05-22 18:00:00,-31.55,73.44,,,,3.413,200.9,5.853,0.0,0.0,194.1172,180.3481,338.2116,,,99.4016064356734
2023-05-22 19:00:00,2023-05-22 19:00:00,-31.95,73.3,,,,6.033,235.6,8.18,0.0,0.0,193.5095,178.2624,337.7516,,,99.57740985673604
2023-05-22 20:00:00,2023-05-22 20:00:00,-32.34,71.88,,,,7.244,239.4,9.34,0.0,0.0,192.9761,176.4348,337.3667,,,97.99820238583693
2023-05-22 21:00:00,2023-05-22 21:00:00,-32.81,63.55,,,,9.07,246.1,13.24,0.0,0.0,189.1191,177.4031,336.8283,,,87.01484230816244
2023-05-22 22:00:00,2023-05-22 22:00:00,-32.96,50.69,,,,8.66,247.3,10.56,0.0,0.0,185.717,175.374,336.7733,,,69.50166574400102
2023-05-22 23:00:00,2023-05-22 23:00:00,-31.63,53.53,,,,8.55,253.6,10.27,0.0,0.0,188.4317,178.7875,336.875,,,72.50658482383926
2023-05-23 00:00:00,2023-05-23 00:00:00,-30.14,77.26,,,,8.06,255.2,10.45,10.986336842105263,10.43702,192.3884,188.0035,336.9733,,,100.0
2023-05-23 01:00:00,2023-05-23 01:00:00,-31.69,71.26,,,,9.85,248.3,14.69,76.98477894736843,73.13554,158.5908,184.7747,337.0,,,96.57518454685847
2023-05-23 02:00:00,2023-05-23 02:00:00,-31.9,46.81,,,,9.56,241.2,13.99,137.7269,129.7982,127.525,176.7291,337.11,,,63.56179421345538
2023-05-23 03:00:00,2023-05-23 03:00:00,-31.12,41.64,,,,7.065,242.4,9.52,348.9876842105263,331.5383,140.5764,187.7367,337.41,,,56.13738799511156
2023-05-23 04:00:00,2023-05-23 04:00:00,-30.46,40.52,,,,7.448,255.6,10.45,700.6599,487.1404,160.8383,194.5487,337.6133,,,54.29568598244401
2023-05-23 05:00:00,2023-05-23 05:00:00,-28.39,48.55,,,,5.45,279.6,7.714,740.4547,544.9161,188.5683,208.7931,337.8466,,,63.81716304728344
2023-05-23 06:00:00,2023-05-23 06:00:00,-27.91,51.53,,,,4.222,293.6,8.12,815.0998,617.6911,202.8861,214.5392,337.845,,,67.4314470225213
2023-05-23 07:00:00,2023-05-23 07:00:00,-27.09,57.34,,,,2.871,292.1,10.1,815.3297,637.8442,208.139,220.3233,337.6183,,,74.46074206305575
2023-05-23 08:00:00,2023-05-23 08:00:00,-24.78,73.52,,,,1.861,258.9,8.06,833.9603,663.4291,209.8232,234.0014,337.49,,,93.41867587140365
2023-05-23 09:00:00,2023-05-23 09:00:00,-26.15,67.78,,,,4.436,299.0,12.42,675.0724,567.1339,202.1922,222.7331,337.57,,,87.24456744105865
2023-05-23 10:00:00,2023-05-23 10:00:00,-25.63,74.88,,,,4.088,284.5,11.84,551.9963157894737,524.3965,187.6596,222.3006,337.485,,,95.9128713447141
2023-05-23 11:00:00,2023-05-23 11:00:00,-26.51,64.47,,,,4.752,295.6,13.06,396.58915789473684,376.7597,173.0559,210.9069,337.4433,,,83.2652764823955
2023-05-23 12:00:00,2023-05-23 12:00:00,-25.62,72.0,,,,3.447,263.5,10.1,351.00136842105263,333.4513,159.5589,211.3235,337.4233,,,92.21522621778608
2023-05-23 13:00:00,2023-05-23 13:00:00,-26.96,76.35,,,,5.882,283.7,11.43,92.23374736842106,87.62206,159.1387,199.0493,337.5216,,,99.02604137196278
2023-05-23 14:00:00,2023-05-23 14:00:00,-27.47,76.92,,,,2.339,256.6,9.17,0.0,0.0,192.531,196.2368,337.7917,,,100.0
2023-05-23 15:00:00,2023-05-23 15:00:00,-27.11,77.21,,,,3.309,252.2,5.737,0.0,0.0,194.8343,203.0156,337.975,,,100.0
2023-05-23 16:00:00,2023-05-23 16:00:00,-26.99,77.03,,,,1.054,249.6,6.377,0.0,0.0,209.2425,205.1394,338.2267,,,99.93611035863323
2023-05-23 17:00:00,2023-05-23 17:00:00,-27.35,76.8,,,,0.702,258.4,3.877,0.0,0.0,208.86,201.9688,338.2483,,,99.97437845331967
2023-05-23 18:00:00,2023-05-23 18:00:00,-27.84,76.37,,,,2.224,265.3,4.923,0.0,0.0,207.3259,199.791,337.925,,,99.87137753541872
2023-05-23 19:00:00,2023-05-23 19:00:00,-28.46,75.9,,,,2.901,272.7,6.783,0.0,0.0,205.1153,197.8007,337.7083,,,99.8328583193171
2023-05-23 20:00:00,2023-05-23 20:00:00,-29.58,75.24,,,,5.013,349.7,8.64,0.0,0.0,164.1774,192.6537,337.55,,,100.0
2023-05-23 21:00:00,2023-05-23 21:00:00,-30.26,74.65,,,,3.022,336.4,6.667,0.0,0.0,155.2973,189.0031,337.4333,,,99.84410535990895
2023-05-23 22:00:00,2023-05-23 22:00:00,-30.58,74.69,,,,2.045,338.1,5.679,0.0,0.0,138.3201,185.1291,337.1967,,,100.0
2023-05-23 23:00:00,2023-05-23 23:00:00,-30.88,74.23,,,,1.574,334.2,5.679,0.0,0.0,136.3611,182.4629,337.0583,,,99.85270643344218
2023-05-24 00:00:00,2023-05-24 00:00:00,-31.83,73.65,,,,0.376,326.6,3.586,0.0,0.0,130.031,175.7428,336.9867,,,99.9427037120887
2023-05-24 01:00:00,2023-05-24 01:00:00,-31.52,74.06,,,,0.078,224.3,1.958,42.34242105263158,40.2253,129.5219,170.792,337.1683,,,100.0
2023-05-24 02:00:00,2023-05-24 02:00:00,-30.13,71.59,,,,1.067,281.3,4.167,432.8774,90.03329,136.414,166.7147,337.5333,,,95.63623460401358
2023-05-24 03:00:00,2023-05-24 03:00:00,-29.32,62.63,,,,1.021,260.1,4.342,773.191,314.8488,145.4918,187.4756,337.7233,,,83.04053785756855
2023-05-24 04:00:00,2023-05-24 04:00:00,-26.5,69.77,,,,1.202,266.1,6.783,866.3624,470.4276,168.2369,210.3876,337.805,,,90.10194979290462
2023-05-24 05:00:00,2023-05-24 05:00:00,-27.36,58.88,,,,2.645,311.0,6.144,1077.434,640.0747,135.3334,214.3132,337.995,,,76.65420060305529
2023-05-24 06:00:00,2023-05-24 06:00:00,-26.76,56.14,,,,3.166,294.4,6.493,1158.076,762.951,132.8897,220.0162,338.0067,,,72.67716727680691
2023-05-24 07:00:00,2023-05-24 07:00:00,-24.2,62.42,,,,2.282,277.7,5.272,1149.921,796.0474,139.5406,234.7494,338.055,,,78.88055230234573
2023-05-24 08:00:00,2023-05-24 08:00:00,-24.13,48.79,,,,5.611,256.9,9.46,1071.256,724.3669,131.6374,227.4134,338.0783,,,61.61539224539199
2023-05-24 09:00:00,2023-05-24 09:00:00,-24.81,47.38,,,,8.79,248.5,11.09,706.8508,642.9418,126.5421,220.9367,337.8133,,,60.22077695895955
2023-05-24 10:00:00,2023-05-24 10:00:00,-24.83,50.29,,,,8.54,246.0,11.96,607.5787368421053,577.1998,128.2807,221.0978,337.6883,,,63.93151357874767
2023-05-24 11:00:00,2023-05-24 11:00:00,-23.54,65.75,,,,8.51,251.3,11.14,530.4272631578947,503.9059,123.4035,220.3097,337.6767,,,82.57073497172043
2023-05-24 12:00:00,2023-05-24 12:00:00,-23.64,67.97,,,,8.23,256.5,10.79,387.7462105263158,368.3589,120.9049,211.1294,337.78,,,85.43965639001784
2023-05-24 13:00:00,2023-05-24 13:00:00,-24.09,71.6,,,,6.703,262.6,9.81,208.19778947368422,197.7879,123.8698,202.8107,337.97,,,90.38720325185835
2023-05-24 14:00:00,2023-05-24 14:00:00,-25.48,78.47,,,,7.195,249.5,9.23,0.0,0.0,166.0974,195.2281,338.0733,,,100.0
2023-05-24 15:00:00,2023-05-24 15:00:00,-26.9,77.35,,,,10.55,252.8,14.34,0.0,0.0,188.726,203.0767,337.79,,,100.0
2023-05-24 16:00:00,2023-05-24 16:00:00,-27.25,76.92,,,,9.94,243.2,13.29,0.0,0.0,167.4405,199.4892,337.8917,,,100.0
2023-05-24 17:00:00,2023-05-24 17:00:00,-27.58,76.78,,,,8.83,247.0,10.85,0.0,0.0,163.2168,200.4163,337.7833,,,100.0
2023-05-24 18:00:00,2023-05-24 18:00:00,-28.45,75.87,,,,10.21,247.1,11.72,0.0,0.0,138.9484,197.7093,337.46,,,99.78409503134729
2023-05-24 19:00:00,2023-05-24 19:00:00,-28.93,73.99,,,,9.34,243.5,11.9,0.0,0.0,109.7612,189.782,337.0817,,,97.74757005749736
2023-05-24 20:00:00,2023-05-24 20:00:00,-29.34,70.6,,,,7.911,240.4,11.49,0.0,0.0,107.6482,185.2864,336.7383,,,93.62528055666372
2023-05-24 21:00:00,2023-05-24 21:00:00,-29.13,61.55,,,,10.17,240.3,13.88,0.0,0.0,111.1451,186.9999,336.335,,,81.46459647474882
2023-05-24 22:00:00,2023-05-24 22:00:00,-28.63,44.42,,,,13.92,254.9,18.64,0.0,0.0,116.9904,189.9014,335.9383,0.001,0.737,58.51919961956259
2023-05-24 23:00:00,2023-05-24 23:00:00,-27.81,56.27,,,,10.8,273.0,14.28,0.0,0.0,124.762,193.2572,336.1783,,,73.56536419787402
2023-05-25 00:00:00,2023-05-25 00:00:00,-27.23,77.49,,,,9.56,273.9,13.29,23.86994,15.77896,194.9019,203.2322,336.2,,,100.0
2023-05-25 01:00:00,2023-05-25 01:00:00,-28.83,73.28,,,,10.33,273.2,13.88,31.1868,29.62746,153.7432,193.0694,336.4283,,,96.71953420860463
2023-05-25 02:00:00,2023-05-25 02:00:00,-27.22,51.82,,,,13.01,271.7,17.25,401.5824,71.90141,120.1944,185.4705,336.5966,,,67.37458751320347
2023-05-25 03:00:00,2023-05-25 03:00:00,-27.73,63.27,,,,12.64,269.8,16.49,781.7307,286.4932,122.5958,196.9937,336.7583,,,82.65507136096295
2023-05-25 04:00:00,2023-05-25 04:00:00,-26.49,58.12,,,,11.38,273.3,14.46,974.0957,479.985,124.1813,204.8916,337.0933,,,75.04992770931703
2023-05-25 05:00:00,2023-05-25 05:00:00,-26.14,58.74,,,,11.3,270.1,14.17,1100.882,633.0551,126.8115,211.8169,337.2783,,,75.60141556212362
2023-05-25 06:00:00,2023-05-25 06:00:00,-26.14,68.45,,,,9.68,262.6,11.84,1162.063,739.3376,128.026,217.0438,337.26,,,88.09868735490913
2023-05-25 07:00:00,2023-05-25 07:00:00,-24.97,61.63,,,,9.21,256.4,11.49,1155.856,776.4594,128.8289,222.2864,337.2733,,,78.45122690090969
2023-05-25 08:00:00,2023-05-25 08:00:00,-23.75,73.8,,,,7.92,251.6,11.67,1060.455,724.0858,154.5852,229.7087,337.235,,,92.86487020512565
2023-05-25 09:00:00,2023-05-25 09:00:00,-23.24,71.59,,,,8.78,246.0,12.42,808.369,655.5521,168.3018,231.4839,337.0266,,,89.64922426327318
2023-05-25 10:00:00,2023-05-25 10:00:00,-23.07,78.49,,,,7.49,235.9,11.55,601.6804210526316,571.5964,159.8922,230.2405,336.975,,,98.1312878003253
2023-05-25 11:00:00,2023-05-25 11:00:00,-22.94,79.09,,,,7.095,234.5,10.62,480.42715789473687,456.4058,183.9796,225.558,336.7433,,,98.75940192382465
2023-05-25 12:00:00,2023-05-25 12:00:00,-23.61,78.37,,,,9.05,234.1,12.89,348.2384210526316,330.8265,156.2714,217.3441,336.6317,,,98.48464727345686
2023-05-25 13:00:00,2023-05-25 13:00:00,-25.32,78.52,,,,9.51,232.9,14.28,51.81162105263159,49.22104,179.5719,205.3318,336.655,,,100.0
2023-05-25 14:00:00,2023-05-25 14:00:00,-24.93,78.81,,,,7.686,240.2,11.55,0.0,0.0,213.8902,207.4904,336.8967,,,100.0
2023-05-25 15:00:00,2023-05-25 15:00:00,-25.25,78.56,,,,8.17,241.6,10.21,0.0,0.0,215.368,212.6047,336.9917,,,100.0
2023-05-25 16:00:00,2023-05-25 16:00:00,-25.47,78.42,,,,8.22,247.0,11.84,0.0,0.0,215.4447,211.7706,336.935,,,100.0
2023-05-25 17:00:00,2023-05-25 17:00:00,-26.07,77.77,,,,5.497,239.9,8.35,0.0,0.0,211.8453,209.6369,336.905,,,100.0
2023-05-25 18:00:00,2023-05-25 18:00:00,-27.19,77.01,,,,5.293,237.2,6.842,0.0,0.0,200.6009,204.2516,336.745,,,100.0
2023-05-25 19:00:00,2023-05-25 19:00:00,-26.88,77.4,,,,5.697,231.2,7.597,0.0,0.0,208.1034,206.2439,336.1867,,,100.0
2023-05-25 20:00:00,2023-05-25 20:00:00,-27.57,76.65,,,,6.709,230.3,9.05,0.0,0.0,194.7245,203.1383,335.6383,,,99.98478627809007
2023-05-25 21:00:00,2023-05-25 21:00:00,-27.76,76.87,,,,6.889,230.8,8.53,0.0,0.0,156.9525,200.7791,335.34,,,100.0
2023-05-25 22:00:00,2023-05-25 22:00:00,-28.07,76.18,,,,6.662,234.3,8.76,0.0,0.0,145.892,199.3209,335.24,,,99.83719164422675
2023-05-25 23:00:00,2023-05-25 23:00:00,-29.32,75.32,,,,6.714,235.6,8.41,0.0,0.0,136.813,192.696,335.1833,,,99.86609151256685
2023-05-26 00:00:00,2023-05-26 00:00:00,-30.14,74.75,,,,6.36,240.5,9.17,0.0,0.0,117.5906,186.2577,335.0866,,,99.86688579117305
2023-05-26 01:00:00,2023-05-26 01:00:00,-30.73,73.96,,,,9.14,245.9,11.55,28.872157894736844,27.42855,103.4237,181.3832,335.0483,,,99.35187107650886
2023-05-26 02:00:00,2023-05-26 02:00:00,-29.8,61.14,,,,8.83,255.2,11.14,271.5003,59.7934,107.475,184.6618,335.31,,,81.42688384102263
2023-05-26 03:00:00,2023-05-26 03:00:00,-28.83,66.16,,,,8.13,258.3,11.55,620.4532,270.4217,113.0229,187.8545,335.48,,,87.32211221672054
2023-05-26 04:00:00,2023-05-26 04:00:00,-29.49,73.4,,,,9.43,254.6,12.89,954.1846,465.8715,115.4886,196.9358,335.5117,,,97.47414670125328
2023-05-26 05:00:00,2023-05-26 05:00:00,-29.01,63.72,,,,11.45,250.0,14.92,1108.206,628.5496,115.9797,203.5989,335.4917,,,84.24263737190844
2023-05-26 06:00:00,2023-05-26 06:00:00,-28.09,36.44,,,,13.03,252.7,16.9,1166.257,744.0222,117.3538,208.2311,335.4167,,,47.76511841615655
2023-05-26 07:00:00,2023-05-26 07:00:00,-27.54,19.08,,,,15.26,260.1,18.12,1157.547,771.0628,118.6453,209.0854,335.2867,,,24.881595863706856
2023-05-26 08:00:00,2023-05-26 08:00:00,-27.15,22.85,,,,15.39,269.8,20.15,1070.268,702.3636,121.9011,207.5972,335.275,0.049,7.243,29.689308305123557
2023-05-26 09:00:00,2023-05-26 09:00:00,-27.13,44.49,,,,15.6,270.4,19.28,711.1269,623.4959,123.9192,209.9078,335.365,0.516,12.66,57.79561451371981
2023-05-26 10:00:00,2023-05-26 10:00:00,-25.41,73.4,,,,15.98,264.3,21.14,607.3549473684211,576.9872,155.8359,216.0543,335.605,0.457,15.15,93.82241667470119
2023-05-26 11:00:00,2023-05-26 11:00:00,-24.73,77.22,,,,13.61,261.6,19.11,499.4396842105263,474.4677,154.2918,216.1423,336.0767,0.003,3.847,98.07376121729772
2023-05-26 12:00:00,2023-05-26 12:00:00,-24.8,77.34,,,,13.95,255.1,17.36,359.20115789473687,341.2411,125.3771,211.2149,336.3167,,,98.29115476396758
2023-05-26 13:00:00,2023-05-26 13:00:00,-25.04,75.93,,,,13.21,250.5,15.5,193.33378947368422,183.6671,125.8985,205.188,336.505,,,96.7181508838343
2023-05-26 14:00:00,2023-05-26 14:00:00,-25.48,65.92,,,,13.01,246.4,15.1,0.0,0.0,129.9419,195.2712,336.725,,,84.31684539612817
2023-05-26 15:00:00,2023-05-26 15:00:00,-25.8,57.46,,,,10.92,240.4,14.92,0.0,0.0,128.724,199.9856,336.9417,,,73.71774827411781
2023-05-26 16:00:00,2023-05-26 16:00:00,-26.75,71.59,,,,10.03,239.0,12.71,0.0,0.0,125.1434,197.1524,336.835,,,92.66957907720092
2023-05-26 17:00:00,2023-05-26 17:00:00,-27.24,69.2,,,,9.29,236.4,12.95,0.0,0.0,124.2208,194.6997,336.5966,,,89.98832600910755
2023-05-26 18:00:00,2023-05-26 18:00:00,-27.56,49.23,,,,9.24,236.0,12.83,0.0,0.0,141.8327,194.4113,336.1667,,,64.21122669213815
2023-05-26 19:00:00,2023-05-26 19:00:00,-26.68,77.49,,,,8.4,233.1,12.13,0.0,0.0,198.1263,204.354,335.7967,,,100.0
2023-05-26 20:00:00,2023-05-26 20:00:00,-26.28,77.85,,,,7.235,232.4,9.57,0.0,0.0,212.4846,208.2177,335.3466,,,100.0
2023-05-26 21:00:00,2023-05-26 21:00:00,-26.42,77.58,,,,6.249,231.1,8.06,0.0,0.0,212.3219,208.1732,335.075,,,100.0
2023-05-26 22:00:00,2023-05-26 22:00:00,-26.63,77.48,,,,7.587,230.4,10.79,0.0,0.0,212.4836,207.5578,334.7483,,,100.0
2023-05-26 23:00:00,2023-05-26 23:00:00,-26.84,77.27,,,,6.875,228.8,9.05,0.0,0.0,212.3519,207.134,334.4583,,,100.0
2023-05-27 00:00:00,2023-05-27 00:00:00,-27.09,77.09,,,,5.356,229.1,7.655,14.61181,12.23216,211.7801,206.4535,334.4217,,,100.0
2023-05-27 01:00:00,2023-05-27 01:00:00,-26.89,77.11,,,,4.97,228.4,9.75,115.6751,92.47263,213.5403,208.6714,334.505,,,99.94612713389449
2023-05-27 02:00:00,2023-05-27 02:00:00,-26.35,77.22,,,,3.738,232.0,6.028,232.8938,177.8554,215.6846,202.5395,334.76,,,99.58254184150368
2023-05-27 03:00:00,2023-05-27 03:00:00,-26.88,76.41,,,,4.042,237.2,6.202,337.7346,250.6798,188.1403,205.9765,334.93,,,99.0295329185656
2023-05-27 04:00:00,2023-05-27 04:00:00,-29.27,74.56,,,,8.35,242.2,14.34,454.54673684210525,431.8194,122.2621,196.6136,334.915,,,98.812500152574
2023-05-27 05:00:00,2023-05-27 05:00:00,-30.23,72.1,,,,11.58,253.0,16.08,867.6371,630.4316,117.9234,197.1914,335.0133,,,96.40672500326696
2023-05-27 06:00:00,2023-05-27 06:00:00,-29.51,61.89,,,,13.51,256.0,17.83,1175.442,735.5167,116.1991,202.5472,334.9933,,,82.20429245840889
2023-05-27 07:00:00,2023-05-27 07:00:00,-29.57,44.55,,,,14.64,255.7,18.0,1165.562,764.4795,114.3929,203.5003,334.9783,,,59.205707125677655
2023-05-27 08:00:00,2023-05-27 08:00:00,-29.98,35.77,,,,17.98,258.9,23.53,1077.473,688.379,114.3227,200.2693,334.615,0.038,8.18,47.71838905463745
2023-05-27 09:00:00,2023-05-27 09:00:00,-30.08,37.68,,,,22.08,262.9,27.01,706.9008,618.576,113.6031,197.0641,333.8083,9.75,23.32,50.31296991607285
2023-05-27 10:00:00,2023-05-27 10:00:00,-29.35,30.66,,,,19.65,268.4,26.32,566.4927368421053,538.1681,114.7953,199.0119,334.4383,6.099,20.88,40.66314111685279
2023-05-27 11:00:00,2023-05-27 11:00:00,-27.0,18.64,,,,14.7,273.3,19.57,486.4851578947369,462.1609,116.2191,202.2169,335.2017,0.527,14.53,24.18517152284529
2023-05-27 12:00:00,2023-05-27 12:00:00,-25.25,30.66,,,,12.0,258.8,18.29,348.406,330.9857,116.1125,201.9772,335.7583,0.102,10.65,39.131579568856466
2023-05-27 13:00:00,2023-05-27 13:00:00,-24.89,32.19,,,,9.58,269.8,15.91,194.07852631578947,184.3746,116.6277,200.0378,336.2733,,,40.944960291650276
2023-05-27 14:00:00,2023-05-27 14:00:00,-25.86,30.85,,,,9.63,267.0,12.95,0.0,0.0,116.9729,191.7421,336.4716,,,39.60107182021469
2023-05-27 15:00:00,2023-05-27 15:00:00,-26.66,37.29,,,,7.311,254.9,10.27,0.0,0.0,117.1241,193.0015,336.7583,,,48.22923208474778
2023-05-27 16:00:00,2023-05-27 16:00:00,-27.1,46.9,,,,6.657,240.4,9.28,0.0,0.0,114.3654,190.245,336.8167,,,60.90924532107282
2023-05-27 17:00:00,2023-05-27 17:00:00,-27.12,46.11,,,,7.385,232.3,10.39,0.0,0.0,113.5619,190.566,336.825,,,59.894494285576
2023-05-27 18:00:00,2023-05-27 18:00:00,-27.36,46.92,,,,8.8,230.8,12.48,0.0,0.0,113.4901,191.4079,336.59,,,61.08381610555968
2023-05-27 19:00:00,2023-05-27 19:00:00,-27.94,48.2,,,,9.56,231.2,12.07,0.0,0.0,113.0353,190.5938,336.1267,,,63.09153635784838
2023-05-27 20:00:00,2023-05-27 20:00:00,-28.45,52.95,,,,10.65,239.2,13.47,0.0,0.0,113.9992,189.9522,335.735,,,69.63974999222143
2023-05-27 21:00:00,2023-05-27 21:00:00,-29.18,71.37,,,,10.94,241.8,13.93,0.0,0.0,123.3972,189.8056,335.3833,,,94.50579119411671
2023-05-27 22:00:00,2023-05-27 22:00:00,-29.35,76.28,,,,10.92,243.9,14.52,0.0,0.0,166.219,193.8499,335.19,,,100.0
2023-05-27 23:00:00,2023-05-27 23:00:00,-29.97,42.44,,,,12.56,246.7,15.68,0.0,0.0,159.2628,191.2664,334.9983,,,56.611149891409305
2023-05-28 00:00:00,2023-05-28 00:00:00,-30.06,29.07,,,,13.29,248.8,19.11,10.818347368421055,10.27743,125.2635,187.5776,335.015,,,38.80910797173923
2023-05-28 01:00:00,2023-05-28 01:00:00,-30.2,14.57,,,,13.36,251.8,16.72,38.114821052631584,36.20908,109.3722,184.8188,335.11,,,19.476505957705687
2023-05-28 02:00:00,2023-05-28 02:00:00,-29.67,12.63,,,,12.83,260.0,15.27,429.4624,77.2658,105.181,183.4927,335.5817,,,16.80049822944075
2023-05-28 03:00:00,2023-05-28 03:00:00,-30.23,13.38,,,,10.68,280.7,15.85,788.2203,288.462,101.5946,185.8141,335.905,,,17.890734820301137
2023-05-28 04:00:00,2023-05-28 04:00:00,-29.77,16.12,,,,10.88,272.8,14.75,977.6806,482.073,105.7485,193.3386,336.1566,,,21.462811948606728
2023-05-28 05:00:00,2023-05-28 05:00:00,-29.33,19.75,,,,10.37,270.1,13.7,1103.104,631.549,108.5468,199.7088,336.405,,,26.188775167869906
2023-05-28 06:00:00,2023-05-28 06:00:00,-28.72,18.6,,,,9.36,271.1,12.95,1163.452,734.9612,110.6995,206.2792,336.6683,,,24.524313549196926
2023-05-28 07:00:00,2023-05-28 07:00:00,-28.17,30.68,,,,9.62,274.4,13.29,1155.512,764.6237,112.883,204.6674,336.8183,,,40.245024166399524
2023-05-28 08:00:00,2023-05-28 08:00:00,-27.29,62.76,,,,9.43,266.1,13.53,1049.348,695.5112,126.7163,212.5336,337.0017,,,81.65192095732206
2023-05-28 09:00:00,2023-05-28 09:00:00,-27.26,57.99,,,,10.22,263.2,16.32,707.8523,614.8134,118.7012,215.0798,336.9867,,,75.42486631333502
2023-05-28 10:00:00,2023-05-28 10:00:00,-26.92,72.79,,,,10.72,269.6,15.56,605.9911578947368,575.6916,143.998,213.8677,336.9333,,,94.37330950308392
2023-05-28 11:00:00,2023-05-28 11:00:00,-27.01,74.04,,,,10.81,267.4,15.85,491.7402105263158,467.1532,118.0167,209.5047,336.9983,0.003,3.759,96.07499971021603
2023-05-28 12:00:00,2023-05-28 12:00:00,-26.7,41.13,,,,11.06,265.7,15.85,349.9648421052632,332.4666,112.0967,202.8838,337.285,0.007,6.813,53.21569504034273
2023-05-28 13:00:00,2023-05-28 13:00:00,-26.0,18.26,,,,11.56,280.2,15.74,206.86905263157897,196.5256,113.7511,197.5529,337.7383,,,23.470632361224165
2023-05-28 14:00:00,2023-05-28 14:00:00,-26.59,17.05,,,,10.99,273.0,14.57,0.0,0.0,111.6328,190.1355,338.3033,,,22.037226002092982
2023-05-28 15:00:00,2023-05-28 15:00:00,-26.91,17.28,,,,10.57,269.4,13.88,0.0,0.0,112.1117,194.1724,338.8617,,,22.401673982023308
2023-05-28 16:00:00,2023-05-28 16:00:00,-27.0,18.15,,,,8.62,268.0,11.9,0.0,0.0,112.5254,192.3752,339.245,,,23.54940252895075
2023-05-28 17:00:00,2023-05-28 17:00:00,-27.18,18.38,,,,8.52,265.3,11.09,0.0,0.0,113.7467,191.4747,339.36,,,23.888092040581927
2023-05-28 18:00:00,2023-05-28 18:00:00,-27.39,18.45,,,,7.185,265.2,9.34,0.0,0.0,114.1907,189.8232,339.31,,,24.026278859484943
2023-05-28 19:00:00,2023-05-28 19:00:00,-27.11,21.98,,,,6.921,264.7,9.75,0.0,0.0,114.615,189.7321,339.0933,,,28.548202378182044
2023-05-28 20:00:00,2023-05-28 20:00:00,-27.07,25.29,,,,7.151,251.9,9.57,0.0,0.0,115.4907,188.8006,338.975,,,32.83500504687535
2023-05-28 21:00:00,2023-05-28 21:00:00,-26.84,39.03,,,,8.88,241.1,11.2,0.0,0.0,116.9225,191.4969,338.8483,,,50.56501303126234
2023-05-28 22:00:00,2023-05-28 22:00:00,-26.92,44.54,,,,9.55,239.2,13.93,0.0,0.0,116.4796,192.5545,338.7317,,,57.74676748546994
2023-05-28 23:00:00,2023-05-28 23:00:00,-26.8,32.84,,,,8.96,232.3,11.67,0.0,0.0,115.225,191.805,338.7417,,,42.52964308567461
2023-05-29 00:00:00,2023-05-29 00:00:00,-26.94,18.71,,,,7.663,231.6,10.39,0.0,0.0,116.113,189.9796,338.885,,,24.262341531778596
2023-05-29 01:00:00,2023-05-29 01:00:00,-26.82,28.45,,,,7.593,235.9,10.91,34.65314736842105,32.92049,115.1895,188.2294,339.2083,,,36.851261102926806
2023-05-29 02:00:00,2023-05-29 02:00:00,-25.87,41.02,,,,6.535,229.9,9.28,427.0143,69.60066,121.496,182.5912,339.655,,,52.66090422373878
2023-05-29 03:00:00,2023-05-29 03:00:00,-25.54,53.06,,,,7.436,234.8,9.86,776.4402,277.0405,126.4272,200.4658,339.9633,,,67.90628881890872
2023-05-29 04:00:00,2023-05-29 04:00:00,-25.09,56.37,,,,7.951,238.6,9.98,965.2441,467.8463,129.8985,210.4361,340.2,,,71.83690097488962
2023-05-29 05:00:00,2023-05-29 05:00:00,-24.39,51.26,,,,8.82,236.3,12.25,1091.904,614.0903,132.3415,218.8389,340.3117,,,64.89415467620012
2023-05-29 06:00:00,2023-05-29 06:00:00,-23.89,44.54,,,,8.99,237.6,11.26,1153.478,716.3632,133.1998,222.2033,340.4016,,,56.12049224060761
2023-05-29 07:00:00,2023-05-29 07:00:00,-23.18,57.27,,,,9.96,238.7,12.02,1144.302,743.7643,132.5999,226.7165,340.4583,,,71.67603661966653
2023-05-29 08:00:00,2023-05-29 08:00:00,-22.43,54.42,,,,10.02,235.0,13.99,1064.342,674.6962,133.9667,229.261,340.435,,,67.62536004095064
2023-05-29 09:00:00,2023-05-29 09:00:00,-22.41,54.46,,,,9.93,236.5,13.99,704.5045,601.0089,132.0302,225.9334,340.4283,,,67.66218958764136
2023-05-29 10:00:00,2023-05-29 10:00:00,-22.62,60.39,,,,9.33,233.7,15.5,561.9686315789473,533.8702,130.841,228.188,340.4066,,,75.17976357730595
2023-05-29 11:00:00,2023-05-29 11:00:00,-22.53,58.22,,,,9.19,233.7,13.53,481.42568421052636,457.3544,126.2298,223.3333,340.4283,,,72.4163108644637
2023-05-29 12:00:00,2023-05-29 12:00:00,-22.61,63.93,,,,8.43,235.2,11.78,336.7455789473684,319.9083,125.8142,217.7928,340.625,,,79.57915652330443
2023-05-29 13:00:00,2023-05-29 13:00:00,-22.79,64.97,,,,7.74,237.5,10.27,213.3845263157895,202.7153,128.6719,210.5383,340.85,,,81.0122502555529
2023-05-29 14:00:00,2023-05-29 14:00:00,-23.61,34.98,,,,9.1,238.7,11.49,0.0,0.0,109.9737,197.2778,341.105,,,43.95805744067271
2023-05-29 15:00:00,2023-05-29 15:00:00,-24.21,16.13,,,,9.25,237.5,11.96,0.0,0.0,110.2632,198.2601,341.365,,,20.38551333385198
2023-05-29 16:00:00,2023-05-29 16:00:00,-24.54,16.75,,,,9.7,238.3,12.71,0.0,0.0,111.3471,197.3202,341.465,,,21.23527461080531
2023-05-29 17:00:00,2023-05-29 17:00:00,-25.4,18.94,,,,8.88,237.7,11.61,0.0,0.0,110.5507,194.7625,341.4333,,,24.2074800350123
2023-05-29 18:00:00,2023-05-29 18:00:00,-25.73,25.66,,,,9.85,238.8,13.24,0.0,0.0,109.0755,194.2153,341.0683,,,32.8985537468408
2023-05-29 19:00:00,2023-05-29 19:00:00,-26.48,40.13,,,,9.19,240.1,11.84,0.0,0.0,108.7874,192.6903,340.6783,,,51.814705889508936
2023-05-29 20:00:00,2023-05-29 20:00:00,-26.34,52.36,,,,10.08,242.9,13.47,0.0,0.0,109.0673,193.8977,340.43,,,67.51685942193824
2023-05-29 21:00:00,2023-05-29 21:00:00,-26.22,49.62,,,,11.15,242.8,14.98,0.0,0.0,109.6168,194.8661,340.1017,,,63.91156584166622
2023-05-29 22:00:00,2023-05-29 22:00:00,-26.65,50.03,,,,11.05,240.3,14.98,0.0,0.0,108.2755,193.7918,340.06,,,64.70050888323584
2023-05-29 23:00:00,2023-05-29 23:00:00,-26.17,28.08,,,,11.92,238.6,17.07,0.0,0.0,108.3703,193.9657,339.96,0.004,4.207,36.1506088973512
2023-05-30 00:00:00,2023-05-30 00:00:00,-25.67,18.44,,,,11.07,233.8,15.5,0.0,0.0,108.2455,194.4637,339.975,,,23.628471543356476
2023-05-30 01:00:00,2023-05-30 01:00:00,-25.74,22.46,,,,11.63,236.8,14.92,35.67307368421053,33.88942,108.3232,195.294,340.2567,,,28.798562375262197
2023-05-30 02:00:00,2023-05-30 02:00:00,-25.49,26.58,,,,10.27,232.0,13.35,436.7191,68.94902,113.0378,187.8169,340.7183,,,34.00110757382198
2023-05-30 03:00:00,2023-05-30 03:00:00,-25.23,17.06,,,,10.49,232.2,13.0,783.9536,272.2083,117.4549,199.6028,341.0183,,,21.769693508945355
2023-05-30 04:00:00,2023-05-30 04:00:00,-25.06,16.02,,,,10.71,232.3,14.46,971.3887,460.8695,122.3805,205.3033,341.2183,,,20.409815945842624
2023-05-30 05:00:00,2023-05-30 05:00:00,-24.74,14.88,,,,11.14,232.9,14.69,1099.309,605.3477,122.1887,212.668,341.2816,,,18.900226237474747
2023-05-30 06:00:00,2023-05-30 06:00:00,-24.34,16.62,,,,11.88,234.9,15.04,1158.565,705.7203,124.4836,219.2088,341.235,0.001,1.299,21.030643839825373
2023-05-30 07:00:00,2023-05-30 07:00:00,-23.85,18.75,,,,13.27,240.1,16.84,1150.229,734.9442,122.6755,220.4515,341.1817,0.012,4.722,23.616086854713675
2023-05-30 08:00:00,2023-05-30 08:00:00,-23.5,25.13,,,,13.47,242.2,22.13,1068.985,670.4442,125.6398,222.78,340.9967,0.044,11.53,31.547003611794345
2023-05-30 09:00:00,2023-05-30 09:00:00,-22.59,24.55,,,,13.29,244.1,17.07,707.8032,596.0054,124.6174,224.7229,340.8966,0.04,7.308,30.553679778050792
2023-05-30 10:00:00,2023-05-30 10:00:00,-21.89,24.86,,,,12.9,243.8,17.71,559.2350526315789,531.2733,126.723,224.5174,340.8416,0.042,7.265,30.73401235163066
2023-05-30 11:00:00,2023-05-30 11:00:00,-22.01,26.05,,,,13.51,245.6,17.65,485.8161052631579,461.5253,127.1979,221.0222,340.825,0.015,6.412,32.24202785166952
2023-05-30 12:00:00,2023-05-30 12:00:00,-21.52,21.98,,,,13.0,250.4,15.15,353.8865263157895,336.1922,126.7736,216.8337,341.125,,,27.077839567920666
2023-05-30 13:00:00,2023-05-30 13:00:00,-21.4,27.66,,,,12.66,252.3,15.21,213.18136842105264,202.5223,127.5998,212.132,341.4533,,,34.0362243332657
2023-05-30 14:00:00,2023-05-30 14:00:00,-23.05,51.98,,,,12.41,248.2,14.98,0.0,0.0,127.1358,203.8614,341.6733,,,64.97509910924948
2023-05-30 15:00:00,2023-05-30 15:00:00,-23.75,56.77,,,,11.47,246.9,13.41,0.0,0.0,127.81,206.5345,341.85,,,71.43548348976942
2023-05-30 16:00:00,2023-05-30 16:00:00,-24.01,41.05,,,,10.41,244.5,15.27,0.0,0.0,126.5699,203.7929,341.8717,,,51.78191186506891
2023-05-30 17:00:00,2023-05-30 17:00:00,-24.36,28.9,,,,9.42,242.2,12.54,0.0,0.0,124.93,200.5454,341.82,,,36.576451288323575
2023-05-30 18:00:00,2023-05-30 18:00:00,-24.78,37.18,,,,8.98,240.0,11.9,0.0,0.0,125.3862,199.6289,341.6133,,,47.24301372278003
2023-05-30 19:00:00,2023-05-30 19:00:00,-24.81,46.32,,,,9.28,239.4,13.59,0.0,0.0,125.9118,199.9938,341.3383,,,58.87349912914745
2023-05-30 20:00:00,2023-05-30 20:00:00,-24.29,45.98,,,,9.13,232.7,11.61,0.0,0.0,125.3943,201.5533,341.0,,,58.15473154569275
2023-05-30 21:00:00,2023-05-30 21:00:00,-24.42,50.0,,,,10.38,234.5,13.76,0.0,0.0,123.7571,202.1169,340.5933,,,63.31698459188084
2023-05-30 22:00:00,2023-05-30 22:00:00,-24.94,48.3,,,,10.42,237.0,12.95,0.0,0.0,122.4607,200.6026,340.3466,,,61.46553660568974
2023-05-30 23:00:00,2023-05-30 23:00:00,-25.3,47.35,,,,8.01,230.5,11.84,0.0,0.0,121.5153,198.0724,340.36,,,60.4616561108445
2023-05-31 00:00:00,2023-05-31 00:00:00,-25.63,48.94,,,,10.16,237.2,12.89,0.0,0.0,124.7311,198.8846,340.38,,,62.68664427898381
2023-05-31 01:00:00,2023-05-31 01:00:00,-25.57,69.4,,,,10.54,237.1,14.11,32.864305263157895,31.22109,123.1241,200.7777,340.6667,,,88.84336559867147
2023-05-31 02:00:00,2023-05-31 02:00:00,-24.63,81.1,,,,11.53,237.9,13.88,427.2982,67.16463,128.9784,203.9336,340.9,,,100.0
2023-05-31 03:00:00,2023-05-31 03:00:00,-24.25,80.2,,,,10.69,234.7,13.59,689.1143,267.8232,133.7154,203.2271,341.1383,,,100.0
2023-05-31 04:00:00,2023-05-31 04:00:00,-24.03,79.35,,,,11.03,235.4,16.67,793.5258,450.7433,139.4549,217.1001,341.25,,,100.0
2023-05-31 05:00:00,2023-05-31 05:00:00,-23.09,77.15,,,,11.58,235.6,14.69,936.2968,599.6639,139.9356,225.2653,341.4033,0.004,4.558,96.47428942783188
2023-05-31 06:00:00,2023-05-31 06:00:00,-22.35,68.31,,,,10.56,232.2,13.53,1140.259,698.3206,140.0137,231.2641,341.4216,,,84.82126443942957
2023-05-31 07:00:00,2023-05-31 07:00:00,-21.82,62.62,,,,10.79,232.8,13.88,1140.549,729.9033,138.7721,233.8676,341.3133,,,77.36446235666284
2023-05-31 08:00:00,2023-05-31 08:00:00,-21.17,64.09,,,,11.6,235.8,14.57,1057.039,666.3579,141.2012,232.0855,341.0467,0.002,1.947,78.6912115462397
2023-05-31 09:00:00,2023-05-31 09:00:00,-20.9,64.0,,,,12.87,239.0,15.15,701.1694,601.9541,140.1174,232.2091,340.8,0.009,7.365,78.37836635667534
2023-05-31 10:00:00,2023-05-31 10:00:00,-20.73,65.82,,,,12.83,240.1,16.08,569.4189473684211,540.948,138.4612,232.797,340.65,0.006,7.639,80.47643204015094
2023-05-31 11:00:00,2023-05-31 11:00:00,-20.29,65.2,,,,11.85,237.6,14.57,495.56715789473685,470.7888,136.6159,230.5777,340.7033,0.002,2.658,79.38370138052841
2023-05-31 12:00:00,2023-05-31 12:00:00,-20.81,72.9,,,,10.83,234.7,15.21,372.5588421052632,353.9309,136.5624,225.2049,340.7433,0.007,7.966,89.20112925032736
2023-05-31 13:00:00,2023-05-31 13:00:00,-21.47,77.87,,,,10.3,233.2,14.34,232.85084210526318,221.2083,135.4627,217.4607,340.8883,,,95.88471512237764
2023-05-31 14:00:00,2023-05-31 14:00:00,-23.0,83.7,,,,9.8,233.9,12.89,0.0,0.0,147.0019,207.6572,340.985,,,100.0
2023-05-31 15:00:00,2023-05-31 15:00:00,-23.32,80.6,,,,9.24,234.9,11.84,0.0,0.0,187.0734,214.3582,341.1283,,,100.0
2023-05-31 16:00:00,2023-05-31 16:00:00,-23.84,79.5,,,,8.8,231.9,11.9,0.0,0.0,188.8992,213.4183,341.2333,,,100.0
2023-05-31 17:00:00,2023-05-31 17:00:00,-24.61,72.78,,,,9.36,229.0,12.71,0.0,0.0,146.8995,206.5994,341.0733,,,92.32993533134554
2023-05-31 18:00:00,2023-05-31 18:00:00,-25.15,69.82,,,,10.68,231.8,13.53,0.0,0.0,124.3094,203.3916,340.5633,,,89.0277334308727
2023-05-31 19:00:00,2023-05-31 19:00:00,-25.28,78.57,,,,12.26,234.4,16.14,0.0,0.0,124.8073,204.6156,340.04,,,100.0
2023-05-31 20:00:00,2023-05-31 20:00:00,-25.67,78.56,,,,11.69,232.8,16.78,0.0,0.0,132.793,203.933,339.73,,,100.0
2023-05-31 21:00:00,2023-05-31 21:00:00,-25.76,75.04,,,,12.52,234.4,16.38,0.0,0.0,137.5449,204.0571,339.4366,,,96.23558301749667
2023-05-31 22:00:00,2023-05-31 22:00:00,-25.8,75.21,,,,13.9,235.8,19.22,0.0,0.0,132.4705,203.97,338.9883,0.067,7.81,96.48993817780021
2023-05-31 23:00:00,2023-05-31 23:00:00,-25.87,66.72,,,,13.43,230.4,18.58,0.0,0.0,123.6954,202.1276,338.8433,0.053,10.93,85.65420599239033
2023-06-01 00:00:00,2023-06-01 00:00:00,-26.44,57.72,,,,14.66,233.0,20.85,0.0,0.0,116.4532,199.9411,338.6333,0.151,11.1,74.4984102809037
2023-06-01 01:00:00,2023-06-01 01:00:00,-26.23,30.36,,,,15.44,234.6,20.1,29.385115789473684,27.91586,113.6876,195.839,338.8366,,,39.10797220883055
2023-06-01 02:00:00,2023-06-01 02:00:00,-25.71,19.08,,,,14.1,230.7,20.04,443.9667,69.93105,117.9058,190.7352,339.19,0.111,11.79,24.457762102025974
2023-06-01 03:00:00,2023-06-01 03:00:00,-25.7,15.3,,,,14.09,229.1,23.99,782.2434,269.045,122.1785,200.6789,339.1983,0.211,16.24,19.610509198922497
2023-06-01 04:00:00,2023-06-01 04:00:00,-25.36,11.48,,,,14.72,231.7,19.69,971.834,453.9818,121.6839,206.4631,339.3067,0.433,12.67,14.667216117195075
2023-06-01 05:00:00,2023-06-01 05:00:00,-24.62,12.12,,,,16.11,234.7,22.54,1098.791,595.0222,122.9138,212.5915,339.27,1.081,13.09,15.37708989608606
2023-06-01 06:00:00,2023-06-01 06:00:00,-24.92,15.2,,,,17.17,240.9,21.96,1156.113,692.4266,124.1265,215.5413,339.195,0.825,13.65,19.339538709163342
2023-06-01 07:00:00,2023-06-01 07:00:00,-24.46,17.02,,,,16.62,242.5,20.15,1148.557,724.6709,123.5666,218.7698,339.05,0.78,12.19,21.561257165648716
2023-06-01 08:00:00,2023-06-01 08:00:00,-24.48,17.55,,,,15.81,244.7,20.91,1069.543,664.6906,122.4759,217.3585,339.0133,0.546,12.36,22.236876750302645
2023-06-01 09:00:00,2023-06-01 09:00:00,-23.24,17.75,,,,15.34,243.5,21.26,701.7808,588.4542,120.1683,219.0172,338.7933,0.484,13.83,22.227597858263707
2023-06-01 10:00:00,2023-06-01 10:00:00,-22.76,16.98,,,,14.53,243.4,19.92,552.7003157894737,525.0653,120.3183,218.3163,338.6217,0.203,8.42,21.16662783805406
2023-06-01 11:00:00,2023-06-01 11:00:00,-21.94,14.35,,,,14.84,244.1,19.05,481.72105263157897,457.635,118.522,218.6432,338.6767,0.43,12.23,17.74912409508901
2023-06-01 12:00:00,2023-06-01 12:00:00,-22.04,14.29,,,,13.66,243.5,16.9,353.7667368421053,336.0784,116.694,213.6991,338.745,0.078,8.92,17.691756206140766
2023-06-01 13:00:00,2023-06-01 13:00:00,-22.57,14.59,,,,14.73,245.5,17.31,226.23084210526315,214.9193,115.0465,207.1137,338.8317,0.098,9.38,18.15451756042286
2023-06-01 14:00:00,2023-06-01 14:00:00,-24.56,12.04,,,,13.55,248.2,15.62,0.0,0.0,111.1805,193.4635,338.9767,0.002,2.906,15.266928820057016
2023-06-01 15:00:00,2023-06-01 15:00:00,-25.49,11.24,,,,13.26,247.8,15.27,0.0,0.0,107.9519,197.1801,339.07,,,14.378195979298688
2023-06-01 16:00:00,2023-06-01 16:00:00,-25.59,11.15,,,,13.52,247.3,15.62,0.0,0.0,106.6249,196.2197,339.085,,,14.276516331175376
2023-06-01 17:00:00,2023-06-01 17:00:00,-26.17,11.07,,,,12.89,244.6,15.79,0.0,0.0,105.1075,194.1853,338.96,,,14.251682353763453
2023-06-01 18:00:00,2023-06-01 18:00:00,-26.57,12.74,,,,12.01,242.7,15.33,0.0,0.0,104.0393,192.8206,338.6633,,,16.46343328244306
2023-06-01 19:00:00,2023-06-01 19:00:00,-26.51,15.39,,,,11.55,240.4,17.54,0.0,0.0,102.9883,192.0995,338.4016,,,19.876727238468543
2023-06-01 20:00:00,2023-06-01 20:00:00,-26.34,13.15,,,,12.46,242.0,16.72,0.0,0.0,103.2645,192.8562,337.9183,0.005,3.639,16.956583296380593
2023-06-01 21:00:00,2023-06-01 21:00:00,-26.44,13.7,,,,13.35,242.5,19.57,0.0,0.0,102.78,193.408,337.6317,0.027,10.04,17.682401608599804
2023-06-01 22:00:00,2023-06-01 22:00:00,-26.98,11.08,,,,12.64,243.1,16.55,0.0,0.0,101.6571,191.4936,337.4417,,,14.373468570868273
2023-06-01 23:00:00,2023-06-01 23:00:00,-26.69,10.96,,,,12.07,241.6,16.67,0.0,0.0,102.5494,191.4105,337.4467,,,14.17917031818602
2023-06-02 00:00:00,2023-06-02 00:00:00,-26.83,11.72,,,,12.15,240.7,16.96,0.0,0.0,103.3074,191.2673,337.4833,0.006,6.689,15.182330473917885
2023-06-02 01:00:00,2023-06-02 01:00:00,-26.88,12.08,,,,13.12,242.7,19.05,33.2322,31.57059,104.1744,192.2369,337.6233,0.026,9.74,15.656023526452982
2023-06-02 02:00:00,2023-06-02 02:00:00,-26.73,13.7,,,,14.03,242.7,21.03,449.7963,64.22699,107.484,185.5047,337.6583,0.183,14.36,17.73061828133317
2023-06-02 03:00:00,2023-06-02 03:00:00,-26.56,15.82,,,,14.75,239.5,20.62,784.3923,262.3262,110.9914,196.0571,337.7283,0.142,12.76,20.441684258163935
2023-06-02 04:00:00,2023-06-02 04:00:00,-26.29,15.0,,,,15.36,237.1,23.47,972.4594,450.3459,114.6841,201.9936,337.8717,0.278,11.32,19.333022457727214
2023-06-02 05:00:00,2023-06-02 05:00:00,-26.3,15.7,,,,16.49,239.6,23.53,1097.315,589.4814,117.5788,206.9497,337.7117,0.564,15.68,20.23713232183808
2023-06-02 06:00:00,2023-06-02 06:00:00,-26.25,17.62,,,,16.27,240.6,24.57,1160.219,687.6262,118.2156,213.0355,337.5233,0.533,14.69,22.70131922385535
2023-06-02 07:00:00,2023-06-02 07:00:00,-26.61,23.03,,,,15.29,241.5,21.67,1151.103,721.988,118.2737,215.0152,337.6933,0.289,13.83,29.772001798211544
2023-06-02 08:00:00,2023-06-02 08:00:00,-26.25,33.5,,,,15.11,241.3,19.75,1072.478,665.2463,117.9296,215.3234,337.4716,0.223,12.6,43.160850964764705
2023-06-02 09:00:00,2023-06-02 09:00:00,-25.84,39.36,,,,15.04,239.7,21.2,697.2709,595.6205,118.2265,215.9015,337.3117,0.473,13.03,50.51555047545602
2023-06-02 10:00:00,2023-06-02 10:00:00,-25.72,65.04,,,,14.41,240.3,24.8,554.468947368421,526.7455,129.341,217.1315,337.0733,0.493,14.32,83.3795954097495
2023-06-02 11:00:00,2023-06-02 11:00:00,-25.72,61.69,,,,14.85,242.3,23.06,487.3509473684211,462.9834,127.2066,211.0985,336.9317,0.821,15.18,79.08498217754376
2023-06-02 12:00:00,2023-06-02 12:00:00,-26.15,35.94,,,,16.11,242.0,22.6,362.0703157894737,343.9668,112.36,204.5599,336.8233,1.349,15.11,46.2609878110305
2023-06-02 13:00:00,2023-06-02 13:00:00,-26.67,23.55,,,,17.92,243.2,25.04,225.99431578947372,214.6946,107.5141,194.9137,336.5817,3.195,17.39,30.46138486476557
2023-06-02 14:00:00,2023-06-02 14:00:00,-27.97,26.99,,,,19.04,243.0,25.68,0.0,0.0,105.4433,189.7659,336.4716,3.831,22.22,35.338544913947985
2023-06-02 15:00:00,2023-06-02 15:00:00,-27.84,21.01,,,,18.49,243.3,27.89,0.0,0.0,106.0817,194.2148,336.7033,3.185,25.77,27.475417598784173
2023-06-02 16:00:00,2023-06-02 16:00:00,-28.06,21.99,,,,17.32,242.5,26.43,0.0,0.0,107.8516,193.1196,336.92,1.17,21.05,28.81615711395255
2023-06-02 17:00:00,2023-06-02 17:00:00,-28.35,35.24,,,,17.76,243.3,25.15,0.0,0.0,106.3555,192.7643,336.8483,1.611,21.31,46.30438718279765
2023-06-02 18:00:00,2023-06-02 18:00:00,-27.96,14.85,,,,18.12,243.1,25.68,0.0,0.0,103.4535,192.3148,336.66,2.137,20.99,19.441584740070635
2023-06-02 19:00:00,2023-06-02 19:00:00,-28.83,14.36,,,,19.22,246.7,27.65,0.0,0.0,99.99132,190.2884,336.0517,3.345,24.09,18.953227500485294
2023-06-02 20:00:00,2023-06-02 20:00:00,-29.16,11.29,,,,18.34,244.3,25.27,0.0,0.0,99.56904,188.7147,335.8133,1.968,19.43,14.94706501952454
2023-06-02 21:00:00,2023-06-02 21:00:00,-28.96,10.01,,,,18.31,244.5,23.53,0.0,0.0,101.4919,188.8983,335.54,1.526,14.69,13.227819177974666
2023-06-02 22:00:00,2023-06-02 22:00:00,-28.98,9.72,,,,18.07,244.0,22.25,0.0,0.0,102.3313,188.7513,335.4283,1.304,14.51,12.846985923602727
2023-06-02 23:00:00,2023-06-02 23:00:00,-28.81,9.99,,,,17.42,243.1,21.96,0.0,0.0,103.4575,188.988,335.3466,1.109,14.12,13.182972997422926
2023-06-03 00:00:00,2023-06-03 00:00:00,-29.11,11.2,,,,17.41,243.7,25.68,0.0,0.0,103.4395,188.3037,335.4033,1.008,17.65,14.821020749528481
2023-06-03 01:00:00,2023-06-03 01:00:00,-29.23,11.91,,,,17.5,243.7,22.25,33.30797894736842,31.64258,103.5507,188.467,335.54,1.041,16.64,15.77815858706117
2023-06-03 02:00:00,2023-06-03 02:00:00,-29.07,15.21,,,,18.04,245.0,20.74,450.3492,63.13745,107.9345,183.394,335.7417,1.077,14.62,20.11999020329598
2023-06-03 03:00:00,2023-06-03 03:00:00,-29.24,18.78,,,,18.1,245.4,22.89,778.1901,259.2003,112.0481,188.1685,336.05,1.198,13.39,24.88172605088924
2023-06-03 04:00:00,2023-06-03 04:00:00,-29.09,27.3,,,,17.62,244.7,21.26,965.2097,449.3779,114.2916,195.2792,336.3117,0.668,12.52,36.11952015916527
2023-06-03 05:00:00,2023-06-03 05:00:00,-28.81,26.12,,,,17.32,248.7,19.57,1091.406,587.1049,116.7799,203.4035,336.5333,0.534,11.42,34.468393863131816
2023-06-03 06:00:00,2023-06-03 06:00:00,-28.72,25.52,,,,16.8,250.4,20.04,1150.185,682.4837,118.5349,207.8899,336.74,0.302,10.29,33.648412998683085
2023-06-03 07:00:00,2023-06-03 07:00:00,-28.22,28.21,,,,16.12,249.9,19.17,1143.946,715.8445,119.7352,209.3785,336.8767,0.143,9.95,37.02223114669896
2023-06-03 08:00:00,2023-06-03 08:00:00,-27.78,29.24,,,,15.95,249.2,19.4,1064.841,656.2197,119.8754,212.2145,336.9167,0.194,8.22,38.21660054687753
2023-06-03 09:00:00,2023-06-03 09:00:00,-27.11,27.32,,,,16.16,249.6,19.92,683.0963,585.4915,118.4065,211.8014,336.9217,0.195,9.88,35.4839348940825
2023-06-03 10:00:00,2023-06-03 10:00:00,-26.56,29.31,,,,16.05,249.9,18.7,551.3966315789474,523.8268,117.3252,208.8558,336.9133,0.323,9.48,37.87267797767287
2023-06-03 11:00:00,2023-06-03 11:00:00,-26.41,35.69,,,,15.95,250.1,18.53,476.4351578947369,452.6134,112.9645,209.292,336.8983,0.315,9.02,46.051610179022354
2023-06-03 12:00:00,2023-06-03 12:00:00,-26.63,33.95,,,,15.78,251.3,18.29,343.7422105263158,326.5551,109.8232,203.8082,336.8717,0.346,11.13,43.897059319002345
2023-06-03 13:00:00,2023-06-03 13:00:00,-27.33,35.02,,,,16.29,251.1,18.82,217.96747368421052,207.0691,109.6563,197.0117,336.8416,0.482,11.4,45.578738431439874
2023-06-03 14:00:00,2023-06-03 14:00:00,-28.77,40.84,,,,15.72,252.9,20.62,0.0,0.0,108.3549,188.1674,336.9983,0.29,10.62,53.87308738035095
2023-06-03 15:00:00,2023-06-03 15:00:00,-29.63,41.15,,,,14.95,253.0,18.76,0.0,0.0,105.6015,190.1017,337.34,0.062,11.04,54.7176569664954
2023-06-03 16:00:00,2023-06-03 16:00:00,-29.93,38.51,,,,14.05,251.7,17.65,0.0,0.0,102.8289,187.778,337.61,0.002,2.952,51.34984920316684
2023-06-03 17:00:00,2023-06-03 17:00:00,-29.92,30.31,,,,14.03,248.4,16.78,0.0,0.0,104.0204,186.8176,337.6566,,,40.412093495203365
2023-06-03 18:00:00,2023-06-03 18:00:00,-30.03,26.99,,,,13.57,250.7,15.85,0.0,0.0,103.8591,186.0983,337.4517,,,36.022251451318425
2023-06-03 19:00:00,2023-06-03 19:00:00,-30.33,26.2,,,,13.35,251.6,15.45,0.0,0.0,102.7861,184.8409,337.105,,,35.06510436346532
2023-06-03 20:00:00,2023-06-03 20:00:00,-30.51,29.02,,,,13.51,250.4,14.98,0.0,0.0,101.5103,184.1885,336.81,,,38.9039770272344
2023-06-03 21:00:00,2023-06-03 21:00:00,-30.88,32.07,,,,13.8,250.4,16.03,0.0,0.0,98.59849,182.9711,336.47,,,43.13992045427038
2023-06-03 22:00:00,2023-06-03 22:00:00,-30.95,39.37,,,,13.61,245.6,15.5,0.0,0.0,98.67509,182.9665,336.3366,,,52.993942107736
2023-06-03 23:00:00,2023-06-03 23:00:00,-31.1,43.33,,,,13.28,244.8,17.77,0.0,0.0,97.54331,182.6296,336.3283,,,58.405012232662656
2023-06-04 00:00:00,2023-06-04 00:00:00,-31.17,39.28,,,,13.78,249.8,16.55,0.0,0.0,95.7834,182.2762,336.5017,,,52.98013410533543
2023-06-04 01:00:00,2023-06-04 01:00:00,-30.8,28.01,,,,13.68,251.6,16.38,32.630547368421055,30.99902,98.39836,180.918,336.95,,,37.65068513995988
2023-06-04 02:00:00,2023-06-04 02:00:00,-29.49,14.69,,,,13.9,250.1,17.07,450.4408,61.50179,106.8812,175.4561,337.41,,,19.508109196749462
2023-06-04 03:00:00,2023-06-04 03:00:00,-28.86,17.66,,,,13.56,247.4,15.79,775.4581,255.4468,113.3637,190.6983,337.782,,,23.31528424793349
2023-06-04 04:00:00,2023-06-04 04:00:00,-28.22,28.54,,,,13.46,249.3,16.43,962.6468,445.344,117.5665,194.5793,338.155,,0.549,37.45531644547281
2023-06-04 05:00:00,2023-06-04 05:00:00,-27.74,34.1,,,,13.51,252.0,16.78,1088.094,582.4152,119.9799,207.9219,338.3283,,,44.551943655674336
2023-06-04 06:00:00,2023-06-04 06:00:00,-27.01,37.73,,,,12.08,255.6,15.1,1148.508,677.0255,122.5447,215.2688,338.5433,,,48.958802526559296
2023-06-04 07:00:00,2023-06-04 07:00:00,-26.78,28.75,,,,12.18,261.8,15.1,1141.981,711.0205,122.4393,215.1909,338.6467,,,37.22587703428125
2023-06-04 08:00:00,2023-06-04 08:00:00,-25.27,12.18,,,,11.61,263.0,14.46,1061.755,652.6733,124.3208,216.6843,338.7583,,,15.548355130547755
2023-06-04 09:00:00,2023-06-04 09:00:00,-24.27,12.9,,,,11.39,261.8,13.7,674.2471,581.6051,123.7029,221.17,338.8383,,,16.31261571412095
2023-06-04 10:00:00,2023-06-04 10:00:00,-24.22,13.42,,,,11.48,259.4,14.22,547.0336842105263,519.682,123.5985,219.5435,338.745,,,16.96215023233358
2023-06-04 11:00:00,2023-06-04 11:00:00,-24.31,18.91,,,,11.07,261.4,14.86,472.44800000000004,448.8256,120.7627,215.6859,338.7067,,,23.92157693119638
2023-06-04 12:00:00,2023-06-04 12:00:00,-23.92,20.13,,,,9.72,270.1,13.12,343.244,326.0818,119.5335,208.2967,338.8817,,,25.371051444580303
2023-06-04 13:00:00,2023-06-04 13:00:00,-23.13,23.8,,,,8.88,268.3,11.72,215.97652631578947,205.1777,118.7278,206.1108,339.275,,,29.772655952316196
2023-06-04 14:00:00,2023-06-04 14:00:00,-23.7,25.13,,,,8.29,264.1,10.56,0.0,0.0,117.4482,198.1095,339.5533,,,31.606888971174225
2023-06-04 15:00:00,2023-06-04 15:00:00,-24.54,30.37,,,,8.21,260.7,9.98,0.0,0.0,117.4162,200.1822,339.7917,,,38.50240536896462
2023-06-04 16:00:00,2023-06-04 16:00:00,-24.83,34.77,,,,6.807,260.7,8.76,0.0,0.0,117.0378,198.0715,339.9283,,,44.20160523231371
2023-06-04 17:00:00,2023-06-04 17:00:00,-25.31,38.0,,,,5.613,260.7,6.725,0.0,0.0,115.8465,195.3885,339.89,,,48.527130724692974
2023-06-04 18:00:00,2023-06-04 18:00:00,-25.71,39.09,,,,4.851,255.2,6.318,0.0,0.0,116.0995,192.226,339.6433,,,50.10764782852178
2023-06-04 19:00:00,2023-06-04 19:00:00,-25.87,39.99,,,,6.303,250.1,7.946,0.0,0.0,116.7414,192.279,339.2533,,,51.338604580870644
2023-06-04 20:00:00,2023-06-04 20:00:00,-26.01,38.3,,,,5.494,246.0,6.493,0.0,0.0,116.6958,191.0056,338.955,,,49.23383384350539
2023-06-04 21:00:00,2023-06-04 21:00:00,-25.68,35.3,,,,6.32,239.8,8.7,0.0,0.0,116.5151,192.3062,338.7317,,,45.23663881748745
2023-06-04 22:00:00,2023-06-04 22:00:00,-26.03,33.4,,,,5.753,233.8,7.19,0.0,0.0,116.4558,191.814,338.5817,,,42.94306836307131
2023-06-04 23:00:00,2023-06-04 23:00:00,-26.63,28.18,,,,6.299,233.6,10.16,0.0,0.0,115.3653,190.4567,338.4567,,,36.43649872192889
2023-06-05 00:00:00,2023-06-05 00:00:00,-26.68,23.29,,,,5.609,227.1,8.29,0.0,0.0,114.3723,188.909,338.44,,,30.12790879554474
2023-06-05 01:00:00,2023-06-05 01:00:00,-25.98,21.6,,,,6.176,223.5,8.24,32.54808421052632,30.92068,115.5472,191.1864,338.57,,,27.758502693150934
2023-06-05 02:00:00,2023-06-05 02:00:00,-25.51,37.94,,,,5.727,232.5,8.24,446.8956,58.89716,120.4915,183.9122,338.6783,,,48.54195725911832
2023-06-05 03:00:00,2023-06-05 03:00:00,-26.35,56.5,,,,5.069,231.2,8.24,770.6493,249.1841,123.8481,199.6984,338.85,,,72.86212916401138
2023-06-05 04:00:00,2023-06-05 04:00:00,-25.55,45.04,,,,7.487,232.0,10.56,961.0865,440.0941,125.664,208.4671,338.85,,,57.64771011659559
2023-06-05 05:00:00,2023-06-05 05:00:00,-25.62,51.04,,,,8.25,234.0,9.69,1089.157,578.1733,127.4031,217.7437,338.8,,,65.3703492521639
2023-06-05 06:00:00,2023-06-05 06:00:00,-25.06,56.06,,,,8.59,233.1,10.91,1148.189,674.9236,130.6173,223.0622,338.8083,,,71.42161560074516
2023-06-05 07:00:00,2023-06-05 07:00:00,-24.73,56.79,,,,7.362,227.1,10.74,1145.936,717.7161,130.0563,228.8006,338.765,,,72.12650737542525
2023-06-05 08:00:00,2023-06-05 08:00:00,-24.32,61.62,,,,7.91,230.9,12.07,1055.14,654.6587,129.9164,229.6369,338.6717,,,77.9580670961843
2023-06-05 09:00:00,2023-06-05 09:00:00,-23.26,75.95,,,,7.294,231.4,10.56,805.9048,601.6969,192.5111,234.2012,338.6017,,,95.12713130034695
2023-06-05 10:00:00,2023-06-05 10:00:00,-22.83,78.51,,,,8.05,236.1,11.96,603.2783157894737,573.1144,174.5666,233.5119,338.5433,,,97.93274125039518
2023-06-05 11:00:00,2023-06-05 11:00:00,-23.58,73.51,,,,9.59,234.1,12.95,493.2135789473685,468.5529,122.2164,223.1702,338.3033,,,92.35099152785996
2023-06-05 12:00:00,2023-06-05 12:00:00,-23.44,73.43,,,,7.666,231.8,11.61,376.0136842105264,357.213,139.7626,219.5823,338.43,,,92.12806916372664
2023-06-05 13:00:00,2023-06-05 13:00:00,-24.39,80.6,,,,8.7,235.7,11.72,153.41157894736844,145.741,157.6176,211.5827,338.4417,,,100.0
2023-06-05 14:00:00,2023-06-05 14:00:00,-25.6,78.46,,,,8.24,234.7,12.36,0.0,0.0,165.6139,201.6532,338.5467,,,100.0
2023-06-05 15:00:00,2023-06-05 15:00:00,-26.23,78.11,,,,7.708,234.8,10.16,0.0,0.0,189.0133,206.8007,338.585,,,100.0
2023-06-05 16:00:00,2023-06-05 16:00:00,-27.21,76.23,,,,7.497,234.6,9.81,0.0,0.0,163.1542,202.5502,338.62,,,99.10234800412543
2023-06-05 17:00:00,2023-06-05 17:00:00,-27.5,52.98,,,,8.51,233.6,12.83,0.0,0.0,99.16587,191.326,338.6167,,,69.06360718714404
2023-06-05 18:00:00,2023-06-05 18:00:00,-27.51,25.1,,,,8.08,228.5,12.95,0.0,0.0,96.91515,188.8116,338.33,,,32.72289109879585
2023-06-05 19:00:00,2023-06-05 19:00:00,-26.74,13.3,,,,10.82,235.3,14.81,0.0,0.0,96.39189,190.0286,337.84,,,17.214551494691626
2023-06-05 20:00:00,2023-06-05 20:00:00,-26.13,6.338,,,,12.66,238.9,16.08,0.0,0.0,98.68934,192.5229,337.355,,,8.156566370650891
2023-06-05 21:00:00,2023-06-05 21:00:00,-26.58,7.449,,,,12.82,237.9,18.24,0.0,0.0,99.43074,191.8279,336.9833,0.008,9.48,9.626972609152174
2023-06-05 22:00:00,2023-06-05 22:00:00,-27.35,8.29,,,,12.19,235.6,15.85,0.0,0.0,99.68116,190.1832,336.7233,,,10.79150517419297
2023-06-05 23:00:00,2023-06-05 23:00:00,-27.78,9.99,,,,10.54,231.1,15.56,0.0,0.0,99.82671,188.5038,336.7917,0.002,2.569,13.05690285442225
2023-06-06 00:00:00,2023-06-06 00:00:00,-27.83,33.06,,,,12.04,235.4,16.72,0.0,0.0,99.6012,190.2043,336.76,,,43.2295294799872
2023-06-06 01:00:00,2023-06-06 01:00:00,-27.95,20.5,,,,12.43,236.5,16.14,34.334968421052636,32.61822,96.95913,189.4886,336.8767,0.003,3.594,26.836044218045092
2023-06-06 02:00:00,2023-06-06 02:00:00,-26.66,8.99,,,,13.83,238.8,18.76,456.2434,64.71001,101.3205,190.5461,337.0683,0.003,3.009,11.627267268487062
2023-06-06 03:00:00,2023-06-06 03:00:00,-26.44,11.65,,,,13.9,239.9,16.55,785.2792,260.0516,106.9928,195.746,337.1833,0.005,6.513,15.036494798553848
2023-06-06 04:00:00,2023-06-06 04:00:00,-26.18,12.58,,,,14.05,242.0,17.71,970.6385,449.7364,117.4874,200.4745,337.285,0.039,6.859,16.19720184000628
2023-06-06 05:00:00,2023-06-06 05:00:00,-25.7,12.47,,,,14.42,244.3,17.19,1096.084,586.3558,120.9003,210.7392,337.4867,0.09,9.64,15.983205863435526
2023-06-06 06:00:00,2023-06-06 06:00:00,-24.83,10.29,,,,13.5,244.3,15.85,1158.104,681.5406,122.4012,217.7088,337.6783,0.017,5.841,13.081234335361174
2023-06-06 07:00:00,2023-06-06 07:00:00,-23.93,10.0,,,,13.71,251.5,18.12,1152.533,717.2988,124.0708,219.9769,337.7816,0.023,12.94,12.604796326850739
2023-06-06 08:00:00,2023-06-06 08:00:00,-23.15,18.96,,,,13.45,255.8,21.03,1069.752,662.8681,124.5836,223.8794,337.85,0.082,7.192,23.722553211222657
2023-06-06 09:00:00,2023-06-06 09:00:00,-22.59,14.27,,,,12.87,258.2,15.97,689.8994,593.7066,122.8615,223.686,338.01,0.009,4.427,17.75971529257779
2023-06-06 10:00:00,2023-06-06 10:00:00,-22.16,24.29,,,,10.69,258.3,13.76,558.464,530.5408,124.0515,225.3354,338.2133,,,30.106655762724113
2023-06-06 11:00:00,2023-06-06 11:00:00,-20.28,60.76,,,,10.15,247.9,12.36,491.1029473684211,466.5478,133.8926,226.4635,338.33,,,73.97074063050107
2023-06-06 12:00:00,2023-06-06 12:00:00,-20.42,81.2,,,,8.18,235.8,11.72,347.9362105263158,330.5394,185.3397,231.715,338.555,,,98.98737324345758
2023-06-06 13:00:00,2023-06-06 13:00:00,-20.75,81.6,,,,8.4,238.7,10.45,163.2264210526316,155.0651,202.1247,224.0717,338.545,,,99.78930490873572
2023-06-06 14:00:00,2023-06-06 14:00:00,-22.76,79.65,,,,8.37,238.5,11.14,0.0,0.0,177.2484,210.6619,338.5983,,,99.28868712020059
2023-06-06 15:00:00,2023-06-06 15:00:00,-24.62,68.69,,,,9.34,235.3,11.78,0.0,0.0,111.2444,204.702,338.785,,,87.14953011238873
2023-06-06 16:00:00,2023-06-06 16:00:00,-23.69,33.14,,,,9.94,236.4,12.02,0.0,0.0,111.6596,202.6937,338.9283,,,41.677397898272716
2023-06-06 17:00:00,2023-06-06 17:00:00,-23.88,32.09,,,,10.72,234.8,12.65,0.0,0.0,111.7051,202.3664,338.8983,,,40.42963583483431
2023-06-06 18:00:00,2023-06-06 18:00:00,-24.57,37.8,,,,10.5,233.2,12.65,0.0,0.0,112.0023,201.0097,338.7516,,,47.935587397587625
2023-06-06 19:00:00,2023-06-06 19:00:00,-25.29,43.93,,,,10.73,232.3,13.82,0.0,0.0,110.7017,199.5406,338.4817,,,56.08933564651378
2023-06-06 20:00:00,2023-06-06 20:00:00,-25.89,44.16,,,,11.4,232.9,16.32,0.0,0.0,108.4797,197.8035,338.1033,,,56.70266671225714
2023-06-06 21:00:00,2023-06-06 21:00:00,-26.04,33.91,,,,11.37,234.7,14.81,0.0,0.0,105.5604,196.3031,337.8933,,,43.60288797973505
2023-06-06 22:00:00,2023-06-06 22:00:00,-26.74,39.21,,,,11.05,238.4,14.22,0.0,0.0,103.1246,194.3041,337.7617,,,50.750568729838996
2023-06-06 23:00:00,2023-06-06 23:00:00,-27.41,47.22,,,,10.81,238.1,13.99,0.0,0.0,101.6173,192.5022,337.7367,,,61.503161601223695
2023-06-07 00:00:00,2023-06-07 00:00:00,-27.72,34.78,,,,10.24,237.3,14.22,0.0,0.0,101.0786,190.6931,337.7983,,,45.43187291979338
2023-06-07 01:00:00,2023-06-07 01:00:00,-26.01,15.87,,,,12.14,240.5,15.27,33.727115789473686,32.04076,100.1478,190.752,338.105,,,20.400546817139176
2023-06-07 02:00:00,2023-06-07 02:00:00,-25.3,9.12,,,,13.27,242.1,15.5,456.7408,64.74693,105.5015,180.8784,338.13,,,11.645412961581876
2023-06-07 03:00:00,2023-06-07 03:00:00,-24.52,6.932,,,,14.55,242.9,17.13,785.9686,256.716,110.1141,200.4021,338.2067,,,8.78657247125968
2023-06-07 04:00:00,2023-06-07 04:00:00,-24.54,7.675,,,,14.21,241.1,16.55,973.7385,445.5132,112.7238,206.8328,338.3517,0.003,3.782,9.730192993309299
2023-06-07 05:00:00,2023-06-07 05:00:00,-23.34,7.344,,,,14.05,239.6,16.84,1100.061,582.0156,115.3062,215.6423,338.66,0.006,3.985,9.205323083878273
2023-06-07 06:00:00,2023-06-07 06:00:00,-23.43,8.69,,,,12.54,238.4,14.81,1159.153,675.8537,118.0341,221.4389,338.8567,,,10.901770007927254
2023-06-07 07:00:00,2023-06-07 07:00:00,-22.79,9.75,,,,11.47,239.4,14.28,1151.266,708.3153,118.3549,225.9677,338.9767,,,12.157448668487621
2023-06-07 08:00:00,2023-06-07 08:00:00,-21.63,11.88,,,,12.51,241.9,16.84,1070.583,649.9629,120.3903,226.6171,338.9917,0.005,2.524,14.650698206653725
2023-06-07 09:00:00,2023-06-07 09:00:00,-19.06,9.34,,,,14.64,238.6,18.12,698.9427,583.9792,120.9376,229.722,339.1183,0.156,7.824,11.238625105501056
2023-06-07 10:00:00,2023-06-07 10:00:00,-18.13,9.84,,,,13.77,234.1,17.25,554.3634736842106,526.6453,121.1116,231.473,339.17,0.356,10.77,11.734998307622867
2023-06-07 11:00:00,2023-06-07 11:00:00,-18.25,13.17,,,,12.35,233.0,17.07,479.8465263157895,455.8542,117.2456,228.1883,339.2383,0.044,8.68,15.72441731287348
2023-06-07 12:00:00,2023-06-07 12:00:00,-18.16,14.29,,,,11.0,239.2,14.22,357.0048421052632,339.1546,114.2875,224.4172,339.555,,,17.046898932488652
2023-06-07 13:00:00,2023-06-07 13:00:00,-19.1,10.88,,,,8.71,241.1,12.36,234.56168421052632,222.8336,109.1173,215.3046,339.8383,,,13.096698960211794
2023-06-07 14:00:00,2023-06-07 14:00:00,-23.42,12.63,,,,7.057,235.9,11.32,0.0,0.0,105.0506,197.1665,339.8833,,,15.843071659988178
2023-06-07 15:00:00,2023-06-07 15:00:00,-25.0,32.41,,,,8.83,240.4,11.96,0.0,0.0,105.2522,198.6743,339.8217,,,41.267638423540866
2023-06-07 16:00:00,2023-06-07 16:00:00,-25.4,7.675,,,,9.02,240.0,12.42,0.0,0.0,103.5856,195.4288,340.0,,,9.809525304578637
2023-06-07 17:00:00,2023-06-07 17:00:00,-25.66,7.234,,,,8.67,239.2,11.55,0.0,0.0,103.7506,194.0487,340.04,,,9.268560842969409
2023-06-07 18:00:00,2023-06-07 18:00:00,-25.97,9.2,,,,9.19,238.2,13.12,0.0,0.0,107.0792,193.6545,339.7716,,,11.821953430762244
2023-06-07 19:00:00,2023-06-07 19:00:00,-26.11,8.42,,,,9.83,235.8,13.76,0.0,0.0,102.2628,193.1483,339.505,,,10.833917788206964
2023-06-07 20:00:00,2023-06-07 20:00:00,-26.34,14.73,,,,10.63,238.0,14.92,0.0,0.0,101.8489,193.2274,339.2116,,,18.99395223997613
2023-06-07 21:00:00,2023-06-07 21:00:00,-26.49,13.71,,,,10.72,235.5,13.76,0.0,0.0,101.748,192.9347,338.9083,,,17.70362196997138
2023-06-07 22:00:00,2023-06-07 22:00:00,-26.56,16.36,,,,10.19,234.3,14.75,0.0,0.0,101.8778,192.5832,338.8667,,,21.139440863689124
2023-06-07 23:00:00,2023-06-07 23:00:00,-26.51,18.17,,,,10.4,233.4,13.35,0.0,0.0,101.9027,192.537,338.87,,,23.467195186677937
2023-06-08 00:00:00,2023-06-08 00:00:00,-25.53,11.7,,,,10.42,232.5,13.12,0.0,0.0,102.7237,194.4632,338.995,,,14.972271111416523
2023-06-08 01:00:00,2023-06-08 01:00:00,-25.45,9.92,,,,10.25,233.4,12.89,32.475357894736845,30.85159,103.3021,194.9918,339.2333,,,12.68486953006478
2023-06-08 02:00:00,2023-06-08 02:00:00,-25.87,10.53,,,,10.37,234.2,13.12,453.0525,60.58147,106.656,188.5751,339.2983,,,13.518267222719876
2023-06-08 03:00:00,2023-06-08 03:00:00,-26.04,15.34,,,,10.33,234.7,14.63,781.2087,247.6362,110.337,197.7815,339.53,,,19.724809838075366
2023-06-08 04:00:00,2023-06-08 04:00:00,-22.3,7.933,,,,12.84,233.1,15.33,973.0891,435.8521,115.98,209.8975,339.6,0.027,13.0,9.845805493873089
2023-06-08 05:00:00,2023-06-08 05:00:00,-21.77,7.704,,,,12.63,230.4,15.39,1098.733,571.5664,119.4126,220.9074,339.65,0.008,5.701,9.51344407111045
2023-06-08 06:00:00,2023-06-08 06:00:00,-21.77,8.6,,,,12.37,229.4,15.45,1159.81,668.299,120.6632,225.3437,339.6617,0.022,6.55,10.619888241374595
2023-06-08 07:00:00,2023-06-08 07:00:00,-21.87,10.89,,,,13.23,232.1,16.55,1151.749,702.5109,120.1919,227.0769,339.4633,0.055,9.33,13.460563904426527
2023-06-08 08:00:00,2023-06-08 08:00:00,-22.01,12.83,,,,14.36,238.2,17.07,1071.593,652.3762,121.3917,224.7119,339.2367,0.113,7.002,15.879662853624565
2023-06-08 09:00:00,2023-06-08 09:00:00,-20.81,13.56,,,,13.82,239.0,16.08,708.2174,585.0004,120.7579,228.3318,339.2867,0.035,6.789,16.59214420623373
2023-06-08 10:00:00,2023-06-08 10:00:00,-20.05,40.96,,,,12.91,242.0,16.03,555.9541052631579,528.1564,123.2186,228.9887,339.3683,,,49.75609618891368
2023-06-08 11:00:00,2023-06-08 11:00:00,-19.3,48.17,,,,11.62,243.5,14.22,494.59915789473683,469.8692,122.5241,231.3308,339.4817,,,58.095512335009715
2023-06-08 12:00:00,2023-06-08 12:00:00,-19.19,44.91,,,,9.19,241.4,11.55,366.2862105263158,347.9719,117.7884,223.4596,339.8717,,,54.10668109706435
2023-06-08 13:00:00,2023-06-08 13:00:00,-20.11,31.67,,,,9.51,234.6,12.19,234.18726315789476,222.4779,116.2929,214.301,339.9267,,,38.493182275214295
2023-06-08 14:00:00,2023-06-08 14:00:00,-21.69,21.02,,,,9.63,219.9,14.98,0.0,0.0,115.7741,204.2523,340.105,,,25.93719607549538
2023-06-08 15:00:00,2023-06-08 15:00:00,-22.66,22.52,,,,9.17,227.9,12.65,0.0,0.0,110.3046,204.8868,340.1,,,28.045907405900504
2023-06-08 16:00:00,2023-06-08 16:00:00,-22.64,20.7,,,,11.19,230.5,14.63,0.0,0.0,110.5341,205.1566,340.0183,0.004,4.916,25.774417890150545
2023-06-08 17:00:00,2023-06-08 17:00:00,-22.57,12.54,,,,11.08,228.9,13.99,0.0,0.0,110.3342,204.7115,339.9317,,,15.603677190384005
2023-06-08 18:00:00,2023-06-08 18:00:00,-22.98,33.63,,,,9.46,227.3,12.83,0.0,0.0,111.7123,204.0162,339.7867,,,42.00962236800679
2023-06-08 19:00:00,2023-06-08 19:00:00,-23.06,19.07,,,,8.57,223.0,13.53,0.0,0.0,111.7339,202.2133,339.6483,,,23.839800455497095
2023-06-08 20:00:00,2023-06-08 20:00:00,-23.66,17.94,,,,8.45,224.8,12.48,0.0,0.0,110.696,199.8478,339.2783,,,22.555217178637374
2023-06-08 21:00:00,2023-06-08 21:00:00,-23.96,18.15,,,,9.47,226.2,13.35,0.0,0.0,109.1186,199.5359,338.965,,,22.8842076058624
2023-06-08 22:00:00,2023-06-08 22:00:00,-24.72,17.2,,,,8.67,227.5,12.54,0.0,0.0,107.3636,197.0444,338.7816,,,21.84290726134779
2023-06-08 23:00:00,2023-06-08 23:00:00,-25.13,16.07,,,,9.37,231.6,13.12,0.0,0.0,105.9498,195.8546,338.7367,,,20.487047842626684
2023-06-09 00:00:00,2023-06-09 00:00:00,-25.64,17.62,,,,8.69,230.1,12.07,0.0,0.0,106.0975,194.3278,338.8633,,,22.571367766997692
2023-06-09 01:00:00,2023-06-09 01:00:00,-24.87,8.77,,,,9.48,232.8,13.59,33.58334736842105,31.90418,107.7224,195.9459,339.1417,,,11.153136925627578
2023-06-09 02:00:00,2023-06-09 02:00:00,-22.88,5.395,,,,11.16,233.7,16.08,453.2799,62.1086,113.8837,194.2534,339.39,,,6.732877882997437
2023-06-09 03:00:00,2023-06-09 03:00:00,-21.28,4.856,,,,12.49,230.6,15.27,781.1245,246.6885,120.1377,209.9591,339.475,0.012,5.529,5.968574318046437
2023-06-09 04:00:00,2023-06-09 04:00:00,-21.91,5.345,,,,13.43,232.5,15.56,966.7973,430.6203,123.6227,215.14,339.4933,0.005,3.448,6.609195599804467
2023-06-09 05:00:00,2023-06-09 05:00:00,-21.71,6.783,,,,13.84,233.0,15.91,1093.552,567.1884,125.8287,216.579,339.5983,0.018,6.442,8.371339063510721
2023-06-09 06:00:00,2023-06-09 06:00:00,-21.66,7.286,,,,13.71,234.5,16.49,1155.104,664.0898,126.0494,224.0023,339.615,0.029,6.683,8.987838690944397
2023-06-09 07:00:00,2023-06-09 07:00:00,-20.72,7.321,,,,14.6,233.7,18.18,1148.837,699.0065,125.9778,228.4012,339.415,0.297,12.18,8.950344243585011
2023-06-09 08:00:00,2023-06-09 08:00:00,-20.2,8.82,,,,13.85,232.0,16.61,1061.498,641.575,127.3939,228.3081,339.3317,0.194,8.44,10.729472612408454
2023-06-09 09:00:00,2023-06-09 09:00:00,-19.67,8.28,,,,13.54,235.4,17.13,710.8513,577.6389,125.305,228.8914,339.4467,0.222,8.3,10.021583282830484
2023-06-09 10:00:00,2023-06-09 10:00:00,-19.21,8.35,,,,11.83,232.9,15.15,550.9372631578948,523.3904,127.6387,231.3745,339.6267,0.021,5.471,10.061844808521892
2023-06-09 11:00:00,2023-06-09 11:00:00,-19.21,13.78,,,,11.26,233.2,14.4,481.89873684210534,457.8038,126.395,228.8028,339.57,,,16.605056462446907
2023-06-09 12:00:00,2023-06-09 12:00:00,-18.96,38.43,,,,11.14,237.8,14.34,361.538,343.4611,128.8659,227.3673,339.75,,,46.19766510590805
2023-06-09 13:00:00,2023-06-09 13:00:00,-19.42,56.26,,,,11.07,242.4,13.35,243.89484210526317,231.7001,125.4521,220.6016,339.9066,,,67.9305743277048
2023-06-09 14:00:00,2023-06-09 14:00:00,-20.79,18.06,,,,10.22,239.7,14.22,0.0,0.0,116.5365,204.5046,340.005,0.002,2.298,22.094164288487978
2023-06-09 15:00:00,2023-06-09 15:00:00,-21.24,7.215,,,,10.92,241.4,12.89,0.0,0.0,113.346,207.5155,340.0533,,,8.864667929048535
2023-06-09 16:00:00,2023-06-09 16:00:00,-21.12,8.3,,,,11.59,241.6,14.69,0.0,0.0,115.4994,207.7319,340.155,,,10.186072262001426
2023-06-09 17:00:00,2023-06-09 17:00:00,-22.71,38.1,,,,9.38,240.5,12.89,0.0,0.0,118.3365,205.5365,340.1,,,47.47145455602264
2023-06-09 18:00:00,2023-06-09 18:00:00,-22.86,54.11,,,,9.66,238.3,11.96,0.0,0.0,121.5426,206.6414,339.7783,,,67.51562371349793
2023-06-09 19:00:00,2023-06-09 19:00:00,-22.32,24.82,,,,9.07,235.1,11.55,0.0,0.0,119.6752,205.4269,339.5017,,,30.810464222806356
2023-06-09 20:00:00,2023-06-09 20:00:00,-23.08,57.15,,,,9.51,236.5,12.71,0.0,0.0,118.9039,206.0605,339.02,,,71.4579658008318
2023-06-09 21:00:00,2023-06-09 21:00:00,-23.14,22.0,,,,9.89,236.6,14.11,0.0,0.0,117.3611,203.0531,338.6933,,,27.523555821068236
2023-06-09 22:00:00,2023-06-09 22:00:00,-24.31,29.37,,,,7.219,232.0,11.32,0.0,0.0,112.2041,198.2576,338.66,,,37.15371308668629
2023-06-09 23:00:00,2023-06-09 23:00:00,-24.56,28.81,,,,6.177,226.2,9.52,0.0,0.0,110.5688,195.9947,338.7717,,,36.531579676565
2023-06-10 00:00:00,2023-06-10 00:00:00,-25.06,31.11,,,,5.674,226.5,8.82,0.0,0.0,109.5742,193.8673,338.79,,,39.634792389211235
2023-06-10 01:00:00,2023-06-10 01:00:00,-25.73,41.05,,,,5.904,234.7,10.27,34.74601052631579,33.00871,109.7669,190.7606,338.84,,,52.62999342586962
2023-06-10 02:00:00,2023-06-10 02:00:00,-25.28,39.68,,,,6.781,233.0,11.67,451.3304,62.36551,116.2632,189.1221,339.0217,,,50.658204419051195
2023-06-10 03:00:00,2023-06-10 03:00:00,-25.08,42.3,,,,7.591,234.4,11.14,775.7797,243.9443,118.2532,196.3573,339.155,,,53.90126158324838
2023-06-10 04:00:00,2023-06-10 04:00:00,-25.33,52.17,,,,8.49,235.5,11.32,964.0755,426.5185,120.1196,210.0482,339.15,,,66.63521022156634
2023-06-10 05:00:00,2023-06-10 05:00:00,-24.75,48.53,,,,9.4,232.2,12.36,1090.308,563.0582,122.2141,215.5794,339.1083,,,61.64749004673802
2023-06-10 06:00:00,2023-06-10 06:00:00,-23.96,50.63,,,,9.4,234.3,12.25,1153.099,661.035,124.1746,226.2894,339.2,,,63.836222098336826
2023-06-10 07:00:00,2023-06-10 07:00:00,-23.28,56.05,,,,9.58,236.9,13.99,1148.349,695.5839,123.5467,229.4592,339.1183,,,70.21577319003063
2023-06-10 08:00:00,2023-06-10 08:00:00,-22.14,21.94,,,,10.61,237.8,14.05,1058.296,646.1896,120.5293,229.7238,339.1517,,,27.18873002562337
2023-06-10 09:00:00,2023-06-10 09:00:00,-20.66,18.95,,,,11.37,238.9,13.7,721.7648,583.0077,122.7268,230.138,339.17,,,23.154185410330527
2023-06-10 10:00:00,2023-06-10 10:00:00,-19.72,17.94,,,,12.67,240.0,15.1,555.464105263158,527.6909,117.5378,229.423,339.185,,,21.723833257488682
2023-06-10 11:00:00,2023-06-10 11:00:00,-19.35,15.8,,,,13.13,239.9,16.67,482.06568421052634,457.9624,112.159,227.1396,339.31,0.005,2.773,19.06475450441808
2023-06-10 12:00:00,2023-06-10 12:00:00,-19.35,29.78,,,,12.4,242.8,17.19,360.9382105263158,342.8913,116.6958,223.9949,339.4167,0.029,9.25,35.9334423507323
2023-06-10 13:00:00,2023-06-10 13:00:00,-18.99,12.29,,,,10.93,242.5,14.11,231.97747368421054,220.3786,109.7879,216.9071,339.72,,,14.778369944750796
2023-06-10 14:00:00,2023-06-10 14:00:00,-21.37,37.25,,,,10.09,244.9,12.65,0.0,0.0,122.7969,206.8315,339.8883,,,45.82380778301438
2023-06-10 15:00:00,2023-06-10 15:00:00,-22.17,62.82,,,,9.65,242.3,12.31,0.0,0.0,149.1978,212.9838,340.065,,,77.87073680851599
2023-06-10 16:00:00,2023-06-10 16:00:00,-21.05,83.5,,,,7.037,240.6,9.92,0.0,0.0,209.4977,222.8783,340.2883,,,100.0
2023-06-10 17:00:00,2023-06-10 17:00:00,-22.45,80.2,,,,5.25,239.8,6.958,0.0,0.0,200.2456,218.3085,340.2766,,,99.68000676915561
2023-06-10 18:00:00,2023-06-10 18:00:00,-23.63,78.88,,,,5.289,239.5,6.725,0.0,0.0,195.9388,214.6288,339.9716,,,99.1443449286274
2023-06-10 19:00:00,2023-06-10 19:00:00,-24.54,52.74,,,,5.812,241.5,7.365,0.0,0.0,132.8009,199.6452,339.625,,,66.86259002829087
2023-06-10 20:00:00,2023-06-10 20:00:00,-22.84,72.22,,,,5.374,242.9,7.423,0.0,0.0,148.2034,205.8294,339.2766,,,90.09520776163146
2023-06-10 21:00:00,2023-06-10 21:00:00,-22.58,33.08,,,,5.044,233.6,7.132,0.0,0.0,119.6276,200.7299,339.1867,,,41.16576825275233
2023-06-10 22:00:00,2023-06-10 22:00:00,-23.11,26.1,,,,6.561,245.8,8.59,0.0,0.0,111.3623,198.3628,339.0583,,,32.64364525509224
2023-06-10 23:00:00,2023-06-10 23:00:00,-22.73,14.25,,,,6.424,252.6,7.83,0.0,0.0,109.9813,197.7348,339.065,,,17.75844771698749
2023-06-11 00:00:00,2023-06-11 00:00:00,-22.62,27.49,,,,7.095,261.9,8.93,0.0,0.0,112.9846,201.1214,339.0966,,,34.22241597516377
2023-06-11 01:00:00,2023-06-11 01:00:00,-22.54,35.01,,,,6.708,269.8,8.64,31.59967368421053,30.01969,115.3873,203.8649,339.275,,,43.5509481238293
2023-06-11 02:00:00,2023-06-11 02:00:00,-22.46,37.83,,,,5.947,293.4,11.84,450.0728,58.57521,120.7517,194.5407,339.5617,,,47.02310999513832
2023-06-11 03:00:00,2023-06-11 03:00:00,-22.2,33.86,,,,2.964,267.1,11.26,773.1929,240.0365,125.5748,209.189,339.7216,,,41.98434174517854
2023-06-11 04:00:00,2023-06-11 04:00:00,-21.73,28.52,,,,4.133,317.7,7.888,963.1442,422.9373,130.1716,222.7713,339.94,,,35.2050879971238
2023-06-11 05:00:00,2023-06-11 05:00:00,-19.48,14.78,,,,3.55,276.1,5.563,1091.629,558.7355,132.4745,235.7396,340.1417,,,17.85622922000096
2023-06-11 06:00:00,2023-06-11 06:00:00,-19.65,19.15,,,,3.245,278.6,5.737,1153.178,654.2172,135.6299,245.4488,340.2017,,,23.173496539677327
2023-06-11 07:00:00,2023-06-11 07:00:00,-17.97,23.2,,,,3.581,252.5,5.737,1155.19,701.002,137.0538,251.5789,340.0966,,,27.62535872469956
2023-06-11 08:00:00,2023-06-11 08:00:00,-16.87,30.83,,,,2.773,248.8,6.377,1052.196,661.5609,150.5181,261.672,340.11,,,36.324148178175136
2023-06-11 09:00:00,2023-06-11 09:00:00,-17.61,42.72,,,,4.717,260.5,8.7,725.2863,596.9189,129.0698,249.4541,340.0733,,,50.6929348236335
2023-06-11 10:00:00,2023-06-11 10:00:00,-15.35,61.05,,,,2.258,250.8,5.098,575.7215789473685,546.9355,157.0994,260.1064,340.1317,,,70.88250582313457
2023-06-11 11:00:00,2023-06-11 11:00:00,-15.38,42.14,,,,3.643,253.9,6.493,509.55863157894737,484.0807,141.6049,248.9314,340.1767,,,48.9411054628491
2023-06-11 12:00:00,2023-06-11 12:00:00,-16.67,56.87,,,,3.872,262.8,7.19,377.88736842105266,358.993,141.3882,235.0499,340.3117,,,66.87566749847285
2023-06-11 13:00:00,2023-06-11 13:00:00,-16.69,21.95,,,,5.281,260.4,8.29,246.26357894736844,233.9504,121.029,222.7833,340.5833,,,25.816843425547102
2023-06-11 14:00:00,2023-06-11 14:00:00,-18.51,14.65,,,,6.479,260.2,8.24,0.0,0.0,123.5526,211.874,340.7717,,,17.53521819537881
2023-06-11 15:00:00,2023-06-11 15:00:00,-19.44,22.7,,,,6.667,268.5,8.76,0.0,0.0,131.4936,215.1564,340.835,,,27.414142927114348
2023-06-11 16:00:00,2023-06-11 16:00:00,-20.36,33.63,,,,6.957,277.1,9.46,0.0,0.0,130.7629,213.7355,340.9317,,,40.973344749683505
2023-06-11 17:00:00,2023-06-11 17:00:00,-21.09,44.18,,,,7.351,278.7,9.92,0.0,0.0,130.1035,211.8116,340.9267,,,54.203830631656444
2023-06-11 18:00:00,2023-06-11 18:00:00,-20.89,61.71,,,,7.968,262.4,9.4,0.0,0.0,127.1739,213.9752,340.6467,,,75.56667161343411
2023-06-11 19:00:00,2023-06-11 19:00:00,-21.49,63.63,,,,7.585,254.5,9.63,0.0,0.0,141.6644,212.4995,340.255,,,78.36533240008801
2023-06-11 20:00:00,2023-06-11 20:00:00,-21.63,80.2,,,,8.25,247.6,9.63,0.0,0.0,153.9535,214.7314,339.9867,,,98.90454513246033
2023-06-11 21:00:00,2023-06-11 21:00:00,-21.6,83.9,,,,8.25,246.7,11.55,0.0,0.0,200.6396,220.5326,339.645,,,100.0
2023-06-11 22:00:00,2023-06-11 22:00:00,-20.9,82.5,,,,7.505,244.0,10.85,0.0,0.0,224.9747,226.3949,339.4567,,,100.0
2023-06-11 23:00:00,2023-06-11 23:00:00,-20.98,76.5,,,,9.23,255.7,12.6,0.0,0.0,212.5681,224.6876,339.425,,,93.75825545986297
2023-06-12 00:00:00,2023-06-12 00:00:00,-19.77,84.1,,,,9.79,245.4,14.69,17.09722,13.54108,234.9868,230.8411,339.4917,,,100.0
2023-06-12 01:00:00,2023-06-12 01:00:00,-18.93,83.6,,,,5.587,232.6,9.52,73.2593,59.21754,240.6142,235.9167,339.8317,,,100.0
2023-06-12 02:00:00,2023-06-12 02:00:00,-18.3,83.9,,,,3.973,229.9,6.086,170.523,134.2414,241.3319,224.8522,340.0367,,,100.0
2023-06-12 03:00:00,2023-06-12 03:00:00,-18.07,83.8,,,,3.329,229.9,4.865,271.6395,212.3719,237.6363,234.532,340.1833,,,99.88067751528432
2023-06-12 04:00:00,2023-06-12 04:00:00,-17.7,83.7,,,,4.349,238.8,7.016,445.5602,321.3034,235.4283,238.8908,340.365,,,99.40716431799578
2023-06-12 05:00:00,2023-06-12 05:00:00,-16.38,84.2,,,,4.043,245.0,6.318,697.8044,526.2177,214.3427,245.0697,340.5567,,,98.73765266827832
2023-06-12 06:00:00,2023-06-12 06:00:00,-16.56,82.6,,,,5.008,241.0,7.597,1112.801,716.3149,171.2029,246.09,340.6,,,97.02965004962032
2023-06-12 07:00:00,2023-06-12 07:00:00,-15.44,79.52,,,,4.34,236.8,8.41,1074.629,725.734,208.5814,252.4313,340.69,,,92.40751599039731
2023-06-12 08:00:00,2023-06-12 08:00:00,-14.87,72.56,,,,5.86,243.1,10.91,997.1944,716.0856,201.1972,254.3766,340.51,,,83.85641171595238
2023-06-12 09:00:00,2023-06-12 09:00:00,-17.94,76.17,,,,8.02,256.0,11.03,694.153,650.4,158.8791,241.0867,340.2833,,,90.67313358889464
2023-06-12 10:00:00,2023-06-12 10:00:00,-18.57,55.39,,,,9.42,263.5,13.06,601.7784210526315,571.6895,128.9794,237.261,340.145,,,66.33689845997364
2023-06-12 11:00:00,2023-06-12 11:00:00,-18.41,31.77,,,,10.11,271.7,13.76,521.9083157894737,495.8129,121.1131,228.097,340.02,,,37.99037810926335
2023-06-12 12:00:00,2023-06-12 12:00:00,-17.9,15.4,,,,11.45,274.4,15.85,386.1667368421053,366.8584,116.9528,224.3623,340.1383,0.049,10.81,18.325184217417476
2023-06-12 13:00:00,2023-06-12 13:00:00,-17.59,5.803,,,,13.5,271.6,16.84,248.91768421052632,236.4718,114.7747,219.4344,340.3416,0.299,11.07,6.884702670472918
2023-06-12 14:00:00,2023-06-12 14:00:00,-18.36,6.582,,,,13.06,270.3,16.38,0.0,0.0,113.5182,212.5812,340.5083,0.216,9.72,7.866937010128319
2023-06-12 15:00:00,2023-06-12 15:00:00,-19.63,25.43,,,,10.99,267.7,13.7,0.0,0.0,119.4409,215.7426,340.7383,,,30.767055248889367
2023-06-12 16:00:00,2023-06-12 16:00:00,-19.52,49.01,,,,13.07,269.2,15.74,0.0,0.0,119.8609,219.3705,340.6783,0.043,6.081,59.23337910925981
2023-06-12 17:00:00,2023-06-12 17:00:00,-19.86,61.38,,,,11.72,266.9,14.34,0.0,0.0,127.3957,219.345,340.6767,,,74.42575226468544
2023-06-12 18:00:00,2023-06-12 18:00:00,-20.17,51.98,,,,11.72,269.6,14.52,0.0,0.0,116.465,216.4924,340.495,,,63.21518236472168
2023-06-12 19:00:00,2023-06-12 19:00:00,-21.0,81.8,,,,12.15,269.9,16.32,0.0,0.0,185.2265,224.5317,339.9383,0.013,7.021,100.0
2023-06-12 20:00:00,2023-06-12 20:00:00,-20.21,82.6,,,,10.2,266.0,14.75,0.0,0.0,229.5142,230.477,339.6,,,100.0
2023-06-12 21:00:00,2023-06-12 21:00:00,-20.99,81.6,,,,9.08,264.4,12.19,0.0,0.0,217.2363,227.7345,339.3167,,,100.0
2023-06-12 22:00:00,2023-06-12 22:00:00,-20.69,82.2,,,,8.11,261.3,10.97,0.0,0.0,226.3802,228.4196,339.1283,,,100.0
2023-06-12 23:00:00,2023-06-12 23:00:00,-20.78,82.0,,,,7.391,262.3,9.05,0.0,0.0,221.9127,228.3324,339.0633,,,100.0
2023-06-13 00:00:00,2023-06-13 00:00:00,-20.97,81.8,,,,8.12,257.7,9.05,0.0,0.0,182.0823,227.3552,339.0467,,,100.0
2023-06-13 01:00:00,2023-06-13 01:00:00,-20.54,82.3,,,,7.046,256.2,8.64,44.26104,30.30116,178.3892,225.7878,339.2166,,,100.0
2023-06-13 02:00:00,2023-06-13 02:00:00,-20.0,82.6,,,,5.672,249.4,7.365,115.0885,68.57549,205.0019,220.437,339.59,,,100.0
2023-06-13 03:00:00,2023-06-13 03:00:00,-19.12,83.2,,,,4.218,238.9,6.26,286.2466,159.2695,218.9375,232.3961,339.8317,,,100.0
2023-06-13 04:00:00,2023-06-13 04:00:00,-17.96,84.0,,,,3.875,240.7,5.098,572.551,275.5081,215.6237,238.3722,339.95,,,100.0
2023-06-13 05:00:00,2023-06-13 05:00:00,-18.5,82.8,,,,3.076,243.6,4.226,1143.018,462.3269,164.2535,244.0934,340.1033,,,99.09738066851365
2023-06-13 06:00:00,2023-06-13 06:00:00,-20.01,80.9,,,,4.682,245.5,11.61,1258.792,622.2808,131.726,243.4966,340.155,,,98.23552828397803
2023-06-13 07:00:00,2023-06-13 07:00:00,-17.76,81.7,,,,9.57,254.6,13.0,1178.168,701.1624,160.9456,250.748,340.1417,,,97.08786219899797
2023-06-13 08:00:00,2023-06-13 08:00:00,-17.84,71.53,,,,9.77,260.8,12.83,1009.052,634.7681,149.9588,249.5089,340.0916,,,85.06781292720542
2023-06-13 09:00:00,2023-06-13 09:00:00,-19.25,51.83,,,,11.09,263.3,14.34,584.6698947368421,555.4364,120.5277,232.8869,339.8983,,,62.479699931312204
2023-06-13 10:00:00,2023-06-13 10:00:00,-19.68,50.25,,,,13.45,263.4,16.67,558.6025263157895,530.6724,117.9718,227.4821,339.4967,0.118,10.19,60.82521810874421
2023-06-13 11:00:00,2023-06-13 11:00:00,-18.92,14.75,,,,14.12,261.2,18.58,490.65084210526317,466.1183,113.1702,222.5762,339.2683,0.461,11.41,17.72453990574676
2023-06-13 12:00:00,2023-06-13 12:00:00,-18.97,8.02,,,,13.39,264.9,17.83,369.4961052631579,351.0213,109.8909,218.1034,339.275,0.196,9.32,9.641967887708248
2023-06-13 13:00:00,2023-06-13 13:00:00,-19.79,6.401,,,,12.74,268.0,16.55,240.58757894736843,228.5582,108.053,212.1652,339.4016,0.067,7.885,7.756272092448436
2023-06-13 14:00:00,2023-06-13 14:00:00,-20.42,4.267,,,,14.03,265.6,17.6,0.0,0.0,106.7292,207.4414,339.5916,0.212,8.66,5.201713320564452
2023-06-13 15:00:00,2023-06-13 15:00:00,-20.28,6.241,,,,13.41,265.8,17.19,0.0,0.0,117.7887,213.2973,339.9333,0.185,11.54,7.59794918161549
2023-06-13 16:00:00,2023-06-13 16:00:00,-20.19,6.187,,,,12.31,264.2,16.03,0.0,0.0,132.1752,214.1708,340.115,0.02,5.743,7.525725104254658
2023-06-13 17:00:00,2023-06-13 17:00:00,-20.24,53.2,,,,11.73,261.3,14.69,0.0,0.0,158.2347,220.0596,340.1033,,,64.74222731530953
2023-06-13 18:00:00,2023-06-13 18:00:00,-20.33,84.1,,,,10.75,257.3,13.93,0.0,0.0,229.2446,228.9295,339.8633,,,100.0
2023-06-13 19:00:00,2023-06-13 19:00:00,-19.43,83.1,,,,9.22,264.0,12.77,0.0,0.0,233.4265,232.8325,339.6083,,,100.0
2023-06-13 20:00:00,2023-06-13 20:00:00,-19.59,82.8,,,,8.04,258.2,12.07,0.0,0.0,237.9837,232.9948,339.3433,,,100.0
2023-06-13 21:00:00,2023-06-13 21:00:00,-19.86,82.7,,,,7.716,261.6,11.84,0.0,0.0,236.8511,231.983,339.0283,,,100.0
2023-06-13 22:00:00,2023-06-13 22:00:00,-19.34,83.2,,,,8.58,255.5,11.49,0.0,0.0,238.9785,233.6912,338.8,,,100.0
2023-06-13 23:00:00,2023-06-13 23:00:00,-19.47,83.1,,,,9.99,251.6,11.72,0.0,0.0,238.6923,233.3199,338.7033,,,100.0
2023-06-14 00:00:00,2023-06-14 00:00:00,-19.68,82.9,,,,5.986,248.2,8.93,9.801881,8.713964,238.4528,233.1148,338.98,,,100.0
2023-06-14 01:00:00,2023-06-14 01:00:00,-20.2,82.4,,,,5.01,251.9,7.365,37.90502,32.77511,234.2208,231.1842,339.0916,,,100.0
2023-06-14 02:00:00,2023-06-14 02:00:00,-19.47,83.3,,,,4.711,250.3,7.539,155.5967,91.56187,232.0945,225.3348,339.2633,,,100.0
2023-06-14 03:00:00,2023-06-14 03:00:00,-19.8,82.4,,,,8.96,250.0,15.91,341.9117,222.3892,151.9911,223.8321,339.2733,,,99.85596538165748
2023-06-14 04:00:00,2023-06-14 04:00:00,-22.4,79.53,,,,11.43,247.7,14.57,521.2697,454.5755,125.0533,216.4899,339.2233,,,98.80025610658772
2023-06-14 05:00:00,2023-06-14 05:00:00,-23.35,69.5,,,,13.83,248.8,18.64,1096.747,641.9636,127.0209,217.1236,339.1883,0.049,8.44,87.12291241605656
2023-06-14 06:00:00,2023-06-14 06:00:00,-21.3,17.07,,,,15.47,256.4,18.47,1164.993,735.7437,130.8717,220.0179,339.2033,0.666,10.6,20.984969312783463
2023-06-14 07:00:00,2023-06-14 07:00:00,-19.57,34.62,,,,12.06,269.2,16.49,1151.238,767.7578,138.8143,230.8168,339.4883,0.118,9.74,41.86170941940901
2023-06-14 08:00:00,2023-06-14 08:00:00,-19.43,44.86,,,,10.43,267.9,17.31,1029.465,707.0764,140.9323,236.8401,339.51,0.143,10.88,54.170950603471766
2023-06-14 09:00:00,2023-06-14 09:00:00,-18.67,45.38,,,,12.0,269.9,18.47,737.2067,623.0942,137.4098,236.6163,339.4217,0.186,13.31,54.40080160608611
2023-06-14 10:00:00,2023-06-14 10:00:00,-18.1,41.03,,,,12.43,275.0,17.13,587.0910526315789,557.7365,134.4761,235.4518,339.4467,0.12,8.54,48.91749594179694
2023-06-14 11:00:00,2023-06-14 11:00:00,-17.23,26.71,,,,14.76,266.2,18.64,512.5083157894737,486.8829,129.1989,231.7109,339.2,0.801,11.47,31.579238905185463
2023-06-14 12:00:00,2023-06-14 12:00:00,-17.48,34.98,,,,14.1,264.2,17.48,390.5716842105263,371.0431,131.3647,228.7738,339.3217,0.444,11.47,41.45650804954385
2023-06-14 13:00:00,2023-06-14 13:00:00,-18.73,39.2,,,,13.03,268.9,16.84,240.79452631578948,228.7548,128.8253,222.2325,339.4683,0.06,7.254,47.0193952405241
2023-06-14 14:00:00,2023-06-14 14:00:00,-20.18,50.12,,,,12.34,279.8,16.03,0.0,0.0,134.1283,214.579,339.6917,0.016,5.07,60.95898681469341
2023-06-14 15:00:00,2023-06-14 15:00:00,-21.16,56.73,,,,12.46,277.2,18.35,0.0,0.0,134.4492,217.6964,339.7633,0.089,11.45,69.64778127740416
2023-06-14 16:00:00,2023-06-14 16:00:00,-20.74,57.53,,,,13.9,273.0,18.18,0.0,0.0,145.2498,219.9725,339.8533,0.403,11.87,70.3471830905295
2023-06-14 17:00:00,2023-06-14 17:00:00,-21.04,46.52,,,,12.05,278.7,18.0,0.0,0.0,226.4477,224.1824,339.9917,0.018,6.887,57.04750205738154
2023-06-14 18:00:00,2023-06-14 18:00:00,-20.77,56.47,,,,12.04,273.1,16.78,0.0,0.0,214.2866,225.158,339.7633,0.007,5.608,69.07082218686287
2023-06-14 19:00:00,2023-06-14 19:00:00,-20.89,77.93,,,,11.68,263.1,14.28,0.0,0.0,176.443,222.9498,339.425,0.003,4.173,95.42879142497034
2023-06-14 20:00:00,2023-06-14 20:00:00,-20.46,84.5,,,,9.0,270.0,12.95,0.0,0.0,215.5836,227.7035,339.0683,,,100.0
2023-06-14 21:00:00,2023-06-14 21:00:00,-20.29,82.6,,,,8.9,272.8,11.72,0.0,0.0,220.8175,228.3425,338.675,,,100.0
2023-06-14 22:00:00,2023-06-14 22:00:00,-20.21,82.6,,,,8.7,276.4,12.07,0.0,0.0,226.6187,229.3517,338.4983,,,100.0
2023-06-14 23:00:00,2023-06-14 23:00:00,-20.67,82.0,,,,7.628,278.3,11.2,0.0,0.0,219.0815,226.9821,338.555,,,100.0
2023-06-15 00:00:00,2023-06-15 00:00:00,-21.18,81.8,,,,6.517,278.6,11.03,10.139215789473685,9.632255,222.8341,225.8221,338.6,,,100.0
2023-06-15 01:00:00,2023-06-15 01:00:00,-22.1,77.01,,,,9.8,277.9,13.47,33.261115789473685,31.59806,143.9581,217.7444,338.7067,0.025,10.25,95.39684309734567
2023-06-15 02:00:00,2023-06-15 02:00:00,-20.42,40.32,,,,11.98,276.9,17.54,418.5106,58.63123,124.7871,207.2504,338.885,0.03,8.81,49.152350851923764
2023-06-15 03:00:00,2023-06-15 03:00:00,-19.64,19.75,,,,12.53,280.2,17.54,789.3985,264.0762,124.1511,215.2505,339.1317,0.026,11.75,23.897269458727376
2023-06-15 04:00:00,2023-06-15 04:00:00,-20.4,33.89,,,,10.42,282.6,13.99,974.3356,461.4975,124.3251,218.5561,339.5117,,,41.305917191884866
2023-06-15 05:00:00,2023-06-15 05:00:00,-20.48,38.67,,,,12.41,280.2,20.79,1098.393,606.5541,127.4091,223.5892,339.4567,0.174,12.46,47.167963636670734
2023-06-15 06:00:00,2023-06-15 06:00:00,-20.08,33.54,,,,11.39,277.3,18.0,1163.328,710.764,128.6437,230.5605,339.6133,0.014,5.666,40.7543634705888
2023-06-15 07:00:00,2023-06-15 07:00:00,-19.28,31.48,,,,11.75,285.2,17.19,1157.793,752.6,131.8014,235.1043,339.7667,0.021,6.796,37.95922882418144
2023-06-15 08:00:00,2023-06-15 08:00:00,-18.52,25.47,,,,12.27,275.4,16.32,1028.953,697.8102,133.5179,233.0988,339.5617,0.131,12.7,30.489071915356135
2023-06-15 09:00:00,2023-06-15 09:00:00,-19.33,23.18,,,,12.15,280.5,16.61,730.7484,608.1099,131.7929,232.8016,339.3283,0.024,5.986,27.96432162684241
2023-06-15 10:00:00,2023-06-15 10:00:00,-20.56,41.35,,,,12.67,269.0,17.83,569.6343157894737,541.1526,131.1997,229.9453,339.03,0.272,12.51,50.47550339327366
2023-06-15 11:00:00,2023-06-15 11:00:00,-21.35,58.85,,,,13.83,264.1,22.48,492.7121052631579,468.0765,130.0726,225.806,338.69,0.564,14.15,72.38165181905022
2023-06-15 12:00:00,2023-06-15 12:00:00,-21.15,57.35,,,,13.14,272.1,17.31,370.32926315789473,351.8128,125.0263,220.7957,338.8317,0.128,8.95,70.4022381067094
2023-06-15 13:00:00,2023-06-15 13:00:00,-20.01,56.23,,,,12.48,278.1,16.49,238.2625263157895,226.3494,129.2858,217.9069,339.345,0.07,8.17,68.2791564327328
2023-06-15 14:00:00,2023-06-15 14:00:00,-20.53,64.91,,,,7.576,255.0,14.69,0.0,0.0,127.0576,206.3773,339.7517,0.01,8.77,79.21222097640165
2023-06-15 15:00:00,2023-06-15 15:00:00,-21.58,78.59,,,,8.44,256.0,15.91,0.0,0.0,125.2023,214.6859,339.9066,,,96.8728583458785
2023-06-15 16:00:00,2023-06-15 16:00:00,-21.77,69.88,,,,7.62,265.9,16.03,0.0,0.0,119.6565,212.2163,340.13,0.007,8.92,86.29276631479728
2023-06-15 17:00:00,2023-06-15 17:00:00,-21.56,35.32,,,,10.54,281.1,15.45,0.0,0.0,113.9115,210.4559,340.0767,0.014,6.918,43.528398658247156
2023-06-15 18:00:00,2023-06-15 18:00:00,-21.86,26.68,,,,12.06,275.5,16.72,0.0,0.0,112.5942,209.2491,339.6833,0.017,6.419,32.9746213099618
2023-06-15 19:00:00,2023-06-15 19:00:00,-22.37,58.91,,,,12.17,272.2,16.67,0.0,0.0,117.1902,211.634,339.2116,0.023,7.187,73.16310618544975
2023-06-15 20:00:00,2023-06-15 20:00:00,-21.7,18.26,,,,12.35,273.4,15.79,0.0,0.0,110.9953,209.0928,338.95,0.011,3.842,22.533698966700083
2023-06-15 21:00:00,2023-06-15 21:00:00,-21.44,16.84,,,,11.87,272.6,15.04,0.0,0.0,110.3351,209.0005,338.725,0.003,3.946,20.729890730107034
2023-06-15 22:00:00,2023-06-15 22:00:00,-21.32,16.52,,,,11.37,272.8,14.52,0.0,0.0,110.0019,208.841,338.5916,,,20.312704266357326
2023-06-15 23:00:00,2023-06-15 23:00:00,-21.39,12.21,,,,10.91,269.4,13.64,0.0,0.0,110.5311,208.0314,338.6783,,,15.023234004329149
2023-06-16 00:00:00,2023-06-16 00:00:00,-21.59,13.26,,,,11.49,268.2,14.22,0.0,0.0,109.7286,207.6173,338.765,,,16.346311208746172
2023-06-16 01:00:00,2023-06-16 01:00:00,-21.25,3.57,,,,12.99,268.4,15.56,33.34024210526316,31.67323,105.3934,205.4669,338.9133,0.019,6.0,4.38667845589221
2023-06-16 02:00:00,2023-06-16 02:00:00,-21.03,3.282,,,,13.08,271.1,16.49,454.2782,63.30119,111.6386,200.204,339.0333,0.041,7.395,4.024334130660394
2023-06-16 03:00:00,2023-06-16 03:00:00,-20.45,3.129,,,,13.37,271.8,16.84,781.4838,253.7133,118.9683,210.8093,339.1983,0.152,8.76,3.8155217223168507
2023-06-16 04:00:00,2023-06-16 04:00:00,-20.48,7.096,,,,13.89,273.1,17.89,970.4295,439.8333,125.3285,216.4749,339.315,0.351,11.7,8.655388413907824
2023-06-16 05:00:00,2023-06-16 05:00:00,-20.65,23.95,,,,14.59,272.5,18.82,1095.509,580.5472,127.4049,224.5007,339.3717,0.759,13.29,29.260672267901892
2023-06-16 06:00:00,2023-06-16 06:00:00,-20.89,33.17,,,,14.58,277.3,19.46,1154.586,676.4976,129.6919,228.7389,339.4933,0.47,12.92,40.61815746909106
2023-06-16 07:00:00,2023-06-16 07:00:00,-20.54,44.14,,,,14.5,272.4,21.32,1148.314,720.2793,133.668,232.297,339.4817,0.853,15.23,53.87092494462022
2023-06-16 08:00:00,2023-06-16 08:00:00,-20.1,50.88,,,,14.14,279.5,19.57,1018.036,673.2758,135.8679,234.4289,339.6217,0.409,14.26,61.83598609888602
2023-06-16 09:00:00,2023-06-16 09:00:00,-20.01,63.12,,,,13.32,274.2,19.17,731.6741,601.2859,132.6621,234.7539,339.6083,0.41,12.86,76.64556916297518
2023-06-16 10:00:00,2023-06-16 10:00:00,-20.06,55.27,,,,12.94,273.3,20.97,571.4693684210526,542.8959,131.2211,232.9409,339.6083,0.228,12.45,67.1455730706836
2023-06-16 11:00:00,2023-06-16 11:00:00,-20.13,69.7,,,,12.78,266.7,19.46,495.92757894736843,471.1312,128.1915,228.4275,339.555,0.314,12.17,84.73281936705709
2023-06-16 12:00:00,2023-06-16 12:00:00,-20.62,69.53,,,,14.13,272.1,19.98,371.4766315789474,352.9028,130.293,223.0229,339.565,0.547,14.03,84.92322431418856
2023-06-16 13:00:00,2023-06-16 13:00:00,-21.03,81.8,,,,13.05,265.5,20.04,247.4745263157895,235.1008,130.7772,220.7827,339.7833,0.692,15.21,100.0
2023-06-16 14:00:00,2023-06-16 14:00:00,-21.28,54.98,,,,16.01,276.3,23.53,0.0,0.0,118.2438,209.8968,339.98,1.724,20.37,67.57665074262626
2023-06-16 15:00:00,2023-06-16 15:00:00,-21.6,30.97,,,,14.35,279.3,19.46,0.0,0.0,108.5181,212.1072,340.29,0.47,16.58,38.18201611118287
2023-06-16 16:00:00,2023-06-16 16:00:00,-21.82,21.58,,,,12.85,287.2,20.85,0.0,0.0,104.8484,209.1319,340.5767,0.284,16.98,26.661212035400577
2023-06-16 17:00:00,2023-06-16 17:00:00,-20.73,8.31,,,,10.25,271.3,18.76,0.0,0.0,103.3056,208.1775,340.6917,0.064,16.7,10.160424646819422
2023-06-16 18:00:00,2023-06-16 18:00:00,-21.07,8.77,,,,10.45,276.7,16.78,0.0,0.0,103.18,207.2171,340.48,0.052,10.14,10.757737131583355
2023-06-16 19:00:00,2023-06-16 19:00:00,-21.31,9.58,,,,12.78,285.3,18.24,0.0,0.0,102.9045,207.6154,339.9716,0.029,8.39,11.778277157994996
2023-06-16 20:00:00,2023-06-16 20:00:00,-21.04,8.53,,,,14.4,283.2,18.76,0.0,0.0,102.4234,208.2774,339.5183,0.077,9.31,10.460343777933458
2023-06-16 21:00:00,2023-06-16 21:00:00,-20.59,3.967,,,,12.7,275.6,16.9,0.0,0.0,102.9865,209.1732,339.4533,0.029,9.52,4.843863544321559
2023-06-16 22:00:00,2023-06-16 22:00:00,-20.74,3.69,,,,12.05,274.8,15.45,0.0,0.0,102.917,208.431,339.44,0.011,5.014,4.512099871441923
2023-06-16 23:00:00,2023-06-16 23:00:00,-21.93,6.277,,,,13.04,273.6,17.25,0.0,0.0,103.1058,206.9082,339.3017,0.061,7.145,7.763110681414258
2023-06-17 00:00:00,2023-06-17 00:00:00,-23.25,24.95,,,,12.7,277.5,18.88,0.0,0.0,108.8134,205.1389,339.405,0.06,11.23,31.24682882650277
2023-06-17 01:00:00,2023-06-17 01:00:00,-21.85,39.85,,,,11.96,272.0,15.27,33.011515789473684,31.36094,112.6285,210.3224,339.8333,,,49.24713080520504
2023-06-17 02:00:00,2023-06-17 02:00:00,-21.46,44.79,,,,11.34,271.8,15.1,452.2526,61.59236,111.7001,203.0183,340.2133,,,55.14661296811672
2023-06-17 03:00:00,2023-06-17 03:00:00,-20.78,4.618,,,,12.84,272.4,16.72,780.4835,246.7058,112.112,210.89,340.3833,0.127,10.92,5.6490089730514415
2023-06-17 04:00:00,2023-06-17 04:00:00,-22.42,16.28,,,,12.5,273.4,16.32,969.8503,429.4978,114.9352,210.7254,340.4317,0.038,5.778,20.228521104437217
2023-06-17 05:00:00,2023-06-17 05:00:00,-23.21,27.51,,,,13.3,271.6,16.67,1097.358,572.1686,116.1046,217.854,340.4167,0.119,9.74,34.43983660375625
2023-06-17 06:00:00,2023-06-17 06:00:00,-21.94,24.06,,,,13.6,272.5,17.65,1161.464,670.8998,119.0023,223.6636,340.5133,0.238,13.23,29.759158587306032
2023-06-17 07:00:00,2023-06-17 07:00:00,-19.58,9.56,,,,13.34,277.9,18.41,1158.207,714.9117,121.6672,228.6798,340.7967,0.276,10.04,11.560840314582869
2023-06-17 08:00:00,2023-06-17 08:00:00,-19.08,25.15,,,,9.46,264.5,18.35,1037.164,670.3254,130.4023,235.9594,340.9433,0.153,13.61,30.26827144668377
2023-06-17 09:00:00,2023-06-17 09:00:00,-19.41,46.31,,,,9.97,255.4,18.24,735.616,604.2328,131.653,234.3667,340.7283,0.275,16.14,55.91118664604923
2023-06-17 10:00:00,2023-06-17 10:00:00,-18.69,75.39,,,,5.839,258.4,13.06,570.6778947368422,542.144,147.7242,243.458,340.7116,,,90.39365404394577
2023-06-17 11:00:00,2023-06-17 11:00:00,-18.32,83.1,,,,7.438,256.7,13.93,478.68073684210526,454.7467,190.1102,243.3251,340.4433,,,99.28460635896054
2023-06-17 12:00:00,2023-06-17 12:00:00,-19.06,81.7,,,,8.01,256.5,14.98,343.80715789473686,326.6168,164.5966,235.0227,340.63,,,98.30788770015378
2023-06-17 13:00:00,2023-06-17 13:00:00,-19.98,77.07,,,,7.362,253.3,14.46,216.02147368421055,205.2204,146.1197,221.5279,341.0067,,,93.55794990725305
2023-06-17 14:00:00,2023-06-17 14:00:00,-20.48,82.8,,,,4.644,261.1,8.99,19.222105263157896,18.261,214.5822,222.6272,341.215,,,100.0
2023-06-17 15:00:00,2023-06-17 15:00:00,-20.86,82.0,,,,4.278,273.7,8.24,0.0,0.0,224.9574,226.951,341.37,,,100.0
2023-06-17 16:00:00,2023-06-17 16:00:00,-22.45,80.3,,,,4.321,282.7,13.18,0.0,0.0,193.5583,218.644,341.585,,,99.80429605440392
2023-06-17 17:00:00,2023-06-17 17:00:00,-23.64,65.01,,,,6.686,257.0,17.48,0.0,0.0,118.243,206.5186,341.6866,,,81.71887688561219
2023-06-17 18:00:00,2023-06-17 18:00:00,-22.42,29.86,,,,7.603,258.6,17.48,0.0,0.0,111.4345,205.8707,341.5533,0.002,1.924,37.102189200153276
2023-06-17 19:00:00,2023-06-17 19:00:00,-23.47,53.9,,,,6.259,253.3,15.56,0.0,0.0,112.8404,202.591,341.1267,,,67.64423733566262
2023-06-17 20:00:00,2023-06-17 20:00:00,-23.51,57.84,,,,5.455,254.0,13.35,0.0,0.0,116.6425,202.903,340.7816,,,72.61646519024437
2023-06-17 21:00:00,2023-06-17 21:00:00,-23.4,46.51,,,,5.112,264.7,13.41,0.0,0.0,117.188,201.5558,340.5617,,,58.33107304351243
2023-06-17 22:00:00,2023-06-17 22:00:00,-21.89,16.89,,,,9.61,267.2,16.55,0.0,0.0,120.2715,206.0946,340.5983,,,20.880831400605064
2023-06-17 23:00:00,2023-06-17 23:00:00,-21.08,10.13,,,,9.01,270.9,15.5,0.0,0.0,125.7169,208.2619,340.7467,0.012,5.936,12.427170223462564
2023-06-18 00:00:00,2023-06-18 00:00:00,-20.73,21.9,,,,10.48,274.2,13.76,0.0,0.0,126.0169,211.3913,340.8,,,26.776570368874285
2023-06-18 01:00:00,2023-06-18 01:00:00,-21.01,50.46,,,,9.99,270.6,13.06,34.25716842105263,32.54431,127.5462,214.4821,340.9867,,,61.86140158581255
2023-06-18 02:00:00,2023-06-18 02:00:00,-21.12,75.26,,,,10.54,272.1,13.53,457.0631,67.21509,131.9088,216.2172,341.11,,,92.36190342629246
2023-06-18 03:00:00,2023-06-18 03:00:00,-22.43,40.45,,,,10.39,280.8,17.07,755.111,241.4362,127.607,213.3858,341.0966,0.003,3.312,50.26545045307706
2023-06-18 04:00:00,2023-06-18 04:00:00,-24.28,82.8,,,,7.983,269.6,14.34,922.1253,419.3719,134.6953,212.4063,341.1217,,,100.0
2023-06-18 05:00:00,2023-06-18 05:00:00,-22.35,81.6,,,,4.34,269.3,12.65,954.7556,503.2502,170.8884,231.085,341.4767,,,100.0
2023-06-18 06:00:00,2023-06-18 06:00:00,-21.52,79.86,,,,5.712,301.5,16.26,1167.712,671.5045,159.2836,238.8668,341.7566,,,98.3819958095607
2023-06-18 07:00:00,2023-06-18 07:00:00,-19.93,73.3,,,,4.841,306.0,13.7,1167.215,733.1174,160.7173,246.1269,342.055,,,88.93883105843491
2023-06-18 08:00:00,2023-06-18 08:00:00,-17.91,58.56,,,,3.791,287.9,15.21,1075.229,708.077,176.0456,250.7667,342.0966,,,69.68999892866388
2023-06-18 09:00:00,2023-06-18 09:00:00,-16.96,81.8,,,,4.409,273.4,9.92,852.408,653.7312,214.7568,258.8082,341.9083,,,96.4610033099666
2023-06-18 10:00:00,2023-06-18 10:00:00,-15.14,85.0,,,,5.102,263.8,8.93,689.9844,576.2757,248.5119,257.4654,341.77,,,98.48978888943377
2023-06-18 11:00:00,2023-06-18 11:00:00,-14.78,85.7,,,,5.34,264.7,9.17,524.4256,445.3637,248.7527,254.5446,341.7267,,,98.95596063117648
2023-06-18 12:00:00,2023-06-18 12:00:00,-14.86,86.2,,,,3.202,258.8,5.853,365.92536842105267,347.6291,237.9709,251.5905,341.755,,,99.61030826872957
2023-06-18 13:00:00,2023-06-18 13:00:00,-16.74,84.1,,,,1.08,213.5,4.167,215.28894736842105,204.5245,204.7932,239.6111,341.8066,,,98.96323552486878
2023-06-18 14:00:00,2023-06-18 14:00:00,-19.77,82.6,,,,0.397,185.5,2.947,0.0,0.0,189.4433,218.8121,341.8966,,,100.0
2023-06-18 15:00:00,2023-06-18 15:00:00,-20.56,82.8,,,,0.373,182.0,3.993,0.0,0.0,214.6117,226.0992,342.045,,,100.0
2023-06-18 16:00:00,2023-06-18 16:00:00,-20.87,82.3,,,,0.238,178.3,2.889,0.0,0.0,214.4049,222.9558,342.24,,,100.0
2023-06-18 17:00:00,2023-06-18 17:00:00,-20.59,82.6,,,,1.882,252.5,5.97,0.0,0.0,212.1246,223.7691,342.3883,,,100.0
2023-06-18 18:00:00,2023-06-18 18:00:00,-20.5,82.5,,,,2.57,271.7,6.086,0.0,0.0,217.2557,226.0082,342.1483,,,100.0
2023-06-18 19:00:00,2023-06-18 19:00:00,-20.6,82.4,,,,3.011,280.3,6.377,0.0,0.0,227.039,228.2155,341.8416,,,100.0
2023-06-18 20:00:00,2023-06-18 20:00:00,-21.05,81.8,,,,2.957,252.0,8.64,0.0,0.0,208.9291,222.5809,341.5783,,,100.0
2023-06-18 21:00:00,2023-06-18 21:00:00,-21.4,81.5,,,,2.095,247.8,5.446,0.0,0.0,204.2519,221.994,341.3267,,,100.0
2023-06-18 22:00:00,2023-06-18 22:00:00,-22.21,80.6,,,,3.055,275.4,6.9,0.0,0.0,188.6635,220.0684,341.2383,,,99.94861532448881
2023-06-18 23:00:00,2023-06-18 23:00:00,-23.58,78.83,,,,2.817,278.6,7.539,0.0,0.0,154.1443,211.1928,341.155,,,99.03453492233982
2023-06-19 00:00:00,2023-06-19 00:00:00,-23.24,79.25,,,,4.722,295.5,9.57,24.19362,18.50425,155.1069,211.8402,340.9967,,,99.24152846576895
2023-06-19 01:00:00,2023-06-19 01:00:00,-21.71,80.9,,,,5.527,274.2,8.7,34.54084210526316,32.8138,156.4801,214.4622,341.395,,,99.84392307799163
2023-06-19 02:00:00,2023-06-19 02:00:00,-21.05,79.53,,,,5.131,271.6,8.06,405.9815,55.90036,138.6262,208.1965,341.5966,,,97.536996815683
2023-06-19 03:00:00,2023-06-19 03:00:00,-21.06,74.67,,,,4.97,268.7,6.783,717.0593,261.6228,140.9047,213.2675,341.655,,,91.5853517289538
2023-06-19 04:00:00,2023-06-19 04:00:00,-21.36,65.6,,,,6.841,269.2,9.86,972.3855,462.9851,139.7162,223.5664,341.7117,,,80.69140918626182
2023-06-19 05:00:00,2023-06-19 05:00:00,-20.86,56.36,,,,6.368,272.5,9.4,1090.232,603.6501,141.0583,231.213,341.81,,,68.99557975395687
2023-06-19 06:00:00,2023-06-19 06:00:00,-20.07,50.81,,,,6.521,270.5,8.41,1154.083,703.919,142.224,237.7493,341.8283,,,61.73318492400846
2023-06-19 07:00:00,2023-06-19 07:00:00,-19.51,53.69,,,,6.93,271.4,11.96,1128.647,743.0208,154.4572,240.678,341.75,,,64.88339850670197
2023-06-19 08:00:00,2023-06-19 08:00:00,-18.44,74.54,,,,6.089,265.4,11.49,997.6489,728.438,172.7204,248.0005,341.7883,,,89.1601813450158
2023-06-19 09:00:00,2023-06-19 09:00:00,-17.13,31.84,,,,4.912,272.2,10.16,731.5299,628.1,143.597,247.8781,341.8717,,,37.60820766216897
2023-06-19 10:00:00,2023-06-19 10:00:00,-17.53,18.64,,,,10.0,261.4,14.22,587.9893684210526,558.5899,129.9442,237.4363,341.4016,,,22.101807395203277
2023-06-19 11:00:00,2023-06-19 11:00:00,-17.94,31.7,,,,10.8,266.9,14.63,506.8949473684211,481.5502,122.1198,229.2091,341.1833,0.003,4.029,37.73583214871944
2023-06-19 12:00:00,2023-06-19 12:00:00,-18.78,24.51,,,,10.18,272.3,13.76,348.6386315789474,331.2067,118.9781,223.5098,341.2133,,,29.413230705885624
2023-06-19 13:00:00,2023-06-19 13:00:00,-19.38,16.28,,,,10.46,271.5,13.18,249.10894736842107,236.6535,115.6948,216.6497,341.295,,,19.649587340025253
2023-06-19 14:00:00,2023-06-19 14:00:00,-20.38,14.5,,,,9.72,274.4,13.35,0.0,0.0,114.0841,206.8705,341.4767,,,17.669555731102975
2023-06-19 15:00:00,2023-06-19 15:00:00,-21.08,21.84,,,,6.754,272.6,13.12,0.0,0.0,118.3438,209.0059,341.7583,,,26.79263550645828
2023-06-19 16:00:00,2023-06-19 16:00:00,-21.05,26.17,,,,6.392,267.8,13.76,0.0,0.0,119.1363,207.9101,341.7467,,,32.095350266143896
2023-06-19 17:00:00,2023-06-19 17:00:00,-22.27,57.66,,,,1.957,244.4,8.7,0.0,0.0,124.6688,200.9392,341.6617,,,71.54255179749003
2023-06-19 18:00:00,2023-06-19 18:00:00,-23.23,59.64,,,,0.865,198.7,5.97,0.0,0.0,121.0076,194.4912,341.5017,,,74.67763958900177
2023-06-19 19:00:00,2023-06-19 19:00:00,-23.38,47.7,,,,0.488,125.9,6.783,0.0,0.0,123.654,193.7872,341.3067,,,59.81217433783007
2023-06-19 20:00:00,2023-06-19 20:00:00,-21.72,34.84,,,,3.591,272.1,11.96,0.0,0.0,128.2253,201.5091,341.1017,,,43.0023966824989
2023-06-19 21:00:00,2023-06-19 21:00:00,-21.38,37.86,,,,8.47,271.2,12.71,0.0,0.0,131.0591,209.4053,340.9,,,46.57865490910139
2023-06-19 22:00:00,2023-06-19 22:00:00,-21.91,67.48,,,,6.997,257.2,12.36,0.0,0.0,129.6509,210.0159,340.6283,,,83.44032162297577
2023-06-19 23:00:00,2023-06-19 23:00:00,-22.61,73.47,,,,4.949,268.4,9.17,0.0,0.0,126.1621,206.5315,340.5033,,,91.45441310444512
2023-06-20 00:00:00,2023-06-20 00:00:00,-22.92,84.3,,,,5.165,271.7,10.04,0.0,0.0,140.7559,207.7282,340.5966,,,100.0
2023-06-20 01:00:00,2023-06-20 01:00:00,-23.03,82.7,,,,5.843,273.3,12.65,37.90914736842105,36.01369,163.4997,210.389,340.8333,,,100.0
2023-06-20 02:00:00,2023-06-20 02:00:00,-22.11,81.7,,,,9.01,290.7,13.59,284.1081,91.94006,198.5279,215.4282,341.165,,,100.0
2023-06-20 03:00:00,2023-06-20 03:00:00,-21.31,80.8,,,,9.4,275.1,11.84,552.6781,236.3346,157.9694,216.4315,341.4867,,,99.34079273131478
2023-06-20 04:00:00,2023-06-20 04:00:00,-20.52,78.84,,,,10.6,262.4,12.19,742.1642,443.6247,139.7912,226.2996,341.65,,,96.20234835859239
2023-06-20 05:00:00,2023-06-20 05:00:00,-20.25,79.47,,,,10.52,262.6,12.77,1019.365,589.7861,139.8968,232.9756,341.72,,,96.72099774971775
2023-06-20 06:00:00,2023-06-20 06:00:00,-19.71,72.78,,,,9.31,260.2,11.43,1159.469,693.4178,144.0311,235.7681,341.8416,,,88.12202558529327
2023-06-20 07:00:00,2023-06-20 07:00:00,-19.19,76.05,,,,6.814,266.0,9.75,1137.57,722.7896,167.9236,246.324,342.07,,,91.62353813029935
2023-06-20 08:00:00,2023-06-20 08:00:00,-18.32,84.0,,,,7.382,273.4,10.79,997.1364,688.0138,172.2063,247.4689,341.9833,,,100.0
2023-06-20 09:00:00,2023-06-20 09:00:00,-16.95,84.4,,,,6.203,258.9,12.65,793.2401,626.373,199.3674,256.1699,341.855,,,99.51741375197999
2023-06-20 10:00:00,2023-06-20 10:00:00,-15.89,85.3,,,,7.431,252.3,12.83,575.4947368421053,546.72,222.6106,256.8875,341.68,,,99.55585105250437
2023-06-20 11:00:00,2023-06-20 11:00:00,-16.79,83.9,,,,7.323,256.4,11.2,455.17673684210524,432.4179,201.8624,248.8705,341.67,,,98.77547021818029
2023-06-20 12:00:00,2023-06-20 12:00:00,-16.92,84.4,,,,7.689,263.5,11.67,342.50210526315794,325.377,188.1007,242.6658,341.7916,,,99.48865659280953
2023-06-20 13:00:00,2023-06-20 13:00:00,-17.98,83.9,,,,8.7,272.8,11.96,192.04631578947368,182.444,146.0588,231.6381,341.9167,,,99.91338154756448
2023-06-20 14:00:00,2023-06-20 14:00:00,-18.77,83.8,,,,9.03,272.8,11.43,0.0,0.0,173.2313,223.9081,341.9483,,,100.0
2023-06-20 15:00:00,2023-06-20 15:00:00,-19.22,83.4,,,,8.55,269.0,10.45,0.0,0.0,228.6062,233.9448,342.005,,,100.0
2023-06-20 16:00:00,2023-06-20 16:00:00,-19.95,82.8,,,,7.025,264.9,9.23,0.0,0.0,215.369,230.9499,342.2283,,,100.0
2023-06-20 17:00:00,2023-06-20 17:00:00,-21.44,81.3,,,,5.393,270.3,6.958,0.0,0.0,192.6796,225.0302,342.3317,,,100.0
2023-06-20 18:00:00,2023-06-20 18:00:00,-22.39,80.7,,,,7.641,268.1,9.81,0.0,0.0,136.1977,220.6924,342.0667,,,100.0
2023-06-20 19:00:00,2023-06-20 19:00:00,-22.63,75.38,,,,7.967,270.2,9.69,0.0,0.0,119.6403,214.6853,341.895,,,93.8498011516089
2023-06-20 20:00:00,2023-06-20 20:00:00,-20.08,23.48,,,,6.727,272.1,8.76,0.0,0.0,117.2073,211.645,341.7367,,,28.530484624013866
2023-06-20 21:00:00,2023-06-20 21:00:00,-19.81,13.05,,,,5.902,276.3,8.76,0.0,0.0,111.8164,208.305,341.46,,,15.816082002301739
2023-06-20 22:00:00,2023-06-20 22:00:00,-20.5,12.9,,,,5.982,272.9,8.53,0.0,0.0,109.081,206.1329,341.2133,,,15.737861490548577
2023-06-20 23:00:00,2023-06-20 23:00:00,-22.19,25.21,,,,7.673,279.3,10.74,0.0,0.0,108.347,204.199,341.0567,,,31.255891734454316
2023-06-21 00:00:00,2023-06-21 00:00:00,-21.46,16.3,,,,8.03,285.0,10.85,0.0,0.0,106.6189,204.8903,341.1817,,,20.06898395580046
2023-06-21 01:00:00,2023-06-21 01:00:00,-19.25,2.832,,,,6.425,296.0,10.39,28.438126315789475,27.01622,110.7568,208.0988,341.4216,,,3.4139014124151297
2023-06-21 02:00:00,2023-06-21 02:00:00,-19.39,6.671,,,,6.329,300.8,9.17,446.2115,50.24714,116.4521,204.4672,341.6633,,,8.052516194766328
2023-06-21 03:00:00,2023-06-21 03:00:00,-18.94,5.538,,,,6.039,290.6,8.24,773.7764,235.0228,123.9363,208.9462,341.8816,,,6.656090974801307
2023-06-21 04:00:00,2023-06-21 04:00:00,-18.64,4.16,,,,7.0,289.4,8.88,966.3766,425.2123,128.275,222.9622,342.1233,,,4.985503715824544
2023-06-21 05:00:00,2023-06-21 05:00:00,-20.54,32.4,,,,6.502,282.5,10.62,1092.943,572.6541,130.8293,227.3255,342.2133,,,39.542772274709904
2023-06-21 06:00:00,2023-06-21 06:00:00,-20.28,46.56,,,,7.606,284.5,12.02,1161.667,680.91,134.1114,236.53,342.235,0.007,8.51,56.683306184268105
2023-06-21 07:00:00,2023-06-21 07:00:00,-18.94,62.78,,,,6.577,277.0,11.9,1133.935,721.853,168.308,242.9335,342.3383,,,75.45492802420117
2023-06-21 08:00:00,2023-06-21 08:00:00,-15.0,84.7,,,,2.858,253.5,8.06,947.4359,738.9941,248.6347,267.1328,342.535,,,98.00948852941545
2023-06-21 09:00:00,2023-06-21 09:00:00,-13.4,84.1,,,,1.162,239.1,6.086,737.8629,643.638,259.8504,275.8566,342.5066,,,95.82020678200676
2023-06-21 10:00:00,2023-06-21 10:00:00,-14.54,83.6,,,,2.721,266.7,7.597,700.2041052631579,665.1939,221.9266,267.3545,342.3683,,,96.30737177220078
2023-06-21 11:00:00,2023-06-21 11:00:00,-16.25,80.6,,,,4.723,266.7,8.99,534.2806315789474,507.5666,194.4077,252.7003,342.2566,,,94.3976658074065
2023-06-21 12:00:00,2023-06-21 12:00:00,-17.52,82.4,,,,5.237,260.5,9.11,344.742,327.5049,187.3623,240.9135,342.22,,,97.69386719263723
2023-06-21 13:00:00,2023-06-21 13:00:00,-16.74,85.3,,,,1.95,255.1,6.783,82.71367368421053,78.57799,244.2969,238.7074,342.46,,,100.0
2023-06-21 14:00:00,2023-06-21 14:00:00,-17.47,84.6,,,,0.329,267.0,4.807,10.81556,10.05973,237.2609,231.4852,342.86,,,100.0
2023-06-21 15:00:00,2023-06-21 15:00:00,-18.6,83.7,,,,0.429,261.5,4.865,0.0,0.0,240.5784,235.2124,342.8966,,,100.0
2023-06-21 16:00:00,2023-06-21 16:00:00,-19.14,83.5,,,,0.422,244.1,4.807,0.0,0.0,239.994,234.0946,342.9716,,,100.0
2023-06-21 17:00:00,2023-06-21 17:00:00,-19.17,83.4,,,,0.04,197.7,0.04,0.0,0.0,240.1118,234.5018,343.22,,,100.0
2023-06-21 18:00:00,2023-06-21 18:00:00,-18.68,83.8,,,,0.04,186.0,0.04,0.0,0.0,241.977,236.154,343.0533,,,100.0
2023-06-21 19:00:00,2023-06-21 19:00:00,-19.29,83.0,,,,0.04,212.8,0.331,0.0,0.0,239.2237,231.8767,342.695,,,100.0
2023-06-21 20:00:00,2023-06-21 20:00:00,-22.6,78.02,,,,2.642,310.3,10.91,0.0,0.0,197.5286,216.4439,342.13,,,97.10895334313017
2023-06-21 21:00:00,2023-06-21 21:00:00,-23.44,55.49,,,,4.147,326.0,12.48,0.0,0.0,135.4182,205.1437,341.9,,,69.61986324247842
2023-06-21 22:00:00,2023-06-21 22:00:00,-23.62,51.97,,,,3.615,316.1,12.95,0.0,0.0,132.2012,202.4866,341.73,,,65.31494775584714
2023-06-21 23:00:00,2023-06-21 23:00:00,-24.14,50.91,,,,0.528,215.6,5.098,0.0,0.0,116.7777,188.7054,341.8416,,,64.29876206206981
2023-06-22 00:00:00,2023-06-22 00:00:00,-24.37,57.87,,,,2.137,228.7,13.0,15.52341052631579,14.74724,124.8202,192.8348,341.6083,,,73.24842527932948
2023-06-22 01:00:00,2023-06-22 01:00:00,-24.23,53.46,,,,2.413,203.9,11.67,35.529031578947375,33.75258,117.2574,190.0374,341.7917,,,67.57692838548162
2023-06-22 02:00:00,2023-06-22 02:00:00,-23.04,44.28,,,,2.937,292.7,12.19,394.8923,62.98214,123.8331,187.1886,341.7467,,,55.34482761155234
2023-06-22 03:00:00,2023-06-22 03:00:00,-22.65,39.15,,,,2.98,294.8,12.13,784.5819,197.3548,127.2562,202.0337,342.1083,,,48.751904023426754
2023-06-22 04:00:00,2023-06-22 04:00:00,-21.87,33.68,,,,2.988,216.8,15.74,981.2779,410.679,128.7505,214.5522,342.6683,,,41.63010030312997
2023-06-22 05:00:00,2023-06-22 05:00:00,-21.08,31.43,,,,2.197,264.6,11.26,1107.726,574.8129,130.6142,226.8922,342.8766,,,38.55735045640951
2023-06-22 06:00:00,2023-06-22 06:00:00,-19.87,31.11,,,,1.891,275.9,8.06,1165.982,679.9047,134.1587,240.4238,343.165,,,37.72575566676017
2023-06-22 07:00:00,2023-06-22 07:00:00,-18.46,39.56,,,,1.321,286.4,7.307,1153.005,728.1487,137.6267,250.7661,343.1466,,,47.32833965201027
2023-06-22 08:00:00,2023-06-22 08:00:00,-16.51,77.75,,,,1.732,243.3,6.493,878.7846,675.112,200.9171,261.4667,343.0983,,,91.28837472316842
2023-06-22 09:00:00,2023-06-22 09:00:00,-16.16,83.3,,,,3.692,253.4,7.249,797.5893,689.6871,236.4568,262.0313,343.105,,,97.47521174239633
2023-06-22 10:00:00,2023-06-22 10:00:00,-17.27,81.9,,,,3.097,236.6,7.249,522.3454736842106,496.2282,213.4948,250.6461,342.9166,,,96.86768665043475
2023-06-22 11:00:00,2023-06-22 11:00:00,-16.89,83.7,,,,1.974,236.5,7.946,455.0815789473684,432.3275,242.8205,247.1069,342.7633,,,98.6350017438894
2023-06-22 12:00:00,2023-06-22 12:00:00,-17.33,83.4,,,,0.892,228.6,5.505,216.5206315789474,205.6946,253.3395,242.322,342.9333,,,98.69881471107203
2023-06-22 13:00:00,2023-06-22 13:00:00,-16.79,84.0,,,,0.358,245.2,3.121,225.16652631578947,213.9082,265.9465,238.7345,343.1617,,,98.89320021844033
2023-06-22 14:00:00,2023-06-22 14:00:00,-19.64,82.1,,,,0.213,243.5,4.226,0.0,0.0,244.9491,225.0463,343.2616,,,99.34004164868442
2023-06-22 15:00:00,2023-06-22 15:00:00,-21.22,82.0,,,,0.128,260.2,3.295,0.0,0.0,232.4438,226.5619,343.3816,,,100.0
2023-06-22 16:00:00,2023-06-22 16:00:00,-21.27,81.6,,,,0.154,265.4,3.295,0.0,0.0,231.6379,224.0381,343.57,,,100.0
2023-06-22 17:00:00,2023-06-22 17:00:00,-22.2,80.9,,,,0.18,299.0,4.865,0.0,0.0,228.0167,219.8413,343.555,,,100.0
2023-06-22 18:00:00,2023-06-22 18:00:00,-22.23,81.0,,,,0.661,257.2,4.749,0.0,0.0,227.6859,220.6553,343.3966,,,100.0
2023-06-22 19:00:00,2023-06-22 19:00:00,-22.99,80.2,,,,0.745,259.6,8.7,0.0,0.0,224.7009,215.3131,342.89,,,100.0
2023-06-22 20:00:00,2023-06-22 20:00:00,-25.13,78.41,,,,0.602,292.7,6.725,0.0,0.0,212.8723,198.6697,342.5466,,,99.96200506162776
2023-06-22 21:00:00,2023-06-22 21:00:00,-25.34,78.58,,,,3.321,291.2,14.57,0.0,0.0,144.8465,203.4253,342.1833,,,100.0
2023-06-22 22:00:00,2023-06-22 22:00:00,-25.21,77.29,,,,3.09,297.0,15.45,0.0,0.0,126.1295,201.4599,342.0767,,,98.60856741383243
2023-06-22 23:00:00,2023-06-22 23:00:00,-24.89,67.48,,,,4.242,307.4,15.56,0.0,0.0,121.0715,201.6276,342.03,,,85.8330512730836
2023-06-23 00:00:00,2023-06-23 00:00:00,-24.84,68.75,,,,3.902,319.6,13.0,0.0,0.0,112.3884,199.0006,342.075,,,87.40717373766927
2023-06-23 01:00:00,2023-06-23 01:00:00,-25.0,76.11,,,,2.659,292.3,14.63,42.97122105263158,40.82266,113.0937,196.1306,342.205,,,96.91082876938276
2023-06-23 02:00:00,2023-06-23 02:00:00,-24.03,66.2,,,,2.703,273.3,11.9,421.6451,79.42696,119.0474,187.3071,342.2783,,,83.52282371514694
2023-06-23 03:00:00,2023-06-23 03:00:00,-23.23,54.81,,,,2.315,271.1,10.5,789.1628,249.1852,122.4673,201.765,342.44,,,68.62980258003331
2023-06-23 04:00:00,2023-06-23 04:00:00,-22.21,62.86,,,,2.358,261.8,10.1,979.7194,463.6523,130.2721,214.8099,342.63,,,77.94999949500455
2023-06-23 05:00:00,2023-06-23 05:00:00,-20.56,79.41,,,,1.262,217.0,10.56,1091.001,635.8862,165.0536,234.3065,343.0016,,,96.93493892285034
2023-06-23 06:00:00,2023-06-23 06:00:00,-17.76,80.4,,,,0.816,213.5,7.946,1122.935,742.872,193.0924,257.3997,343.2383,,,95.54301249448515
2023-06-23 07:00:00,2023-06-23 07:00:00,-17.12,78.73,,,,1.307,223.3,7.83,1142.92,727.2086,157.6497,257.2495,343.4033,,,92.9839529404818
2023-06-23 08:00:00,2023-06-23 08:00:00,-16.54,75.64,,,,1.435,246.8,9.23,997.3087,643.535,153.5269,251.8453,343.53,,,88.83665631507564
2023-06-23 09:00:00,2023-06-23 09:00:00,-17.64,66.07,,,,2.422,294.5,11.38,688.9303,472.9988,147.2373,246.7407,343.48,,,78.4234331484942
2023-06-23 10:00:00,2023-06-23 10:00:00,-18.5,56.9,,,,3.002,329.5,9.81,400.5435789473684,380.5164,134.0051,239.6146,343.4617,,,68.09952850287955
2023-06-23 11:00:00,2023-06-23 11:00:00,-18.26,83.6,,,,1.797,259.0,8.64,362.8466315789474,344.7043,193.071,236.5517,343.4733,,,99.82442008166426
2023-06-23 12:00:00,2023-06-23 12:00:00,-17.62,83.8,,,,2.128,244.4,7.249,255.7304210526316,242.9439,215.9347,239.2414,343.51,,,99.4493604808404
2023-06-23 13:00:00,2023-06-23 13:00:00,-16.96,84.7,,,,2.184,234.8,6.9,161.53073684210526,153.4542,232.5654,239.6453,343.535,,,99.8807699309801
2023-06-23 14:00:00,2023-06-23 14:00:00,-18.8,83.1,,,,0.708,244.5,5.679,0.0,0.0,238.9239,227.6621,343.6366,,,99.74331872454255
2023-06-23 15:00:00,2023-06-23 15:00:00,-20.15,82.6,,,,1.405,257.5,9.75,0.0,0.0,229.5966,228.9293,343.5733,,,100.0
2023-06-23 16:00:00,2023-06-23 16:00:00,-20.79,82.1,,,,2.418,297.3,10.1,0.0,0.0,211.7518,225.656,343.62,,,100.0
2023-06-23 17:00:00,2023-06-23 17:00:00,-21.07,81.8,,,,1.183,284.6,7.307,0.0,0.0,207.5669,222.3235,343.6516,,,100.0
2023-06-23 18:00:00,2023-06-23 18:00:00,-22.42,80.8,,,,4.867,328.0,13.0,0.0,0.0,185.1236,215.4494,343.2716,,,100.0
2023-06-23 19:00:00,2023-06-23 19:00:00,-23.08,80.3,,,,1.336,228.4,8.53,0.0,0.0,179.2976,206.2059,343.1833,,,100.0
2023-06-23 20:00:00,2023-06-23 20:00:00,-23.93,79.75,,,,1.032,199.3,3.354,0.0,0.0,168.9334,196.1697,342.955,,,100.0
2023-06-23 21:00:00,2023-06-23 21:00:00,-23.75,79.57,,,,0.771,194.9,3.005,0.0,0.0,160.0289,192.3138,342.735,,,100.0
2023-06-23 22:00:00,2023-06-23 22:00:00,-24.02,75.98,,,,0.792,193.5,2.598,0.0,0.0,148.4669,189.8144,342.5083,,,95.85291817343638
2023-06-23 23:00:00,2023-06-23 23:00:00,-24.17,69.14,,,,0.614,195.5,2.249,0.0,0.0,127.35,186.7394,342.3517,,,87.3478515654199
2023-06-24 00:00:00,2023-06-24 00:00:00,-23.63,62.24,,,,0.429,199.0,3.179,20.34719,17.96498,125.7187,185.3768,342.5,,,78.22951354408939
2023-06-24 01:00:00,2023-06-24 01:00:00,-23.05,58.76,,,,0.529,194.0,3.528,,,110.3028,181.6835,342.56,,,73.4501120365429
2023-06-24 02:00:00,2023-06-24 02:00:00,-21.39,55.51,,,,0.736,189.5,4.633,,,113.0285,171.8677,342.6866,,,68.2997313333588
2023-06-24 03:00:00,2023-06-24 03:00:00,-21.13,52.17,,,,1.511,194.1,7.481,,,120.8945,191.2901,342.7716,,,64.03109948659319
2023-06-24 04:00:00,2023-06-24 04:00:00,-21.04,43.9,,,,2.46,322.1,11.43,,,124.3936,209.3212,343.0116,,,53.834594589833394
2023-06-24 05:00:00,2023-06-24 05:00:00,-19.21,39.27,,,,1.578,328.8,7.307,,,129.5491,220.7897,343.3767,,,47.32079588391075
2023-06-24 06:00:00,2023-06-24 06:00:00,-13.05,43.91,,,,0.079,209.2,1.261,,,143.0817,243.5007,343.4533,,,49.859945653634206
2023-06-24 07:00:00,2023-06-24 07:00:00,-14.17,56.87,,,,0.343,229.2,2.307,,,155.4661,266.5842,343.4533,,,65.2802742997018
2023-06-24 08:00:00,2023-06-24 08:00:00,-15.0,72.55,,,,1.359,235.2,4.807,,,189.2174,271.4291,343.4316,,,83.95027618428678
2023-06-24 09:00:00,2023-06-24 09:00:00,-14.97,83.3,,,,2.667,246.1,5.97,,,246.4016,263.7859,343.365,,,96.36155284615285
2023-06-24 10:00:00,2023-06-24 10:00:00,-14.57,83.3,,,,1.33,225.6,4.516,,,251.7045,258.7132,343.2783,,,95.98961727181428
2023-06-24 11:00:00,2023-06-24 11:00:00,-15.03,81.2,,,,2.163,266.3,6.842,,,186.233,256.6173,343.155,,,93.98675597708363
2023-06-24 12:00:00,2023-06-24 12:00:00,-17.84,79.96,,,,1.405,304.5,8.59,,,133.9317,242.7873,343.192,,,95.09328004556612
2023-06-24 13:00:00,2023-06-24 13:00:00,-19.82,78.69,,,,2.709,322.1,9.92,,,126.042,223.1947,343.3083,,,95.37829048214367
2023-06-24 14:00:00,2023-06-24 14:00:00,-22.28,80.5,,,,1.594,304.9,6.667,,,123.2498,209.2902,343.2317,,,99.89114848896742
2023-06-24 15:00:00,2023-06-24 15:00:00,-22.2,81.3,,,,2.932,329.3,8.82,,,159.5831,217.7542,343.305,,,100.0
2023-06-24 16:00:00,2023-06-24 16:00:00,-22.04,81.2,,,,3.555,333.1,8.53,,,189.36,222.137,343.3083,,,100.0
2023-06-24 17:00:00,2023-06-24 17:00:00,-22.37,80.9,,,,3.446,326.4,8.99,,,181.2964,220.2706,343.31,,,100.0
2023-06-24 18:00:00,2023-06-24 18:00:00,-22.57,80.7,,,,4.269,325.8,10.91,,,196.9744,217.47,343.3116,,,100.0
2023-06-24 19:00:00,2023-06-24 19:00:00,-23.04,80.1,,,,3.416,326.3,9.34,,,217.4745,214.1478,343.0783,,,100.0
2023-06-24 20:00:00,2023-06-24 20:00:00,-22.79,80.2,,,,1.122,310.2,8.06,,,213.7313,210.8045,342.88,,,100.0
2023-06-24 21:00:00,2023-06-24 21:00:00,-22.74,80.2,,,,0.593,326.4,3.761,,,208.473,205.675,342.6167,,,99.95529146407132
2023-06-24 22:00:00,2023-06-24 22:00:00,-22.86,79.94,,,,0.381,320.3,4.691,,,208.0985,204.9461,342.4983,,,99.74494473585335
2023-06-24 23:00:00,2023-06-24 23:00:00,-23.88,78.93,,,,0.339,324.6,2.365,,,204.5419,201.7243,342.5033,,,99.4425414909153
2023-06-25 00:00:00,2023-06-25 00:00:00,-24.2,79.13,,,,0.324,233.6,3.412,,,201.7644,198.8766,342.5367,,,99.99708592894294
2023-06-25 01:00:00,2023-06-25 01:00:00,-23.59,78.77,,,,0.699,311.1,3.121,,,200.8491,197.0451,342.735,,,98.96854123481693
2023-06-25 02:00:00,2023-06-25 02:00:00,-22.96,78.38,,,,0.7,319.4,3.237,,,207.3599,194.4466,343.06,,,97.891425885819
2023-06-25 03:00:00,2023-06-25 03:00:00,-21.17,79.15,,,,0.429,301.0,2.017,,,221.5226,208.4472,343.3583,,,97.18223426251946
2023-06-25 04:00:00,2023-06-25 04:00:00,-17.25,81.1,,,,0.055,232.6,1.493,,,243.7824,225.6704,343.5483,,,95.90301360194113
2023-06-25 05:00:00,2023-06-25 05:00:00,-16.71,79.06,,,,0.187,276.3,2.075,,,270.6582,247.6692,343.525,,,93.00560838689327
2023-06-25 06:00:00,2023-06-25 06:00:00,-12.83,82.6,,,,0.096,204.0,2.889,,,298.2617,264.5024,343.4467,,,93.59278108615017
2023-06-25 07:00:00,2023-06-25 07:00:00,-13.58,80.6,,,,0.326,203.5,3.993,,,318.0476,284.3937,343.3116,,,91.99268621419563
2023-06-25 08:00:00,2023-06-25 08:00:00,-14.41,79.57,,,,0.772,197.4,4.342,,,322.1885,294.5061,343.2516,,,91.5496158859281
2023-06-25 09:00:00,2023-06-25 09:00:00,-15.38,78.13,,,,1.344,193.1,4.865,,,316.5752,290.2619,343.2683,,,90.73964332729948
2023-06-25 10:00:00,2023-06-25 10:00:00,-15.31,77.02,,,,0.725,184.3,3.993,,,320.6995,293.2991,343.1917,,,89.39003339652699
2023-06-25 11:00:00,2023-06-25 11:00:00,-16.01,75.46,,,,0.725,171.7,5.795,,,310.686,283.5485,343.1516,,,88.17337794415835
2023-06-25 12:00:00,2023-06-25 12:00:00,-15.77,80.3,,,,0.605,195.7,3.586,,,289.6547,271.3916,343.1333,,,93.61173255769125
2023-06-25 13:00:00,2023-06-25 13:00:00,-16.61,74.49,,,,0.257,212.9,2.482,,,266.0565,252.9328,343.34,,,87.54507395532583
2023-06-25 14:00:00,2023-06-25 14:00:00,-19.98,70.29,,,,0.221,206.1,2.889,,,236.5,232.5248,343.375,,,85.32747241443904
2023-06-25 15:00:00,2023-06-25 15:00:00,-22.12,71.33,,,,0.04,205.1,0.156,,,215.8055,222.5092,343.5433,,,88.3775210582441
2023-06-25 16:00:00,2023-06-25 16:00:00,-23.93,68.91,,,,0.041,187.0,0.389,,,205.5996,212.2809,343.6516,,,86.85965148832842
2023-06-25 17:00:00,2023-06-25 17:00:00,-23.32,76.25,,,,0.041,186.2,0.389,,,203.4029,208.676,343.6516,,,95.55728157694503
2023-06-25 18:00:00,2023-06-25 18:00:00,-22.87,76.47,,,,0.04,208.0,0.04,,,199.717,205.321,343.4366,,,95.42432797220287
2023-06-25 19:00:00,2023-06-25 19:00:00,-23.4,66.32,,,,0.086,195.2,1.726,,,196.7243,201.5662,343.1717,,,83.17602159203923
2023-06-25 20:00:00,2023-06-25 20:00:00,-22.12,59.06,,,,0.201,221.4,2.598,,,197.4338,199.6697,342.9233,,,73.17505108229211
2023-06-25 21:00:00,2023-06-25 21:00:00,-22.22,52.06,,,,0.067,310.3,0.912,,,195.3999,197.7782,342.6766,,,64.56352712936587
2023-06-25 22:00:00,2023-06-25 22:00:00,-21.93,56.46,,,,0.138,217.7,2.075,,,199.5879,199.5338,342.5883,,,69.82718322011294
2023-06-25 23:00:00,2023-06-25 23:00:00,-21.8,46.67,,,,0.088,321.2,0.796,,,198.8984,199.5219,342.5833,,,57.64789733299781
2023-06-26 00:00:00,2023-06-26 00:00:00,-22.13,41.38,,,,0.093,302.7,1.435,,,194.3387,195.6166,342.6783,,,51.27449978739207
2023-06-26 01:00:00,2023-06-26 01:00:00,-21.3,38.48,,,,0.097,282.8,2.249,,,195.5282,195.0759,342.815,,,47.30530867931503
2023-06-26 02:00:00,2023-06-26 02:00:00,-19.4,36.63,,,,0.04,280.0,0.04,,,199.7587,184.8062,343.0,,,44.22004870889452
2023-06-26 03:00:00,2023-06-26 03:00:00,-18.61,33.62,,,,0.172,298.4,1.261,,,218.1292,199.1465,343.1283,,,40.27989418336408
2023-06-26 04:00:00,2023-06-26 04:00:00,-17.15,29.33,,,,0.155,301.2,1.61,,,240.8512,211.6269,343.24,,,34.65016325008376
2023-06-26 05:00:00,2023-06-26 05:00:00,-14.55,36.59,,,,0.171,221.3,2.482,,,265.0785,228.6333,343.3033,,,42.155832035013056
2023-06-26 06:00:00,2023-06-26 06:00:00,-14.29,33.82,,,,0.716,217.6,2.365,,,282.0971,256.3071,343.2867,,,38.86660457182799
2023-06-26 07:00:00,2023-06-26 07:00:00,-15.37,35.53,,,,1.512,225.2,3.354,,,280.6277,268.9855,343.255,,,41.26031144432901
2023-06-26 08:00:00,2023-06-26 08:00:00,-14.56,36.14,,,,2.163,242.5,4.284,,,275.4793,281.7796,343.1366,,,41.641408016812406
2023-06-26 09:00:00,2023-06-26 09:00:00,-14.43,39.63,,,,2.715,246.9,5.098,,,253.6684,277.4002,343.035,,,45.60529408137226
2023-06-26 10:00:00,2023-06-26 10:00:00,-14.11,54.28,,,,2.667,246.6,5.446,,,243.1895,279.0815,342.95,,,62.27108331683091
2023-06-26 11:00:00,2023-06-26 11:00:00,-13.74,68.31,,,,2.561,245.9,6.144,,,249.0867,271.3243,342.8366,,,78.0864024942112
2023-06-26 12:00:00,2023-06-26 12:00:00,-14.93,56.18,,,,1.783,250.3,4.284,,,270.7538,255.4864,342.865,,,64.96397878817537
2023-06-26 13:00:00,2023-06-26 13:00:00,-14.85,49.03,,,,1.684,242.3,3.644,,,238.9738,247.1233,342.9817,,,56.65221943022877
2023-06-26 14:00:00,2023-06-26 14:00:00,-18.2,45.07,,,,0.846,257.2,2.714,,,205.4213,229.9836,343.1,,,53.785804637193465
2023-06-26 15:00:00,2023-06-26 15:00:00,-19.17,29.81,,,,1.007,285.8,3.354,,,190.5457,225.1868,343.2317,,,35.90761114655022
2023-06-26 16:00:00,2023-06-26 16:00:00,-19.35,43.1,,,,1.553,318.0,4.691,,,185.5985,223.8214,343.275,,,52.0057543759759
2023-06-26 17:00:00,2023-06-26 17:00:00,-19.34,32.66,,,,0.515,305.7,3.237,,,178.2611,215.4329,343.2383,,,39.404758884365116
2023-06-26 18:00:00,2023-06-26 18:00:00,-19.35,49.79,,,,2.553,350.9,4.051,,,178.6676,217.9737,342.9617,,,60.07810928955545
2023-06-26 19:00:00,2023-06-26 19:00:00,-19.89,24.32,,,,0.939,337.6,3.47,,,173.7447,213.1342,342.6833,,,29.497463990661878
2023-06-26 20:00:00,2023-06-26 20:00:00,-20.52,39.74,,,,0.101,301.1,1.028,,,169.2419,207.0349,342.4033,,,48.491645405510674
2023-06-26 21:00:00,2023-06-26 21:00:00,-20.63,50.05,,,,0.306,310.1,2.249,,,168.8864,205.9914,342.1983,,,61.136396997086706
2023-06-26 22:00:00,2023-06-26 22:00:00,-20.23,29.55,,,,0.39,196.8,2.947,,,167.6191,203.4756,342.0367,,,35.95770269558058
2023-06-26 23:00:00,2023-06-26 23:00:00,-19.76,23.73,,,,0.966,156.3,3.354,,,168.8956,204.4723,342.0866,,,28.746048783255265
2023-06-27 00:00:00,2023-06-27 00:00:00,-20.5,33.55,,,,0.301,212.0,2.365,,,168.9617,207.1445,342.1566,,,40.930639768054625
2023-06-27 01:00:00,2023-06-27 01:00:00,-19.54,44.91,,,,0.625,193.8,3.702,,,170.2087,209.8224,342.33,,,54.288532183676296
2023-06-27 02:00:00,2023-06-27 02:00:00,-17.86,49.14,,,,2.319,174.1,5.272,,,171.8765,205.2561,342.5817,,,58.45150885057692
2023-06-27 03:00:00,2023-06-27 03:00:00,-18.14,43.98,,,,3.706,199.7,6.26,,,172.3347,210.2584,342.78,,,52.45475951382845
2023-06-27 04:00:00,2023-06-27 04:00:00,-17.74,45.2,,,,2.807,196.7,4.749,,,179.1339,216.2153,342.8717,,,53.70290368428033
2023-06-27 05:00:00,2023-06-27 05:00:00,-16.96,22.84,,,,3.256,209.6,5.098,,,182.4843,226.2077,342.9733,,,26.93361021515449
2023-06-27 06:00:00,2023-06-27 06:00:00,-16.55,22.98,,,,3.022,224.6,5.388,,,182.7324,236.6359,342.9433,,,26.991845257785943
2023-06-27 07:00:00,2023-06-27 07:00:00,-16.14,44.48,,,,2.868,218.4,5.098,,,186.1339,252.797,342.9,,,52.03914740852128
2023-06-27 08:00:00,2023-06-27 08:00:00,-14.76,70.94,,,,1.522,228.6,4.807,,,297.0429,271.3751,342.82,,,81.8970662907696
2023-06-27 09:00:00,2023-06-27 09:00:00,-13.9,64.75,,,,2.005,239.6,4.342,,,294.0779,280.1325,342.8383,,,74.13164335874343
2023-06-27 10:00:00,2023-06-27 10:00:00,-13.96,67.84,,,,2.391,238.3,4.865,,,249.6256,280.0266,342.7516,,,77.71447691959219
2023-06-27 11:00:00,2023-06-27 11:00:00,-14.67,77.54,,,,2.597,240.2,5.679,,,263.1963,267.5876,342.695,,,89.43860808172404
2023-06-27 12:00:00,2023-06-27 12:00:00,-15.61,85.0,,,,1.266,211.3,5.272,,,278.0626,270.5233,342.8116,,,98.93792918066227
2023-06-27 13:00:00,2023-06-27 13:00:00,-15.4,84.7,,,,0.81,198.2,3.179,,,277.1259,264.535,342.9517,,,98.3890008428387
2023-06-27 14:00:00,2023-06-27 14:00:00,-18.98,82.5,,,,0.265,274.5,1.842,,,261.9901,258.6976,343.1566,,,99.1943488237353
2023-06-27 15:00:00,2023-06-27 15:00:00,-20.88,81.4,,,,0.309,199.6,3.121,,,245.2588,250.5758,343.4033,,,99.66844107659088
2023-06-27 16:00:00,2023-06-27 16:00:00,-21.2,79.6,,,,0.273,217.3,2.714,,,235.9379,241.4832,343.4883,,,97.76274682250693
2023-06-27 17:00:00,2023-06-27 17:00:00,-21.65,77.37,,,,0.078,234.4,1.493,,,228.8375,234.7514,343.495,,,95.43271808349162
2023-06-27 18:00:00,2023-06-27 18:00:00,-21.8,75.11,,,,0.259,260.7,2.598,,,223.671,229.2498,343.4133,,,92.77766378147558
2023-06-27 19:00:00,2023-06-27 19:00:00,-20.98,60.55,,,,0.406,209.7,2.83,,,221.3509,225.0308,343.19,,,74.20996559600918
2023-06-27 20:00:00,2023-06-27 20:00:00,-20.66,52.14,,,,0.161,67.63,1.551,,,220.175,222.734,342.8733,,,63.7076109390308
2023-06-27 21:00:00,2023-06-27 21:00:00,-20.38,41.15,,,,0.091,289.8,0.563,,,216.7487,219.0478,342.7133,,,50.14498057481982
2023-06-27 22:00:00,2023-06-27 22:00:00,-21.33,38.06,,,,0.056,346.1,1.261,,,212.8347,215.4959,342.5833,,,46.80237884294665
2023-06-27 23:00:00,2023-06-27 23:00:00,-21.54,44.3,,,,0.157,337.3,1.9,,,210.9634,213.2626,342.52,,,54.58494631132997
2023-06-28 00:00:00,2023-06-28 00:00:00,-21.39,37.4,,,,0.165,355.0,1.435,,,211.2928,212.5537,342.545,,,46.01711316641361
2023-06-28 01:00:00,2023-06-28 01:00:00,-20.18,42.23,,,,0.265,193.7,2.017,,,210.7847,210.1636,342.7583,,,51.36268980815049
2023-06-28 02:00:00,2023-06-28 02:00:00,-18.99,49.6,,,,0.356,259.3,2.947,,,218.4121,206.9591,343.0233,,,59.642567067505254
2023-06-28 03:00:00,2023-06-28 03:00:00,-17.88,61.98,,,,0.614,211.2,3.761,,,233.3245,213.2611,343.2383,,,73.73873362335422
2023-06-28 04:00:00,2023-06-28 04:00:00,-16.19,62.91,,,,0.732,209.7,4.458,,,253.3713,228.2903,343.4517,,,73.63673999763486
2023-06-28 05:00:00,2023-06-28 05:00:00,-16.28,57.99,,,,0.687,251.9,4.574,,,275.0313,238.2497,343.5017,,,67.93678418892976
2023-06-28 06:00:00,2023-06-28 06:00:00,-13.99,61.31,,,,0.397,222.8,5.272,,,301.5987,249.2902,343.5166,,,70.25439759818914
2023-06-28 07:00:00,2023-06-28 07:00:00,-12.02,68.06,,,,0.663,201.5,4.342,,,319.7724,272.9275,343.5533,,,76.51429078177469
2023-06-28 08:00:00,2023-06-28 08:00:00,-13.14,68.61,,,,1.09,189.9,8.29,,,323.1407,288.0045,343.4333,,,77.97485065275227
2023-06-28 09:00:00,2023-06-28 09:00:00,-13.06,81.8,,,,1.704,224.9,4.342,,,320.718,296.1704,343.3183,,,92.89316387434835
2023-06-28 10:00:00,2023-06-28 10:00:00,-13.62,83.6,,,,1.856,230.3,4.691,,,319.2228,293.2527,343.24,,,95.45370003481658
2023-06-28 11:00:00,2023-06-28 11:00:00,-14.7,83.0,,,,1.214,233.5,3.877,,,309.4528,287.9652,343.185,,,95.76422718309561
2023-06-28 12:00:00,2023-06-28 12:00:00,-14.59,84.0,,,,1.292,228.0,4.749,,,296.2661,278.5979,343.1766,,,96.81497662879784
2023-06-28 13:00:00,2023-06-28 13:00:00,-15.6,84.7,,,,1.774,246.0,5.737,,,286.9133,271.6622,343.2783,,,98.57921760983197
2023-06-28 14:00:00,2023-06-28 14:00:00,-17.53,83.6,,,,0.298,290.9,2.307,,,276.699,264.8679,343.4133,,,99.12613187977433
2023-06-28 15:00:00,2023-06-28 15:00:00,-20.52,82.2,,,,0.281,236.2,2.83,,,268.4951,264.8467,343.6566,,,100.0
2023-06-28 16:00:00,2023-06-28 16:00:00,-21.42,82.1,,,,0.292,308.3,3.354,,,261.1144,259.569,343.7516,,,100.0
2023-06-28 17:00:00,2023-06-28 17:00:00,-21.7,81.7,,,,0.294,295.4,3.121,,,255.7383,255.4211,343.7,,,100.0
2023-06-28 18:00:00,2023-06-28 18:00:00,-21.57,82.1,,,,0.574,187.5,3.993,,,251.2576,251.7821,343.5683,,,100.0
2023-06-28 19:00:00,2023-06-28 19:00:00,-21.4,82.1,,,,1.006,206.1,6.667,,,247.7359,248.5443,343.2866,,,100.0
2023-06-28 20:00:00,2023-06-28 20:00:00,-19.97,83.3,,,,3.528,198.9,7.83,,,242.9377,240.2327,343.1017,,,100.0
2023-06-28 21:00:00,2023-06-28 21:00:00,-20.41,82.8,,,,1.193,194.5,6.609,,,238.7645,237.4515,342.8183,,,100.0
2023-06-28 22:00:00,2023-06-28 22:00:00,-20.48,82.8,,,,0.344,263.6,5.039,,,238.6522,239.4685,342.55,,,100.0
2023-06-28 23:00:00,2023-06-28 23:00:00,-20.24,83.0,,,,1.058,253.0,6.26,,,239.168,239.3789,342.4633,,,100.0
2023-06-29 00:00:00,2023-06-29 00:00:00,-20.1,82.8,,,,0.836,227.5,6.028,,,239.3363,238.7721,342.5633,,,100.0
2023-06-29 01:00:00,2023-06-29 01:00:00,-19.9,83.1,,,,1.081,173.2,3.761,,,239.2281,237.5182,342.6683,,,100.0
2023-06-29 02:00:00,2023-06-29 02:00:00,-19.98,82.5,,,,1.929,185.5,4.458,,,238.2807,228.0291,342.855,,,100.0
2023-06-29 03:00:00,2023-06-29 03:00:00,-17.92,83.6,,,,0.828,179.0,3.702,,,239.356,229.8697,342.9166,,,99.49870489523121
2023-06-29 04:00:00,2023-06-29 04:00:00,-15.74,83.8,,,,0.621,185.6,6.26,,,246.3408,231.8979,343.0033,,,97.66365781980308
2023-06-29 05:00:00,2023-06-29 05:00:00,-14.73,82.8,,,,0.95,199.3,6.725,,,256.173,243.6717,343.165,,,95.56118528956902
2023-06-29 06:00:00,2023-06-29 06:00:00,-14.93,84.0,,,,2.116,162.9,7.249,,,266.4847,245.4829,343.305,,,97.13375254906961
2023-06-29 07:00:00,2023-06-29 07:00:00,-12.43,85.0,,,,1.189,198.4,6.028,,,275.9272,252.6161,343.2216,,,95.93936737142434
2023-06-29 08:00:00,2023-06-29 08:00:00,-11.46,85.0,,,,0.933,196.8,4.051,,,283.0291,255.9468,343.0566,,,95.04056388684403
2023-06-29 09:00:00,2023-06-29 09:00:00,-11.45,85.6,,,,1.681,201.2,4.4,,,285.2584,255.6353,342.9117,,,95.70214636140847
2023-06-29 10:00:00,2023-06-29 10:00:00,-11.63,85.3,,,,2.117,212.6,4.633,,,287.3602,265.9488,342.7383,,,95.53353576717635
2023-06-29 11:00:00,2023-06-29 11:00:00,-12.16,85.1,,,,2.636,244.2,6.086,,,287.5709,262.3871,342.565,,,95.80100778328796
2023-06-29 12:00:00,2023-06-29 12:00:00,-12.92,84.8,,,,2.239,233.9,5.853,,,286.9544,267.7446,342.56,,,96.16942737390139
2023-06-29 13:00:00,2023-06-29 13:00:00,-15.07,84.2,,,,0.742,233.2,3.702,,,283.9461,263.0005,342.615,,,97.49685439077058
2023-06-29 14:00:00,2023-06-29 14:00:00,-17.54,84.1,,,,0.288,222.2,1.784,,,279.6178,260.1326,342.7833,,,99.72858777456096
2023-06-29 15:00:00,2023-06-29 15:00:00,-20.22,82.7,,,,1.181,257.3,3.063,,,275.0546,265.2053,342.9266,,,100.0
2023-06-29 16:00:00,2023-06-29 16:00:00,-21.17,83.1,,,,1.357,261.0,3.644,,,270.4024,262.6644,343.1017,,,100.0
2023-06-29 17:00:00,2023-06-29 17:00:00,-21.05,83.7,,,,3.21,260.0,5.446,,,266.1805,259.8657,343.1533,,,100.0
2023-06-29 18:00:00,2023-06-29 18:00:00,-20.55,83.6,,,,4.36,245.0,5.446,,,262.5786,257.4727,342.9783,,,100.0
2023-06-29 19:00:00,2023-06-29 19:00:00,-20.59,83.2,,,,3.587,236.1,5.563,,,259.9862,255.6498,342.7867,,,100.0
2023-06-29 20:00:00,2023-06-29 20:00:00,-21.16,82.6,,,,2.005,233.4,4.284,,,257.7517,253.9281,342.4883,,,100.0
2023-06-29 21:00:00,2023-06-29 21:00:00,-21.23,82.5,,,,2.735,232.7,4.458,,,255.8033,252.3823,342.2117,,,100.0
2023-06-29 22:00:00,2023-06-29 22:00:00,-21.21,82.5,,,,3.833,233.9,5.214,,,254.081,251.0576,342.0399,,,100.0
2023-06-29 23:00:00,2023-06-29 23:00:00,-21.49,82.2,,,,2.65,235.7,4.516,,,252.3656,249.6141,342.0767,,,100.0
2023-06-30 00:00:00,2023-06-30 00:00:00,-21.55,82.7,,,,3.589,242.6,5.098,,,250.5772,248.2468,342.2367,,,100.0
2023-06-30 01:00:00,2023-06-30 01:00:00,-20.37,83.5,,,,3.444,243.0,4.749,,,249.2129,247.0347,342.2783,,,100.0
2023-06-30 02:00:00,2023-06-30 02:00:00,-19.78,83.5,,,,2.126,236.3,3.528,,,248.2899,237.2854,342.4167,,,100.0
2023-06-30 03:00:00,2023-06-30 03:00:00,-15.41,83.5,,,,1.49,204.3,2.714,,,248.1415,235.4737,342.56,,,97.00442877680442
2023-06-30 04:00:00,2023-06-30 04:00:00,-14.96,83.1,,,,2.312,193.0,4.4,,,250.0689,239.0511,342.7616,,,96.120901739613
2023-06-30 05:00:00,2023-06-30 05:00:00,-14.26,80.7,,,,2.937,233.9,4.691,,,253.5518,239.5134,342.8416,,,92.71510133511427
2023-06-30 06:00:00,2023-06-30 06:00:00,-14.24,81.9,,,,4.429,239.0,9.52,,,257.7658,246.3315,342.89,,,94.07555822920345
2023-06-30 07:00:00,2023-06-30 07:00:00,-12.52,86.6,,,,3.715,237.1,7.249,,,261.0075,240.6631,342.9983,,,97.83063504225638
2023-06-30 08:00:00,2023-06-30 08:00:00,-12.09,86.4,,,,5.164,240.1,8.41,,,264.5574,244.0859,342.935,,,97.19844546444627
2023-06-30 09:00:00,2023-06-30 09:00:00,-11.02,87.6,,,,4.168,239.8,8.24,,,268.4076,245.9423,342.8233,,,97.53006195843759
2023-06-30 10:00:00,2023-06-30 10:00:00,-10.93,87.2,,,,4.511,240.9,7.481,,,271.9591,248.4107,342.615,,,96.9998818742053
2023-06-30 11:00:00,2023-06-30 11:00:00,-14.07,83.9,,,,7.51,253.3,11.61,,,273.3085,248.0152,342.3767,,,96.21447719171157
2023-06-30 12:00:00,2023-06-30 12:00:00,-16.08,85.1,,,,8.21,255.7,12.25,,,270.1314,252.2701,342.2133,,,99.50469243235918
2023-06-30 13:00:00,2023-06-30 13:00:00,-16.47,85.2,,,,7.949,255.3,10.74,,,265.8709,244.7914,342.32,,,99.99704966087735
2023-06-30 14:00:00,2023-06-30 14:00:00,-17.25,85.0,,,,7.198,251.3,9.46,,,262.1592,242.0973,342.38,,,100.0
2023-06-30 15:00:00,2023-06-30 15:00:00,-17.68,84.8,,,,6.278,242.4,8.64,,,259.1119,249.8667,342.655,,,100.0
2023-06-30 16:00:00,2023-06-30 16:00:00,-18.07,84.5,,,,4.106,239.1,5.563,,,257.1927,249.5255,343.0183,,,100.0
2023-06-30 17:00:00,2023-06-30 17:00:00,-18.26,84.3,,,,4.082,241.0,5.156,,,255.7555,248.8791,343.0583,,,100.0
2023-06-30 18:00:00,2023-06-30 18:00:00,-18.51,84.0,,,,3.427,233.1,4.981,,,254.4554,247.7952,342.91,,,100.0
2023-06-30 19:00:00,2023-06-30 19:00:00,-18.53,83.9,,,,3.047,235.5,3.761,,,253.322,247.1295,342.5333,,,100.0
2023-06-30 20:00:00,2023-06-30 20:00:00,-18.93,83.8,,,,3.758,237.9,4.923,,,252.2551,246.5012,342.2133,,,100.0
2023-06-30 21:00:00,2023-06-30 21:00:00,-19.07,83.6,,,,3.677,238.9,4.574,,,251.1248,245.7792,342.1033,,,100.0
2023-06-30 22:00:00,2023-06-30 22:00:00,-19.17,83.4,,,,3.234,242.4,4.051,,,250.173,245.2754,341.96,,,100.0
2023-06-30 23:00:00,2023-06-30 23:00:00,-19.6,82.9,,,,3.072,241.7,3.644,,,249.3066,244.7419,341.9933,,,100.0
2023-07-01 00:00:00,2023-07-01 00:00:00,-20.04,82.5,,,,1.616,231.2,2.54,,,248.393,244.2299,342.2283,,,100.0
2023-07-01 01:00:00,2023-07-01 01:00:00,-19.93,82.7,,,,0.26,241.6,1.784,,,244.4846,240.3243,342.43,,,100.0
2023-07-01 02:00:00,2023-07-01 02:00:00,-18.82,85.7,,,,0.04,231.6,0.04,,,247.594,243.2022,342.7616,,,100.0
2023-07-01 03:00:00,2023-07-01 03:00:00,-16.06,91.0,,,,0.04,204.9,0.04,,,248.024,243.0394,342.9833,,,100.0
2023-07-01 04:00:00,2023-07-01 04:00:00,-12.48,92.4,,,,0.041,190.8,0.331,,,249.5554,243.5131,343.2033,,,100.0
2023-07-01 05:00:00,2023-07-01 05:00:00,-6.927,94.8,,,,0.04,218.2,0.04,,,252.3284,244.5034,343.345,,,100.0
2023-07-01 06:00:00,2023-07-01 06:00:00,-6.903,94.3,,,,0.823,208.4,4.051,,,256.1416,246.4578,343.415,,,100.0
2023-07-01 07:00:00,2023-07-01 07:00:00,-5.22,95.7,,,,2.23,223.5,5.33,,,260.0356,239.8717,343.4183,,,100.0
2023-07-01 08:00:00,2023-07-01 08:00:00,-8.56,92.8,,,,3.319,242.2,5.563,,,263.8895,244.172,343.3016,,,100.0
2023-07-01 09:00:00,2023-07-01 09:00:00,-10.77,90.6,,,,4.661,239.8,6.318,,,266.5978,243.8118,343.1917,,,100.0
2023-07-01 10:00:00,2023-07-01 10:00:00,-11.78,89.8,,,,5.521,242.3,8.64,,,267.6128,251.1901,343.1516,,,100.0
2023-07-01 11:00:00,2023-07-01 11:00:00,-12.89,88.9,,,,7.504,240.1,9.86,,,267.5338,250.3631,343.12,,,100.0
2023-07-01 12:00:00,2023-07-01 12:00:00,-14.91,87.2,,,,8.61,242.9,10.85,,,265.9346,249.3641,343.1917,,,100.0
2023-07-01 13:00:00,2023-07-01 13:00:00,-15.73,86.5,,,,6.334,245.4,8.18,,,264.2697,249.462,343.475,,,100.0
2023-07-01 14:00:00,2023-07-01 14:00:00,-17.96,84.8,,,,6.046,249.0,7.772,,,262.0706,248.7168,343.645,,,100.0
2023-07-01 15:00:00,2023-07-01 15:00:00,-18.79,84.1,,,,5.42,261.2,6.842,,,259.2559,247.8374,343.82,,,100.0
2023-07-01 16:00:00,2023-07-01 16:00:00,-18.53,84.4,,,,4.945,264.9,6.725,,,256.9149,247.1507,344.0266,,,100.0
2023-07-01 17:00:00,2023-07-01 17:00:00,-18.84,84.4,,,,6.8,257.3,8.0,,,254.8379,246.1569,343.965,,,100.0
2023-07-01 18:00:00,2023-07-01 18:00:00,-18.85,84.3,,,,5.204,256.8,7.19,,,252.9242,245.2682,343.745,,,100.0
2023-07-01 19:00:00,2023-07-01 19:00:00,-19.1,84.1,,,,3.895,264.1,4.923,,,251.5189,244.7368,343.505,,,100.0
2023-07-01 20:00:00,2023-07-01 20:00:00,-19.11,84.1,,,,2.759,272.0,4.574,,,250.2658,244.1912,343.2166,,,100.0
2023-07-01 21:00:00,2023-07-01 21:00:00,-19.0,84.2,,,,3.8,272.2,5.388,,,249.1419,243.5508,342.8916,,,100.0
2023-07-01 22:00:00,2023-07-01 22:00:00,-19.08,84.1,,,,3.803,270.1,5.039,,,248.1876,242.9044,342.755,,,100.0
2023-07-01 23:00:00,2023-07-01 23:00:00,-19.85,83.4,,,,3.55,261.6,4.4,,,247.2551,242.2937,342.665,,,100.0
2023-07-02 00:00:00,2023-07-02 00:00:00,-20.17,83.2,,,,2.539,274.6,4.865,,,246.359,241.7814,342.7383,,,100.0
2023-07-02 01:00:00,2023-07-02 01:00:00,-20.94,82.6,,,,0.628,307.6,1.726,,,245.346,240.9878,342.9183,,,100.0
2023-07-02 02:00:00,2023-07-02 02:00:00,-20.11,83.2,,,,2.364,276.9,4.226,,,244.4394,240.3317,343.0883,,,100.0
2023-07-02 03:00:00,2023-07-02 03:00:00,-18.55,84.4,,,,3.003,260.2,4.981,,,244.6239,240.1121,343.2083,,,100.0
2023-07-02 04:00:00,2023-07-02 04:00:00,-17.88,84.7,,,,5.204,248.7,7.074,,,246.0462,240.2532,343.2283,,,100.0
2023-07-02 05:00:00,2023-07-02 05:00:00,-17.09,85.2,,,,6.315,245.9,8.53,,,248.6079,240.7927,343.355,,,100.0
2023-07-02 06:00:00,2023-07-02 06:00:00,-16.5,85.5,,,,5.62,250.5,8.0,,,251.8986,241.6196,343.3617,,,100.0
2023-07-02 07:00:00,2023-07-02 07:00:00,-14.11,87.3,,,,4.185,251.3,7.307,,,255.6922,230.317,343.3933,,,100.0
2023-07-02 08:00:00,2023-07-02 08:00:00,-13.87,87.6,,,,4.231,250.5,6.377,,,259.3175,238.6783,343.3966,,,100.0
2023-07-02 09:00:00,2023-07-02 09:00:00,-11.77,89.3,,,,3.002,248.1,7.016,,,262.377,235.891,343.3983,,,100.0
2023-07-02 10:00:00,2023-07-02 10:00:00,-12.95,88.0,,,,3.901,259.1,6.725,,,265.8441,248.3921,343.3433,,,99.8274853846386
2023-07-02 11:00:00,2023-07-02 11:00:00,-15.02,86.3,,,,5.601,263.8,7.249,,,267.02,247.6151,343.3,,,99.8802117177991
2023-07-02 12:00:00,2023-07-02 12:00:00,-15.57,85.6,,,,5.256,266.5,7.074,,,266.2614,247.5316,343.405,,,99.59783910487279
2023-07-02 13:00:00,2023-07-02 13:00:00,-16.25,84.3,,,,3.503,267.2,5.505,,,265.0511,248.5858,343.6533,,,98.73105741394998
2023-07-02 14:00:00,2023-07-02 14:00:00,-18.45,82.5,,,,2.523,276.2,5.446,,,263.5766,249.5455,343.8116,,,98.69092497556672
2023-07-02 15:00:00,2023-07-02 15:00:00,-20.22,79.65,,,,3.347,282.0,4.981,,,261.1907,248.669,343.8916,,,96.91225058879601
2023-07-02 16:00:00,2023-07-02 16:00:00,-20.15,76.83,,,,4.451,281.3,6.842,,,258.3174,247.2027,343.9217,,,93.41848817580947
2023-07-02 17:00:00,2023-07-02 17:00:00,-20.21,70.35,,,,3.591,277.9,7.132,,,255.705,246.3233,343.8833,,,85.58850629034251
2023-07-02 18:00:00,2023-07-02 18:00:00,-21.42,65.45,,,,1.788,294.5,4.109,,,253.6464,246.0744,343.7333,,,80.55299951879226
2023-07-02 19:00:00,2023-07-02 19:00:00,-22.12,55.09,,,,1.138,300.0,2.83,,,251.5826,245.3795,343.5033,,,68.25624050327588
2023-07-02 20:00:00,2023-07-02 20:00:00,-21.98,54.98,,,,0.518,261.0,2.482,,,249.3085,244.1189,343.2917,,,68.02918225446282
2023-07-02 21:00:00,2023-07-02 21:00:00,-20.0,51.22,,,,2.372,282.0,3.993,,,247.0398,242.7685,343.0733,,,62.189642932301716
2023-07-02 22:00:00,2023-07-02 22:00:00,-19.37,49.24,,,,2.278,269.8,4.516,,,245.2962,241.5527,343.0033,,,59.425855746138225
2023-07-02 23:00:00,2023-07-02 23:00:00,-19.55,52.13,,,,3.272,270.7,5.505,,,243.8884,240.5962,342.9733,,,63.02232011429453
2023-07-03 00:00:00,2023-07-03 00:00:00,-19.68,51.09,,,,4.357,274.2,6.667,,,242.8898,239.8837,342.995,,,61.84199787414412
2023-07-03 01:00:00,2023-07-03 01:00:00,-19.88,39.89,,,,4.37,301.3,7.83,,,242.1558,239.219,343.1783,,,48.37751537037906
2023-07-03 02:00:00,2023-07-03 02:00:00,-19.8,38.7,,,,6.248,313.0,8.47,,,241.6883,238.6178,343.395,,,46.89837209065709
2023-07-03 03:00:00,2023-07-03 03:00:00,-19.48,12.97,,,,5.686,313.8,8.0,,,241.975,238.1743,343.4817,,,15.669505614574591
2023-07-03 04:00:00,2023-07-03 04:00:00,-19.34,13.37,,,,5.924,313.8,7.249,,,243.4401,238.4351,343.5216,,,16.13109694684512
2023-07-03 05:00:00,2023-07-03 05:00:00,-18.66,27.04,,,,4.254,314.1,7.074,,,246.0188,239.0441,343.6667,,,32.41199757668442
2023-07-03 06:00:00,2023-07-03 06:00:00,-17.38,32.67,,,,3.653,305.2,8.0,,,249.9677,240.3585,343.625,,,38.68156614205252
2023-07-03 07:00:00,2023-07-03 07:00:00,-14.0,84.1,,,,0.864,251.1,8.06,,,254.1537,236.3133,343.7267,,,96.37851471681158
2023-07-03 08:00:00,2023-07-03 08:00:00,-12.58,73.86,,,,0.771,243.2,6.783,,,257.7989,235.2164,343.6733,,,83.48702112957199
2023-07-03 09:00:00,2023-07-03 09:00:00,-13.51,82.1,,,,1.933,234.4,9.4,,,260.4366,239.989,343.6017,,,93.64120414285752
2023-07-03 10:00:00,2023-07-03 10:00:00,-12.87,83.9,,,,1.828,230.7,4.807,,,263.1362,248.7214,343.5,,,95.1026588597648
2023-07-03 11:00:00,2023-07-03 11:00:00,-13.16,83.9,,,,1.662,234.8,4.691,,,264.8834,250.2405,343.3933,,,95.37032399789544
2023-07-03 12:00:00,2023-07-03 12:00:00,-14.17,83.6,,,,1.916,241.4,5.33,,,265.2746,250.9556,343.3633,,,95.9632658951129
2023-07-03 13:00:00,2023-07-03 13:00:00,-15.26,82.5,,,,1.834,256.2,4.4,,,265.0106,251.2845,343.4867,,,95.70392691108074
2023-07-03 14:00:00,2023-07-03 14:00:00,-17.55,82.5,,,,2.46,268.1,3.528,,,264.0571,251.3146,343.6433,,,97.84066876867611
2023-07-03 15:00:00,2023-07-03 15:00:00,-19.09,82.1,,,,1.482,288.5,3.179,,,262.5528,251.253,343.765,,,98.81763317882776
2023-07-03 16:00:00,2023-07-03 16:00:00,-19.19,83.8,,,,1.747,278.9,3.063,,,260.9478,250.5921,343.94,,,100.0
2023-07-03 17:00:00,2023-07-03 17:00:00,-20.29,81.9,,,,0.661,284.3,2.249,,,259.4253,249.7835,343.9983,,,99.71664329854718
2023-07-03 18:00:00,2023-07-03 18:00:00,-20.51,81.8,,,,1.09,268.4,2.423,,,258.015,249.0072,343.76,,,99.804664108859
2023-07-03 19:00:00,2023-07-03 19:00:00,-20.57,82.0,,,,1.318,254.0,2.423,,,256.6525,248.2723,343.4283,,,100.0
2023-07-03 20:00:00,2023-07-03 20:00:00,-20.61,82.0,,,,1.541,244.7,2.54,,,255.3292,247.5398,343.2183,,,100.0
2023-07-03 21:00:00,2023-07-03 21:00:00,-20.65,81.8,,,,1.94,247.8,3.761,,,254.0755,246.7299,343.0116,,,99.93832949955635
2023-07-03 22:00:00,2023-07-03 22:00:00,-20.51,81.6,,,,2.815,239.9,3.761,,,252.9527,245.7518,342.8783,,,99.56064292521876
2023-07-03 23:00:00,2023-07-03 23:00:00,-20.41,82.0,,,,3.684,247.5,4.516,,,251.929,244.9424,342.6983,,,99.95305872924523
2023-07-04 00:00:00,2023-07-04 00:00:00,-20.51,82.1,,,,2.772,243.5,4.284,,,250.8662,244.34,342.6783,,,100.0
2023-07-04 01:00:00,2023-07-04 01:00:00,-20.34,82.1,,,,2.395,242.7,3.354,,,246.705,240.4392,342.8383,,,100.0
2023-07-04 02:00:00,2023-07-04 02:00:00,-19.38,83.9,,,,2.497,244.0,3.993,,,249.5678,243.3013,342.9683,,,100.0
2023-07-04 03:00:00,2023-07-04 03:00:00,-15.4,88.9,,,,2.548,238.2,4.284,,,249.5848,243.038,343.1583,,,100.0
2023-07-04 04:00:00,2023-07-04 04:00:00,-14.01,88.1,,,,3.034,234.6,4.4,,,250.4586,243.0279,343.3483,,,100.0
2023-07-04 05:00:00,2023-07-04 05:00:00,-9.54,92.3,,,,3.168,224.1,5.388,,,251.925,243.7927,343.3533,,,100.0
2023-07-04 06:00:00,2023-07-04 06:00:00,-9.39,91.4,,,,3.178,228.7,6.842,,,253.855,244.6761,343.4033,,,100.0
2023-07-04 07:00:00,2023-07-04 07:00:00,-7.907,93.1,,,,2.549,218.5,6.551,,,256.0694,239.6809,343.525,,,100.0
2023-07-04 08:00:00,2023-07-04 08:00:00,-7.174,90.9,,,,3.027,225.0,7.365,,,258.7298,240.4581,343.3583,,,97.48730154171828
2023-07-04 09:00:00,2023-07-04 09:00:00,-10.06,86.5,,,,3.832,237.2,6.144,,,261.1897,238.611,343.2083,,,95.4111154294704
2023-07-04 10:00:00,2023-07-04 10:00:00,-10.85,84.5,,,,6.296,238.8,8.59,,,263.174,248.7308,343.005,,,93.92342337492715
2023-07-04 11:00:00,2023-07-04 11:00:00,-12.64,82.7,,,,7.557,248.2,9.81,,,263.6857,248.6802,342.8466,,,93.53363981176173
2023-07-04 12:00:00,2023-07-04 12:00:00,-13.68,82.1,,,,7.269,246.6,9.98,,,263.0688,247.7861,342.82,,,93.79549444129033
2023-07-04 13:00:00,2023-07-04 13:00:00,-14.68,80.9,,,,4.795,247.1,6.9,,,262.2684,248.8826,342.8567,,,93.32322768148835
2023-07-04 14:00:00,2023-07-04 14:00:00,-17.5,77.82,,,,4.283,249.4,6.551,,,261.4492,250.001,342.9583,,,92.24603952703127
2023-07-04 15:00:00,2023-07-04 15:00:00,-19.32,79.84,,,,4.64,246.9,6.9,,,260.1519,250.3208,343.1117,,,96.3096372250405
2023-07-04 16:00:00,2023-07-04 16:00:00,-18.68,82.8,,,,5.676,241.0,7.597,,,258.5889,249.5085,343.2483,,,99.2688156900558
2023-07-04 17:00:00,2023-07-04 17:00:00,-18.11,83.0,,,,5.141,239.7,7.539,,,257.3077,248.7109,343.2583,,,98.96520712991504
2023-07-04 18:00:00,2023-07-04 18:00:00,-18.54,82.5,,,,4.49,246.5,8.47,,,256.1123,247.9665,343.075,,,98.77627082994219
2023-07-04 19:00:00,2023-07-04 19:00:00,-19.03,82.1,,,,4.359,237.9,9.05,,,255.0692,247.2451,342.7833,,,98.76077170023632
2023-07-04 20:00:00,2023-07-04 20:00:00,-19.06,83.2,,,,5.188,244.0,7.714,,,253.7828,246.4308,342.4716,,,100.0
2023-07-04 21:00:00,2023-07-04 21:00:00,-18.68,83.9,,,,7.27,245.9,9.81,,,252.1342,245.0103,341.9783,,,100.0
2023-07-04 22:00:00,2023-07-04 22:00:00,-19.84,82.8,,,,7.513,250.9,9.75,,,249.4154,242.9892,341.7833,,,100.0
2023-07-04 23:00:00,2023-07-04 23:00:00,-19.86,83.4,,,,7.93,251.9,10.04,,,246.7129,241.7896,341.4733,,,100.0
2023-07-05 00:00:00,2023-07-05 00:00:00,-19.67,83.4,,,,6.307,245.9,8.59,,,,240.7275,341.63,,,100.0
2023-07-05 01:00:00,2023-07-05 01:00:00,-18.6,84.4,,,,5.025,241.1,6.958,,,,240.2851,341.9733,,,100.0
2023-07-05 02:00:00,2023-07-05 02:00:00,-17.72,84.9,,,,4.385,234.5,5.97,,,,240.2529,342.1617,,,100.0
2023-07-05 03:00:00,2023-07-05 03:00:00,-16.62,86.1,,,,4.745,230.1,6.377,,,,240.7111,342.3416,,,100.0
2023-07-05 04:00:00,2023-07-05 04:00:00,-15.28,87.7,,,,4.18,228.5,6.144,,,,241.6743,342.4666,,,100.0
2023-07-05 05:00:00,2023-07-05 05:00:00,-13.47,89.0,,,,5.517,231.2,6.9,,,,242.7254,342.6583,,,100.0
2023-07-05 06:00:00,2023-07-05 06:00:00,-12.39,91.2,,,,4.922,220.4,7.074,,,,244.0645,342.8267,,,100.0
2023-07-05 07:00:00,2023-07-05 07:00:00,-10.53,92.5,,,,5.595,224.2,7.714,,,,241.9946,342.805,,,100.0
2023-07-05 08:00:00,2023-07-05 08:00:00,-9.14,93.1,,,,4.604,228.4,7.888,,,,243.2936,342.825,,,100.0
2023-07-05 09:00:00,2023-07-05 09:00:00,-10.02,92.1,,,,2.73,239.1,6.202,,,,245.3197,342.8816,,,100.0
2023-07-05 10:00:00,2023-07-05 10:00:00,-11.69,90.5,,,,0.04,241.4,0.04,,,,245.8352,342.6516,,,100.0
2023-07-05 11:00:00,2023-07-05 11:00:00,-13.74,87.4,,,,0.04,245.7,0.04,,,,244.6626,342.45,,,99.9085284437719
2023-07-05 12:00:00,2023-07-05 12:00:00,-14.84,85.7,,,,0.04,245.8,0.04,,,,244.2868,342.4417,,,99.01337716362147
2023-07-05 13:00:00,2023-07-05 13:00:00,-16.31,83.9,,,,0.04,247.4,0.04,,,,243.8308,342.6267,,,98.31946217485978
2023-07-05 14:00:00,2023-07-05 14:00:00,-17.62,83.2,,,,0.04,248.0,0.04,,,,243.0907,342.96,,,98.73731255376995
2023-07-05 15:00:00,2023-07-05 15:00:00,-17.89,84.0,,,,0.04,250.5,0.04,,,,242.0694,343.1117,,,99.94593889114348
2023-07-05 16:00:00,2023-07-05 16:00:00,-18.28,84.1,,,,0.04,252.8,0.04,,,,241.0583,343.2733,,,100.0
2023-07-05 17:00:00,2023-07-05 17:00:00,-18.47,84.3,,,,0.04,255.7,0.04,,,,240.01,343.3167,,,100.0
2023-07-05 18:00:00,2023-07-05 18:00:00,-18.72,84.1,,,,0.04,255.0,0.04,,,,238.8746,343.2417,,,100.0
2023-07-05 19:00:00,2023-07-05 19:00:00,-19.18,83.6,,,,0.04,248.5,0.04,,,,237.9656,343.0367,,,100.0
2023-07-05 20:00:00,2023-07-05 20:00:00,-19.54,83.3,,,,0.04,248.2,0.04,,,,237.2856,342.8366,,,100.0
2023-07-05 21:00:00,2023-07-05 21:00:00,-19.62,83.3,,,,0.04,245.3,0.04,,,,236.6689,342.765,,,100.0
2023-07-05 22:00:00,2023-07-05 22:00:00,-19.92,82.8,,,,0.04,241.4,0.04,,,,236.3518,342.6566,,,100.0
2023-07-05 23:00:00,2023-07-05 23:00:00,-20.77,81.5,,,,0.04,241.9,0.04,,,,235.842,342.5583,,,99.68606354222284
2023-07-06 00:00:00,2023-07-06 00:00:00,-21.37,81.2,,,,0.04,241.8,0.04,,,,235.2661,342.62,,,99.88975012028907
2023-07-06 01:00:00,2023-07-06 01:00:00,-21.55,81.5,,,,0.04,248.7,0.04,,,,234.7476,342.875,,,100.0
2023-07-06 02:00:00,2023-07-06 02:00:00,-21.24,82.2,,,,0.04,250.0,0.04,,,,234.2437,343.1133,,,100.0
2023-07-06 03:00:00,2023-07-06 03:00:00,-20.32,83.4,,,,0.04,247.5,0.04,,,,234.1378,343.37,,,100.0
2023-07-06 04:00:00,2023-07-06 04:00:00,-19.0,84.9,,,,0.04,241.9,0.04,,,,234.6533,343.6483,,,100.0
2023-07-06 05:00:00,2023-07-06 05:00:00,-16.41,88.2,,,,0.04,238.8,0.04,,,,235.5064,343.7533,,,100.0
2023-07-06 06:00:00,2023-07-06 06:00:00,-14.42,89.8,,,,0.04,240.7,0.04,,,,236.396,343.7367,,,100.0
2023-07-06 07:00:00,2023-07-06 07:00:00,-13.7,89.2,,,,0.04,241.6,0.04,,,,235.855,343.72,,,100.0
2023-07-06 08:00:00,2023-07-06 08:00:00,-13.86,88.1,,,,7.243,241.7,9.05,,,,236.7737,343.63,,,100.0
2023-07-06 09:00:00,2023-07-06 09:00:00,-13.42,87.6,,,,6.302,243.0,9.11,,,,238.0862,343.7766,,,99.82730592889973
2023-07-06 10:00:00,2023-07-06 10:00:00,-13.92,85.7,,,,7.354,246.0,8.99,,,,240.9175,343.655,,,98.13609150203267
2023-07-06 11:00:00,2023-07-06 11:00:00,-14.56,84.9,,,,7.238,249.7,8.7,,,,242.1824,343.6366,,,97.8238943173042
2023-07-06 12:00:00,2023-07-06 12:00:00,-15.92,83.6,,,,6.684,253.9,8.93,,,,243.4028,343.7566,,,97.59999040974157
2023-07-06 13:00:00,2023-07-06 13:00:00,-17.81,82.5,,,,5.396,261.9,6.377,,,,244.446,343.89,,,98.08569795912621
2023-07-06 14:00:00,2023-07-06 14:00:00,-19.8,81.7,,,,4.669,268.2,5.97,,,,244.32,344.17,,,99.00767441360942
2023-07-06 15:00:00,2023-07-06 15:00:00,-20.73,81.7,,,,3.088,269.5,5.039,,,,243.2749,344.3567,,,99.89250224369998
2023-07-06 16:00:00,2023-07-06 16:00:00,-21.19,81.9,,,,2.841,271.9,4.691,,,,242.1058,344.4867,,,100.0
2023-07-06 17:00:00,2023-07-06 17:00:00,-20.72,82.5,,,,3.775,268.6,5.214,,,,241.0106,344.445,,,100.0
2023-07-06 18:00:00,2023-07-06 18:00:00,-20.43,82.4,,,,4.172,274.8,6.783,,,,239.7673,344.2233,,,100.0
2023-07-06 19:00:00,2023-07-06 19:00:00,-20.49,82.4,,,,2.855,284.0,4.574,,,,238.8601,344.025,,,100.0
2023-07-06 20:00:00,2023-07-06 20:00:00,-20.37,83.1,,,,2.657,321.4,4.633,,,,238.2271,343.7733,,,100.0
2023-07-06 21:00:00,2023-07-06 21:00:00,-20.93,82.6,,,,0.349,256.2,4.284,,,,237.7074,343.6717,,,100.0
2023-07-06 22:00:00,2023-07-06 22:00:00,-21.93,82.1,,,,0.239,265.1,3.354,,,,237.1054,343.5283,,,100.0
2023-07-06 23:00:00,2023-07-06 23:00:00,-21.23,83.2,,,,0.947,279.1,3.935,,,,236.4179,343.53,,,100.0
2023-07-07 00:00:00,2023-07-07 00:00:00,-22.94,80.3,,,,0.155,198.4,1.261,,,,235.7886,343.5216,,,100.0
2023-07-07 01:00:00,2023-07-07 01:00:00,-23.62,80.4,,,,0.133,195.6,1.493,,,,231.8649,343.7417,,,100.0
2023-07-07 02:00:00,2023-07-07 02:00:00,-22.77,82.5,,,,0.04,207.4,0.331,,,,234.3648,343.935,,,100.0
2023-07-07 03:00:00,2023-07-07 03:00:00,-18.68,88.9,,,,0.056,238.8,0.854,,,,233.9397,344.1117,,,100.0
2023-07-07 04:00:00,2023-07-07 04:00:00,-16.13,88.5,,,,0.252,266.3,3.005,,,,233.8893,344.3016,,,100.0
2023-07-07 05:00:00,2023-07-07 05:00:00,-12.68,91.3,,,,1.83,192.2,6.26,,,,234.196,344.3317,,,100.0
2023-07-07 06:00:00,2023-07-07 06:00:00,-8.44,95.0,,,,0.361,196.8,3.121,,,,234.944,344.4817,,,100.0
2023-07-07 07:00:00,2023-07-07 07:00:00,-6.094,94.9,,,,0.646,194.0,4.458,,,,234.5712,344.4583,,,100.0
2023-07-07 08:00:00,2023-07-07 08:00:00,-6.036,93.8,,,,1.223,191.2,4.633,,,,235.9023,344.4167,,,99.48805452752623
2023-07-07 09:00:00,2023-07-07 09:00:00,-7.539,90.6,,,,2.151,190.9,5.737,,,,237.0802,344.415,,,97.51164007694645
2023-07-07 10:00:00,2023-07-07 10:00:00,-8.2,88.4,,,,1.587,182.2,5.853,,,,240.2018,344.3,,,95.7581993989658
2023-07-07 11:00:00,2023-07-07 11:00:00,-8.99,85.9,,,,1.479,181.8,5.97,,,,241.837,344.2533,,,93.76834686213392
2023-07-07 12:00:00,2023-07-07 12:00:00,-10.84,84.0,,,,2.345,200.8,5.446,,,,243.5681,344.3567,,,93.35859332689435
2023-07-07 13:00:00,2023-07-07 13:00:00,-12.33,84.2,,,,2.89,218.4,4.633,,,,246.5601,344.61,,,94.94427790423177
2023-07-07 14:00:00,2023-07-07 14:00:00,-16.18,80.9,,,,2.847,219.5,4.749,,,,247.4316,344.8866,,,94.68506822512107
2023-07-07 15:00:00,2023-07-07 15:00:00,-18.2,82.2,,,,3.038,229.9,4.284,,,,247.8672,345.0566,,,98.09614247120707
2023-07-07 16:00:00,2023-07-07 16:00:00,-18.9,82.9,,,,2.189,239.2,3.295,,,,247.08,345.1033,,,99.59880545102448
2023-07-07 17:00:00,2023-07-07 17:00:00,-20.06,81.8,,,,1.4,210.9,2.714,,,,245.8791,345.145,,,99.3759340904997
2023-07-07 18:00:00,2023-07-07 18:00:00,-21.3,80.8,,,,2.898,191.4,5.272,,,,244.699,344.9716,,,99.33131344305237
2023-07-07 19:00:00,2023-07-07 19:00:00,-21.18,81.5,,,,2.84,174.2,4.749,,,,243.5908,344.6717,,,100.0
2023-07-07 20:00:00,2023-07-07 20:00:00,-21.71,81.2,,,,2.958,188.4,5.039,,,,242.6057,344.4,,,100.0
2023-07-07 21:00:00,2023-07-07 21:00:00,-21.92,81.3,,,,3.589,198.8,5.098,,,,241.6793,344.2683,,,100.0
2023-07-07 22:00:00,2023-07-07 22:00:00,-22.16,81.1,,,,2.844,192.2,4.458,,,,240.5935,344.19,,,100.0
2023-07-07 23:00:00,2023-07-07 23:00:00,-22.06,82.1,,,,2.224,171.3,4.342,,,,239.4252,344.16,,,100.0
2023-07-08 00:00:00,2023-07-08 00:00:00,-21.62,82.8,,,,1.037,189.7,3.935,,,,238.3658,344.2533,,,100.0
2023-07-08 01:00:00,2023-07-08 01:00:00,-21.71,82.6,,,,2.26,185.1,4.516,,,,237.4398,344.485,,,100.0
2023-07-08 02:00:00,2023-07-08 02:00:00,-21.42,83.3,,,,0.398,212.7,2.482,,,,236.6311,344.685,,,100.0
2023-07-08 03:00:00,2023-07-08 03:00:00,-18.78,87.4,,,,0.177,280.2,2.017,,,,236.0639,344.8767,,,100.0
2023-07-08 04:00:00,2023-07-08 04:00:00,-15.74,89.2,,,,0.204,305.9,1.435,,,,235.8261,345.1067,,,100.0
2023-07-08 05:00:00,2023-07-08 05:00:00,-13.41,89.6,,,,0.084,260.3,1.435,,,,236.1017,345.2183,,,100.0
2023-07-08 06:00:00,2023-07-08 06:00:00,-6.461,97.3,,,,0.279,195.4,2.772,,,,236.6906,345.2683,,,100.0
2023-07-08 07:00:00,2023-07-08 07:00:00,-4.788,98.8,,,,0.698,198.9,3.063,,,,236.1409,345.25,,,100.0
2023-07-08 08:00:00,2023-07-08 08:00:00,-5.234,96.3,,,,1.038,194.6,4.516,,,,237.2998,345.2333,,,100.0
2023-07-08 09:00:00,2023-07-08 09:00:00,-7.676,87.3,,,,1.36,187.5,4.574,,,,238.9299,345.1633,,,94.08534647891975
2023-07-08 10:00:00,2023-07-08 10:00:00,-8.28,86.1,,,,1.432,188.7,5.272,,,,242.4659,345.0166,,,93.33942189351923
2023-07-08 11:00:00,2023-07-08 11:00:00,-10.34,83.7,,,,1.681,242.5,3.935,,,,245.5484,344.9883,,,92.57429048713846
2023-07-08 12:00:00,2023-07-08 12:00:00,-9.51,86.1,,,,0.913,222.4,3.412,,,,248.1388,345.05,,,94.46333228137837
2023-07-08 13:00:00,2023-07-08 13:00:00,-11.33,81.8,,,,0.244,241.2,1.726,,,,249.5063,345.1766,,,91.34719144635267
2023-07-08 14:00:00,2023-07-08 14:00:00,-16.57,79.13,,,,0.219,286.9,1.493,,,,250.494,345.38,,,92.96242611228816
2023-07-08 15:00:00,2023-07-08 15:00:00,-19.47,81.3,,,,0.85,337.5,3.237,,,,250.4679,345.4066,,,98.21192863004721
2023-07-08 16:00:00,2023-07-08 16:00:00,-20.81,80.7,,,,0.15,317.9,1.028,,,,250.0892,345.5333,,,98.74528299727596
2023-07-08 17:00:00,2023-07-08 17:00:00,-22.0,80.3,,,,0.13,193.1,1.668,,,,248.9655,345.5516,,,99.37766742374049
2023-07-08 18:00:00,2023-07-08 18:00:00,-22.64,79.83,,,,0.043,200.8,0.447,,,,247.6423,345.2333,,,99.39960290679798
2023-07-08 19:00:00,2023-07-08 19:00:00,-22.75,80.9,,,,0.288,234.6,2.017,,,,246.3865,344.8783,,,100.0
2023-07-08 20:00:00,2023-07-08 20:00:00,-22.13,81.6,,,,0.294,311.2,3.179,,,,244.9146,344.58,,,100.0
2023-07-08 21:00:00,2023-07-08 21:00:00,-22.96,80.3,,,,0.116,184.7,1.842,,,,244.075,344.435,,,100.0
2023-07-08 22:00:00,2023-07-08 22:00:00,-23.67,80.7,,,,0.147,255.4,2.191,,,,243.1015,344.3583,,,100.0
2023-07-08 23:00:00,2023-07-08 23:00:00,-23.1,81.6,,,,0.116,332.6,2.423,,,,241.9657,344.2483,,,100.0
2023-07-09 00:00:00,2023-07-09 00:00:00,-22.93,82.7,,,,0.199,203.5,3.063,,,,241.0265,344.3016,,,100.0
2023-07-09 01:00:00,2023-07-09 01:00:00,-22.55,82.8,,,,0.238,216.3,3.586,,,,240.0894,344.5283,,,100.0
2023-07-09 02:00:00,2023-07-09 02:00:00,-21.0,85.1,,,,0.083,261.9,1.028,,,,239.2859,344.7483,,,100.0
2023-07-09 03:00:00,2023-07-09 03:00:00,-16.69,90.7,,,,0.162,181.4,2.83,,,,238.6366,344.87,,,100.0
2023-07-09 04:00:00,2023-07-09 04:00:00,-16.9,85.5,,,,0.503,316.6,2.133,,,,238.2109,344.9833,,,100.0
2023-07-09 05:00:00,2023-07-09 05:00:00,-14.87,87.3,,,,0.395,267.1,4.981,,,,238.3372,345.1133,,,100.0
2023-07-09 06:00:00,2023-07-09 06:00:00,-9.6,91.9,,,,0.246,215.1,2.365,,,,238.6384,345.1983,,,100.0
2023-07-09 07:00:00,2023-07-09 07:00:00,-7.147,92.0,,,,0.639,204.3,5.098,,,,238.1556,345.25,,,98.64106669038111
2023-07-09 08:00:00,2023-07-09 08:00:00,-8.88,86.1,,,,1.617,189.1,5.272,,,,239.7425,345.2233,,,93.88611791477885
2023-07-09 09:00:00,2023-07-09 09:00:00,-8.01,85.7,,,,1.278,190.3,5.97,,,,241.4636,345.1967,,,92.6618817427175
2023-07-09 10:00:00,2023-07-09 10:00:00,-7.794,84.0,,,,0.965,190.6,4.342,,,,245.3337,345.205,,,90.63294838987022
2023-07-09 11:00:00,2023-07-09 11:00:00,-10.07,81.8,,,,1.103,190.1,6.086,,,,246.4879,345.1516,,,90.23569987887869
2023-07-09 12:00:00,2023-07-09 12:00:00,-13.2,81.1,,,,0.901,192.8,4.981,,,,247.4332,345.1317,,,92.22326102571395
2023-07-09 13:00:00,2023-07-09 13:00:00,-12.85,82.9,,,,0.454,193.5,4.284,,,,248.1317,345.3366,,,93.95091913748955
2023-07-09 14:00:00,2023-07-09 14:00:00,-15.62,79.2,,,,0.075,198.3,1.551,,,,248.9331,345.3517,,,92.19577196963851
2023-07-09 15:00:00,2023-07-09 15:00:00,-19.51,79.86,,,,0.077,328.8,1.784,,,,248.1439,345.45,,,96.50937241097446
2023-07-09 16:00:00,2023-07-09 16:00:00,-20.44,81.9,,,,0.073,327.2,0.854,,,,247.6595,345.5466,,,99.85981054902598
2023-07-09 17:00:00,2023-07-09 17:00:00,-21.73,81.2,,,,0.074,196.9,1.203,,,,247.2363,345.4817,,,100.0
2023-07-09 18:00:00,2023-07-09 18:00:00,-21.23,82.2,,,,0.088,337.8,1.319,,,,247.0358,345.2083,,,100.0
2023-07-09 19:00:00,2023-07-09 19:00:00,-21.14,83.0,,,,0.127,339.4,1.435,,,,246.1031,344.935,,,100.0
2023-07-09 20:00:00,2023-07-09 20:00:00,-21.02,84.0,,,,0.135,339.5,1.435,,,,244.8852,344.695,,,100.0
2023-07-09 21:00:00,2023-07-09 21:00:00,-21.22,82.9,,,,0.049,345.2,0.854,,,,243.9261,344.43,,,100.0
2023-07-09 22:00:00,2023-07-09 22:00:00,-21.86,83.1,,,,0.099,337.2,1.61,,,,242.7707,344.2867,,,100.0
2023-07-09 23:00:00,2023-07-09 23:00:00,-20.77,85.5,,,,0.536,344.1,2.947,,,,241.5942,344.215,,,100.0
2023-07-10 00:00:00,2023-07-10 00:00:00,-20.83,83.4,,,,0.146,4.983,1.842,,,,240.6104,344.2966,,,100.0
2023-07-10 01:00:00,2023-07-10 01:00:00,-20.21,84.8,,,,0.187,1.357,1.086,,,,236.3411,344.38,,,100.0
2023-07-10 02:00:00,2023-07-10 02:00:00,-18.66,86.6,,,,0.044,256.2,0.389,,,,238.8551,344.4817,,,100.0
2023-07-10 03:00:00,2023-07-10 03:00:00,-14.37,91.2,,,,0.154,181.3,1.784,,,,238.4088,344.6633,,,100.0
2023-07-10 04:00:00,2023-07-10 04:00:00,-7.943,95.3,,,,0.122,178.6,1.145,,,,238.3963,344.8483,,,100.0
2023-07-10 05:00:00,2023-07-10 05:00:00,-3.329,99.2,,,,0.058,182.9,0.796,,,,238.7734,344.9683,,,100.0
2023-07-10 06:00:00,2023-07-10 06:00:00,-4.487,98.0,,,,0.484,194.0,3.179,,,,239.6445,345.0067,,,100.0
2023-07-10 07:00:00,2023-07-10 07:00:00,-5.408,94.9,,,,0.666,197.7,4.284,,,,241.0104,345.035,,,100.0
2023-07-10 08:00:00,2023-07-10 08:00:00,-5.77,90.6,,,,0.972,193.3,4.516,,,,242.9408,344.9583,,,95.84516662077853
2023-07-10 09:00:00,2023-07-10 09:00:00,-6.372,86.0,,,,0.569,204.5,4.284,,,,244.7461,344.8617,,,91.5142633239853
2023-07-10 10:00:00,2023-07-10 10:00:00,-6.26,84.1,,,,0.938,199.2,3.179,,,,246.7548,344.8033,,,89.3948041162248
2023-07-10 11:00:00,2023-07-10 11:00:00,-8.37,82.8,,,,1.034,198.3,3.586,,,,248.6125,344.715,,,89.84063247348699
2023-07-10 12:00:00,2023-07-10 12:00:00,-9.2,81.1,,,,0.992,190.3,5.795,,,,247.7204,344.6566,,,88.70974131110695
2023-07-10 13:00:00,2023-07-10 13:00:00,-11.84,80.3,,,,0.15,217.9,2.017,,,,247.4702,344.8167,,,90.11717561164696
2023-07-10 14:00:00,2023-07-10 14:00:00,-14.85,78.71,,,,0.1,209.2,0.912,,,,248.4557,344.9666,,,90.94628169188876
2023-07-10 15:00:00,2023-07-10 15:00:00,-18.29,77.85,,,,0.06,329.0,0.621,,,,248.377,345.0667,,,92.98530655218742
2023-07-10 16:00:00,2023-07-10 16:00:00,-19.59,80.7,,,,0.423,266.3,1.9,,,,248.5593,345.1516,,,97.59929014913801
2023-07-10 17:00:00,2023-07-10 17:00:00,-18.82,81.2,,,,0.208,232.6,1.145,,,,249.3073,345.045,,,97.48149668382958
2023-07-10 18:00:00,2023-07-10 18:00:00,-18.85,82.2,,,,0.326,221.6,1.261,,,,250.0406,344.8083,,,98.71042536854432
2023-07-10 19:00:00,2023-07-10 19:00:00,-19.64,81.4,,,,0.198,314.0,0.796,,,,250.4241,344.475,,,98.49304981976752
2023-07-10 20:00:00,2023-07-10 20:00:00,-19.49,83.0,,,,0.599,286.4,2.075,,,,250.2107,344.2433,,,100.0
2023-07-10 21:00:00,2023-07-10 21:00:00,-18.98,83.0,,,,1.47,296.9,2.947,,,,249.7527,344.1017,,,99.7955266953943
2023-07-10 22:00:00,2023-07-10 22:00:00,-18.88,82.2,,,,2.072,329.6,3.761,,,,249.0422,344.05,,,98.73884938479625
2023-07-10 23:00:00,2023-07-10 23:00:00,-20.15,81.4,,,,0.437,334.8,2.889,,,,248.1412,343.9666,,,98.97520418470509
2023-07-11 00:00:00,2023-07-11 00:00:00,-20.39,81.5,,,,1.414,345.9,3.644,,,,247.3575,343.9117,,,99.32458834361951
2023-07-11 01:00:00,2023-07-11 01:00:00,-19.55,82.4,,,,0.83,335.6,3.819,,,,246.6085,344.0283,,,99.6170952890441
2023-07-11 02:00:00,2023-07-11 02:00:00,-18.23,85.1,,,,0.181,291.8,2.54,,,,246.2957,344.225,,,100.0
2023-07-11 03:00:00,2023-07-11 03:00:00,-13.93,90.5,,,,0.083,206.8,1.958,,,,246.2431,344.335,,,100.0
2023-07-11 04:00:00,2023-07-11 04:00:00,-10.88,88.4,,,,0.259,216.7,1.842,,,,246.7653,344.5767,,,98.2869913614095
2023-07-11 05:00:00,2023-07-11 05:00:00,-11.55,82.8,,,,0.407,228.4,2.075,,,,247.6719,344.7516,,,92.66161880506087
2023-07-11 06:00:00,2023-07-11 06:00:00,-11.86,80.4,,,,1.385,243.2,3.237,,,,248.8167,344.8016,,,90.24691609020567
2023-07-11 07:00:00,2023-07-11 07:00:00,-12.38,81.6,,,,1.886,241.4,4.458,,,,250.1942,344.7683,,,92.05714024527518
2023-07-11 08:00:00,2023-07-11 08:00:00,-12.42,81.9,,,,2.3,244.9,5.214,,,,251.3378,344.625,,,92.43143736122754
2023-07-11 09:00:00,2023-07-11 09:00:00,-12.75,81.9,,,,4.607,250.4,8.29,,,,252.6814,344.43,,,92.72768038167098
2023-07-11 10:00:00,2023-07-11 10:00:00,-13.78,82.0,,,,6.125,257.7,8.18,,,,256.2169,344.2533,,,93.77199961441374
2023-07-11 11:00:00,2023-07-11 11:00:00,-14.6,82.4,,,,5.866,265.4,7.597,,,,257.5761,344.2083,,,94.98006660143837
2023-07-11 12:00:00,2023-07-11 12:00:00,-14.86,83.2,,,,4.471,267.2,7.539,,,,258.1565,344.195,,,96.14359220369258
2023-07-11 13:00:00,2023-07-11 13:00:00,-15.78,83.0,,,,3.117,271.7,5.911,,,,257.6688,344.3517,,,96.7686656214628
2023-07-11 14:00:00,2023-07-11 14:00:00,-17.85,81.8,,,,5.9,269.3,8.82,,,,257.2627,344.485,,,97.29087568404371
2023-07-11 15:00:00,2023-07-11 15:00:00,-18.46,83.3,,,,8.21,266.3,9.92,,,,254.9385,344.59,,,99.65749982336843
2023-07-11 16:00:00,2023-07-11 16:00:00,-18.48,84.3,,,,7.206,268.7,8.64,,,,250.5988,344.6716,,,100.0
2023-07-11 17:00:00,2023-07-11 17:00:00,-18.67,84.4,,,,7.423,268.8,10.45,,,,248.0869,344.585,,,100.0
2023-07-11 18:00:00,2023-07-11 18:00:00,-18.45,84.7,,,,8.71,266.3,10.74,,,,245.1171,344.3767,,,100.0
2023-07-11 19:00:00,2023-07-11 19:00:00,-18.35,84.8,,,,6.055,268.8,9.17,,,,243.1665,344.21,,,100.0
2023-07-11 20:00:00,2023-07-11 20:00:00,-18.65,84.3,,,,4.693,271.7,7.249,,,,242.4675,343.9383,,,100.0
2023-07-11 21:00:00,2023-07-11 21:00:00,-18.98,84.2,,,,2.884,268.2,6.842,,,,242.1914,343.6316,,,100.0
2023-07-11 22:00:00,2023-07-11 22:00:00,-19.65,83.5,,,,0.835,255.6,7.481,,,,242.3886,343.3583,,,100.0
2023-07-11 23:00:00,2023-07-11 23:00:00,-20.14,83.5,,,,0.746,278.9,5.214,,,,242.2356,343.0767,,,100.0
2023-07-12 00:00:00,2023-07-12 00:00:00,-19.06,84.8,,,,3.023,247.4,9.52,,,,241.8492,343.1267,,,100.0
2023-07-12 01:00:00,2023-07-12 01:00:00,-20.14,82.7,,,,0.774,231.3,8.0,,,,241.717,343.3183,,,100.0
2023-07-12 02:00:00,2023-07-12 02:00:00,-19.1,85.3,,,,0.332,226.0,3.702,,,,241.5562,343.4133,,,100.0
2023-07-12 03:00:00,2023-07-12 03:00:00,-16.99,85.8,,,,1.882,296.9,7.19,,,,241.4938,343.7133,,,100.0
2023-07-12 04:00:00,2023-07-12 04:00:00,-13.82,89.4,,,,0.322,210.0,3.005,,,,241.8349,343.9283,,,100.0
2023-07-12 05:00:00,2023-07-12 05:00:00,-12.11,88.0,,,,0.326,241.8,2.772,,,,242.7545,344.065,,,99.0176283608328
2023-07-12 06:00:00,2023-07-12 06:00:00,-15.05,82.6,,,,1.239,282.4,3.295,,,,244.1729,344.09,,,95.6256984279672
2023-07-12 07:00:00,2023-07-12 07:00:00,-10.61,87.9,,,,0.745,232.9,4.051,,,,245.5293,344.005,,,97.47502955902715
2023-07-12 08:00:00,2023-07-12 08:00:00,-10.04,86.0,,,,1.169,224.3,3.993,,,,246.8626,343.8916,,,94.84116327522618
2023-07-12 09:00:00,2023-07-12 09:00:00,-8.0,87.4,,,,0.992,237.7,3.702,,,,248.559,343.815,,,94.49078099033686
2023-07-12 10:00:00,2023-07-12 10:00:00,-9.03,85.8,,,,0.717,228.4,3.121,,,,250.2926,343.7017,,,93.69564730316812
2023-07-12 11:00:00,2023-07-12 11:00:00,-7.138,90.7,,,,0.402,223.6,2.598,,,,251.5521,343.6816,,,97.23869944328884
2023-07-12 12:00:00,2023-07-12 12:00:00,-4.983,94.3,,,,0.133,214.7,2.54,,,,252.6472,343.7133,,,98.99685065515982
2023-07-12 13:00:00,2023-07-12 13:00:00,-3.289,97.3,,,,0.282,217.3,2.482,,,,253.676,343.8883,,,100.0
2023-07-12 14:00:00,2023-07-12 14:00:00,-13.96,79.1,,,,0.858,332.8,3.935,,,,254.6009,344.09,,,90.61343048849855
2023-07-12 15:00:00,2023-07-12 15:00:00,-18.01,78.28,,,,0.786,332.0,3.063,,,,255.0117,344.2633,,,93.24762433235676
2023-07-12 16:00:00,2023-07-12 16:00:00,-19.25,80.3,,,,0.658,299.7,1.958,,,,255.3264,344.4483,,,96.7995351048499
2023-07-12 17:00:00,2023-07-12 17:00:00,-19.42,81.0,,,,0.412,295.5,1.551,,,,255.1537,344.475,,,97.80263989591343
2023-07-12 18:00:00,2023-07-12 18:00:00,-18.63,83.0,,,,0.341,283.3,1.203,,,,254.9081,344.3133,,,99.4608362318156
2023-07-12 19:00:00,2023-07-12 19:00:00,-18.0,83.7,,,,0.984,277.7,3.005,,,,254.5706,343.975,,,99.69437703282492
2023-07-12 20:00:00,2023-07-12 20:00:00,-18.28,82.6,,,,0.271,298.9,1.551,,,,254.2395,343.6617,,,98.64930452550188
2023-07-12 21:00:00,2023-07-12 21:00:00,-19.19,81.1,,,,1.249,285.2,3.528,,,,253.7204,343.35,,,97.70767840062166
2023-07-12 22:00:00,2023-07-12 22:00:00,-20.86,79.66,,,,0.535,332.9,2.656,,,,253.0282,343.1633,,,97.51930239886806
2023-07-12 23:00:00,2023-07-12 23:00:00,-20.68,82.2,,,,1.724,335.3,3.063,,,,252.3718,343.05,,,100.0
2023-07-13 00:00:00,2023-07-13 00:00:00,-20.99,82.2,,,,1.543,336.2,3.063,,,,251.6296,343.0883,,,100.0
2023-07-13 01:00:00,2023-07-13 01:00:00,0.0,,,,,,0.0,,,,,247.3544,343.2017,,,
2023-07-13 02:00:00,2023-07-13 02:00:00,-19.93,83.4,,,,0.114,300.3,1.493,,,,250.2582,343.4767,,,100.0
2023-07-13 03:00:00,2023-07-13 03:00:00,-18.4,86.4,,,,0.244,299.2,2.423,,,,249.687,343.5183,,,100.0
2023-07-13 04:00:00,2023-07-13 04:00:00,-14.03,95.2,,,,0.128,171.5,1.319,,,,249.6413,343.5933,,,100.0
2023-07-13 05:00:00,2023-07-13 05:00:00,-11.31,95.3,,,,0.04,264.4,0.04,,,,249.8446,343.775,,,100.0
2023-07-13 06:00:00,2023-07-13 06:00:00,-7.082,98.4,,,,0.056,205.7,1.086,,,,250.3628,343.9316,,,100.0
2023-07-13 07:00:00,2023-07-13 07:00:00,-5.549,96.1,,,,0.536,219.7,3.47,,,,251.1494,343.9783,,,100.0
2023-07-13 08:00:00,2023-07-13 08:00:00,-7.287,91.8,,,,1.275,231.0,3.993,,,,252.1735,343.9817,,,98.56095811941626
2023-07-13 09:00:00,2023-07-13 09:00:00,-7.514,90.7,,,,1.389,221.2,4.109,,,,252.9974,343.9517,,,97.59550161413772
2023-07-13 10:00:00,2023-07-13 10:00:00,-9.82,88.0,,,,0.979,228.0,4.4,,,,253.5451,343.87,,,96.83940326842657
2023-07-13 11:00:00,2023-07-13 11:00:00,-9.01,89.9,,,,0.771,216.2,2.947,,,,253.9084,343.7683,,,98.15384211497002
2023-07-13 12:00:00,2023-07-13 12:00:00,-10.38,87.9,,,,0.153,163.4,1.784,,,,254.1843,343.745,,,97.25739922394557
2023-07-13 13:00:00,2023-07-13 13:00:00,-11.78,86.4,,,,0.227,194.0,2.714,,,,253.9492,343.8933,,,96.90649227564576
2023-07-13 14:00:00,2023-07-13 14:00:00,-13.08,85.1,,,,0.112,184.7,1.9,,,,253.8879,344.0783,,,96.65941998074891
2023-07-13 15:00:00,2023-07-13 15:00:00,-14.39,83.6,,,,0.085,192.6,1.668,,,,253.9749,344.2683,,,96.16774301403015
2023-07-13 16:00:00,2023-07-13 16:00:00,-16.65,80.5,,,,0.053,333.1,0.621,,,,253.5392,344.355,,,94.64486678153044
2023-07-13 17:00:00,2023-07-13 17:00:00,-18.04,79.66,,,,0.046,299.7,0.621,,,,253.5591,344.3717,,,94.91886049807171
2023-07-13 18:00:00,2023-07-13 18:00:00,-18.15,80.6,,,,0.077,233.0,2.017,,,,253.2335,344.2066,,,96.14051819135558
2023-07-13 19:00:00,2023-07-13 19:00:00,-18.3,80.8,,,,0.05,332.9,0.563,,,,252.3327,343.9683,,,96.51810798318154
2023-07-13 20:00:00,2023-07-13 20:00:00,-18.52,81.5,,,,0.239,323.2,1.9,,,,252.1131,343.7716,,,97.56024189640853
2023-07-13 21:00:00,2023-07-13 21:00:00,-18.44,81.3,,,,0.059,341.4,1.319,,,,251.6199,343.4266,,,97.24607919707249
2023-07-13 22:00:00,2023-07-13 22:00:00,-19.14,80.4,,,,0.04,317.7,0.04,,,,250.9757,343.315,,,96.81789262199628
2023-07-13 23:00:00,2023-07-13 23:00:00,-19.36,80.0,,,,0.04,318.1,0.04,,,,250.412,343.2816,,,96.53965726862913
2023-07-14 00:00:00,2023-07-14 00:00:00,-19.46,80.2,,,,0.084,280.8,1.261,,,,249.8002,343.3416,,,96.87382256999314
2023-07-14 01:00:00,2023-07-14 01:00:00,-19.22,82.0,,,,0.878,303.3,6.9,,,,248.7455,343.4583,,,98.82040732030507
2023-07-14 02:00:00,2023-07-14 02:00:00,-18.58,83.2,,,,0.305,197.1,1.9,,,,248.2099,343.6516,,,99.65264459836528
2023-07-14 03:00:00,2023-07-14 03:00:00,-17.32,85.6,,,,0.462,175.4,2.423,,,,247.6533,343.7467,,,100.0
2023-07-14 04:00:00,2023-07-14 04:00:00,-14.4,91.5,,,,0.077,192.5,1.203,,,,247.5637,343.8966,,,100.0
2023-07-14 05:00:00,2023-07-14 05:00:00,-10.12,97.2,,,,0.209,200.9,1.668,,,,247.6403,344.01,,,100.0
2023-07-14 06:00:00,2023-07-14 06:00:00,-7.392,96.1,,,,0.433,203.7,2.714,,,,247.7185,344.0316,,,100.0
2023-07-14 07:00:00,2023-07-14 07:00:00,-4.536,97.3,,,,0.631,204.7,3.877,,,,248.3908,344.055,,,100.0
2023-07-14 08:00:00,2023-07-14 08:00:00,-2.756,98.8,,,,0.513,207.2,2.656,,,,250.1633,344.11,,,100.0
2023-07-14 09:00:00,2023-07-14 09:00:00,-1.56,99.7,,,,0.436,206.3,2.83,,,,251.3966,344.105,,,100.0
2023-07-14 10:00:00,2023-07-14 10:00:00,-0.965,99.8,,,,0.359,205.0,2.714,,,,252.0367,344.085,,,100.0
2023-07-14 11:00:00,2023-07-14 11:00:00,-0.834,99.8,,,,0.69,184.5,3.644,,,,252.5152,,,,100.0
2023-07-14 12:00:00,2023-07-14 12:00:00,-0.89,99.8,,,,0.61,187.4,4.167,,,,251.9199,,,,100.0
2023-07-14 13:00:00,2023-07-14 13:00:00,-2.686,99.1,,,,0.174,188.8,2.017,,,,250.1209,,,,100.0
2023-07-14 14:00:00,2023-07-14 14:00:00,-6.865,95.8,,,,0.115,232.4,1.958,,,,249.8751,,,,100.0
2023-07-14 15:00:00,2023-07-14 15:00:00,-11.24,91.8,,,,0.206,324.7,2.83,,,,249.0695,,,,100.0
2023-07-14 16:00:00,2023-07-14 16:00:00,-15.18,87.9,,,,0.173,335.4,1.61,,,,248.3154,,,,100.0
2023-07-14 17:00:00,2023-07-14 17:00:00,-17.28,85.5,,,,0.167,340.7,2.307,,,,248.005,,,,100.0
2023-07-14 18:00:00,2023-07-14 18:00:00,-19.33,82.8,,,,0.172,333.1,1.784,,,,247.4108,,,,99.88981150571836
2023-07-14 19:00:00,2023-07-14 19:00:00,-17.98,83.6,,,,0.351,319.2,3.644,,,,246.5766,,,,99.55612273392599
2023-07-14 20:00:00,2023-07-14 20:00:00,-20.84,80.5,,,,0.6,337.3,2.947,,,,246.2432,,,,98.52879770764609
2023-07-14 21:00:00,2023-07-14 21:00:00,-22.84,78.8,,,,0.246,342.4,2.947,,,,246.2179,,,,98.30382680166932
2023-07-14 22:00:00,2023-07-14 22:00:00,-23.55,78.23,,,,0.412,342.6,3.063,,,,245.894,,,,98.25279461589595
2023-07-14 23:00:00,2023-07-14 23:00:00,-24.04,77.8,,,,0.104,338.6,1.842,,,,245.767,,,,98.16753901112521
2023-07-15 00:00:00,2023-07-15 00:00:00,-23.41,78.06,,,,0.065,310.0,1.435,,,,245.5935,,,,97.90917218215903
2023-07-15 01:00:00,2023-07-15 01:00:00,-23.28,77.46,,,,0.286,336.3,2.017,,,,244.7085,,,,97.0368205405847
2023-07-15 02:00:00,2023-07-15 02:00:00,-23.17,77.77,,,,0.719,330.8,5.214,,,,243.8579,,,,97.32348800459938
2023-07-15 03:00:00,2023-07-15 03:00:00,-21.99,79.74,,,,0.652,320.4,3.935,,,,243.0505,,,,98.67522291663495
2023-07-15 04:00:00,,,,,,,,,,,,,,,,,
2023-07-15 05:00:00,,,,,,,,,,,,,,,,,
2023-07-15 06:00:00,,,,,,,,,,,,,,,,,
2023-07-15 07:00:00,,,,,,,,,,,,,,,,,
2023-07-15 08:00:00,,,,,,,,,,,,,,,,,
2023-07-15 09:00:00,,,,,,,,,,,,,,,,,
2023-07-15 10:00:00,,,,,,,,,,,,,,,,,
2023-07-15 11:00:00,,,,,,,,,,,,,,,,,
2023-07-15 12:00:00,,,,,,,,,,,,,,,,,
2023-07-15 13:00:00,,,,,,,,,,,,,,,,,
2023-07-15 14:00:00,,,,,,,,,,,,,,,,,
2023-07-15 15:00:00,,,,,,,,,,,,,,,,,
2023-07-15 16:00:00,,,,,,,,,,,,,,,,,
2023-07-15 17:00:00,,,,,,,,,,,,,,,,,
2023-07-15 18:00:00,,,,,,,,,,,,,,,,,
2023-07-15 19:00:00,,,,,,,,,,,,,,,,,
2023-07-15 20:00:00,,,,,,,,,,,,,,,,,
2023-07-15 21:00:00,,,,,,,,,,,,,,,,,
2023-07-15 22:00:00,,,,,,,,,,,,,,,,,
2023-07-15 23:00:00,,,,,,,,,,,,,,,,,
2023-07-16 00:00:00,,,,,,,,,,,,,,,,,
2023-07-16 01:00:00,,,,,,,,,,,,,,,,,
2023-07-16 02:00:00,,,,,,,,,,,,,,,,,
2023-07-16 03:00:00,,,,,,,,,,,,,,,,,
2023-07-16 04:00:00,,,,,,,,,,,,,,,,,
2023-07-16 05:00:00,,,,,,,,,,,,,,,,,
2023-07-16 06:00:00,,,,,,,,,,,,,,,,,
2023-07-16 07:00:00,,,,,,,,,,,,,,,,,
2023-07-16 08:00:00,,,,,,,,,,,,,,,,,
2023-07-16 09:00:00,,,,,,,,,,,,,,,,,
2023-07-16 10:00:00,,,,,,,,,,,,,,,,,
2023-07-16 11:00:00,,,,,,,,,,,,,,,,,
2023-07-16 12:00:00,,,,,,,,,,,,,,,,,
2023-07-16 13:00:00,,,,,,,,,,,,,,,,,
2023-07-16 14:00:00,,,,,,,,,,,,,,,,,
2023-07-16 15:00:00,,,,,,,,,,,,,,,,,
2023-07-16 16:00:00,,,,,,,,,,,,,,,,,
2023-07-16 17:00:00,,,,,,,,,,,,,,,,,
2023-07-16 18:00:00,,,,,,,,,,,,,,,,,
2023-07-16 19:00:00,,,,,,,,,,,,,,,,,
2023-07-16 20:00:00,,,,,,,,,,,,,,,,,
2023-07-16 21:00:00,,,,,,,,,,,,,,,,,
2023-07-16 22:00:00,,,,,,,,,,,,,,,,,
2023-07-16 23:00:00,,,,,,,,,,,,,,,,,
2023-07-17 00:00:00,,,,,,,,,,,,,,,,,
2023-07-17 01:00:00,,,,,,,,,,,,,,,,,
2023-07-17 02:00:00,,,,,,,,,,,,,,,,,
2023-07-17 03:00:00,,,,,,,,,,,,,,,,,
2023-07-17 04:00:00,,,,,,,,,,,,,,,,,
2023-07-17 05:00:00,,,,,,,,,,,,,,,,,
2023-07-17 06:00:00,,,,,,,,,,,,,,,,,
2023-07-17 07:00:00,,,,,,,,,,,,,,,,,
2023-07-17 08:00:00,,,,,,,,,,,,,,,,,
2023-07-17 09:00:00,,,,,,,,,,,,,,,,,
2023-07-17 10:00:00,,,,,,,,,,,,,,,,,
2023-07-17 11:00:00,,,,,,,,,,,,,,,,,
2023-07-17 12:00:00,,,,,,,,,,,,,,,,,
2023-07-17 13:00:00,,,,,,,,,,,,,,,,,
2023-07-17 14:00:00,,,,,,,,,,,,,,,,,
2023-07-17 15:00:00,,,,,,,,,,,,,,,,,
2023-07-17 16:00:00,,,,,,,,,,,,,,,,,
2023-07-17 17:00:00,,,,,,,,,,,,,,,,,
2023-07-17 18:00:00,,,,,,,,,,,,,,,,,
2023-07-17 19:00:00,,,,,,,,,,,,,,,,,
2023-07-17 20:00:00,,,,,,,,,,,,,,,,,
2023-07-17 21:00:00,,,,,,,,,,,,,,,,,
2023-07-17 22:00:00,,,,,,,,,,,,,,,,,
2023-07-17 23:00:00,,,,,,,,,,,,,,,,,
2023-07-18 00:00:00,,,,,,,,,,,,,,,,,
2023-07-18 01:00:00,,,,,,,,,,,,,,,,,
2023-07-18 02:00:00,,,,,,,,,,,,,,,,,
2023-07-18 03:00:00,,,,,,,,,,,,,,,,,
2023-07-18 04:00:00,,,,,,,,,,,,,,,,,
2023-07-18 05:00:00,,,,,,,,,,,,,,,,,
2023-07-18 06:00:00,,,,,,,,,,,,,,,,,
2023-07-18 07:00:00,,,,,,,,,,,,,,,,,
2023-07-18 08:00:00,,,,,,,,,,,,,,,,,
2023-07-18 09:00:00,,,,,,,,,,,,,,,,,
2023-07-18 10:00:00,,,,,,,,,,,,,,,,,
2023-07-18 11:00:00,,,,,,,,,,,,,,,,,
2023-07-18 12:00:00,,,,,,,,,,,,,,,,,
2023-07-18 13:00:00,,,,,,,,,,,,,,,,,
2023-07-18 14:00:00,,,,,,,,,,,,,,,,,
2023-07-18 15:00:00,,,,,,,,,,,,,,,,,
2023-07-18 16:00:00,,,,,,,,,,,,,,,,,
2023-07-18 17:00:00,,,,,,,,,,,,,,,,,
2023-07-18 18:00:00,,,,,,,,,,,,,,,,,
2023-07-18 19:00:00,,,,,,,,,,,,,,,,,
2023-07-18 20:00:00,,,,,,,,,,,,,,,,,
2023-07-18 21:00:00,,,,,,,,,,,,,,,,,
2023-07-18 22:00:00,,,,,,,,,,,,,,,,,
2023-07-18 23:00:00,,,,,,,,,,,,,,,,,
2023-07-19 00:00:00,,,,,,,,,,,,,,,,,
2023-07-19 01:00:00,,,,,,,,,,,,,,,,,
2023-07-19 02:00:00,,,,,,,,,,,,,,,,,
2023-07-19 03:00:00,,,,,,,,,,,,,,,,,
2023-07-19 04:00:00,,,,,,,,,,,,,,,,,
2023-07-19 05:00:00,,,,,,,,,,,,,,,,,
2023-07-19 06:00:00,,,,,,,,,,,,,,,,,
2023-07-19 07:00:00,,,,,,,,,,,,,,,,,
2023-07-19 08:00:00,,,,,,,,,,,,,,,,,
2023-07-19 09:00:00,,,,,,,,,,,,,,,,,
2023-07-19 10:00:00,,,,,,,,,,,,,,,,,
2023-07-19 11:00:00,,,,,,,,,,,,,,,,,
2023-07-19 12:00:00,,,,,,,,,,,,,,,,,
2023-07-19 13:00:00,,,,,,,,,,,,,,,,,
2023-07-19 14:00:00,,,,,,,,,,,,,,,,,
2023-07-19 15:00:00,,,,,,,,,,,,,,,,,
2023-07-19 16:00:00,,,,,,,,,,,,,,,,,
2023-07-19 17:00:00,,,,,,,,,,,,,,,,,
2023-07-19 18:00:00,,,,,,,,,,,,,,,,,
2023-07-19 19:00:00,,,,,,,,,,,,,,,,,
2023-07-19 20:00:00,,,,,,,,,,,,,,,,,
2023-07-19 21:00:00,,,,,,,,,,,,,,,,,
2023-07-19 22:00:00,,,,,,,,,,,,,,,,,
2023-07-19 23:00:00,,,,,,,,,,,,,,,,,
2023-07-20 00:00:00,,,,,,,,,,,,,,,,,
2023-07-20 01:00:00,,,,,,,,,,,,,,,,,
2023-07-20 02:00:00,,,,,,,,,,,,,,,,,
2023-07-20 03:00:00,,,,,,,,,,,,,,,,,
2023-07-20 04:00:00,,,,,,,,,,,,,,,,,
2023-07-20 05:00:00,,,,,,,,,,,,,,,,,
2023-07-20 06:00:00,,,,,,,,,,,,,,,,,
2023-07-20 07:00:00,,,,,,,,,,,,,,,,,
2023-07-20 08:00:00,,,,,,,,,,,,,,,,,
2023-07-20 09:00:00,,,,,,,,,,,,,,,,,
2023-07-20 10:00:00,,,,,,,,,,,,,,,,,
2023-07-20 11:00:00,,,,,,,,,,,,,,,,,
2023-07-20 12:00:00,,,,,,,,,,,,,,,,,
2023-07-20 13:00:00,,,,,,,,,,,,,,,,,
2023-07-20 14:00:00,,,,,,,,,,,,,,,,,
2023-07-20 15:00:00,,,,,,,,,,,,,,,,,
2023-07-20 16:00:00,,,,,,,,,,,,,,,,,
2023-07-20 17:00:00,,,,,,,,,,,,,,,,,
2023-07-20 18:00:00,,,,,,,,,,,,,,,,,
2023-07-20 19:00:00,,,,,,,,,,,,,,,,,
2023-07-20 20:00:00,,,,,,,,,,,,,,,,,
2023-07-20 21:00:00,,,,,,,,,,,,,,,,,
2023-07-20 22:00:00,,,,,,,,,,,,,,,,,
2023-07-20 23:00:00,,,,,,,,,,,,,,,,,
2023-07-21 00:00:00,,,,,,,,,,,,,,,,,
2023-07-21 01:00:00,,,,,,,,,,,,,,,,,
2023-07-21 02:00:00,,,,,,,,,,,,,,,,,
2023-07-21 03:00:00,,,,,,,,,,,,,,,,,
2023-07-21 04:00:00,,,,,,,,,,,,,,,,,
2023-07-21 05:00:00,,,,,,,,,,,,,,,,,
2023-07-21 06:00:00,,,,,,,,,,,,,,,,,
2023-07-21 07:00:00,,,,,,,,,,,,,,,,,
2023-07-21 08:00:00,,,,,,,,,,,,,,,,,
2023-07-21 09:00:00,,,,,,,,,,,,,,,,,
2023-07-21 10:00:00,,,,,,,,,,,,,,,,,
2023-07-21 11:00:00,,,,,,,,,,,,,,,,,
2023-07-21 12:00:00,,,,,,,,,,,,,,,,,
2023-07-21 13:00:00,,,,,,,,,,,,,,,,,
2023-07-21 14:00:00,,,,,,,,,,,,,,,,,
2023-07-21 15:00:00,,,,,,,,,,,,,,,,,
2023-07-21 16:00:00,,,,,,,,,,,,,,,,,
2023-07-21 17:00:00,,,,,,,,,,,,,,,,,
2023-07-21 18:00:00,,,,,,,,,,,,,,,,,
2023-07-21 19:00:00,,,,,,,,,,,,,,,,,
2023-07-21 20:00:00,,,,,,,,,,,,,,,,,
2023-07-21 21:00:00,,,,,,,,,,,,,,,,,
2023-07-21 22:00:00,,,,,,,,,,,,,,,,,
2023-07-21 23:00:00,,,,,,,,,,,,,,,,,
2023-07-22 00:00:00,,,,,,,,,,,,,,,,,
2023-07-22 01:00:00,,,,,,,,,,,,,,,,,
2023-07-22 02:00:00,,,,,,,,,,,,,,,,,
2023-07-22 03:00:00,,,,,,,,,,,,,,,,,
2023-07-22 04:00:00,,,,,,,,,,,,,,,,,
2023-07-22 05:00:00,,,,,,,,,,,,,,,,,
2023-07-22 06:00:00,,,,,,,,,,,,,,,,,
2023-07-22 07:00:00,,,,,,,,,,,,,,,,,
2023-07-22 08:00:00,,,,,,,,,,,,,,,,,
2023-07-22 09:00:00,,,,,,,,,,,,,,,,,
2023-07-22 10:00:00,,,,,,,,,,,,,,,,,
2023-07-22 11:00:00,,,,,,,,,,,,,,,,,
2023-07-22 12:00:00,,,,,,,,,,,,,,,,,
2023-07-22 13:00:00,,,,,,,,,,,,,,,,,
2023-07-22 14:00:00,,,,,,,,,,,,,,,,,
2023-07-22 15:00:00,,,,,,,,,,,,,,,,,
2023-07-22 16:00:00,,,,,,,,,,,,,,,,,
2023-07-22 17:00:00,,,,,,,,,,,,,,,,,
2023-07-22 18:00:00,,,,,,,,,,,,,,,,,
2023-07-22 19:00:00,,,,,,,,,,,,,,,,,
2023-07-22 20:00:00,,,,,,,,,,,,,,,,,
2023-07-22 21:00:00,,,,,,,,,,,,,,,,,
2023-07-22 22:00:00,,,,,,,,,,,,,,,,,
2023-07-22 23:00:00,,,,,,,,,,,,,,,,,
2023-07-23 00:00:00,,,,,,,,,,,,,,,,,
2023-07-23 01:00:00,,,,,,,,,,,,,,,,,
2023-07-23 02:00:00,,,,,,,,,,,,,,,,,
2023-07-23 03:00:00,,,,,,,,,,,,,,,,,
2023-07-23 04:00:00,,,,,,,,,,,,,,,,,
2023-07-23 05:00:00,,,,,,,,,,,,,,,,,
2023-07-23 06:00:00,,,,,,,,,,,,,,,,,
2023-07-23 07:00:00,,,,,,,,,,,,,,,,,
2023-07-23 08:00:00,,,,,,,,,,,,,,,,,
2023-07-23 09:00:00,,,,,,,,,,,,,,,,,
2023-07-23 10:00:00,,,,,,,,,,,,,,,,,
2023-07-23 11:00:00,,,,,,,,,,,,,,,,,
2023-07-23 12:00:00,,,,,,,,,,,,,,,,,
2023-07-23 13:00:00,,,,,,,,,,,,,,,,,
2023-07-23 14:00:00,,,,,,,,,,,,,,,,,
2023-07-23 15:00:00,,,,,,,,,,,,,,,,,
2023-07-23 16:00:00,,,,,,,,,,,,,,,,,
2023-07-23 17:00:00,,,,,,,,,,,,,,,,,
2023-07-23 18:00:00,,,,,,,,,,,,,,,,,
2023-07-23 19:00:00,,,,,,,,,,,,,,,,,
2023-07-23 20:00:00,,,,,,,,,,,,,,,,,
2023-07-23 21:00:00,,,,,,,,,,,,,,,,,
2023-07-23 22:00:00,,,,,,,,,,,,,,,,,
2023-07-23 23:00:00,,,,,,,,,,,,,,,,,
2023-07-24 00:00:00,,,,,,,,,,,,,,,,,
2023-07-24 01:00:00,,,,,,,,,,,,,,,,,
2023-07-24 02:00:00,,,,,,,,,,,,,,,,,
2023-07-24 03:00:00,,,,,,,,,,,,,,,,,
2023-07-24 04:00:00,,,,,,,,,,,,,,,,,
2023-07-24 05:00:00,,,,,,,,,,,,,,,,,
2023-07-24 06:00:00,,,,,,,,,,,,,,,,,
2023-07-24 07:00:00,,,,,,,,,,,,,,,,,
2023-07-24 08:00:00,,,,,,,,,,,,,,,,,
2023-07-24 09:00:00,,,,,,,,,,,,,,,,,
2023-07-24 10:00:00,,,,,,,,,,,,,,,,,
2023-07-24 11:00:00,,,,,,,,,,,,,,,,,
2023-07-24 12:00:00,,,,,,,,,,,,,,,,,
2023-07-24 13:00:00,,,,,,,,,,,,,,,,,
2023-07-24 14:00:00,,,,,,,,,,,,,,,,,
2023-07-24 15:00:00,,,,,,,,,,,,,,,,,
2023-07-24 16:00:00,,,,,,,,,,,,,,,,,
2023-07-24 17:00:00,,,,,,,,,,,,,,,,,
2023-07-24 18:00:00,,,,,,,,,,,,,,,,,
2023-07-24 19:00:00,,,,,,,,,,,,,,,,,
2023-07-24 20:00:00,,,,,,,,,,,,,,,,,
2023-07-24 21:00:00,,,,,,,,,,,,,,,,,
2023-07-24 22:00:00,,,,,,,,,,,,,,,,,
2023-07-24 23:00:00,,,,,,,,,,,,,,,,,
2023-07-25 00:00:00,,,,,,,,,,,,,,,,,
2023-07-25 01:00:00,,,,,,,,,,,,,,,,,
2023-07-25 02:00:00,,,,,,,,,,,,,,,,,
2023-07-25 03:00:00,,,,,,,,,,,,,,,,,
2023-07-25 04:00:00,,,,,,,,,,,,,,,,,
2023-07-25 05:00:00,,,,,,,,,,,,,,,,,
2023-07-25 06:00:00,,,,,,,,,,,,,,,,,
2023-07-25 07:00:00,,,,,,,,,,,,,,,,,
2023-07-25 08:00:00,,,,,,,,,,,,,,,,,
2023-07-25 09:00:00,,,,,,,,,,,,,,,,,
2023-07-25 10:00:00,,,,,,,,,,,,,,,,,
2023-07-25 11:00:00,,,,,,,,,,,,,,,,,
2023-07-25 12:00:00,,,,,,,,,,,,,,,,,
2023-07-25 13:00:00,,,,,,,,,,,,,,,,,
2023-07-25 14:00:00,,,,,,,,,,,,,,,,,
2023-07-25 15:00:00,,,,,,,,,,,,,,,,,
2023-07-25 16:00:00,,,,,,,,,,,,,,,,,
2023-07-25 17:00:00,,,,,,,,,,,,,,,,,
2023-07-25 18:00:00,,,,,,,,,,,,,,,,,
2023-07-25 19:00:00,,,,,,,,,,,,,,,,,
2023-07-25 20:00:00,,,,,,,,,,,,,,,,,
2023-07-25 21:00:00,,,,,,,,,,,,,,,,,
2023-07-25 22:00:00,,,,,,,,,,,,,,,,,
2023-07-25 23:00:00,,,,,,,,,,,,,,,,,
2023-07-26 00:00:00,,,,,,,,,,,,,,,,,
2023-07-26 01:00:00,,,,,,,,,,,,,,,,,
2023-07-26 02:00:00,,,,,,,,,,,,,,,,,
2023-07-26 03:00:00,,,,,,,,,,,,,,,,,
2023-07-26 04:00:00,,,,,,,,,,,,,,,,,
2023-07-26 05:00:00,,,,,,,,,,,,,,,,,
2023-07-26 06:00:00,,,,,,,,,,,,,,,,,
2023-07-26 07:00:00,,,,,,,,,,,,,,,,,
2023-07-26 08:00:00,,,,,,,,,,,,,,,,,
2023-07-26 09:00:00,,,,,,,,,,,,,,,,,
2023-07-26 10:00:00,,,,,,,,,,,,,,,,,
2023-07-26 11:00:00,,,,,,,,,,,,,,,,,
2023-07-26 12:00:00,,,,,,,,,,,,,,,,,
2023-07-26 13:00:00,,,,,,,,,,,,,,,,,
2023-07-26 14:00:00,,,,,,,,,,,,,,,,,
2023-07-26 15:00:00,,,,,,,,,,,,,,,,,
2023-07-26 16:00:00,,,,,,,,,,,,,,,,,
2023-07-26 17:00:00,,,,,,,,,,,,,,,,,
2023-07-26 18:00:00,,,,,,,,,,,,,,,,,
2023-07-26 19:00:00,,,,,,,,,,,,,,,,,
2023-07-26 20:00:00,,,,,,,,,,,,,,,,,
2023-07-26 21:00:00,,,,,,,,,,,,,,,,,
2023-07-26 22:00:00,,,,,,,,,,,,,,,,,
2023-07-26 23:00:00,,,,,,,,,,,,,,,,,
2023-07-27 00:00:00,,,,,,,,,,,,,,,,,
2023-07-27 01:00:00,,,,,,,,,,,,,,,,,
2023-07-27 02:00:00,,,,,,,,,,,,,,,,,
2023-07-27 03:00:00,,,,,,,,,,,,,,,,,
2023-07-27 04:00:00,,,,,,,,,,,,,,,,,
2023-07-27 05:00:00,,,,,,,,,,,,,,,,,
2023-07-27 06:00:00,,,,,,,,,,,,,,,,,
2023-07-27 07:00:00,,,,,,,,,,,,,,,,,
2023-07-27 08:00:00,,,,,,,,,,,,,,,,,
2023-07-27 09:00:00,,,,,,,,,,,,,,,,,
2023-07-27 10:00:00,,,,,,,,,,,,,,,,,
2023-07-27 11:00:00,,,,,,,,,,,,,,,,,
2023-07-27 12:00:00,,,,,,,,,,,,,,,,,
2023-07-27 13:00:00,,,,,,,,,,,,,,,,,
2023-07-27 14:00:00,,,,,,,,,,,,,,,,,
2023-07-27 15:00:00,,,,,,,,,,,,,,,,,
2023-07-27 16:00:00,,,,,,,,,,,,,,,,,
2023-07-27 17:00:00,,,,,,,,,,,,,,,,,
2023-07-27 18:00:00,,,,,,,,,,,,,,,,,
2023-07-27 19:00:00,,,,,,,,,,,,,,,,,
2023-07-27 20:00:00,,,,,,,,,,,,,,,,,
2023-07-27 21:00:00,,,,,,,,,,,,,,,,,
2023-07-27 22:00:00,,,,,,,,,,,,,,,,,
2023-07-27 23:00:00,,,,,,,,,,,,,,,,,
2023-07-28 00:00:00,,,,,,,,,,,,,,,,,
2023-07-28 01:00:00,,,,,,,,,,,,,,,,,
2023-07-28 02:00:00,,,,,,,,,,,,,,,,,
2023-07-28 03:00:00,,,,,,,,,,,,,,,,,
2023-07-28 04:00:00,,,,,,,,,,,,,,,,,
2023-07-28 05:00:00,,,,,,,,,,,,,,,,,
2023-07-28 06:00:00,,,,,,,,,,,,,,,,,
2023-07-28 07:00:00,,,,,,,,,,,,,,,,,
2023-07-28 08:00:00,,,,,,,,,,,,,,,,,
2023-07-28 09:00:00,,,,,,,,,,,,,,,,,
2023-07-28 10:00:00,,,,,,,,,,,,,,,,,
2023-07-28 11:00:00,,,,,,,,,,,,,,,,,
2023-07-28 12:00:00,,,,,,,,,,,,,,,,,
2023-07-28 13:00:00,,,,,,,,,,,,,,,,,
2023-07-28 14:00:00,,,,,,,,,,,,,,,,,
2023-07-28 15:00:00,,,,,,,,,,,,,,,,,
2023-07-28 16:00:00,,,,,,,,,,,,,,,,,
2023-07-28 17:00:00,,,,,,,,,,,,,,,,,
2023-07-28 18:00:00,,,,,,,,,,,,,,,,,
2023-07-28 19:00:00,,,,,,,,,,,,,,,,,
2023-07-28 20:00:00,,,,,,,,,,,,,,,,,
2023-07-28 21:00:00,,,,,,,,,,,,,,,,,
2023-07-28 22:00:00,,,,,,,,,,,,,,,,,
2023-07-28 23:00:00,,,,,,,,,,,,,,,,,
2023-07-29 00:00:00,,,,,,,,,,,,,,,,,
2023-07-29 01:00:00,,,,,,,,,,,,,,,,,
2023-07-29 02:00:00,,,,,,,,,,,,,,,,,
2023-07-29 03:00:00,,,,,,,,,,,,,,,,,
2023-07-29 04:00:00,,,,,,,,,,,,,,,,,
2023-07-29 05:00:00,,,,,,,,,,,,,,,,,
2023-07-29 06:00:00,,,,,,,,,,,,,,,,,
2023-07-29 07:00:00,,,,,,,,,,,,,,,,,
2023-07-29 08:00:00,,,,,,,,,,,,,,,,,
2023-07-29 09:00:00,,,,,,,,,,,,,,,,,
2023-07-29 10:00:00,,,,,,,,,,,,,,,,,
2023-07-29 11:00:00,,,,,,,,,,,,,,,,,
2023-07-29 12:00:00,,,,,,,,,,,,,,,,,
2023-07-29 13:00:00,,,,,,,,,,,,,,,,,
2023-07-29 14:00:00,,,,,,,,,,,,,,,,,
2023-07-29 15:00:00,,,,,,,,,,,,,,,,,
2023-07-29 16:00:00,,,,,,,,,,,,,,,,,
2023-07-29 17:00:00,,,,,,,,,,,,,,,,,
2023-07-29 18:00:00,,,,,,,,,,,,,,,,,
2023-07-29 19:00:00,,,,,,,,,,,,,,,,,
2023-07-29 20:00:00,,,,,,,,,,,,,,,,,
2023-07-29 21:00:00,,,,,,,,,,,,,,,,,
2023-07-29 22:00:00,,,,,,,,,,,,,,,,,
2023-07-29 23:00:00,,,,,,,,,,,,,,,,,
2023-07-30 00:00:00,,,,,,,,,,,,,,,,,
2023-07-30 01:00:00,,,,,,,,,,,,,,,,,
2023-07-30 02:00:00,,,,,,,,,,,,,,,,,
2023-07-30 03:00:00,,,,,,,,,,,,,,,,,
2023-07-30 04:00:00,,,,,,,,,,,,,,,,,
2023-07-30 05:00:00,,,,,,,,,,,,,,,,,
2023-07-30 06:00:00,,,,,,,,,,,,,,,,,
2023-07-30 07:00:00,,,,,,,,,,,,,,,,,
2023-07-30 08:00:00,,,,,,,,,,,,,,,,,
2023-07-30 09:00:00,,,,,,,,,,,,,,,,,
2023-07-30 10:00:00,,,,,,,,,,,,,,,,,
2023-07-30 11:00:00,,,,,,,,,,,,,,,,,
2023-07-30 12:00:00,,,,,,,,,,,,,,,,,
2023-07-30 13:00:00,,,,,,,,,,,,,,,,,
2023-07-30 14:00:00,,,,,,,,,,,,,,,,,
2023-07-30 15:00:00,,,,,,,,,,,,,,,,,
2023-07-30 16:00:00,,,,,,,,,,,,,,,,,
2023-07-30 17:00:00,,,,,,,,,,,,,,,,,
2023-07-30 18:00:00,,,,,,,,,,,,,,,,,
2023-07-30 19:00:00,,,,,,,,,,,,,,,,,
2023-07-30 20:00:00,,,,,,,,,,,,,,,,,
2023-07-30 21:00:00,,,,,,,,,,,,,,,,,
2023-07-30 22:00:00,,,,,,,,,,,,,,,,,
2023-07-30 23:00:00,,,,,,,,,,,,,,,,,
2023-07-31 00:00:00,,,,,,,,,,,,,,,,,
2023-07-31 01:00:00,,,,,,,,,,,,,,,,,
2023-07-31 02:00:00,,,,,,,,,,,,,,,,,
2023-07-31 03:00:00,,,,,,,,,,,,,,,,,
2023-07-31 04:00:00,,,,,,,,,,,,,,,,,
2023-07-31 05:00:00,,,,,,,,,,,,,,,,,
2023-07-31 06:00:00,,,,,,,,,,,,,,,,,
2023-07-31 07:00:00,,,,,,,,,,,,,,,,,
2023-07-31 08:00:00,,,,,,,,,,,,,,,,,
2023-07-31 09:00:00,,,,,,,,,,,,,,,,,
2023-07-31 10:00:00,,,,,,,,,,,,,,,,,
2023-07-31 11:00:00,,,,,,,,,,,,,,,,,
2023-07-31 12:00:00,,,,,,,,,,,,,,,,,
2023-07-31 13:00:00,,,,,,,,,,,,,,,,,
2023-07-31 14:00:00,,,,,,,,,,,,,,,,,
2023-07-31 15:00:00,,,,,,,,,,,,,,,,,
2023-07-31 16:00:00,,,,,,,,,,,,,,,,,
2023-07-31 17:00:00,,,,,,,,,,,,,,,,,
2023-07-31 18:00:00,,,,,,,,,,,,,,,,,
2023-07-31 19:00:00,,,,,,,,,,,,,,,,,
2023-07-31 20:00:00,,,,,,,,,,,,,,,,,
2023-07-31 21:00:00,,,,,,,,,,,,,,,,,
2023-07-31 22:00:00,,,,,,,,,,,,,,,,,
2023-07-31 23:00:00,,,,,,,,,,,,,,,,,
2023-08-01 00:00:00,,,,,,,,,,,,,,,,,
2023-08-01 01:00:00,,,,,,,,,,,,,,,,,
2023-08-01 02:00:00,,,,,,,,,,,,,,,,,
2023-08-01 03:00:00,,,,,,,,,,,,,,,,,
2023-08-01 04:00:00,,,,,,,,,,,,,,,,,
2023-08-01 05:00:00,,,,,,,,,,,,,,,,,
2023-08-01 06:00:00,,,,,,,,,,,,,,,,,
2023-08-01 07:00:00,,,,,,,,,,,,,,,,,
2023-08-01 08:00:00,,,,,,,,,,,,,,,,,
2023-08-01 09:00:00,,,,,,,,,,,,,,,,,
2023-08-01 10:00:00,,,,,,,,,,,,,,,,,
2023-08-01 11:00:00,,,,,,,,,,,,,,,,,
2023-08-01 12:00:00,,,,,,,,,,,,,,,,,
2023-08-01 13:00:00,,,,,,,,,,,,,,,,,
2023-08-01 14:00:00,,,,,,,,,,,,,,,,,
2023-08-01 15:00:00,,,,,,,,,,,,,,,,,
2023-08-01 16:00:00,,,,,,,,,,,,,,,,,
2023-08-01 17:00:00,,,,,,,,,,,,,,,,,
2023-08-01 18:00:00,,,,,,,,,,,,,,,,,
2023-08-01 19:00:00,,,,,,,,,,,,,,,,,
2023-08-01 20:00:00,,,,,,,,,,,,,,,,,
2023-08-01 21:00:00,,,,,,,,,,,,,,,,,
2023-08-01 22:00:00,,,,,,,,,,,,,,,,,
2023-08-01 23:00:00,,,,,,,,,,,,,,,,,
2023-08-02 00:00:00,,,,,,,,,,,,,,,,,
2023-08-02 01:00:00,,,,,,,,,,,,,,,,,
2023-08-02 02:00:00,,,,,,,,,,,,,,,,,
2023-08-02 03:00:00,,,,,,,,,,,,,,,,,
2023-08-02 04:00:00,,,,,,,,,,,,,,,,,
2023-08-02 05:00:00,,,,,,,,,,,,,,,,,
2023-08-02 06:00:00,,,,,,,,,,,,,,,,,
2023-08-02 07:00:00,,,,,,,,,,,,,,,,,
2023-08-02 08:00:00,,,,,,,,,,,,,,,,,
2023-08-02 09:00:00,,,,,,,,,,,,,,,,,
2023-08-02 10:00:00,,,,,,,,,,,,,,,,,
2023-08-02 11:00:00,,,,,,,,,,,,,,,,,
2023-08-02 12:00:00,,,,,,,,,,,,,,,,,
2023-08-02 13:00:00,,,,,,,,,,,,,,,,,
2023-08-02 14:00:00,,,,,,,,,,,,,,,,,
2023-08-02 15:00:00,,,,,,,,,,,,,,,,,
2023-08-02 16:00:00,,,,,,,,,,,,,,,,,
2023-08-02 17:00:00,,,,,,,,,,,,,,,,,
2023-08-02 18:00:00,,,,,,,,,,,,,,,,,
2023-08-02 19:00:00,,,,,,,,,,,,,,,,,
2023-08-02 20:00:00,,,,,,,,,,,,,,,,,
2023-08-02 21:00:00,,,,,,,,,,,,,,,,,
2023-08-02 22:00:00,,,,,,,,,,,,,,,,,
2023-08-02 23:00:00,,,,,,,,,,,,,,,,,
2023-08-03 00:00:00,,,,,,,,,,,,,,,,,
2023-08-03 01:00:00,,,,,,,,,,,,,,,,,
2023-08-03 02:00:00,,,,,,,,,,,,,,,,,
2023-08-03 03:00:00,,,,,,,,,,,,,,,,,
2023-08-03 04:00:00,,,,,,,,,,,,,,,,,
2023-08-03 05:00:00,,,,,,,,,,,,,,,,,
2023-08-03 06:00:00,,,,,,,,,,,,,,,,,
2023-08-03 07:00:00,,,,,,,,,,,,,,,,,
2023-08-03 08:00:00,,,,,,,,,,,,,,,,,
2023-08-03 09:00:00,,,,,,,,,,,,,,,,,
2023-08-03 10:00:00,,,,,,,,,,,,,,,,,
2023-08-03 11:00:00,,,,,,,,,,,,,,,,,
2023-08-03 12:00:00,,,,,,,,,,,,,,,,,
2023-08-03 13:00:00,,,,,,,,,,,,,,,,,
2023-08-03 14:00:00,,,,,,,,,,,,,,,,,
2023-08-03 15:00:00,,,,,,,,,,,,,,,,,
2023-08-03 16:00:00,,,,,,,,,,,,,,,,,
2023-08-03 17:00:00,,,,,,,,,,,,,,,,,
2023-08-03 18:00:00,,,,,,,,,,,,,,,,,
2023-08-03 19:00:00,,,,,,,,,,,,,,,,,
2023-08-03 20:00:00,,,,,,,,,,,,,,,,,
2023-08-03 21:00:00,,,,,,,,,,,,,,,,,
2023-08-03 22:00:00,,,,,,,,,,,,,,,,,
2023-08-03 23:00:00,,,,,,,,,,,,,,,,,
2023-08-04 00:00:00,,,,,,,,,,,,,,,,,
2023-08-04 01:00:00,,,,,,,,,,,,,,,,,
2023-08-04 02:00:00,,,,,,,,,,,,,,,,,
2023-08-04 03:00:00,,,,,,,,,,,,,,,,,
2023-08-04 04:00:00,,,,,,,,,,,,,,,,,
2023-08-04 05:00:00,,,,,,,,,,,,,,,,,
2023-08-04 06:00:00,,,,,,,,,,,,,,,,,
2023-08-04 07:00:00,,,,,,,,,,,,,,,,,
2023-08-04 08:00:00,,,,,,,,,,,,,,,,,
2023-08-04 09:00:00,,,,,,,,,,,,,,,,,
2023-08-04 10:00:00,,,,,,,,,,,,,,,,,
2023-08-04 11:00:00,,,,,,,,,,,,,,,,,
2023-08-04 12:00:00,,,,,,,,,,,,,,,,,
2023-08-04 13:00:00,,,,,,,,,,,,,,,,,
2023-08-04 14:00:00,,,,,,,,,,,,,,,,,
2023-08-04 15:00:00,,,,,,,,,,,,,,,,,
2023-08-04 16:00:00,,,,,,,,,,,,,,,,,
2023-08-04 17:00:00,,,,,,,,,,,,,,,,,
2023-08-04 18:00:00,,,,,,,,,,,,,,,,,
2023-08-04 19:00:00,,,,,,,,,,,,,,,,,
2023-08-04 20:00:00,,,,,,,,,,,,,,,,,
2023-08-04 21:00:00,,,,,,,,,,,,,,,,,
2023-08-04 22:00:00,,,,,,,,,,,,,,,,,
2023-08-04 23:00:00,,,,,,,,,,,,,,,,,
2023-08-05 00:00:00,,,,,,,,,,,,,,,,,
2023-08-05 01:00:00,,,,,,,,,,,,,,,,,
2023-08-05 02:00:00,,,,,,,,,,,,,,,,,
2023-08-05 03:00:00,,,,,,,,,,,,,,,,,
2023-08-05 04:00:00,,,,,,,,,,,,,,,,,
2023-08-05 05:00:00,,,,,,,,,,,,,,,,,
2023-08-05 06:00:00,,,,,,,,,,,,,,,,,
2023-08-05 07:00:00,,,,,,,,,,,,,,,,,
2023-08-05 08:00:00,,,,,,,,,,,,,,,,,
2023-08-05 09:00:00,,,,,,,,,,,,,,,,,
2023-08-05 10:00:00,,,,,,,,,,,,,,,,,
2023-08-05 11:00:00,,,,,,,,,,,,,,,,,
2023-08-05 12:00:00,,,,,,,,,,,,,,,,,
2023-08-05 13:00:00,,,,,,,,,,,,,,,,,
2023-08-05 14:00:00,,,,,,,,,,,,,,,,,
2023-08-05 15:00:00,,,,,,,,,,,,,,,,,
2023-08-05 16:00:00,,,,,,,,,,,,,,,,,
2023-08-05 17:00:00,,,,,,,,,,,,,,,,,
2023-08-05 18:00:00,,,,,,,,,,,,,,,,,
2023-08-05 19:00:00,,,,,,,,,,,,,,,,,
2023-08-05 20:00:00,,,,,,,,,,,,,,,,,
2023-08-05 21:00:00,,,,,,,,,,,,,,,,,
2023-08-05 22:00:00,,,,,,,,,,,,,,,,,
2023-08-05 23:00:00,,,,,,,,,,,,,,,,,
2023-08-06 00:00:00,,,,,,,,,,,,,,,,,
2023-08-06 01:00:00,,,,,,,,,,,,,,,,,
2023-08-06 02:00:00,,,,,,,,,,,,,,,,,
2023-08-06 03:00:00,,,,,,,,,,,,,,,,,
2023-08-06 04:00:00,,,,,,,,,,,,,,,,,
2023-08-06 05:00:00,,,,,,,,,,,,,,,,,
2023-08-06 06:00:00,,,,,,,,,,,,,,,,,
2023-08-06 07:00:00,,,,,,,,,,,,,,,,,
2023-08-06 08:00:00,,,,,,,,,,,,,,,,,
2023-08-06 09:00:00,,,,,,,,,,,,,,,,,
2023-08-06 10:00:00,,,,,,,,,,,,,,,,,
2023-08-06 11:00:00,,,,,,,,,,,,,,,,,
2023-08-06 12:00:00,,,,,,,,,,,,,,,,,
2023-08-06 13:00:00,,,,,,,,,,,,,,,,,
2023-08-06 14:00:00,,,,,,,,,,,,,,,,,
2023-08-06 15:00:00,,,,,,,,,,,,,,,,,
2023-08-06 16:00:00,,,,,,,,,,,,,,,,,
2023-08-06 17:00:00,,,,,,,,,,,,,,,,,
2023-08-06 18:00:00,,,,,,,,,,,,,,,,,
2023-08-06 19:00:00,,,,,,,,,,,,,,,,,
2023-08-06 20:00:00,,,,,,,,,,,,,,,,,
2023-08-06 21:00:00,,,,,,,,,,,,,,,,,
2023-08-06 22:00:00,,,,,,,,,,,,,,,,,
2023-08-06 23:00:00,,,,,,,,,,,,,,,,,
2023-08-07 00:00:00,,,,,,,,,,,,,,,,,
2023-08-07 01:00:00,,,,,,,,,,,,,,,,,
2023-08-07 02:00:00,,,,,,,,,,,,,,,,,
2023-08-07 03:00:00,,,,,,,,,,,,,,,,,
2023-08-07 04:00:00,,,,,,,,,,,,,,,,,
2023-08-07 05:00:00,,,,,,,,,,,,,,,,,
2023-08-07 06:00:00,,,,,,,,,,,,,,,,,
2023-08-07 07:00:00,,,,,,,,,,,,,,,,,
2023-08-07 08:00:00,,,,,,,,,,,,,,,,,
2023-08-07 09:00:00,,,,,,,,,,,,,,,,,
2023-08-07 10:00:00,,,,,,,,,,,,,,,,,
2023-08-07 11:00:00,,,,,,,,,,,,,,,,,
2023-08-07 12:00:00,,,,,,,,,,,,,,,,,
2023-08-07 13:00:00,,,,,,,,,,,,,,,,,
2023-08-07 14:00:00,,,,,,,,,,,,,,,,,
2023-08-07 15:00:00,,,,,,,,,,,,,,,,,
2023-08-07 16:00:00,,,,,,,,,,,,,,,,,
2023-08-07 17:00:00,,,,,,,,,,,,,,,,,
2023-08-07 18:00:00,,,,,,,,,,,,,,,,,
2023-08-07 19:00:00,,,,,,,,,,,,,,,,,
2023-08-07 20:00:00,,,,,,,,,,,,,,,,,
2023-08-07 21:00:00,,,,,,,,,,,,,,,,,
2023-08-07 22:00:00,,,,,,,,,,,,,,,,,
2023-08-07 23:00:00,,,,,,,,,,,,,,,,,
2023-08-08 00:00:00,,,,,,,,,,,,,,,,,
2023-08-08 01:00:00,,,,,,,,,,,,,,,,,
2023-08-08 02:00:00,,,,,,,,,,,,,,,,,
2023-08-08 03:00:00,,,,,,,,,,,,,,,,,
2023-08-08 04:00:00,,,,,,,,,,,,,,,,,
2023-08-08 05:00:00,,,,,,,,,,,,,,,,,
2023-08-08 06:00:00,,,,,,,,,,,,,,,,,
2023-08-08 07:00:00,,,,,,,,,,,,,,,,,
2023-08-08 08:00:00,,,,,,,,,,,,,,,,,
2023-08-08 09:00:00,,,,,,,,,,,,,,,,,
2023-08-08 10:00:00,,,,,,,,,,,,,,,,,
2023-08-08 11:00:00,,,,,,,,,,,,,,,,,
2023-08-08 12:00:00,,,,,,,,,,,,,,,,,
2023-08-08 13:00:00,,,,,,,,,,,,,,,,,
2023-08-08 14:00:00,,,,,,,,,,,,,,,,,
2023-08-08 15:00:00,,,,,,,,,,,,,,,,,
2023-08-08 16:00:00,,,,,,,,,,,,,,,,,
2023-08-08 17:00:00,,,,,,,,,,,,,,,,,
2023-08-08 18:00:00,,,,,,,,,,,,,,,,,
2023-08-08 19:00:00,,,,,,,,,,,,,,,,,
2023-08-08 20:00:00,,,,,,,,,,,,,,,,,
2023-08-08 21:00:00,,,,,,,,,,,,,,,,,
2023-08-08 22:00:00,,,,,,,,,,,,,,,,,
2023-08-08 23:00:00,,,,,,,,,,,,,,,,,
2023-08-09 00:00:00,,,,,,,,,,,,,,,,,
2023-08-09 01:00:00,,,,,,,,,,,,,,,,,
2023-08-09 02:00:00,,,,,,,,,,,,,,,,,
2023-08-09 03:00:00,,,,,,,,,,,,,,,,,
2023-08-09 04:00:00,,,,,,,,,,,,,,,,,
2023-08-09 05:00:00,,,,,,,,,,,,,,,,,
2023-08-09 06:00:00,,,,,,,,,,,,,,,,,
2023-08-09 07:00:00,,,,,,,,,,,,,,,,,
2023-08-09 08:00:00,,,,,,,,,,,,,,,,,
2023-08-09 09:00:00,,,,,,,,,,,,,,,,,
2023-08-09 10:00:00,,,,,,,,,,,,,,,,,
2023-08-09 11:00:00,,,,,,,,,,,,,,,,,
2023-08-09 12:00:00,,,,,,,,,,,,,,,,,
2023-08-09 13:00:00,,,,,,,,,,,,,,,,,
2023-08-09 14:00:00,,,,,,,,,,,,,,,,,
2023-08-09 15:00:00,,,,,,,,,,,,,,,,,
2023-08-09 16:00:00,,,,,,,,,,,,,,,,,
2023-08-09 17:00:00,,,,,,,,,,,,,,,,,
2023-08-09 18:00:00,,,,,,,,,,,,,,,,,
2023-08-09 19:00:00,,,,,,,,,,,,,,,,,
2023-08-09 20:00:00,,,,,,,,,,,,,,,,,
2023-08-09 21:00:00,,,,,,,,,,,,,,,,,
2023-08-09 22:00:00,,,,,,,,,,,,,,,,,
2023-08-09 23:00:00,,,,,,,,,,,,,,,,,
2023-08-10 00:00:00,,,,,,,,,,,,,,,,,
2023-08-10 01:00:00,,,,,,,,,,,,,,,,,
2023-08-10 02:00:00,,,,,,,,,,,,,,,,,
2023-08-10 03:00:00,,,,,,,,,,,,,,,,,
2023-08-10 04:00:00,,,,,,,,,,,,,,,,,
2023-08-10 05:00:00,,,,,,,,,,,,,,,,,
2023-08-10 06:00:00,,,,,,,,,,,,,,,,,
2023-08-10 07:00:00,,,,,,,,,,,,,,,,,
2023-08-10 08:00:00,,,,,,,,,,,,,,,,,
2023-08-10 09:00:00,,,,,,,,,,,,,,,,,
2023-08-10 10:00:00,,,,,,,,,,,,,,,,,
2023-08-10 11:00:00,,,,,,,,,,,,,,,,,
2023-08-10 12:00:00,,,,,,,,,,,,,,,,,
2023-08-10 13:00:00,,,,,,,,,,,,,,,,,
2023-08-10 14:00:00,,,,,,,,,,,,,,,,,
2023-08-10 15:00:00,,,,,,,,,,,,,,,,,
2023-08-10 16:00:00,,,,,,,,,,,,,,,,,
2023-08-10 17:00:00,,,,,,,,,,,,,,,,,
2023-08-10 18:00:00,,,,,,,,,,,,,,,,,
2023-08-10 19:00:00,,,,,,,,,,,,,,,,,
2023-08-10 20:00:00,,,,,,,,,,,,,,,,,
2023-08-10 21:00:00,,,,,,,,,,,,,,,,,
2023-08-10 22:00:00,,,,,,,,,,,,,,,,,
2023-08-10 23:00:00,,,,,,,,,,,,,,,,,
2023-08-11 00:00:00,,,,,,,,,,,,,,,,,
2023-08-11 01:00:00,,,,,,,,,,,,,,,,,
2023-08-11 02:00:00,,,,,,,,,,,,,,,,,
2023-08-11 03:00:00,,,,,,,,,,,,,,,,,
2023-08-11 04:00:00,,,,,,,,,,,,,,,,,
2023-08-11 05:00:00,,,,,,,,,,,,,,,,,
2023-08-11 06:00:00,,,,,,,,,,,,,,,,,
2023-08-11 07:00:00,,,,,,,,,,,,,,,,,
2023-08-11 08:00:00,,,,,,,,,,,,,,,,,
2023-08-11 09:00:00,,,,,,,,,,,,,,,,,
2023-08-11 10:00:00,,,,,,,,,,,,,,,,,
2023-08-11 11:00:00,,,,,,,,,,,,,,,,,
2023-08-11 12:00:00,,,,,,,,,,,,,,,,,
2023-08-11 13:00:00,,,,,,,,,,,,,,,,,
2023-08-11 14:00:00,,,,,,,,,,,,,,,,,
2023-08-11 15:00:00,,,,,,,,,,,,,,,,,
2023-08-11 16:00:00,,,,,,,,,,,,,,,,,
2023-08-11 17:00:00,,,,,,,,,,,,,,,,,
2023-08-11 18:00:00,,,,,,,,,,,,,,,,,
2023-08-11 19:00:00,,,,,,,,,,,,,,,,,
2023-08-11 20:00:00,,,,,,,,,,,,,,,,,
2023-08-11 21:00:00,,,,,,,,,,,,,,,,,
2023-08-11 22:00:00,,,,,,,,,,,,,,,,,
2023-08-11 23:00:00,,,,,,,,,,,,,,,,,
2023-08-12 00:00:00,,,,,,,,,,,,,,,,,
2023-08-12 01:00:00,,,,,,,,,,,,,,,,,
2023-08-12 02:00:00,,,,,,,,,,,,,,,,,
2023-08-12 03:00:00,,,,,,,,,,,,,,,,,
2023-08-12 04:00:00,,,,,,,,,,,,,,,,,
2023-08-12 05:00:00,,,,,,,,,,,,,,,,,
2023-08-12 06:00:00,,,,,,,,,,,,,,,,,
2023-08-12 07:00:00,,,,,,,,,,,,,,,,,
2023-08-12 08:00:00,,,,,,,,,,,,,,,,,
2023-08-12 09:00:00,,,,,,,,,,,,,,,,,
2023-08-12 10:00:00,,,,,,,,,,,,,,,,,
2023-08-12 11:00:00,,,,,,,,,,,,,,,,,
2023-08-12 12:00:00,,,,,,,,,,,,,,,,,
2023-08-12 13:00:00,,,,,,,,,,,,,,,,,
2023-08-12 14:00:00,,,,,,,,,,,,,,,,,
2023-08-12 15:00:00,,,,,,,,,,,,,,,,,
2023-08-12 16:00:00,,,,,,,,,,,,,,,,,
2023-08-12 17:00:00,,,,,,,,,,,,,,,,,
2023-08-12 18:00:00,,,,,,,,,,,,,,,,,
2023-08-12 19:00:00,,,,,,,,,,,,,,,,,
2023-08-12 20:00:00,,,,,,,,,,,,,,,,,
2023-08-12 21:00:00,,,,,,,,,,,,,,,,,
2023-08-12 22:00:00,,,,,,,,,,,,,,,,,
2023-08-12 23:00:00,,,,,,,,,,,,,,,,,
2023-08-13 00:00:00,,,,,,,,,,,,,,,,,
2023-08-13 01:00:00,,,,,,,,,,,,,,,,,
2023-08-13 02:00:00,,,,,,,,,,,,,,,,,
2023-08-13 03:00:00,,,,,,,,,,,,,,,,,
2023-08-13 04:00:00,,,,,,,,,,,,,,,,,
2023-08-13 05:00:00,,,,,,,,,,,,,,,,,
2023-08-13 06:00:00,,,,,,,,,,,,,,,,,
2023-08-13 07:00:00,,,,,,,,,,,,,,,,,
2023-08-13 08:00:00,,,,,,,,,,,,,,,,,
2023-08-13 09:00:00,,,,,,,,,,,,,,,,,
2023-08-13 10:00:00,,,,,,,,,,,,,,,,,
2023-08-13 11:00:00,,,,,,,,,,,,,,,,,
2023-08-13 12:00:00,,,,,,,,,,,,,,,,,
2023-08-13 13:00:00,,,,,,,,,,,,,,,,,
2023-08-13 14:00:00,,,,,,,,,,,,,,,,,
2023-08-13 15:00:00,,,,,,,,,,,,,,,,,
2023-08-13 16:00:00,,,,,,,,,,,,,,,,,
2023-08-13 17:00:00,,,,,,,,,,,,,,,,,
2023-08-13 18:00:00,,,,,,,,,,,,,,,,,
2023-08-13 19:00:00,,,,,,,,,,,,,,,,,
2023-08-13 20:00:00,,,,,,,,,,,,,,,,,
2023-08-13 21:00:00,,,,,,,,,,,,,,,,,
2023-08-13 22:00:00,,,,,,,,,,,,,,,,,
2023-08-13 23:00:00,,,,,,,,,,,,,,,,,
2023-08-14 00:00:00,,,,,,,,,,,,,,,,,
2023-08-14 01:00:00,,,,,,,,,,,,,,,,,
2023-08-14 02:00:00,,,,,,,,,,,,,,,,,
2023-08-14 03:00:00,,,,,,,,,,,,,,,,,
2023-08-14 04:00:00,,,,,,,,,,,,,,,,,
2023-08-14 05:00:00,,,,,,,,,,,,,,,,,
2023-08-14 06:00:00,,,,,,,,,,,,,,,,,
2023-08-14 07:00:00,,,,,,,,,,,,,,,,,
2023-08-14 08:00:00,,,,,,,,,,,,,,,,,
2023-08-14 09:00:00,,,,,,,,,,,,,,,,,
2023-08-14 10:00:00,,,,,,,,,,,,,,,,,
2023-08-14 11:00:00,,,,,,,,,,,,,,,,,
2023-08-14 12:00:00,,,,,,,,,,,,,,,,,
2023-08-14 13:00:00,,,,,,,,,,,,,,,,,
2023-08-14 14:00:00,,,,,,,,,,,,,,,,,
2023-08-14 15:00:00,,,,,,,,,,,,,,,,,
2023-08-14 16:00:00,,,,,,,,,,,,,,,,,
2023-08-14 17:00:00,,,,,,,,,,,,,,,,,
2023-08-14 18:00:00,,,,,,,,,,,,,,,,,
2023-08-14 19:00:00,,,,,,,,,,,,,,,,,
2023-08-14 20:00:00,,,,,,,,,,,,,,,,,
2023-08-14 21:00:00,,,,,,,,,,,,,,,,,
2023-08-14 22:00:00,,,,,,,,,,,,,,,,,
2023-08-14 23:00:00,,,,,,,,,,,,,,,,,
2023-08-15 00:00:00,,,,,,,,,,,,,,,,,
2023-08-15 01:00:00,,,,,,,,,,,,,,,,,
2023-08-15 02:00:00,,,,,,,,,,,,,,,,,
2023-08-15 03:00:00,,,,,,,,,,,,,,,,,
2023-08-15 04:00:00,,,,,,,,,,,,,,,,,
2023-08-15 05:00:00,,,,,,,,,,,,,,,,,
2023-08-15 06:00:00,,,,,,,,,,,,,,,,,
2023-08-15 07:00:00,,,,,,,,,,,,,,,,,
2023-08-15 08:00:00,,,,,,,,,,,,,,,,,
2023-08-15 09:00:00,,,,,,,,,,,,,,,,,
2023-08-15 10:00:00,,,,,,,,,,,,,,,,,
2023-08-15 11:00:00,,,,,,,,,,,,,,,,,
2023-08-15 12:00:00,,,,,,,,,,,,,,,,,
2023-08-15 13:00:00,,,,,,,,,,,,,,,,,
2023-08-15 14:00:00,,,,,,,,,,,,,,,,,
2023-08-15 15:00:00,,,,,,,,,,,,,,,,,
2023-08-15 16:00:00,,,,,,,,,,,,,,,,,
2023-08-15 17:00:00,,,,,,,,,,,,,,,,,
2023-08-15 18:00:00,,,,,,,,,,,,,,,,,
2023-08-15 19:00:00,,,,,,,,,,,,,,,,,
2023-08-15 20:00:00,,,,,,,,,,,,,,,,,
2023-08-15 21:00:00,,,,,,,,,,,,,,,,,
2023-08-15 22:00:00,,,,,,,,,,,,,,,,,
2023-08-15 23:00:00,,,,,,,,,,,,,,,,,
2023-08-16 00:00:00,,,,,,,,,,,,,,,,,
2023-08-16 01:00:00,,,,,,,,,,,,,,,,,
2023-08-16 02:00:00,,,,,,,,,,,,,,,,,
2023-08-16 03:00:00,,,,,,,,,,,,,,,,,
2023-08-16 04:00:00,,,,,,,,,,,,,,,,,
2023-08-16 05:00:00,,,,,,,,,,,,,,,,,
2023-08-16 06:00:00,,,,,,,,,,,,,,,,,
2023-08-16 07:00:00,,,,,,,,,,,,,,,,,
2023-08-16 08:00:00,,,,,,,,,,,,,,,,,
2023-08-16 09:00:00,,,,,,,,,,,,,,,,,
2023-08-16 10:00:00,,,,,,,,,,,,,,,,,
2023-08-16 11:00:00,,,,,,,,,,,,,,,,,
2023-08-16 12:00:00,,,,,,,,,,,,,,,,,
2023-08-16 13:00:00,,,,,,,,,,,,,,,,,
2023-08-16 14:00:00,,,,,,,,,,,,,,,,,
2023-08-16 15:00:00,,,,,,,,,,,,,,,,,
2023-08-16 16:00:00,,,,,,,,,,,,,,,,,
2023-08-16 17:00:00,,,,,,,,,,,,,,,,,
2023-08-16 18:00:00,,,,,,,,,,,,,,,,,
2023-08-16 19:00:00,,,,,,,,,,,,,,,,,
2023-08-16 20:00:00,,,,,,,,,,,,,,,,,
2023-08-16 21:00:00,,,,,,,,,,,,,,,,,
2023-08-16 22:00:00,,,,,,,,,,,,,,,,,
2023-08-16 23:00:00,,,,,,,,,,,,,,,,,
2023-08-17 00:00:00,,,,,,,,,,,,,,,,,
2023-08-17 01:00:00,,,,,,,,,,,,,,,,,
2023-08-17 02:00:00,,,,,,,,,,,,,,,,,
2023-08-17 03:00:00,,,,,,,,,,,,,,,,,
2023-08-17 04:00:00,,,,,,,,,,,,,,,,,
2023-08-17 05:00:00,,,,,,,,,,,,,,,,,
2023-08-17 06:00:00,,,,,,,,,,,,,,,,,
2023-08-17 07:00:00,,,,,,,,,,,,,,,,,
2023-08-17 08:00:00,,,,,,,,,,,,,,,,,
2023-08-17 09:00:00,,,,,,,,,,,,,,,,,
2023-08-17 10:00:00,,,,,,,,,,,,,,,,,
2023-08-17 11:00:00,,,,,,,,,,,,,,,,,
2023-08-17 12:00:00,,,,,,,,,,,,,,,,,
2023-08-17 13:00:00,,,,,,,,,,,,,,,,,
2023-08-17 14:00:00,,,,,,,,,,,,,,,,,
2023-08-17 15:00:00,,,,,,,,,,,,,,,,,
2023-08-17 16:00:00,,,,,,,,,,,,,,,,,
2023-08-17 17:00:00,,,,,,,,,,,,,,,,,
2023-08-17 18:00:00,,,,,,,,,,,,,,,,,
2023-08-17 19:00:00,,,,,,,,,,,,,,,,,
2023-08-17 20:00:00,,,,,,,,,,,,,,,,,
2023-08-17 21:00:00,,,,,,,,,,,,,,,,,
2023-08-17 22:00:00,,,,,,,,,,,,,,,,,
2023-08-17 23:00:00,,,,,,,,,,,,,,,,,
2023-08-18 00:00:00,,,,,,,,,,,,,,,,,
2023-08-18 01:00:00,,,,,,,,,,,,,,,,,
2023-08-18 02:00:00,,,,,,,,,,,,,,,,,
2023-08-18 03:00:00,,,,,,,,,,,,,,,,,
2023-08-18 04:00:00,,,,,,,,,,,,,,,,,
2023-08-18 05:00:00,,,,,,,,,,,,,,,,,
2023-08-18 06:00:00,,,,,,,,,,,,,,,,,
2023-08-18 07:00:00,,,,,,,,,,,,,,,,,
2023-08-18 08:00:00,,,,,,,,,,,,,,,,,
2023-08-18 09:00:00,,,,,,,,,,,,,,,,,
2023-08-18 10:00:00,,,,,,,,,,,,,,,,,
2023-08-18 11:00:00,,,,,,,,,,,,,,,,,
2023-08-18 12:00:00,,,,,,,,,,,,,,,,,
2023-08-18 13:00:00,,,,,,,,,,,,,,,,,
2023-08-18 14:00:00,,,,,,,,,,,,,,,,,
2023-08-18 15:00:00,,,,,,,,,,,,,,,,,
2023-08-18 16:00:00,,,,,,,,,,,,,,,,,
2023-08-18 17:00:00,,,,,,,,,,,,,,,,,
2023-08-18 18:00:00,,,,,,,,,,,,,,,,,
2023-08-18 19:00:00,,,,,,,,,,,,,,,,,
2023-08-18 20:00:00,,,,,,,,,,,,,,,,,
2023-08-18 21:00:00,,,,,,,,,,,,,,,,,
2023-08-18 22:00:00,,,,,,,,,,,,,,,,,
2023-08-18 23:00:00,,,,,,,,,,,,,,,,,
2023-08-19 00:00:00,,,,,,,,,,,,,,,,,
2023-08-19 01:00:00,,,,,,,,,,,,,,,,,
2023-08-19 02:00:00,,,,,,,,,,,,,,,,,
2023-08-19 03:00:00,,,,,,,,,,,,,,,,,
2023-08-19 04:00:00,,,,,,,,,,,,,,,,,
2023-08-19 05:00:00,,,,,,,,,,,,,,,,,
2023-08-19 06:00:00,,,,,,,,,,,,,,,,,
2023-08-19 07:00:00,,,,,,,,,,,,,,,,,
2023-08-19 08:00:00,,,,,,,,,,,,,,,,,
2023-08-19 09:00:00,,,,,,,,,,,,,,,,,
2023-08-19 10:00:00,,,,,,,,,,,,,,,,,
2023-08-19 11:00:00,,,,,,,,,,,,,,,,,
2023-08-19 12:00:00,,,,,,,,,,,,,,,,,
2023-08-19 13:00:00,,,,,,,,,,,,,,,,,
2023-08-19 14:00:00,,,,,,,,,,,,,,,,,
2023-08-19 15:00:00,,,,,,,,,,,,,,,,,
2023-08-19 16:00:00,,,,,,,,,,,,,,,,,
2023-08-19 17:00:00,,,,,,,,,,,,,,,,,
2023-08-19 18:00:00,,,,,,,,,,,,,,,,,
2023-08-19 19:00:00,,,,,,,,,,,,,,,,,
2023-08-19 20:00:00,,,,,,,,,,,,,,,,,
2023-08-19 21:00:00,,,,,,,,,,,,,,,,,
2023-08-19 22:00:00,,,,,,,,,,,,,,,,,
2023-08-19 23:00:00,,,,,,,,,,,,,,,,,
2023-08-20 00:00:00,,,,,,,,,,,,,,,,,
2023-08-20 01:00:00,,,,,,,,,,,,,,,,,
2023-08-20 02:00:00,,,,,,,,,,,,,,,,,
2023-08-20 03:00:00,,,,,,,,,,,,,,,,,
2023-08-20 04:00:00,,,,,,,,,,,,,,,,,
2023-08-20 05:00:00,,,,,,,,,,,,,,,,,
2023-08-20 06:00:00,,,,,,,,,,,,,,,,,
2023-08-20 07:00:00,,,,,,,,,,,,,,,,,
2023-08-20 08:00:00,,,,,,,,,,,,,,,,,
2023-08-20 09:00:00,,,,,,,,,,,,,,,,,
2023-08-20 10:00:00,,,,,,,,,,,,,,,,,
2023-08-20 11:00:00,,,,,,,,,,,,,,,,,
2023-08-20 12:00:00,,,,,,,,,,,,,,,,,
2023-08-20 13:00:00,,,,,,,,,,,,,,,,,
2023-08-20 14:00:00,,,,,,,,,,,,,,,,,
2023-08-20 15:00:00,,,,,,,,,,,,,,,,,
2023-08-20 16:00:00,,,,,,,,,,,,,,,,,
2023-08-20 17:00:00,,,,,,,,,,,,,,,,,
2023-08-20 18:00:00,,,,,,,,,,,,,,,,,
2023-08-20 19:00:00,,,,,,,,,,,,,,,,,
2023-08-20 20:00:00,,,,,,,,,,,,,,,,,
2023-08-20 21:00:00,,,,,,,,,,,,,,,,,
2023-08-20 22:00:00,,,,,,,,,,,,,,,,,
2023-08-20 23:00:00,,,,,,,,,,,,,,,,,
2023-08-21 00:00:00,,,,,,,,,,,,,,,,,
2023-08-21 01:00:00,,,,,,,,,,,,,,,,,
2023-08-21 02:00:00,,,,,,,,,,,,,,,,,
2023-08-21 03:00:00,,,,,,,,,,,,,,,,,
2023-08-21 04:00:00,,,,,,,,,,,,,,,,,
2023-08-21 05:00:00,,,,,,,,,,,,,,,,,
2023-08-21 06:00:00,,,,,,,,,,,,,,,,,
2023-08-21 07:00:00,,,,,,,,,,,,,,,,,
2023-08-21 08:00:00,,,,,,,,,,,,,,,,,
2023-08-21 09:00:00,,,,,,,,,,,,,,,,,
2023-08-21 10:00:00,,,,,,,,,,,,,,,,,
2023-08-21 11:00:00,,,,,,,,,,,,,,,,,
2023-08-21 12:00:00,,,,,,,,,,,,,,,,,
2023-08-21 13:00:00,,,,,,,,,,,,,,,,,
2023-08-21 14:00:00,,,,,,,,,,,,,,,,,
2023-08-21 15:00:00,,,,,,,,,,,,,,,,,
2023-08-21 16:00:00,,,,,,,,,,,,,,,,,
2023-08-21 17:00:00,,,,,,,,,,,,,,,,,
2023-08-21 18:00:00,,,,,,,,,,,,,,,,,
2023-08-21 19:00:00,,,,,,,,,,,,,,,,,
2023-08-21 20:00:00,,,,,,,,,,,,,,,,,
2023-08-21 21:00:00,,,,,,,,,,,,,,,,,
2023-08-21 22:00:00,,,,,,,,,,,,,,,,,
2023-08-21 23:00:00,,,,,,,,,,,,,,,,,
2023-08-22 00:00:00,,,,,,,,,,,,,,,,,
2023-08-22 01:00:00,,,,,,,,,,,,,,,,,
2023-08-22 02:00:00,,,,,,,,,,,,,,,,,
2023-08-22 03:00:00,,,,,,,,,,,,,,,,,
2023-08-22 04:00:00,,,,,,,,,,,,,,,,,
2023-08-22 05:00:00,,,,,,,,,,,,,,,,,
2023-08-22 06:00:00,,,,,,,,,,,,,,,,,
2023-08-22 07:00:00,,,,,,,,,,,,,,,,,
2023-08-22 08:00:00,,,,,,,,,,,,,,,,,
2023-08-22 09:00:00,,,,,,,,,,,,,,,,,
2023-08-22 10:00:00,,,,,,,,,,,,,,,,,
2023-08-22 11:00:00,,,,,,,,,,,,,,,,,
2023-08-22 12:00:00,,,,,,,,,,,,,,,,,
2023-08-22 13:00:00,,,,,,,,,,,,,,,,,
2023-08-22 14:00:00,,,,,,,,,,,,,,,,,
2023-08-22 15:00:00,,,,,,,,,,,,,,,,,
2023-08-22 16:00:00,,,,,,,,,,,,,,,,,
2023-08-22 17:00:00,,,,,,,,,,,,,,,,,
2023-08-22 18:00:00,,,,,,,,,,,,,,,,,
2023-08-22 19:00:00,,,,,,,,,,,,,,,,,
2023-08-22 20:00:00,,,,,,,,,,,,,,,,,
2023-08-22 21:00:00,,,,,,,,,,,,,,,,,
2023-08-22 22:00:00,,,,,,,,,,,,,,,,,
2023-08-22 23:00:00,,,,,,,,,,,,,,,,,
2023-08-23 00:00:00,,,,,,,,,,,,,,,,,
2023-08-23 01:00:00,,,,,,,,,,,,,,,,,
2023-08-23 02:00:00,,,,,,,,,,,,,,,,,
2023-08-23 03:00:00,,,,,,,,,,,,,,,,,
2023-08-23 04:00:00,,,,,,,,,,,,,,,,,
2023-08-23 05:00:00,,,,,,,,,,,,,,,,,
2023-08-23 06:00:00,,,,,,,,,,,,,,,,,
2023-08-23 07:00:00,,,,,,,,,,,,,,,,,
2023-08-23 08:00:00,,,,,,,,,,,,,,,,,
2023-08-23 09:00:00,,,,,,,,,,,,,,,,,
2023-08-23 10:00:00,,,,,,,,,,,,,,,,,
2023-08-23 11:00:00,,,,,,,,,,,,,,,,,
2023-08-23 12:00:00,,,,,,,,,,,,,,,,,
2023-08-23 13:00:00,,,,,,,,,,,,,,,,,
2023-08-23 14:00:00,,,,,,,,,,,,,,,,,
2023-08-23 15:00:00,,,,,,,,,,,,,,,,,
2023-08-23 16:00:00,,,,,,,,,,,,,,,,,
2023-08-23 17:00:00,,,,,,,,,,,,,,,,,
2023-08-23 18:00:00,,,,,,,,,,,,,,,,,
2023-08-23 19:00:00,,,,,,,,,,,,,,,,,
2023-08-23 20:00:00,,,,,,,,,,,,,,,,,
2023-08-23 21:00:00,,,,,,,,,,,,,,,,,
2023-08-23 22:00:00,,,,,,,,,,,,,,,,,
2023-08-23 23:00:00,,,,,,,,,,,,,,,,,
2023-08-24 00:00:00,,,,,,,,,,,,,,,,,
2023-08-24 01:00:00,,,,,,,,,,,,,,,,,
2023-08-24 02:00:00,,,,,,,,,,,,,,,,,
2023-08-24 03:00:00,,,,,,,,,,,,,,,,,
2023-08-24 04:00:00,,,,,,,,,,,,,,,,,
2023-08-24 05:00:00,,,,,,,,,,,,,,,,,
2023-08-24 06:00:00,,,,,,,,,,,,,,,,,
2023-08-24 07:00:00,,,,,,,,,,,,,,,,,
2023-08-24 08:00:00,,,,,,,,,,,,,,,,,
2023-08-24 09:00:00,,,,,,,,,,,,,,,,,
2023-08-24 10:00:00,,,,,,,,,,,,,,,,,
2023-08-24 11:00:00,,,,,,,,,,,,,,,,,
2023-08-24 12:00:00,,,,,,,,,,,,,,,,,
2023-08-24 13:00:00,,,,,,,,,,,,,,,,,
2023-08-24 14:00:00,,,,,,,,,,,,,,,,,
2023-08-24 15:00:00,,,,,,,,,,,,,,,,,
2023-08-24 16:00:00,,,,,,,,,,,,,,,,,
2023-08-24 17:00:00,,,,,,,,,,,,,,,,,
2023-08-24 18:00:00,,,,,,,,,,,,,,,,,
2023-08-24 19:00:00,,,,,,,,,,,,,,,,,
2023-08-24 20:00:00,,,,,,,,,,,,,,,,,
2023-08-24 21:00:00,,,,,,,,,,,,,,,,,
2023-08-24 22:00:00,,,,,,,,,,,,,,,,,
2023-08-24 23:00:00,,,,,,,,,,,,,,,,,
2023-08-25 00:00:00,,,,,,,,,,,,,,,,,
2023-08-25 01:00:00,,,,,,,,,,,,,,,,,
2023-08-25 02:00:00,,,,,,,,,,,,,,,,,
2023-08-25 03:00:00,,,,,,,,,,,,,,,,,
2023-08-25 04:00:00,,,,,,,,,,,,,,,,,
2023-08-25 05:00:00,,,,,,,,,,,,,,,,,
2023-08-25 06:00:00,,,,,,,,,,,,,,,,,
2023-08-25 07:00:00,,,,,,,,,,,,,,,,,
2023-08-25 08:00:00,,,,,,,,,,,,,,,,,
2023-08-25 09:00:00,,,,,,,,,,,,,,,,,
2023-08-25 10:00:00,,,,,,,,,,,,,,,,,
2023-08-25 11:00:00,,,,,,,,,,,,,,,,,
2023-08-25 12:00:00,,,,,,,,,,,,,,,,,
2023-08-25 13:00:00,,,,,,,,,,,,,,,,,
2023-08-25 14:00:00,,,,,,,,,,,,,,,,,
2023-08-25 15:00:00,,,,,,,,,,,,,,,,,
2023-08-25 16:00:00,,,,,,,,,,,,,,,,,
2023-08-25 17:00:00,,,,,,,,,,,,,,,,,
2023-08-25 18:00:00,,,,,,,,,,,,,,,,,
2023-08-25 19:00:00,,,,,,,,,,,,,,,,,
2023-08-25 20:00:00,,,,,,,,,,,,,,,,,
2023-08-25 21:00:00,,,,,,,,,,,,,,,,,
2023-08-25 22:00:00,,,,,,,,,,,,,,,,,
2023-08-25 23:00:00,,,,,,,,,,,,,,,,,
2023-08-26 00:00:00,,,,,,,,,,,,,,,,,
2023-08-26 01:00:00,,,,,,,,,,,,,,,,,
2023-08-26 02:00:00,,,,,,,,,,,,,,,,,
2023-08-26 03:00:00,,,,,,,,,,,,,,,,,
2023-08-26 04:00:00,,,,,,,,,,,,,,,,,
2023-08-26 05:00:00,,,,,,,,,,,,,,,,,
2023-08-26 06:00:00,,,,,,,,,,,,,,,,,
2023-08-26 07:00:00,,,,,,,,,,,,,,,,,
2023-08-26 08:00:00,,,,,,,,,,,,,,,,,
2023-08-26 09:00:00,,,,,,,,,,,,,,,,,
2023-08-26 10:00:00,,,,,,,,,,,,,,,,,
2023-08-26 11:00:00,,,,,,,,,,,,,,,,,
2023-08-26 12:00:00,,,,,,,,,,,,,,,,,
2023-08-26 13:00:00,,,,,,,,,,,,,,,,,
2023-08-26 14:00:00,,,,,,,,,,,,,,,,,
2023-08-26 15:00:00,,,,,,,,,,,,,,,,,
2023-08-26 16:00:00,,,,,,,,,,,,,,,,,
2023-08-26 17:00:00,,,,,,,,,,,,,,,,,
2023-08-26 18:00:00,,,,,,,,,,,,,,,,,
2023-08-26 19:00:00,,,,,,,,,,,,,,,,,
2023-08-26 20:00:00,,,,,,,,,,,,,,,,,
2023-08-26 21:00:00,,,,,,,,,,,,,,,,,
2023-08-26 22:00:00,,,,,,,,,,,,,,,,,
2023-08-26 23:00:00,,,,,,,,,,,,,,,,,
2023-08-27 00:00:00,,,,,,,,,,,,,,,,,
2023-08-27 01:00:00,,,,,,,,,,,,,,,,,
2023-08-27 02:00:00,,,,,,,,,,,,,,,,,
2023-08-27 03:00:00,,,,,,,,,,,,,,,,,
2023-08-27 04:00:00,,,,,,,,,,,,,,,,,
2023-08-27 05:00:00,,,,,,,,,,,,,,,,,
2023-08-27 06:00:00,,,,,,,,,,,,,,,,,
2023-08-27 07:00:00,,,,,,,,,,,,,,,,,
2023-08-27 08:00:00,,,,,,,,,,,,,,,,,
2023-08-27 09:00:00,,,,,,,,,,,,,,,,,
2023-08-27 10:00:00,,,,,,,,,,,,,,,,,
2023-08-27 11:00:00,,,,,,,,,,,,,,,,,
2023-08-27 12:00:00,,,,,,,,,,,,,,,,,
2023-08-27 13:00:00,,,,,,,,,,,,,,,,,
2023-08-27 14:00:00,,,,,,,,,,,,,,,,,
2023-08-27 15:00:00,,,,,,,,,,,,,,,,,
2023-08-27 16:00:00,,,,,,,,,,,,,,,,,
2023-08-27 17:00:00,,,,,,,,,,,,,,,,,
2023-08-27 18:00:00,,,,,,,,,,,,,,,,,
2023-08-27 19:00:00,,,,,,,,,,,,,,,,,
2023-08-27 20:00:00,,,,,,,,,,,,,,,,,
2023-08-27 21:00:00,,,,,,,,,,,,,,,,,
2023-08-27 22:00:00,,,,,,,,,,,,,,,,,
2023-08-27 23:00:00,,,,,,,,,,,,,,,,,
2023-08-28 00:00:00,,,,,,,,,,,,,,,,,
2023-08-28 01:00:00,,,,,,,,,,,,,,,,,
2023-08-28 02:00:00,,,,,,,,,,,,,,,,,
2023-08-28 03:00:00,,,,,,,,,,,,,,,,,
2023-08-28 04:00:00,,,,,,,,,,,,,,,,,
2023-08-28 05:00:00,,,,,,,,,,,,,,,,,
2023-08-28 06:00:00,,,,,,,,,,,,,,,,,
2023-08-28 07:00:00,,,,,,,,,,,,,,,,,
2023-08-28 08:00:00,,,,,,,,,,,,,,,,,
2023-08-28 09:00:00,,,,,,,,,,,,,,,,,
2023-08-28 10:00:00,,,,,,,,,,,,,,,,,
2023-08-28 11:00:00,,,,,,,,,,,,,,,,,
2023-08-28 12:00:00,,,,,,,,,,,,,,,,,
2023-08-28 13:00:00,,,,,,,,,,,,,,,,,
2023-08-28 14:00:00,,,,,,,,,,,,,,,,,
2023-08-28 15:00:00,,,,,,,,,,,,,,,,,
2023-08-28 16:00:00,,,,,,,,,,,,,,,,,
2023-08-28 17:00:00,,,,,,,,,,,,,,,,,
2023-08-28 18:00:00,,,,,,,,,,,,,,,,,
2023-08-28 19:00:00,,,,,,,,,,,,,,,,,
2023-08-28 20:00:00,,,,,,,,,,,,,,,,,
2023-08-28 21:00:00,,,,,,,,,,,,,,,,,
2023-08-28 22:00:00,,,,,,,,,,,,,,,,,
2023-08-28 23:00:00,,,,,,,,,,,,,,,,,
2023-08-29 00:00:00,,,,,,,,,,,,,,,,,
2023-08-29 01:00:00,,,,,,,,,,,,,,,,,
2023-08-29 02:00:00,,,,,,,,,,,,,,,,,
2023-08-29 03:00:00,,,,,,,,,,,,,,,,,
2023-08-29 04:00:00,,,,,,,,,,,,,,,,,
2023-08-29 05:00:00,,,,,,,,,,,,,,,,,
2023-08-29 06:00:00,,,,,,,,,,,,,,,,,
2023-08-29 07:00:00,,,,,,,,,,,,,,,,,
2023-08-29 08:00:00,,,,,,,,,,,,,,,,,
2023-08-29 09:00:00,,,,,,,,,,,,,,,,,
2023-08-29 10:00:00,,,,,,,,,,,,,,,,,
2023-08-29 11:00:00,,,,,,,,,,,,,,,,,
2023-08-29 12:00:00,,,,,,,,,,,,,,,,,
2023-08-29 13:00:00,,,,,,,,,,,,,,,,,
2023-08-29 14:00:00,,,,,,,,,,,,,,,,,
2023-08-29 15:00:00,,,,,,,,,,,,,,,,,
2023-08-29 16:00:00,,,,,,,,,,,,,,,,,
2023-08-29 17:00:00,,,,,,,,,,,,,,,,,
2023-08-29 18:00:00,,,,,,,,,,,,,,,,,
2023-08-29 19:00:00,,,,,,,,,,,,,,,,,
2023-08-29 20:00:00,,,,,,,,,,,,,,,,,
2023-08-29 21:00:00,,,,,,,,,,,,,,,,,
2023-08-29 22:00:00,,,,,,,,,,,,,,,,,
2023-08-29 23:00:00,,,,,,,,,,,,,,,,,
2023-08-30 00:00:00,,,,,,,,,,,,,,,,,
2023-08-30 01:00:00,,,,,,,,,,,,,,,,,
2023-08-30 02:00:00,,,,,,,,,,,,,,,,,
2023-08-30 03:00:00,,,,,,,,,,,,,,,,,
2023-08-30 04:00:00,,,,,,,,,,,,,,,,,
2023-08-30 05:00:00,,,,,,,,,,,,,,,,,
2023-08-30 06:00:00,,,,,,,,,,,,,,,,,
2023-08-30 07:00:00,,,,,,,,,,,,,,,,,
2023-08-30 08:00:00,,,,,,,,,,,,,,,,,
2023-08-30 09:00:00,,,,,,,,,,,,,,,,,
2023-08-30 10:00:00,,,,,,,,,,,,,,,,,
2023-08-30 11:00:00,,,,,,,,,,,,,,,,,
2023-08-30 12:00:00,,,,,,,,,,,,,,,,,
2023-08-30 13:00:00,,,,,,,,,,,,,,,,,
2023-08-30 14:00:00,,,,,,,,,,,,,,,,,
2023-08-30 15:00:00,,,,,,,,,,,,,,,,,
2023-08-30 16:00:00,,,,,,,,,,,,,,,,,
2023-08-30 17:00:00,,,,,,,,,,,,,,,,,
2023-08-30 18:00:00,,,,,,,,,,,,,,,,,
2023-08-30 19:00:00,,,,,,,,,,,,,,,,,
2023-08-30 20:00:00,,,,,,,,,,,,,,,,,
2023-08-30 21:00:00,,,,,,,,,,,,,,,,,
2023-08-30 22:00:00,,,,,,,,,,,,,,,,,
2023-08-30 23:00:00,,,,,,,,,,,,,,,,,
2023-08-31 00:00:00,,,,,,,,,,,,,,,,,
2023-08-31 01:00:00,,,,,,,,,,,,,,,,,
2023-08-31 02:00:00,,,,,,,,,,,,,,,,,
2023-08-31 03:00:00,,,,,,,,,,,,,,,,,
2023-08-31 04:00:00,,,,,,,,,,,,,,,,,
2023-08-31 05:00:00,,,,,,,,,,,,,,,,,
2023-08-31 06:00:00,,,,,,,,,,,,,,,,,
2023-08-31 07:00:00,,,,,,,,,,,,,,,,,
2023-08-31 08:00:00,,,,,,,,,,,,,,,,,
2023-08-31 09:00:00,,,,,,,,,,,,,,,,,
2023-08-31 10:00:00,,,,,,,,,,,,,,,,,
2023-08-31 11:00:00,,,,,,,,,,,,,,,,,
2023-08-31 12:00:00,,,,,,,,,,,,,,,,,
2023-08-31 13:00:00,,,,,,,,,,,,,,,,,
2023-08-31 14:00:00,,,,,,,,,,,,,,,,,
2023-08-31 15:00:00,,,,,,,,,,,,,,,,,
2023-08-31 16:00:00,,,,,,,,,,,,,,,,,
2023-08-31 17:00:00,,,,,,,,,,,,,,,,,
2023-08-31 18:00:00,,,,,,,,,,,,,,,,,
2023-08-31 19:00:00,,,,,,,,,,,,,,,,,
2023-08-31 20:00:00,,,,,,,,,,,,,,,,,
2023-08-31 21:00:00,,,,,,,,,,,,,,,,,
2023-08-31 22:00:00,,,,,,,,,,,,,,,,,
2023-08-31 23:00:00,,,,,,,,,,,,,,,,,
2023-09-01 00:00:00,,,,,,,,,,,,,,,,,
2023-09-01 01:00:00,,,,,,,,,,,,,,,,,
2023-09-01 02:00:00,,,,,,,,,,,,,,,,,
2023-09-01 03:00:00,,,,,,,,,,,,,,,,,
2023-09-01 04:00:00,,,,,,,,,,,,,,,,,
2023-09-01 05:00:00,,,,,,,,,,,,,,,,,
2023-09-01 06:00:00,,,,,,,,,,,,,,,,,
2023-09-01 07:00:00,,,,,,,,,,,,,,,,,
2023-09-01 08:00:00,,,,,,,,,,,,,,,,,
2023-09-01 09:00:00,,,,,,,,,,,,,,,,,
2023-09-01 10:00:00,,,,,,,,,,,,,,,,,
2023-09-01 11:00:00,,,,,,,,,,,,,,,,,
2023-09-01 12:00:00,,,,,,,,,,,,,,,,,
2023-09-01 13:00:00,,,,,,,,,,,,,,,,,
2023-09-01 14:00:00,,,,,,,,,,,,,,,,,
2023-09-01 15:00:00,,,,,,,,,,,,,,,,,
2023-09-01 16:00:00,,,,,,,,,,,,,,,,,
2023-09-01 17:00:00,,,,,,,,,,,,,,,,,
2023-09-01 18:00:00,,,,,,,,,,,,,,,,,
2023-09-01 19:00:00,,,,,,,,,,,,,,,,,
2023-09-01 20:00:00,,,,,,,,,,,,,,,,,
2023-09-01 21:00:00,,,,,,,,,,,,,,,,,
2023-09-01 22:00:00,,,,,,,,,,,,,,,,,
2023-09-01 23:00:00,,,,,,,,,,,,,,,,,
2023-09-02 00:00:00,,,,,,,,,,,,,,,,,
2023-09-02 01:00:00,,,,,,,,,,,,,,,,,
2023-09-02 02:00:00,,,,,,,,,,,,,,,,,
2023-09-02 03:00:00,,,,,,,,,,,,,,,,,
2023-09-02 04:00:00,,,,,,,,,,,,,,,,,
2023-09-02 05:00:00,,,,,,,,,,,,,,,,,
2023-09-02 06:00:00,,,,,,,,,,,,,,,,,
2023-09-02 07:00:00,,,,,,,,,,,,,,,,,
2023-09-02 08:00:00,,,,,,,,,,,,,,,,,
2023-09-02 09:00:00,,,,,,,,,,,,,,,,,
2023-09-02 10:00:00,,,,,,,,,,,,,,,,,
2023-09-02 11:00:00,,,,,,,,,,,,,,,,,
2023-09-02 12:00:00,,,,,,,,,,,,,,,,,
2023-09-02 13:00:00,,,,,,,,,,,,,,,,,
2023-09-02 14:00:00,,,,,,,,,,,,,,,,,
2023-09-02 15:00:00,,,,,,,,,,,,,,,,,
2023-09-02 16:00:00,,,,,,,,,,,,,,,,,
2023-09-02 17:00:00,,,,,,,,,,,,,,,,,
2023-09-02 18:00:00,,,,,,,,,,,,,,,,,
2023-09-02 19:00:00,,,,,,,,,,,,,,,,,
2023-09-02 20:00:00,,,,,,,,,,,,,,,,,
2023-09-02 21:00:00,,,,,,,,,,,,,,,,,
2023-09-02 22:00:00,,,,,,,,,,,,,,,,,
2023-09-02 23:00:00,,,,,,,,,,,,,,,,,
2023-09-03 00:00:00,,,,,,,,,,,,,,,,,
2023-09-03 01:00:00,,,,,,,,,,,,,,,,,
2023-09-03 02:00:00,,,,,,,,,,,,,,,,,
2023-09-03 03:00:00,,,,,,,,,,,,,,,,,
2023-09-03 04:00:00,,,,,,,,,,,,,,,,,
2023-09-03 05:00:00,,,,,,,,,,,,,,,,,
2023-09-03 06:00:00,,,,,,,,,,,,,,,,,
2023-09-03 07:00:00,,,,,,,,,,,,,,,,,
2023-09-03 08:00:00,,,,,,,,,,,,,,,,,
2023-09-03 09:00:00,,,,,,,,,,,,,,,,,
2023-09-03 10:00:00,,,,,,,,,,,,,,,,,
2023-09-03 11:00:00,,,,,,,,,,,,,,,,,
2023-09-03 12:00:00,,,,,,,,,,,,,,,,,
2023-09-03 13:00:00,,,,,,,,,,,,,,,,,
2023-09-03 14:00:00,,,,,,,,,,,,,,,,,
2023-09-03 15:00:00,,,,,,,,,,,,,,,,,
2023-09-03 16:00:00,,,,,,,,,,,,,,,,,
2023-09-03 17:00:00,,,,,,,,,,,,,,,,,
2023-09-03 18:00:00,,,,,,,,,,,,,,,,,
2023-09-03 19:00:00,,,,,,,,,,,,,,,,,
2023-09-03 20:00:00,,,,,,,,,,,,,,,,,
2023-09-03 21:00:00,,,,,,,,,,,,,,,,,
2023-09-03 22:00:00,,,,,,,,,,,,,,,,,
2023-09-03 23:00:00,,,,,,,,,,,,,,,,,
2023-09-04 00:00:00,,,,,,,,,,,,,,,,,
2023-09-04 01:00:00,,,,,,,,,,,,,,,,,
2023-09-04 02:00:00,,,,,,,,,,,,,,,,,
2023-09-04 03:00:00,,,,,,,,,,,,,,,,,
2023-09-04 04:00:00,,,,,,,,,,,,,,,,,
2023-09-04 05:00:00,,,,,,,,,,,,,,,,,
2023-09-04 06:00:00,,,,,,,,,,,,,,,,,
2023-09-04 07:00:00,,,,,,,,,,,,,,,,,
2023-09-04 08:00:00,,,,,,,,,,,,,,,,,
2023-09-04 09:00:00,,,,,,,,,,,,,,,,,
2023-09-04 10:00:00,,,,,,,,,,,,,,,,,
2023-09-04 11:00:00,,,,,,,,,,,,,,,,,
2023-09-04 12:00:00,,,,,,,,,,,,,,,,,
2023-09-04 13:00:00,,,,,,,,,,,,,,,,,
2023-09-04 14:00:00,,,,,,,,,,,,,,,,,
2023-09-04 15:00:00,,,,,,,,,,,,,,,,,
2023-09-04 16:00:00,,,,,,,,,,,,,,,,,
2023-09-04 17:00:00,,,,,,,,,,,,,,,,,
2023-09-04 18:00:00,,,,,,,,,,,,,,,,,
2023-09-04 19:00:00,,,,,,,,,,,,,,,,,
2023-09-04 20:00:00,,,,,,,,,,,,,,,,,
2023-09-04 21:00:00,,,,,,,,,,,,,,,,,
2023-09-04 22:00:00,,,,,,,,,,,,,,,,,
2023-09-04 23:00:00,,,,,,,,,,,,,,,,,
2023-09-05 00:00:00,,,,,,,,,,,,,,,,,
2023-09-05 01:00:00,,,,,,,,,,,,,,,,,
2023-09-05 02:00:00,,,,,,,,,,,,,,,,,
2023-09-05 03:00:00,,,,,,,,,,,,,,,,,
2023-09-05 04:00:00,,,,,,,,,,,,,,,,,
2023-09-05 05:00:00,,,,,,,,,,,,,,,,,
2023-09-05 06:00:00,,,,,,,,,,,,,,,,,
2023-09-05 07:00:00,,,,,,,,,,,,,,,,,
2023-09-05 08:00:00,,,,,,,,,,,,,,,,,
2023-09-05 09:00:00,,,,,,,,,,,,,,,,,
2023-09-05 10:00:00,,,,,,,,,,,,,,,,,
2023-09-05 11:00:00,,,,,,,,,,,,,,,,,
2023-09-05 12:00:00,,,,,,,,,,,,,,,,,
2023-09-05 13:00:00,,,,,,,,,,,,,,,,,
2023-09-05 14:00:00,,,,,,,,,,,,,,,,,
2023-09-05 15:00:00,,,,,,,,,,,,,,,,,
2023-09-05 16:00:00,,,,,,,,,,,,,,,,,
2023-09-05 17:00:00,,,,,,,,,,,,,,,,,
2023-09-05 18:00:00,,,,,,,,,,,,,,,,,
2023-09-05 19:00:00,,,,,,,,,,,,,,,,,
2023-09-05 20:00:00,,,,,,,,,,,,,,,,,
2023-09-05 21:00:00,,,,,,,,,,,,,,,,,
2023-09-05 22:00:00,,,,,,,,,,,,,,,,,
2023-09-05 23:00:00,,,,,,,,,,,,,,,,,
2023-09-06 00:00:00,,,,,,,,,,,,,,,,,
2023-09-06 01:00:00,,,,,,,,,,,,,,,,,
2023-09-06 02:00:00,,,,,,,,,,,,,,,,,
2023-09-06 03:00:00,,,,,,,,,,,,,,,,,
2023-09-06 04:00:00,,,,,,,,,,,,,,,,,
2023-09-06 05:00:00,,,,,,,,,,,,,,,,,
2023-09-06 06:00:00,,,,,,,,,,,,,,,,,
2023-09-06 07:00:00,,,,,,,,,,,,,,,,,
2023-09-06 08:00:00,,,,,,,,,,,,,,,,,
2023-09-06 09:00:00,,,,,,,,,,,,,,,,,
2023-09-06 10:00:00,,,,,,,,,,,,,,,,,
2023-09-06 11:00:00,,,,,,,,,,,,,,,,,
2023-09-06 12:00:00,,,,,,,,,,,,,,,,,
2023-09-06 13:00:00,,,,,,,,,,,,,,,,,
2023-09-06 14:00:00,,,,,,,,,,,,,,,,,
2023-09-06 15:00:00,,,,,,,,,,,,,,,,,
2023-09-06 16:00:00,,,,,,,,,,,,,,,,,
2023-09-06 17:00:00,,,,,,,,,,,,,,,,,
2023-09-06 18:00:00,,,,,,,,,,,,,,,,,
2023-09-06 19:00:00,,,,,,,,,,,,,,,,,
2023-09-06 20:00:00,,,,,,,,,,,,,,,,,
2023-09-06 21:00:00,,,,,,,,,,,,,,,,,
2023-09-06 22:00:00,,,,,,,,,,,,,,,,,
2023-09-06 23:00:00,,,,,,,,,,,,,,,,,
2023-09-07 00:00:00,,,,,,,,,,,,,,,,,
2023-09-07 01:00:00,,,,,,,,,,,,,,,,,
2023-09-07 02:00:00,,,,,,,,,,,,,,,,,
2023-09-07 03:00:00,,,,,,,,,,,,,,,,,
2023-09-07 04:00:00,,,,,,,,,,,,,,,,,
2023-09-07 05:00:00,,,,,,,,,,,,,,,,,
2023-09-07 06:00:00,,,,,,,,,,,,,,,,,
2023-09-07 07:00:00,,,,,,,,,,,,,,,,,
2023-09-07 08:00:00,,,,,,,,,,,,,,,,,
2023-09-07 09:00:00,,,,,,,,,,,,,,,,,
2023-09-07 10:00:00,,,,,,,,,,,,,,,,,
2023-09-07 11:00:00,,,,,,,,,,,,,,,,,
2023-09-07 12:00:00,,,,,,,,,,,,,,,,,
2023-09-07 13:00:00,,,,,,,,,,,,,,,,,
2023-09-07 14:00:00,,,,,,,,,,,,,,,,,
2023-09-07 15:00:00,,,,,,,,,,,,,,,,,
2023-09-07 16:00:00,,,,,,,,,,,,,,,,,
2023-09-07 17:00:00,,,,,,,,,,,,,,,,,
2023-09-07 18:00:00,,,,,,,,,,,,,,,,,
2023-09-07 19:00:00,,,,,,,,,,,,,,,,,
2023-09-07 20:00:00,,,,,,,,,,,,,,,,,
2023-09-07 21:00:00,,,,,,,,,,,,,,,,,
2023-09-07 22:00:00,,,,,,,,,,,,,,,,,
2023-09-07 23:00:00,,,,,,,,,,,,,,,,,
2023-09-08 00:00:00,,,,,,,,,,,,,,,,,
2023-09-08 01:00:00,,,,,,,,,,,,,,,,,
2023-09-08 02:00:00,,,,,,,,,,,,,,,,,
2023-09-08 03:00:00,,,,,,,,,,,,,,,,,
2023-09-08 04:00:00,,,,,,,,,,,,,,,,,
2023-09-08 05:00:00,,,,,,,,,,,,,,,,,
2023-09-08 06:00:00,,,,,,,,,,,,,,,,,
2023-09-08 07:00:00,,,,,,,,,,,,,,,,,
2023-09-08 08:00:00,,,,,,,,,,,,,,,,,
2023-09-08 09:00:00,,,,,,,,,,,,,,,,,
2023-09-08 10:00:00,,,,,,,,,,,,,,,,,
2023-09-08 11:00:00,,,,,,,,,,,,,,,,,
2023-09-08 12:00:00,,,,,,,,,,,,,,,,,
2023-09-08 13:00:00,,,,,,,,,,,,,,,,,
2023-09-08 14:00:00,,,,,,,,,,,,,,,,,
2023-09-08 15:00:00,,,,,,,,,,,,,,,,,
2023-09-08 16:00:00,,,,,,,,,,,,,,,,,
2023-09-08 17:00:00,,,,,,,,,,,,,,,,,
2023-09-08 18:00:00,,,,,,,,,,,,,,,,,
2023-09-08 19:00:00,,,,,,,,,,,,,,,,,
2023-09-08 20:00:00,,,,,,,,,,,,,,,,,
2023-09-08 21:00:00,,,,,,,,,,,,,,,,,
2023-09-08 22:00:00,,,,,,,,,,,,,,,,,
2023-09-08 23:00:00,,,,,,,,,,,,,,,,,
2023-09-09 00:00:00,,,,,,,,,,,,,,,,,
2023-09-09 01:00:00,,,,,,,,,,,,,,,,,
2023-09-09 02:00:00,,,,,,,,,,,,,,,,,
2023-09-09 03:00:00,,,,,,,,,,,,,,,,,
2023-09-09 04:00:00,,,,,,,,,,,,,,,,,
2023-09-09 05:00:00,,,,,,,,,,,,,,,,,
2023-09-09 06:00:00,,,,,,,,,,,,,,,,,
2023-09-09 07:00:00,,,,,,,,,,,,,,,,,
2023-09-09 08:00:00,,,,,,,,,,,,,,,,,
2023-09-09 09:00:00,,,,,,,,,,,,,,,,,
2023-09-09 10:00:00,,,,,,,,,,,,,,,,,
2023-09-09 11:00:00,,,,,,,,,,,,,,,,,
2023-09-09 12:00:00,,,,,,,,,,,,,,,,,
2023-09-09 13:00:00,,,,,,,,,,,,,,,,,
2023-09-09 14:00:00,,,,,,,,,,,,,,,,,
2023-09-09 15:00:00,,,,,,,,,,,,,,,,,
2023-09-09 16:00:00,,,,,,,,,,,,,,,,,
2023-09-09 17:00:00,,,,,,,,,,,,,,,,,
2023-09-09 18:00:00,,,,,,,,,,,,,,,,,
2023-09-09 19:00:00,,,,,,,,,,,,,,,,,
2023-09-09 20:00:00,,,,,,,,,,,,,,,,,
2023-09-09 21:00:00,,,,,,,,,,,,,,,,,
2023-09-09 22:00:00,,,,,,,,,,,,,,,,,
2023-09-09 23:00:00,,,,,,,,,,,,,,,,,
2023-09-10 00:00:00,,,,,,,,,,,,,,,,,
2023-09-10 01:00:00,,,,,,,,,,,,,,,,,
2023-09-10 02:00:00,,,,,,,,,,,,,,,,,
2023-09-10 03:00:00,,,,,,,,,,,,,,,,,
2023-09-10 04:00:00,,,,,,,,,,,,,,,,,
2023-09-10 05:00:00,,,,,,,,,,,,,,,,,
2023-09-10 06:00:00,,,,,,,,,,,,,,,,,
2023-09-10 07:00:00,,,,,,,,,,,,,,,,,
2023-09-10 08:00:00,,,,,,,,,,,,,,,,,
2023-09-10 09:00:00,,,,,,,,,,,,,,,,,
2023-09-10 10:00:00,,,,,,,,,,,,,,,,,
2023-09-10 11:00:00,,,,,,,,,,,,,,,,,
2023-09-10 12:00:00,,,,,,,,,,,,,,,,,
2023-09-10 13:00:00,,,,,,,,,,,,,,,,,
2023-09-10 14:00:00,,,,,,,,,,,,,,,,,
2023-09-10 15:00:00,,,,,,,,,,,,,,,,,
2023-09-10 16:00:00,,,,,,,,,,,,,,,,,
2023-09-10 17:00:00,,,,,,,,,,,,,,,,,
2023-09-10 18:00:00,,,,,,,,,,,,,,,,,
2023-09-10 19:00:00,,,,,,,,,,,,,,,,,
2023-09-10 20:00:00,,,,,,,,,,,,,,,,,
2023-09-10 21:00:00,,,,,,,,,,,,,,,,,
2023-09-10 22:00:00,,,,,,,,,,,,,,,,,
2023-09-10 23:00:00,,,,,,,,,,,,,,,,,
2023-09-11 00:00:00,,,,,,,,,,,,,,,,,
2023-09-11 01:00:00,,,,,,,,,,,,,,,,,
2023-09-11 02:00:00,,,,,,,,,,,,,,,,,
2023-09-11 03:00:00,,,,,,,,,,,,,,,,,
2023-09-11 04:00:00,,,,,,,,,,,,,,,,,
2023-09-11 05:00:00,,,,,,,,,,,,,,,,,
2023-09-11 06:00:00,,,,,,,,,,,,,,,,,
2023-09-11 07:00:00,,,,,,,,,,,,,,,,,
2023-09-11 08:00:00,,,,,,,,,,,,,,,,,
2023-09-11 09:00:00,,,,,,,,,,,,,,,,,
2023-09-11 10:00:00,,,,,,,,,,,,,,,,,
2023-09-11 11:00:00,,,,,,,,,,,,,,,,,
2023-09-11 12:00:00,,,,,,,,,,,,,,,,,
2023-09-11 13:00:00,,,,,,,,,,,,,,,,,
2023-09-11 14:00:00,,,,,,,,,,,,,,,,,
2023-09-11 15:00:00,,,,,,,,,,,,,,,,,
2023-09-11 16:00:00,,,,,,,,,,,,,,,,,
2023-09-11 17:00:00,,,,,,,,,,,,,,,,,
2023-09-11 18:00:00,,,,,,,,,,,,,,,,,
2023-09-11 19:00:00,,,,,,,,,,,,,,,,,
2023-09-11 20:00:00,,,,,,,,,,,,,,,,,
2023-09-11 21:00:00,,,,,,,,,,,,,,,,,
2023-09-11 22:00:00,,,,,,,,,,,,,,,,,
2023-09-11 23:00:00,,,,,,,,,,,,,,,,,
2023-09-12 00:00:00,,,,,,,,,,,,,,,,,
2023-09-12 01:00:00,,,,,,,,,,,,,,,,,
2023-09-12 02:00:00,,,,,,,,,,,,,,,,,
2023-09-12 03:00:00,,,,,,,,,,,,,,,,,
2023-09-12 04:00:00,,,,,,,,,,,,,,,,,
2023-09-12 05:00:00,,,,,,,,,,,,,,,,,
2023-09-12 06:00:00,,,,,,,,,,,,,,,,,
2023-09-12 07:00:00,,,,,,,,,,,,,,,,,
2023-09-12 08:00:00,,,,,,,,,,,,,,,,,
2023-09-12 09:00:00,,,,,,,,,,,,,,,,,
2023-09-12 10:00:00,,,,,,,,,,,,,,,,,
2023-09-12 11:00:00,,,,,,,,,,,,,,,,,
2023-09-12 12:00:00,,,,,,,,,,,,,,,,,
2023-09-12 13:00:00,,,,,,,,,,,,,,,,,
2023-09-12 14:00:00,,,,,,,,,,,,,,,,,
2023-09-12 15:00:00,,,,,,,,,,,,,,,,,
2023-09-12 16:00:00,,,,,,,,,,,,,,,,,
2023-09-12 17:00:00,,,,,,,,,,,,,,,,,
2023-09-12 18:00:00,,,,,,,,,,,,,,,,,
2023-09-12 19:00:00,,,,,,,,,,,,,,,,,
2023-09-12 20:00:00,,,,,,,,,,,,,,,,,
2023-09-12 21:00:00,,,,,,,,,,,,,,,,,
2023-09-12 22:00:00,,,,,,,,,,,,,,,,,
2023-09-12 23:00:00,,,,,,,,,,,,,,,,,
2023-09-13 00:00:00,,,,,,,,,,,,,,,,,
2023-09-13 01:00:00,,,,,,,,,,,,,,,,,
2023-09-13 02:00:00,,,,,,,,,,,,,,,,,
2023-09-13 03:00:00,,,,,,,,,,,,,,,,,
2023-09-13 04:00:00,,,,,,,,,,,,,,,,,
2023-09-13 05:00:00,,,,,,,,,,,,,,,,,
2023-09-13 06:00:00,,,,,,,,,,,,,,,,,
2023-09-13 07:00:00,,,,,,,,,,,,,,,,,
2023-09-13 08:00:00,,,,,,,,,,,,,,,,,
2023-09-13 09:00:00,,,,,,,,,,,,,,,,,
2023-09-13 10:00:00,,,,,,,,,,,,,,,,,
2023-09-13 11:00:00,,,,,,,,,,,,,,,,,
2023-09-13 12:00:00,,,,,,,,,,,,,,,,,
2023-09-13 13:00:00,,,,,,,,,,,,,,,,,
2023-09-13 14:00:00,,,,,,,,,,,,,,,,,
2023-09-13 15:00:00,,,,,,,,,,,,,,,,,
2023-09-13 16:00:00,,,,,,,,,,,,,,,,,
2023-09-13 17:00:00,,,,,,,,,,,,,,,,,
2023-09-13 18:00:00,,,,,,,,,,,,,,,,,
2023-09-13 19:00:00,,,,,,,,,,,,,,,,,
2023-09-13 20:00:00,,,,,,,,,,,,,,,,,
2023-09-13 21:00:00,,,,,,,,,,,,,,,,,
2023-09-13 22:00:00,,,,,,,,,,,,,,,,,
2023-09-13 23:00:00,,,,,,,,,,,,,,,,,
2023-09-14 00:00:00,,,,,,,,,,,,,,,,,
2023-09-14 01:00:00,,,,,,,,,,,,,,,,,
2023-09-14 02:00:00,,,,,,,,,,,,,,,,,
2023-09-14 03:00:00,,,,,,,,,,,,,,,,,
2023-09-14 04:00:00,,,,,,,,,,,,,,,,,
2023-09-14 05:00:00,,,,,,,,,,,,,,,,,
2023-09-14 06:00:00,,,,,,,,,,,,,,,,,
2023-09-14 07:00:00,,,,,,,,,,,,,,,,,
2023-09-14 08:00:00,,,,,,,,,,,,,,,,,
2023-09-14 09:00:00,,,,,,,,,,,,,,,,,
2023-09-14 10:00:00,,,,,,,,,,,,,,,,,
2023-09-14 11:00:00,,,,,,,,,,,,,,,,,
2023-09-14 12:00:00,,,,,,,,,,,,,,,,,
2023-09-14 13:00:00,,,,,,,,,,,,,,,,,
2023-09-14 14:00:00,,,,,,,,,,,,,,,,,
2023-09-14 15:00:00,,,,,,,,,,,,,,,,,
2023-09-14 16:00:00,,,,,,,,,,,,,,,,,
2023-09-14 17:00:00,,,,,,,,,,,,,,,,,
2023-09-14 18:00:00,,,,,,,,,,,,,,,,,
2023-09-14 19:00:00,,,,,,,,,,,,,,,,,
2023-09-14 20:00:00,,,,,,,,,,,,,,,,,
2023-09-14 21:00:00,,,,,,,,,,,,,,,,,
2023-09-14 22:00:00,,,,,,,,,,,,,,,,,
2023-09-14 23:00:00,,,,,,,,,,,,,,,,,
2023-09-15 00:00:00,,,,,,,,,,,,,,,,,
2023-09-15 01:00:00,,,,,,,,,,,,,,,,,
2023-09-15 02:00:00,,,,,,,,,,,,,,,,,
2023-09-15 03:00:00,,,,,,,,,,,,,,,,,
2023-09-15 04:00:00,,,,,,,,,,,,,,,,,
2023-09-15 05:00:00,,,,,,,,,,,,,,,,,
2023-09-15 06:00:00,,,,,,,,,,,,,,,,,
2023-09-15 07:00:00,,,,,,,,,,,,,,,,,
2023-09-15 08:00:00,,,,,,,,,,,,,,,,,
2023-09-15 09:00:00,,,,,,,,,,,,,,,,,
2023-09-15 10:00:00,,,,,,,,,,,,,,,,,
2023-09-15 11:00:00,,,,,,,,,,,,,,,,,
2023-09-15 12:00:00,,,,,,,,,,,,,,,,,
2023-09-15 13:00:00,,,,,,,,,,,,,,,,,
2023-09-15 14:00:00,,,,,,,,,,,,,,,,,
2023-09-15 15:00:00,,,,,,,,,,,,,,,,,
2023-09-15 16:00:00,,,,,,,,,,,,,,,,,
2023-09-15 17:00:00,,,,,,,,,,,,,,,,,
2023-09-15 18:00:00,,,,,,,,,,,,,,,,,
2023-09-15 19:00:00,,,,,,,,,,,,,,,,,
2023-09-15 20:00:00,,,,,,,,,,,,,,,,,
2023-09-15 21:00:00,,,,,,,,,,,,,,,,,
2023-09-15 22:00:00,,,,,,,,,,,,,,,,,
2023-09-15 23:00:00,,,,,,,,,,,,,,,,,
2023-09-16 00:00:00,,,,,,,,,,,,,,,,,
2023-09-16 01:00:00,,,,,,,,,,,,,,,,,
2023-09-16 02:00:00,,,,,,,,,,,,,,,,,
2023-09-16 03:00:00,,,,,,,,,,,,,,,,,
2023-09-16 04:00:00,,,,,,,,,,,,,,,,,
2023-09-16 05:00:00,,,,,,,,,,,,,,,,,
2023-09-16 06:00:00,,,,,,,,,,,,,,,,,
2023-09-16 07:00:00,,,,,,,,,,,,,,,,,
2023-09-16 08:00:00,,,,,,,,,,,,,,,,,
2023-09-16 09:00:00,,,,,,,,,,,,,,,,,
2023-09-16 10:00:00,,,,,,,,,,,,,,,,,
2023-09-16 11:00:00,,,,,,,,,,,,,,,,,
2023-09-16 12:00:00,,,,,,,,,,,,,,,,,
2023-09-16 13:00:00,,,,,,,,,,,,,,,,,
2023-09-16 14:00:00,,,,,,,,,,,,,,,,,
2023-09-16 15:00:00,,,,,,,,,,,,,,,,,
2023-09-16 16:00:00,,,,,,,,,,,,,,,,,
2023-09-16 17:00:00,,,,,,,,,,,,,,,,,
2023-09-16 18:00:00,,,,,,,,,,,,,,,,,
2023-09-16 19:00:00,,,,,,,,,,,,,,,,,
2023-09-16 20:00:00,,,,,,,,,,,,,,,,,
2023-09-16 21:00:00,,,,,,,,,,,,,,,,,
2023-09-16 22:00:00,,,,,,,,,,,,,,,,,
2023-09-16 23:00:00,,,,,,,,,,,,,,,,,
2023-09-17 00:00:00,,,,,,,,,,,,,,,,,
2023-09-17 01:00:00,,,,,,,,,,,,,,,,,
2023-09-17 02:00:00,,,,,,,,,,,,,,,,,
2023-09-17 03:00:00,,,,,,,,,,,,,,,,,
2023-09-17 04:00:00,,,,,,,,,,,,,,,,,
2023-09-17 05:00:00,,,,,,,,,,,,,,,,,
2023-09-17 06:00:00,,,,,,,,,,,,,,,,,
2023-09-17 07:00:00,,,,,,,,,,,,,,,,,
2023-09-17 08:00:00,,,,,,,,,,,,,,,,,
2023-09-17 09:00:00,,,,,,,,,,,,,,,,,
2023-09-17 10:00:00,,,,,,,,,,,,,,,,,
2023-09-17 11:00:00,,,,,,,,,,,,,,,,,
2023-09-17 12:00:00,,,,,,,,,,,,,,,,,
2023-09-17 13:00:00,,,,,,,,,,,,,,,,,
2023-09-17 14:00:00,,,,,,,,,,,,,,,,,
2023-09-17 15:00:00,,,,,,,,,,,,,,,,,
2023-09-17 16:00:00,,,,,,,,,,,,,,,,,
2023-09-17 17:00:00,,,,,,,,,,,,,,,,,
2023-09-17 18:00:00,,,,,,,,,,,,,,,,,
2023-09-17 19:00:00,,,,,,,,,,,,,,,,,
2023-09-17 20:00:00,,,,,,,,,,,,,,,,,
2023-09-17 21:00:00,,,,,,,,,,,,,,,,,
2023-09-17 22:00:00,,,,,,,,,,,,,,,,,
2023-09-17 23:00:00,,,,,,,,,,,,,,,,,
2023-09-18 00:00:00,,,,,,,,,,,,,,,,,
2023-09-18 01:00:00,,,,,,,,,,,,,,,,,
2023-09-18 02:00:00,,,,,,,,,,,,,,,,,
2023-09-18 03:00:00,,,,,,,,,,,,,,,,,
2023-09-18 04:00:00,,,,,,,,,,,,,,,,,
2023-09-18 05:00:00,,,,,,,,,,,,,,,,,
2023-09-18 06:00:00,,,,,,,,,,,,,,,,,
2023-09-18 07:00:00,,,,,,,,,,,,,,,,,
2023-09-18 08:00:00,,,,,,,,,,,,,,,,,
2023-09-18 09:00:00,,,,,,,,,,,,,,,,,
2023-09-18 10:00:00,,,,,,,,,,,,,,,,,
2023-09-18 11:00:00,,,,,,,,,,,,,,,,,
2023-09-18 12:00:00,,,,,,,,,,,,,,,,,
2023-09-18 13:00:00,,,,,,,,,,,,,,,,,
2023-09-18 14:00:00,,,,,,,,,,,,,,,,,
2023-09-18 15:00:00,,,,,,,,,,,,,,,,,
2023-09-18 16:00:00,,,,,,,,,,,,,,,,,
2023-09-18 17:00:00,,,,,,,,,,,,,,,,,
2023-09-18 18:00:00,,,,,,,,,,,,,,,,,
2023-09-18 19:00:00,,,,,,,,,,,,,,,,,
2023-09-18 20:00:00,,,,,,,,,,,,,,,,,
2023-09-18 21:00:00,,,,,,,,,,,,,,,,,
2023-09-18 22:00:00,,,,,,,,,,,,,,,,,
2023-09-18 23:00:00,,,,,,,,,,,,,,,,,
2023-09-19 00:00:00,,,,,,,,,,,,,,,,,
2023-09-19 01:00:00,,,,,,,,,,,,,,,,,
2023-09-19 02:00:00,,,,,,,,,,,,,,,,,
2023-09-19 03:00:00,,,,,,,,,,,,,,,,,
2023-09-19 04:00:00,,,,,,,,,,,,,,,,,
2023-09-19 05:00:00,,,,,,,,,,,,,,,,,
2023-09-19 06:00:00,,,,,,,,,,,,,,,,,
2023-09-19 07:00:00,,,,,,,,,,,,,,,,,
2023-09-19 08:00:00,,,,,,,,,,,,,,,,,
2023-09-19 09:00:00,,,,,,,,,,,,,,,,,
2023-09-19 10:00:00,,,,,,,,,,,,,,,,,
2023-09-19 11:00:00,,,,,,,,,,,,,,,,,
2023-09-19 12:00:00,,,,,,,,,,,,,,,,,
2023-09-19 13:00:00,,,,,,,,,,,,,,,,,
2023-09-19 14:00:00,,,,,,,,,,,,,,,,,
2023-09-19 15:00:00,,,,,,,,,,,,,,,,,
2023-09-19 16:00:00,,,,,,,,,,,,,,,,,
2023-09-19 17:00:00,,,,,,,,,,,,,,,,,
2023-09-19 18:00:00,,,,,,,,,,,,,,,,,
2023-09-19 19:00:00,,,,,,,,,,,,,,,,,
2023-09-19 20:00:00,,,,,,,,,,,,,,,,,
2023-09-19 21:00:00,,,,,,,,,,,,,,,,,
2023-09-19 22:00:00,,,,,,,,,,,,,,,,,
2023-09-19 23:00:00,,,,,,,,,,,,,,,,,
2023-09-20 00:00:00,,,,,,,,,,,,,,,,,
2023-09-20 01:00:00,,,,,,,,,,,,,,,,,
2023-09-20 02:00:00,,,,,,,,,,,,,,,,,
2023-09-20 03:00:00,,,,,,,,,,,,,,,,,
2023-09-20 04:00:00,,,,,,,,,,,,,,,,,
2023-09-20 05:00:00,,,,,,,,,,,,,,,,,
2023-09-20 06:00:00,,,,,,,,,,,,,,,,,
2023-09-20 07:00:00,,,,,,,,,,,,,,,,,
2023-09-20 08:00:00,,,,,,,,,,,,,,,,,
2023-09-20 09:00:00,,,,,,,,,,,,,,,,,
2023-09-20 10:00:00,,,,,,,,,,,,,,,,,
2023-09-20 11:00:00,,,,,,,,,,,,,,,,,
2023-09-20 12:00:00,,,,,,,,,,,,,,,,,
2023-09-20 13:00:00,,,,,,,,,,,,,,,,,
2023-09-20 14:00:00,,,,,,,,,,,,,,,,,
2023-09-20 15:00:00,,,,,,,,,,,,,,,,,
2023-09-20 16:00:00,,,,,,,,,,,,,,,,,
2023-09-20 17:00:00,,,,,,,,,,,,,,,,,
2023-09-20 18:00:00,,,,,,,,,,,,,,,,,
2023-09-20 19:00:00,,,,,,,,,,,,,,,,,
2023-09-20 20:00:00,,,,,,,,,,,,,,,,,
2023-09-20 21:00:00,,,,,,,,,,,,,,,,,
2023-09-20 22:00:00,,,,,,,,,,,,,,,,,
2023-09-20 23:00:00,,,,,,,,,,,,,,,,,
2023-09-21 00:00:00,,,,,,,,,,,,,,,,,
2023-09-21 01:00:00,,,,,,,,,,,,,,,,,
2023-09-21 02:00:00,,,,,,,,,,,,,,,,,
2023-09-21 03:00:00,,,,,,,,,,,,,,,,,
2023-09-21 04:00:00,,,,,,,,,,,,,,,,,
2023-09-21 05:00:00,,,,,,,,,,,,,,,,,
2023-09-21 06:00:00,,,,,,,,,,,,,,,,,
2023-09-21 07:00:00,,,,,,,,,,,,,,,,,
2023-09-21 08:00:00,,,,,,,,,,,,,,,,,
2023-09-21 09:00:00,,,,,,,,,,,,,,,,,
2023-09-21 10:00:00,,,,,,,,,,,,,,,,,
2023-09-21 11:00:00,,,,,,,,,,,,,,,,,
2023-09-21 12:00:00,,,,,,,,,,,,,,,,,
2023-09-21 13:00:00,,,,,,,,,,,,,,,,,
2023-09-21 14:00:00,,,,,,,,,,,,,,,,,
2023-09-21 15:00:00,,,,,,,,,,,,,,,,,
2023-09-21 16:00:00,,,,,,,,,,,,,,,,,
2023-09-21 17:00:00,,,,,,,,,,,,,,,,,
2023-09-21 18:00:00,,,,,,,,,,,,,,,,,
2023-09-21 19:00:00,,,,,,,,,,,,,,,,,
2023-09-21 20:00:00,,,,,,,,,,,,,,,,,
2023-09-21 21:00:00,,,,,,,,,,,,,,,,,
2023-09-21 22:00:00,,,,,,,,,,,,,,,,,
2023-09-21 23:00:00,,,,,,,,,,,,,,,,,
2023-09-22 00:00:00,,,,,,,,,,,,,,,,,
2023-09-22 01:00:00,,,,,,,,,,,,,,,,,
2023-09-22 02:00:00,,,,,,,,,,,,,,,,,
2023-09-22 03:00:00,,,,,,,,,,,,,,,,,
2023-09-22 04:00:00,,,,,,,,,,,,,,,,,
2023-09-22 05:00:00,,,,,,,,,,,,,,,,,
2023-09-22 06:00:00,,,,,,,,,,,,,,,,,
2023-09-22 07:00:00,,,,,,,,,,,,,,,,,
2023-09-22 08:00:00,,,,,,,,,,,,,,,,,
2023-09-22 09:00:00,,,,,,,,,,,,,,,,,
2023-09-22 10:00:00,,,,,,,,,,,,,,,,,
2023-09-22 11:00:00,,,,,,,,,,,,,,,,,
2023-09-22 12:00:00,,,,,,,,,,,,,,,,,
2023-09-22 13:00:00,,,,,,,,,,,,,,,,,
2023-09-22 14:00:00,,,,,,,,,,,,,,,,,
2023-09-22 15:00:00,,,,,,,,,,,,,,,,,
2023-09-22 16:00:00,,,,,,,,,,,,,,,,,
2023-09-22 17:00:00,,,,,,,,,,,,,,,,,
2023-09-22 18:00:00,,,,,,,,,,,,,,,,,
2023-09-22 19:00:00,,,,,,,,,,,,,,,,,
2023-09-22 20:00:00,,,,,,,,,,,,,,,,,
2023-09-22 21:00:00,,,,,,,,,,,,,,,,,
2023-09-22 22:00:00,,,,,,,,,,,,,,,,,
2023-09-22 23:00:00,,,,,,,,,,,,,,,,,
2023-09-23 00:00:00,,,,,,,,,,,,,,,,,
2023-09-23 01:00:00,,,,,,,,,,,,,,,,,
2023-09-23 02:00:00,,,,,,,,,,,,,,,,,
2023-09-23 03:00:00,,,,,,,,,,,,,,,,,
2023-09-23 04:00:00,,,,,,,,,,,,,,,,,
2023-09-23 05:00:00,,,,,,,,,,,,,,,,,
2023-09-23 06:00:00,,,,,,,,,,,,,,,,,
2023-09-23 07:00:00,,,,,,,,,,,,,,,,,
2023-09-23 08:00:00,,,,,,,,,,,,,,,,,
2023-09-23 09:00:00,,,,,,,,,,,,,,,,,
2023-09-23 10:00:00,,,,,,,,,,,,,,,,,
2023-09-23 11:00:00,,,,,,,,,,,,,,,,,
2023-09-23 12:00:00,,,,,,,,,,,,,,,,,
2023-09-23 13:00:00,,,,,,,,,,,,,,,,,
2023-09-23 14:00:00,,,,,,,,,,,,,,,,,
2023-09-23 15:00:00,,,,,,,,,,,,,,,,,
2023-09-23 16:00:00,,,,,,,,,,,,,,,,,
2023-09-23 17:00:00,,,,,,,,,,,,,,,,,
2023-09-23 18:00:00,,,,,,,,,,,,,,,,,
2023-09-23 19:00:00,,,,,,,,,,,,,,,,,
2023-09-23 20:00:00,,,,,,,,,,,,,,,,,
2023-09-23 21:00:00,,,,,,,,,,,,,,,,,
2023-09-23 22:00:00,,,,,,,,,,,,,,,,,
2023-09-23 23:00:00,,,,,,,,,,,,,,,,,
2023-09-24 00:00:00,,,,,,,,,,,,,,,,,
2023-09-24 01:00:00,,,,,,,,,,,,,,,,,
2023-09-24 02:00:00,,,,,,,,,,,,,,,,,
2023-09-24 03:00:00,,,,,,,,,,,,,,,,,
2023-09-24 04:00:00,,,,,,,,,,,,,,,,,
2023-09-24 05:00:00,,,,,,,,,,,,,,,,,
2023-09-24 06:00:00,,,,,,,,,,,,,,,,,
2023-09-24 07:00:00,,,,,,,,,,,,,,,,,
2023-09-24 08:00:00,,,,,,,,,,,,,,,,,
2023-09-24 09:00:00,,,,,,,,,,,,,,,,,
2023-09-24 10:00:00,,,,,,,,,,,,,,,,,
2023-09-24 11:00:00,,,,,,,,,,,,,,,,,
2023-09-24 12:00:00,,,,,,,,,,,,,,,,,
2023-09-24 13:00:00,,,,,,,,,,,,,,,,,
2023-09-24 14:00:00,,,,,,,,,,,,,,,,,
2023-09-24 15:00:00,,,,,,,,,,,,,,,,,
2023-09-24 16:00:00,,,,,,,,,,,,,,,,,
2023-09-24 17:00:00,,,,,,,,,,,,,,,,,
2023-09-24 18:00:00,,,,,,,,,,,,,,,,,
2023-09-24 19:00:00,,,,,,,,,,,,,,,,,
2023-09-24 20:00:00,,,,,,,,,,,,,,,,,
2023-09-24 21:00:00,,,,,,,,,,,,,,,,,
2023-09-24 22:00:00,,,,,,,,,,,,,,,,,
2023-09-24 23:00:00,,,,,,,,,,,,,,,,,
2023-09-25 00:00:00,,,,,,,,,,,,,,,,,
2023-09-25 01:00:00,,,,,,,,,,,,,,,,,
2023-09-25 02:00:00,,,,,,,,,,,,,,,,,
2023-09-25 03:00:00,,,,,,,,,,,,,,,,,
2023-09-25 04:00:00,,,,,,,,,,,,,,,,,
2023-09-25 05:00:00,,,,,,,,,,,,,,,,,
2023-09-25 06:00:00,,,,,,,,,,,,,,,,,
2023-09-25 07:00:00,,,,,,,,,,,,,,,,,
2023-09-25 08:00:00,,,,,,,,,,,,,,,,,
2023-09-25 09:00:00,,,,,,,,,,,,,,,,,
2023-09-25 10:00:00,,,,,,,,,,,,,,,,,
2023-09-25 11:00:00,,,,,,,,,,,,,,,,,
2023-09-25 12:00:00,,,,,,,,,,,,,,,,,
2023-09-25 13:00:00,,,,,,,,,,,,,,,,,
2023-09-25 14:00:00,,,,,,,,,,,,,,,,,
2023-09-25 15:00:00,,,,,,,,,,,,,,,,,
2023-09-25 16:00:00,,,,,,,,,,,,,,,,,
2023-09-25 17:00:00,,,,,,,,,,,,,,,,,
2023-09-25 18:00:00,,,,,,,,,,,,,,,,,
2023-09-25 19:00:00,,,,,,,,,,,,,,,,,
2023-09-25 20:00:00,,,,,,,,,,,,,,,,,
2023-09-25 21:00:00,,,,,,,,,,,,,,,,,
2023-09-25 22:00:00,,,,,,,,,,,,,,,,,
2023-09-25 23:00:00,,,,,,,,,,,,,,,,,
2023-09-26 00:00:00,,,,,,,,,,,,,,,,,
2023-09-26 01:00:00,,,,,,,,,,,,,,,,,
2023-09-26 02:00:00,,,,,,,,,,,,,,,,,
2023-09-26 03:00:00,,,,,,,,,,,,,,,,,
2023-09-26 04:00:00,,,,,,,,,,,,,,,,,
2023-09-26 05:00:00,,,,,,,,,,,,,,,,,
2023-09-26 06:00:00,,,,,,,,,,,,,,,,,
2023-09-26 07:00:00,,,,,,,,,,,,,,,,,
2023-09-26 08:00:00,,,,,,,,,,,,,,,,,
2023-09-26 09:00:00,,,,,,,,,,,,,,,,,
2023-09-26 10:00:00,,,,,,,,,,,,,,,,,
2023-09-26 11:00:00,,,,,,,,,,,,,,,,,
2023-09-26 12:00:00,,,,,,,,,,,,,,,,,
2023-09-26 13:00:00,,,,,,,,,,,,,,,,,
2023-09-26 14:00:00,,,,,,,,,,,,,,,,,
2023-09-26 15:00:00,,,,,,,,,,,,,,,,,
2023-09-26 16:00:00,,,,,,,,,,,,,,,,,
2023-09-26 17:00:00,,,,,,,,,,,,,,,,,
2023-09-26 18:00:00,,,,,,,,,,,,,,,,,
2023-09-26 19:00:00,,,,,,,,,,,,,,,,,
2023-09-26 20:00:00,,,,,,,,,,,,,,,,,
2023-09-26 21:00:00,,,,,,,,,,,,,,,,,
2023-09-26 22:00:00,,,,,,,,,,,,,,,,,
2023-09-26 23:00:00,,,,,,,,,,,,,,,,,
2023-09-27 00:00:00,,,,,,,,,,,,,,,,,
2023-09-27 01:00:00,,,,,,,,,,,,,,,,,
2023-09-27 02:00:00,,,,,,,,,,,,,,,,,
2023-09-27 03:00:00,,,,,,,,,,,,,,,,,
2023-09-27 04:00:00,,,,,,,,,,,,,,,,,
2023-09-27 05:00:00,,,,,,,,,,,,,,,,,
2023-09-27 06:00:00,,,,,,,,,,,,,,,,,
2023-09-27 07:00:00,,,,,,,,,,,,,,,,,
2023-09-27 08:00:00,,,,,,,,,,,,,,,,,
2023-09-27 09:00:00,,,,,,,,,,,,,,,,,
2023-09-27 10:00:00,,,,,,,,,,,,,,,,,
2023-09-27 11:00:00,,,,,,,,,,,,,,,,,
2023-09-27 12:00:00,,,,,,,,,,,,,,,,,
2023-09-27 13:00:00,,,,,,,,,,,,,,,,,
2023-09-27 14:00:00,,,,,,,,,,,,,,,,,
2023-09-27 15:00:00,,,,,,,,,,,,,,,,,
2023-09-27 16:00:00,,,,,,,,,,,,,,,,,
2023-09-27 17:00:00,,,,,,,,,,,,,,,,,
2023-09-27 18:00:00,,,,,,,,,,,,,,,,,
2023-09-27 19:00:00,,,,,,,,,,,,,,,,,
2023-09-27 20:00:00,,,,,,,,,,,,,,,,,
2023-09-27 21:00:00,,,,,,,,,,,,,,,,,
2023-09-27 22:00:00,,,,,,,,,,,,,,,,,
2023-09-27 23:00:00,,,,,,,,,,,,,,,,,
2023-09-28 00:00:00,,,,,,,,,,,,,,,,,
2023-09-28 01:00:00,,,,,,,,,,,,,,,,,
2023-09-28 02:00:00,,,,,,,,,,,,,,,,,
2023-09-28 03:00:00,,,,,,,,,,,,,,,,,
2023-09-28 04:00:00,,,,,,,,,,,,,,,,,
2023-09-28 05:00:00,,,,,,,,,,,,,,,,,
2023-09-28 06:00:00,,,,,,,,,,,,,,,,,
2023-09-28 07:00:00,,,,,,,,,,,,,,,,,
2023-09-28 08:00:00,,,,,,,,,,,,,,,,,
2023-09-28 09:00:00,,,,,,,,,,,,,,,,,
2023-09-28 10:00:00,,,,,,,,,,,,,,,,,
2023-09-28 11:00:00,,,,,,,,,,,,,,,,,
2023-09-28 12:00:00,,,,,,,,,,,,,,,,,
2023-09-28 13:00:00,,,,,,,,,,,,,,,,,
2023-09-28 14:00:00,,,,,,,,,,,,,,,,,
2023-09-28 15:00:00,,,,,,,,,,,,,,,,,
2023-09-28 16:00:00,,,,,,,,,,,,,,,,,
2023-09-28 17:00:00,,,,,,,,,,,,,,,,,
2023-09-28 18:00:00,,,,,,,,,,,,,,,,,
2023-09-28 19:00:00,,,,,,,,,,,,,,,,,
2023-09-28 20:00:00,,,,,,,,,,,,,,,,,
2023-09-28 21:00:00,,,,,,,,,,,,,,,,,
2023-09-28 22:00:00,,,,,,,,,,,,,,,,,
2023-09-28 23:00:00,,,,,,,,,,,,,,,,,
2023-09-29 00:00:00,,,,,,,,,,,,,,,,,
2023-09-29 01:00:00,,,,,,,,,,,,,,,,,
2023-09-29 02:00:00,,,,,,,,,,,,,,,,,
2023-09-29 03:00:00,,,,,,,,,,,,,,,,,
2023-09-29 04:00:00,,,,,,,,,,,,,,,,,
2023-09-29 05:00:00,,,,,,,,,,,,,,,,,
2023-09-29 06:00:00,,,,,,,,,,,,,,,,,
2023-09-29 07:00:00,,,,,,,,,,,,,,,,,
2023-09-29 08:00:00,,,,,,,,,,,,,,,,,
2023-09-29 09:00:00,,,,,,,,,,,,,,,,,
2023-09-29 10:00:00,,,,,,,,,,,,,,,,,
2023-09-29 11:00:00,,,,,,,,,,,,,,,,,
2023-09-29 12:00:00,,,,,,,,,,,,,,,,,
2023-09-29 13:00:00,,,,,,,,,,,,,,,,,
2023-09-29 14:00:00,,,,,,,,,,,,,,,,,
2023-09-29 15:00:00,,,,,,,,,,,,,,,,,
2023-09-29 16:00:00,,,,,,,,,,,,,,,,,
2023-09-29 17:00:00,,,,,,,,,,,,,,,,,
2023-09-29 18:00:00,,,,,,,,,,,,,,,,,
2023-09-29 19:00:00,,,,,,,,,,,,,,,,,
2023-09-29 20:00:00,,,,,,,,,,,,,,,,,
2023-09-29 21:00:00,,,,,,,,,,,,,,,,,
2023-09-29 22:00:00,,,,,,,,,,,,,,,,,
2023-09-29 23:00:00,,,,,,,,,,,,,,,,,
2023-09-30 00:00:00,,,,,,,,,,,,,,,,,
2023-09-30 01:00:00,,,,,,,,,,,,,,,,,
2023-09-30 02:00:00,,,,,,,,,,,,,,,,,
2023-09-30 03:00:00,,,,,,,,,,,,,,,,,
2023-09-30 04:00:00,,,,,,,,,,,,,,,,,
2023-09-30 05:00:00,,,,,,,,,,,,,,,,,
2023-09-30 06:00:00,,,,,,,,,,,,,,,,,
2023-09-30 07:00:00,,,,,,,,,,,,,,,,,
2023-09-30 08:00:00,,,,,,,,,,,,,,,,,
2023-09-30 09:00:00,,,,,,,,,,,,,,,,,
2023-09-30 10:00:00,,,,,,,,,,,,,,,,,
2023-09-30 11:00:00,,,,,,,,,,,,,,,,,
2023-09-30 12:00:00,,,,,,,,,,,,,,,,,
2023-09-30 13:00:00,,,,,,,,,,,,,,,,,
2023-09-30 14:00:00,,,,,,,,,,,,,,,,,
2023-09-30 15:00:00,,,,,,,,,,,,,,,,,
2023-09-30 16:00:00,,,,,,,,,,,,,,,,,
2023-09-30 17:00:00,,,,,,,,,,,,,,,,,
2023-09-30 18:00:00,,,,,,,,,,,,,,,,,
2023-09-30 19:00:00,,,,,,,,,,,,,,,,,
2023-09-30 20:00:00,,,,,,,,,,,,,,,,,
2023-09-30 21:00:00,,,,,,,,,,,,,,,,,
2023-09-30 22:00:00,,,,,,,,,,,,,,,,,
2023-09-30 23:00:00,,,,,,,,,,,,,,,,,
2023-10-01 00:00:00,,,,,,,,,,,,,,,,,
2023-10-01 01:00:00,,,,,,,,,,,,,,,,,
2023-10-01 02:00:00,,,,,,,,,,,,,,,,,
2023-10-01 03:00:00,,,,,,,,,,,,,,,,,
2023-10-01 04:00:00,,,,,,,,,,,,,,,,,
2023-10-01 05:00:00,,,,,,,,,,,,,,,,,
2023-10-01 06:00:00,,,,,,,,,,,,,,,,,
2023-10-01 07:00:00,,,,,,,,,,,,,,,,,
2023-10-01 08:00:00,,,,,,,,,,,,,,,,,
2023-10-01 09:00:00,,,,,,,,,,,,,,,,,
2023-10-01 10:00:00,,,,,,,,,,,,,,,,,
2023-10-01 11:00:00,,,,,,,,,,,,,,,,,
2023-10-01 12:00:00,,,,,,,,,,,,,,,,,
2023-10-01 13:00:00,,,,,,,,,,,,,,,,,
2023-10-01 14:00:00,,,,,,,,,,,,,,,,,
2023-10-01 15:00:00,,,,,,,,,,,,,,,,,
2023-10-01 16:00:00,,,,,,,,,,,,,,,,,
2023-10-01 17:00:00,,,,,,,,,,,,,,,,,
2023-10-01 18:00:00,,,,,,,,,,,,,,,,,
2023-10-01 19:00:00,,,,,,,,,,,,,,,,,
2023-10-01 20:00:00,,,,,,,,,,,,,,,,,
2023-10-01 21:00:00,,,,,,,,,,,,,,,,,
2023-10-01 22:00:00,,,,,,,,,,,,,,,,,
2023-10-01 23:00:00,,,,,,,,,,,,,,,,,
2023-10-02 00:00:00,,,,,,,,,,,,,,,,,
2023-10-02 01:00:00,,,,,,,,,,,,,,,,,
2023-10-02 02:00:00,,,,,,,,,,,,,,,,,
2023-10-02 03:00:00,,,,,,,,,,,,,,,,,
2023-10-02 04:00:00,,,,,,,,,,,,,,,,,
2023-10-02 05:00:00,,,,,,,,,,,,,,,,,
2023-10-02 06:00:00,,,,,,,,,,,,,,,,,
2023-10-02 07:00:00,,,,,,,,,,,,,,,,,
2023-10-02 08:00:00,,,,,,,,,,,,,,,,,
2023-10-02 09:00:00,,,,,,,,,,,,,,,,,
2023-10-02 10:00:00,,,,,,,,,,,,,,,,,
2023-10-02 11:00:00,,,,,,,,,,,,,,,,,
2023-10-02 12:00:00,,,,,,,,,,,,,,,,,
2023-10-02 13:00:00,,,,,,,,,,,,,,,,,
2023-10-02 14:00:00,,,,,,,,,,,,,,,,,
2023-10-02 15:00:00,,,,,,,,,,,,,,,,,
2023-10-02 16:00:00,,,,,,,,,,,,,,,,,
2023-10-02 17:00:00,,,,,,,,,,,,,,,,,
2023-10-02 18:00:00,,,,,,,,,,,,,,,,,
2023-10-02 19:00:00,,,,,,,,,,,,,,,,,
2023-10-02 20:00:00,,,,,,,,,,,,,,,,,
2023-10-02 21:00:00,,,,,,,,,,,,,,,,,
2023-10-02 22:00:00,,,,,,,,,,,,,,,,,
2023-10-02 23:00:00,,,,,,,,,,,,,,,,,
2023-10-03 00:00:00,,,,,,,,,,,,,,,,,
2023-10-03 01:00:00,,,,,,,,,,,,,,,,,
2023-10-03 02:00:00,,,,,,,,,,,,,,,,,
2023-10-03 03:00:00,,,,,,,,,,,,,,,,,
2023-10-03 04:00:00,,,,,,,,,,,,,,,,,
2023-10-03 05:00:00,,,,,,,,,,,,,,,,,
2023-10-03 06:00:00,,,,,,,,,,,,,,,,,
2023-10-03 07:00:00,,,,,,,,,,,,,,,,,
2023-10-03 08:00:00,,,,,,,,,,,,,,,,,
2023-10-03 09:00:00,,,,,,,,,,,,,,,,,
2023-10-03 10:00:00,,,,,,,,,,,,,,,,,
2023-10-03 11:00:00,,,,,,,,,,,,,,,,,
2023-10-03 12:00:00,,,,,,,,,,,,,,,,,
2023-10-03 13:00:00,,,,,,,,,,,,,,,,,
2023-10-03 14:00:00,,,,,,,,,,,,,,,,,
2023-10-03 15:00:00,,,,,,,,,,,,,,,,,
2023-10-03 16:00:00,,,,,,,,,,,,,,,,,
2023-10-03 17:00:00,,,,,,,,,,,,,,,,,
2023-10-03 18:00:00,,,,,,,,,,,,,,,,,
2023-10-03 19:00:00,,,,,,,,,,,,,,,,,
2023-10-03 20:00:00,,,,,,,,,,,,,,,,,
2023-10-03 21:00:00,,,,,,,,,,,,,,,,,
2023-10-03 22:00:00,,,,,,,,,,,,,,,,,
2023-10-03 23:00:00,,,,,,,,,,,,,,,,,
2023-10-04 00:00:00,,,,,,,,,,,,,,,,,
2023-10-04 01:00:00,,,,,,,,,,,,,,,,,
2023-10-04 02:00:00,,,,,,,,,,,,,,,,,
2023-10-04 03:00:00,,,,,,,,,,,,,,,,,
2023-10-04 04:00:00,,,,,,,,,,,,,,,,,
2023-10-04 05:00:00,,,,,,,,,,,,,,,,,
2023-10-04 06:00:00,,,,,,,,,,,,,,,,,
2023-10-04 07:00:00,,,,,,,,,,,,,,,,,
2023-10-04 08:00:00,,,,,,,,,,,,,,,,,
2023-10-04 09:00:00,,,,,,,,,,,,,,,,,
2023-10-04 10:00:00,,,,,,,,,,,,,,,,,
2023-10-04 11:00:00,,,,,,,,,,,,,,,,,
2023-10-04 12:00:00,,,,,,,,,,,,,,,,,
2023-10-04 13:00:00,,,,,,,,,,,,,,,,,
2023-10-04 14:00:00,,,,,,,,,,,,,,,,,
2023-10-04 15:00:00,,,,,,,,,,,,,,,,,
2023-10-04 16:00:00,,,,,,,,,,,,,,,,,
2023-10-04 17:00:00,,,,,,,,,,,,,,,,,
2023-10-04 18:00:00,,,,,,,,,,,,,,,,,
2023-10-04 19:00:00,,,,,,,,,,,,,,,,,
2023-10-04 20:00:00,,,,,,,,,,,,,,,,,
2023-10-04 21:00:00,,,,,,,,,,,,,,,,,
2023-10-04 22:00:00,,,,,,,,,,,,,,,,,
2023-10-04 23:00:00,,,,,,,,,,,,,,,,,
2023-10-05 00:00:00,,,,,,,,,,,,,,,,,
2023-10-05 01:00:00,,,,,,,,,,,,,,,,,
2023-10-05 02:00:00,,,,,,,,,,,,,,,,,
2023-10-05 03:00:00,,,,,,,,,,,,,,,,,
2023-10-05 04:00:00,,,,,,,,,,,,,,,,,
2023-10-05 05:00:00,,,,,,,,,,,,,,,,,
2023-10-05 06:00:00,,,,,,,,,,,,,,,,,
2023-10-05 07:00:00,,,,,,,,,,,,,,,,,
2023-10-05 08:00:00,,,,,,,,,,,,,,,,,
2023-10-05 09:00:00,,,,,,,,,,,,,,,,,
2023-10-05 10:00:00,,,,,,,,,,,,,,,,,
2023-10-05 11:00:00,,,,,,,,,,,,,,,,,
2023-10-05 12:00:00,,,,,,,,,,,,,,,,,
2023-10-05 13:00:00,,,,,,,,,,,,,,,,,
2023-10-05 14:00:00,,,,,,,,,,,,,,,,,
2023-10-05 15:00:00,,,,,,,,,,,,,,,,,
2023-10-05 16:00:00,,,,,,,,,,,,,,,,,
2023-10-05 17:00:00,,,,,,,,,,,,,,,,,
2023-10-05 18:00:00,,,,,,,,,,,,,,,,,
2023-10-05 19:00:00,,,,,,,,,,,,,,,,,
2023-10-05 20:00:00,,,,,,,,,,,,,,,,,
2023-10-05 21:00:00,,,,,,,,,,,,,,,,,
2023-10-05 22:00:00,,,,,,,,,,,,,,,,,
2023-10-05 23:00:00,,,,,,,,,,,,,,,,,
2023-10-06 00:00:00,,,,,,,,,,,,,,,,,
2023-10-06 01:00:00,,,,,,,,,,,,,,,,,
2023-10-06 02:00:00,,,,,,,,,,,,,,,,,
2023-10-06 03:00:00,,,,,,,,,,,,,,,,,
2023-10-06 04:00:00,,,,,,,,,,,,,,,,,
2023-10-06 05:00:00,,,,,,,,,,,,,,,,,
2023-10-06 06:00:00,,,,,,,,,,,,,,,,,
2023-10-06 07:00:00,,,,,,,,,,,,,,,,,
2023-10-06 08:00:00,,,,,,,,,,,,,,,,,
2023-10-06 09:00:00,,,,,,,,,,,,,,,,,
2023-10-06 10:00:00,,,,,,,,,,,,,,,,,
2023-10-06 11:00:00,,,,,,,,,,,,,,,,,
2023-10-06 12:00:00,,,,,,,,,,,,,,,,,
2023-10-06 13:00:00,,,,,,,,,,,,,,,,,
2023-10-06 14:00:00,,,,,,,,,,,,,,,,,
2023-10-06 15:00:00,,,,,,,,,,,,,,,,,
2023-10-06 16:00:00,,,,,,,,,,,,,,,,,
2023-10-06 17:00:00,,,,,,,,,,,,,,,,,
2023-10-06 18:00:00,,,,,,,,,,,,,,,,,
2023-10-06 19:00:00,,,,,,,,,,,,,,,,,
2023-10-06 20:00:00,,,,,,,,,,,,,,,,,
2023-10-06 21:00:00,,,,,,,,,,,,,,,,,
2023-10-06 22:00:00,,,,,,,,,,,,,,,,,
2023-10-06 23:00:00,,,,,,,,,,,,,,,,,
2023-10-07 00:00:00,,,,,,,,,,,,,,,,,
2023-10-07 01:00:00,,,,,,,,,,,,,,,,,
2023-10-07 02:00:00,,,,,,,,,,,,,,,,,
2023-10-07 03:00:00,,,,,,,,,,,,,,,,,
2023-10-07 04:00:00,,,,,,,,,,,,,,,,,
2023-10-07 05:00:00,,,,,,,,,,,,,,,,,
2023-10-07 06:00:00,,,,,,,,,,,,,,,,,
2023-10-07 07:00:00,,,,,,,,,,,,,,,,,
2023-10-07 08:00:00,,,,,,,,,,,,,,,,,
2023-10-07 09:00:00,,,,,,,,,,,,,,,,,
2023-10-07 10:00:00,,,,,,,,,,,,,,,,,
2023-10-07 11:00:00,,,,,,,,,,,,,,,,,
2023-10-07 12:00:00,,,,,,,,,,,,,,,,,
2023-10-07 13:00:00,,,,,,,,,,,,,,,,,
2023-10-07 14:00:00,,,,,,,,,,,,,,,,,
2023-10-07 15:00:00,,,,,,,,,,,,,,,,,
2023-10-07 16:00:00,,,,,,,,,,,,,,,,,
2023-10-07 17:00:00,,,,,,,,,,,,,,,,,
2023-10-07 18:00:00,,,,,,,,,,,,,,,,,
2023-10-07 19:00:00,,,,,,,,,,,,,,,,,
2023-10-07 20:00:00,,,,,,,,,,,,,,,,,
2023-10-07 21:00:00,,,,,,,,,,,,,,,,,
2023-10-07 22:00:00,,,,,,,,,,,,,,,,,
2023-10-07 23:00:00,,,,,,,,,,,,,,,,,
2023-10-08 00:00:00,,,,,,,,,,,,,,,,,
2023-10-08 01:00:00,,,,,,,,,,,,,,,,,
2023-10-08 02:00:00,,,,,,,,,,,,,,,,,
2023-10-08 03:00:00,,,,,,,,,,,,,,,,,
2023-10-08 04:00:00,,,,,,,,,,,,,,,,,
2023-10-08 05:00:00,,,,,,,,,,,,,,,,,
2023-10-08 06:00:00,,,,,,,,,,,,,,,,,
2023-10-08 07:00:00,,,,,,,,,,,,,,,,,
2023-10-08 08:00:00,,,,,,,,,,,,,,,,,
2023-10-08 09:00:00,,,,,,,,,,,,,,,,,
2023-10-08 10:00:00,,,,,,,,,,,,,,,,,
2023-10-08 11:00:00,,,,,,,,,,,,,,,,,
2023-10-08 12:00:00,,,,,,,,,,,,,,,,,
2023-10-08 13:00:00,,,,,,,,,,,,,,,,,
2023-10-08 14:00:00,,,,,,,,,,,,,,,,,
2023-10-08 15:00:00,,,,,,,,,,,,,,,,,
2023-10-08 16:00:00,,,,,,,,,,,,,,,,,
2023-10-08 17:00:00,,,,,,,,,,,,,,,,,
2023-10-08 18:00:00,,,,,,,,,,,,,,,,,
2023-10-08 19:00:00,,,,,,,,,,,,,,,,,
2023-10-08 20:00:00,,,,,,,,,,,,,,,,,
2023-10-08 21:00:00,,,,,,,,,,,,,,,,,
2023-10-08 22:00:00,,,,,,,,,,,,,,,,,
2023-10-08 23:00:00,,,,,,,,,,,,,,,,,
2023-10-09 00:00:00,,,,,,,,,,,,,,,,,
2023-10-09 01:00:00,,,,,,,,,,,,,,,,,
2023-10-09 02:00:00,,,,,,,,,,,,,,,,,
2023-10-09 03:00:00,,,,,,,,,,,,,,,,,
2023-10-09 04:00:00,,,,,,,,,,,,,,,,,
2023-10-09 05:00:00,,,,,,,,,,,,,,,,,
2023-10-09 06:00:00,,,,,,,,,,,,,,,,,
2023-10-09 07:00:00,,,,,,,,,,,,,,,,,
2023-10-09 08:00:00,,,,,,,,,,,,,,,,,
2023-10-09 09:00:00,,,,,,,,,,,,,,,,,
2023-10-09 10:00:00,,,,,,,,,,,,,,,,,
2023-10-09 11:00:00,,,,,,,,,,,,,,,,,
2023-10-09 12:00:00,,,,,,,,,,,,,,,,,
2023-10-09 13:00:00,,,,,,,,,,,,,,,,,
2023-10-09 14:00:00,,,,,,,,,,,,,,,,,
2023-10-09 15:00:00,,,,,,,,,,,,,,,,,
2023-10-09 16:00:00,,,,,,,,,,,,,,,,,
2023-10-09 17:00:00,,,,,,,,,,,,,,,,,
2023-10-09 18:00:00,,,,,,,,,,,,,,,,,
2023-10-09 19:00:00,,,,,,,,,,,,,,,,,
2023-10-09 20:00:00,,,,,,,,,,,,,,,,,
2023-10-09 21:00:00,,,,,,,,,,,,,,,,,
2023-10-09 22:00:00,,,,,,,,,,,,,,,,,
2023-10-09 23:00:00,,,,,,,,,,,,,,,,,
2023-10-10 00:00:00,,,,,,,,,,,,,,,,,
2023-10-10 01:00:00,,,,,,,,,,,,,,,,,
2023-10-10 02:00:00,,,,,,,,,,,,,,,,,
2023-10-10 03:00:00,,,,,,,,,,,,,,,,,
2023-10-10 04:00:00,,,,,,,,,,,,,,,,,
2023-10-10 05:00:00,,,,,,,,,,,,,,,,,
2023-10-10 06:00:00,,,,,,,,,,,,,,,,,
2023-10-10 07:00:00,,,,,,,,,,,,,,,,,
2023-10-10 08:00:00,,,,,,,,,,,,,,,,,
2023-10-10 09:00:00,,,,,,,,,,,,,,,,,
2023-10-10 10:00:00,,,,,,,,,,,,,,,,,
2023-10-10 11:00:00,,,,,,,,,,,,,,,,,
2023-10-10 12:00:00,,,,,,,,,,,,,,,,,
2023-10-10 13:00:00,,,,,,,,,,,,,,,,,
2023-10-10 14:00:00,,,,,,,,,,,,,,,,,
2023-10-10 15:00:00,,,,,,,,,,,,,,,,,
2023-10-10 16:00:00,,,,,,,,,,,,,,,,,
2023-10-10 17:00:00,,,,,,,,,,,,,,,,,
2023-10-10 18:00:00,,,,,,,,,,,,,,,,,
2023-10-10 19:00:00,,,,,,,,,,,,,,,,,
2023-10-10 20:00:00,,,,,,,,,,,,,,,,,
2023-10-10 21:00:00,,,,,,,,,,,,,,,,,
2023-10-10 22:00:00,,,,,,,,,,,,,,,,,
2023-10-10 23:00:00,,,,,,,,,,,,,,,,,
2023-10-11 00:00:00,,,,,,,,,,,,,,,,,
2023-10-11 01:00:00,,,,,,,,,,,,,,,,,
2023-10-11 02:00:00,,,,,,,,,,,,,,,,,
2023-10-11 03:00:00,,,,,,,,,,,,,,,,,
2023-10-11 04:00:00,,,,,,,,,,,,,,,,,
2023-10-11 05:00:00,,,,,,,,,,,,,,,,,
2023-10-11 06:00:00,,,,,,,,,,,,,,,,,
2023-10-11 07:00:00,,,,,,,,,,,,,,,,,
2023-10-11 08:00:00,,,,,,,,,,,,,,,,,
2023-10-11 09:00:00,,,,,,,,,,,,,,,,,
2023-10-11 10:00:00,,,,,,,,,,,,,,,,,
2023-10-11 11:00:00,,,,,,,,,,,,,,,,,
2023-10-11 12:00:00,,,,,,,,,,,,,,,,,
2023-10-11 13:00:00,,,,,,,,,,,,,,,,,
2023-10-11 14:00:00,,,,,,,,,,,,,,,,,
2023-10-11 15:00:00,,,,,,,,,,,,,,,,,
2023-10-11 16:00:00,,,,,,,,,,,,,,,,,
2023-10-11 17:00:00,,,,,,,,,,,,,,,,,
2023-10-11 18:00:00,,,,,,,,,,,,,,,,,
2023-10-11 19:00:00,,,,,,,,,,,,,,,,,
2023-10-11 20:00:00,,,,,,,,,,,,,,,,,
2023-10-11 21:00:00,,,,,,,,,,,,,,,,,
2023-10-11 22:00:00,,,,,,,,,,,,,,,,,
2023-10-11 23:00:00,,,,,,,,,,,,,,,,,
2023-10-12 00:00:00,,,,,,,,,,,,,,,,,
2023-10-12 01:00:00,,,,,,,,,,,,,,,,,
2023-10-12 02:00:00,,,,,,,,,,,,,,,,,
2023-10-12 03:00:00,,,,,,,,,,,,,,,,,
2023-10-12 04:00:00,,,,,,,,,,,,,,,,,
2023-10-12 05:00:00,,,,,,,,,,,,,,,,,
2023-10-12 06:00:00,,,,,,,,,,,,,,,,,
2023-10-12 07:00:00,,,,,,,,,,,,,,,,,
2023-10-12 08:00:00,,,,,,,,,,,,,,,,,
2023-10-12 09:00:00,,,,,,,,,,,,,,,,,
2023-10-12 10:00:00,,,,,,,,,,,,,,,,,
2023-10-12 11:00:00,,,,,,,,,,,,,,,,,
2023-10-12 12:00:00,,,,,,,,,,,,,,,,,
2023-10-12 13:00:00,,,,,,,,,,,,,,,,,
2023-10-12 14:00:00,,,,,,,,,,,,,,,,,
2023-10-12 15:00:00,,,,,,,,,,,,,,,,,
2023-10-12 16:00:00,,,,,,,,,,,,,,,,,
2023-10-12 17:00:00,,,,,,,,,,,,,,,,,
2023-10-12 18:00:00,,,,,,,,,,,,,,,,,
2023-10-12 19:00:00,,,,,,,,,,,,,,,,,
2023-10-12 20:00:00,,,,,,,,,,,,,,,,,
2023-10-12 21:00:00,,,,,,,,,,,,,,,,,
2023-10-12 22:00:00,,,,,,,,,,,,,,,,,
2023-10-12 23:00:00,,,,,,,,,,,,,,,,,
2023-10-13 00:00:00,,,,,,,,,,,,,,,,,
2023-10-13 01:00:00,,,,,,,,,,,,,,,,,
2023-10-13 02:00:00,,,,,,,,,,,,,,,,,
2023-10-13 03:00:00,,,,,,,,,,,,,,,,,
2023-10-13 04:00:00,,,,,,,,,,,,,,,,,
2023-10-13 05:00:00,,,,,,,,,,,,,,,,,
2023-10-13 06:00:00,,,,,,,,,,,,,,,,,
2023-10-13 07:00:00,,,,,,,,,,,,,,,,,
2023-10-13 08:00:00,,,,,,,,,,,,,,,,,
2023-10-13 09:00:00,,,,,,,,,,,,,,,,,
2023-10-13 10:00:00,,,,,,,,,,,,,,,,,
2023-10-13 11:00:00,,,,,,,,,,,,,,,,,
2023-10-13 12:00:00,,,,,,,,,,,,,,,,,
2023-10-13 13:00:00,,,,,,,,,,,,,,,,,
2023-10-13 14:00:00,,,,,,,,,,,,,,,,,
2023-10-13 15:00:00,,,,,,,,,,,,,,,,,
2023-10-13 16:00:00,,,,,,,,,,,,,,,,,
2023-10-13 17:00:00,,,,,,,,,,,,,,,,,
2023-10-13 18:00:00,,,,,,,,,,,,,,,,,
2023-10-13 19:00:00,,,,,,,,,,,,,,,,,
2023-10-13 20:00:00,,,,,,,,,,,,,,,,,
2023-10-13 21:00:00,,,,,,,,,,,,,,,,,
2023-10-13 22:00:00,,,,,,,,,,,,,,,,,
2023-10-13 23:00:00,,,,,,,,,,,,,,,,,
2023-10-14 00:00:00,,,,,,,,,,,,,,,,,
2023-10-14 01:00:00,,,,,,,,,,,,,,,,,
2023-10-14 02:00:00,,,,,,,,,,,,,,,,,
2023-10-14 03:00:00,,,,,,,,,,,,,,,,,
2023-10-14 04:00:00,,,,,,,,,,,,,,,,,
2023-10-14 05:00:00,,,,,,,,,,,,,,,,,
2023-10-14 06:00:00,,,,,,,,,,,,,,,,,
2023-10-14 07:00:00,,,,,,,,,,,,,,,,,
2023-10-14 08:00:00,,,,,,,,,,,,,,,,,
2023-10-14 09:00:00,,,,,,,,,,,,,,,,,
2023-10-14 10:00:00,,,,,,,,,,,,,,,,,
2023-10-14 11:00:00,,,,,,,,,,,,,,,,,
2023-10-14 12:00:00,,,,,,,,,,,,,,,,,
2023-10-14 13:00:00,,,,,,,,,,,,,,,,,
2023-10-14 14:00:00,,,,,,,,,,,,,,,,,
2023-10-14 15:00:00,,,,,,,,,,,,,,,,,
2023-10-14 16:00:00,,,,,,,,,,,,,,,,,
2023-10-14 17:00:00,,,,,,,,,,,,,,,,,
2023-10-14 18:00:00,,,,,,,,,,,,,,,,,
2023-10-14 19:00:00,,,,,,,,,,,,,,,,,
2023-10-14 20:00:00,,,,,,,,,,,,,,,,,
2023-10-14 21:00:00,,,,,,,,,,,,,,,,,
2023-10-14 22:00:00,,,,,,,,,,,,,,,,,
2023-10-14 23:00:00,,,,,,,,,,,,,,,,,
2023-10-15 00:00:00,,,,,,,,,,,,,,,,,
2023-10-15 01:00:00,,,,,,,,,,,,,,,,,
2023-10-15 02:00:00,,,,,,,,,,,,,,,,,
2023-10-15 03:00:00,,,,,,,,,,,,,,,,,
2023-10-15 04:00:00,,,,,,,,,,,,,,,,,
2023-10-15 05:00:00,,,,,,,,,,,,,,,,,
2023-10-15 06:00:00,,,,,,,,,,,,,,,,,
2023-10-15 07:00:00,,,,,,,,,,,,,,,,,
2023-10-15 08:00:00,,,,,,,,,,,,,,,,,
2023-10-15 09:00:00,,,,,,,,,,,,,,,,,
2023-10-15 10:00:00,,,,,,,,,,,,,,,,,
2023-10-15 11:00:00,,,,,,,,,,,,,,,,,
2023-10-15 12:00:00,,,,,,,,,,,,,,,,,
2023-10-15 13:00:00,,,,,,,,,,,,,,,,,
2023-10-15 14:00:00,,,,,,,,,,,,,,,,,
2023-10-15 15:00:00,,,,,,,,,,,,,,,,,
2023-10-15 16:00:00,,,,,,,,,,,,,,,,,
2023-10-15 17:00:00,,,,,,,,,,,,,,,,,
2023-10-15 18:00:00,,,,,,,,,,,,,,,,,
2023-10-15 19:00:00,,,,,,,,,,,,,,,,,
2023-10-15 20:00:00,,,,,,,,,,,,,,,,,
2023-10-15 21:00:00,,,,,,,,,,,,,,,,,
2023-10-15 22:00:00,,,,,,,,,,,,,,,,,
2023-10-15 23:00:00,,,,,,,,,,,,,,,,,
2023-10-16 00:00:00,,,,,,,,,,,,,,,,,
2023-10-16 01:00:00,,,,,,,,,,,,,,,,,
2023-10-16 02:00:00,,,,,,,,,,,,,,,,,
2023-10-16 03:00:00,,,,,,,,,,,,,,,,,
2023-10-16 04:00:00,,,,,,,,,,,,,,,,,
2023-10-16 05:00:00,,,,,,,,,,,,,,,,,
2023-10-16 06:00:00,,,,,,,,,,,,,,,,,
2023-10-16 07:00:00,,,,,,,,,,,,,,,,,
2023-10-16 08:00:00,,,,,,,,,,,,,,,,,
2023-10-16 09:00:00,,,,,,,,,,,,,,,,,
2023-10-16 10:00:00,,,,,,,,,,,,,,,,,
2023-10-16 11:00:00,,,,,,,,,,,,,,,,,
2023-10-16 12:00:00,,,,,,,,,,,,,,,,,
2023-10-16 13:00:00,,,,,,,,,,,,,,,,,
2023-10-16 14:00:00,,,,,,,,,,,,,,,,,
2023-10-16 15:00:00,,,,,,,,,,,,,,,,,
2023-10-16 16:00:00,,,,,,,,,,,,,,,,,
2023-10-16 17:00:00,,,,,,,,,,,,,,,,,
2023-10-16 18:00:00,,,,,,,,,,,,,,,,,
2023-10-16 19:00:00,,,,,,,,,,,,,,,,,
2023-10-16 20:00:00,,,,,,,,,,,,,,,,,
2023-10-16 21:00:00,,,,,,,,,,,,,,,,,
2023-10-16 22:00:00,,,,,,,,,,,,,,,,,
2023-10-16 23:00:00,,,,,,,,,,,,,,,,,
2023-10-17 00:00:00,,,,,,,,,,,,,,,,,
2023-10-17 01:00:00,,,,,,,,,,,,,,,,,
2023-10-17 02:00:00,,,,,,,,,,,,,,,,,
2023-10-17 03:00:00,,,,,,,,,,,,,,,,,
2023-10-17 04:00:00,,,,,,,,,,,,,,,,,
2023-10-17 05:00:00,,,,,,,,,,,,,,,,,
2023-10-17 06:00:00,,,,,,,,,,,,,,,,,
2023-10-17 07:00:00,,,,,,,,,,,,,,,,,
2023-10-17 08:00:00,,,,,,,,,,,,,,,,,
2023-10-17 09:00:00,,,,,,,,,,,,,,,,,
2023-10-17 10:00:00,,,,,,,,,,,,,,,,,
2023-10-17 11:00:00,,,,,,,,,,,,,,,,,
2023-10-17 12:00:00,,,,,,,,,,,,,,,,,
2023-10-17 13:00:00,,,,,,,,,,,,,,,,,
2023-10-17 14:00:00,,,,,,,,,,,,,,,,,
2023-10-17 15:00:00,,,,,,,,,,,,,,,,,
2023-10-17 16:00:00,,,,,,,,,,,,,,,,,
2023-10-17 17:00:00,,,,,,,,,,,,,,,,,
2023-10-17 18:00:00,,,,,,,,,,,,,,,,,
2023-10-17 19:00:00,,,,,,,,,,,,,,,,,
2023-10-17 20:00:00,,,,,,,,,,,,,,,,,
2023-10-17 21:00:00,,,,,,,,,,,,,,,,,
2023-10-17 22:00:00,,,,,,,,,,,,,,,,,
2023-10-17 23:00:00,,,,,,,,,,,,,,,,,
2023-10-18 00:00:00,,,,,,,,,,,,,,,,,
2023-10-18 01:00:00,,,,,,,,,,,,,,,,,
2023-10-18 02:00:00,,,,,,,,,,,,,,,,,
2023-10-18 03:00:00,,,,,,,,,,,,,,,,,
2023-10-18 04:00:00,,,,,,,,,,,,,,,,,
2023-10-18 05:00:00,,,,,,,,,,,,,,,,,
2023-10-18 06:00:00,,,,,,,,,,,,,,,,,
2023-10-18 07:00:00,,,,,,,,,,,,,,,,,
2023-10-18 08:00:00,,,,,,,,,,,,,,,,,
2023-10-18 09:00:00,,,,,,,,,,,,,,,,,
2023-10-18 10:00:00,,,,,,,,,,,,,,,,,
2023-10-18 11:00:00,,,,,,,,,,,,,,,,,
2023-10-18 12:00:00,,,,,,,,,,,,,,,,,
2023-10-18 13:00:00,,,,,,,,,,,,,,,,,
2023-10-18 14:00:00,,,,,,,,,,,,,,,,,
2023-10-18 15:00:00,,,,,,,,,,,,,,,,,
2023-10-18 16:00:00,,,,,,,,,,,,,,,,,
2023-10-18 17:00:00,,,,,,,,,,,,,,,,,
2023-10-18 18:00:00,,,,,,,,,,,,,,,,,
2023-10-18 19:00:00,,,,,,,,,,,,,,,,,
2023-10-18 20:00:00,,,,,,,,,,,,,,,,,
2023-10-18 21:00:00,,,,,,,,,,,,,,,,,
2023-10-18 22:00:00,,,,,,,,,,,,,,,,,
2023-10-18 23:00:00,,,,,,,,,,,,,,,,,
2023-10-19 00:00:00,,,,,,,,,,,,,,,,,
2023-10-19 01:00:00,,,,,,,,,,,,,,,,,
2023-10-19 02:00:00,,,,,,,,,,,,,,,,,
2023-10-19 03:00:00,,,,,,,,,,,,,,,,,
2023-10-19 04:00:00,,,,,,,,,,,,,,,,,
2023-10-19 05:00:00,,,,,,,,,,,,,,,,,
2023-10-19 06:00:00,,,,,,,,,,,,,,,,,
2023-10-19 07:00:00,,,,,,,,,,,,,,,,,
2023-10-19 08:00:00,,,,,,,,,,,,,,,,,
2023-10-19 09:00:00,,,,,,,,,,,,,,,,,
2023-10-19 10:00:00,,,,,,,,,,,,,,,,,
2023-10-19 11:00:00,,,,,,,,,,,,,,,,,
2023-10-19 12:00:00,,,,,,,,,,,,,,,,,
2023-10-19 13:00:00,,,,,,,,,,,,,,,,,
2023-10-19 14:00:00,,,,,,,,,,,,,,,,,
2023-10-19 15:00:00,,,,,,,,,,,,,,,,,
2023-10-19 16:00:00,,,,,,,,,,,,,,,,,
2023-10-19 17:00:00,,,,,,,,,,,,,,,,,
2023-10-19 18:00:00,,,,,,,,,,,,,,,,,
2023-10-19 19:00:00,,,,,,,,,,,,,,,,,
2023-10-19 20:00:00,,,,,,,,,,,,,,,,,
2023-10-19 21:00:00,,,,,,,,,,,,,,,,,
2023-10-19 22:00:00,,,,,,,,,,,,,,,,,
2023-10-19 23:00:00,,,,,,,,,,,,,,,,,
2023-10-20 00:00:00,,,,,,,,,,,,,,,,,
2023-10-20 01:00:00,,,,,,,,,,,,,,,,,
2023-10-20 02:00:00,,,,,,,,,,,,,,,,,
2023-10-20 03:00:00,,,,,,,,,,,,,,,,,
2023-10-20 04:00:00,,,,,,,,,,,,,,,,,
2023-10-20 05:00:00,,,,,,,,,,,,,,,,,
2023-10-20 06:00:00,,,,,,,,,,,,,,,,,
2023-10-20 07:00:00,,,,,,,,,,,,,,,,,
2023-10-20 08:00:00,,,,,,,,,,,,,,,,,
2023-10-20 09:00:00,,,,,,,,,,,,,,,,,
2023-10-20 10:00:00,,,,,,,,,,,,,,,,,
2023-10-20 11:00:00,,,,,,,,,,,,,,,,,
2023-10-20 12:00:00,,,,,,,,,,,,,,,,,
2023-10-20 13:00:00,,,,,,,,,,,,,,,,,
2023-10-20 14:00:00,,,,,,,,,,,,,,,,,
2023-10-20 15:00:00,,,,,,,,,,,,,,,,,
2023-10-20 16:00:00,,,,,,,,,,,,,,,,,
2023-10-20 17:00:00,,,,,,,,,,,,,,,,,
2023-10-20 18:00:00,,,,,,,,,,,,,,,,,
2023-10-20 19:00:00,,,,,,,,,,,,,,,,,
2023-10-20 20:00:00,,,,,,,,,,,,,,,,,
2023-10-20 21:00:00,,,,,,,,,,,,,,,,,
2023-10-20 22:00:00,,,,,,,,,,,,,,,,,
2023-10-20 23:00:00,,,,,,,,,,,,,,,,,
2023-10-21 00:00:00,,,,,,,,,,,,,,,,,
2023-10-21 01:00:00,,,,,,,,,,,,,,,,,
2023-10-21 02:00:00,,,,,,,,,,,,,,,,,
2023-10-21 03:00:00,,,,,,,,,,,,,,,,,
2023-10-21 04:00:00,,,,,,,,,,,,,,,,,
2023-10-21 05:00:00,,,,,,,,,,,,,,,,,
2023-10-21 06:00:00,,,,,,,,,,,,,,,,,
2023-10-21 07:00:00,,,,,,,,,,,,,,,,,
2023-10-21 08:00:00,,,,,,,,,,,,,,,,,
2023-10-21 09:00:00,,,,,,,,,,,,,,,,,
2023-10-21 10:00:00,,,,,,,,,,,,,,,,,
2023-10-21 11:00:00,,,,,,,,,,,,,,,,,
2023-10-21 12:00:00,,,,,,,,,,,,,,,,,
2023-10-21 13:00:00,,,,,,,,,,,,,,,,,
2023-10-21 14:00:00,,,,,,,,,,,,,,,,,
2023-10-21 15:00:00,,,,,,,,,,,,,,,,,
2023-10-21 16:00:00,,,,,,,,,,,,,,,,,
2023-10-21 17:00:00,,,,,,,,,,,,,,,,,
2023-10-21 18:00:00,,,,,,,,,,,,,,,,,
2023-10-21 19:00:00,,,,,,,,,,,,,,,,,
2023-10-21 20:00:00,,,,,,,,,,,,,,,,,
2023-10-21 21:00:00,,,,,,,,,,,,,,,,,
2023-10-21 22:00:00,,,,,,,,,,,,,,,,,
2023-10-21 23:00:00,,,,,,,,,,,,,,,,,
2023-10-22 00:00:00,,,,,,,,,,,,,,,,,
2023-10-22 01:00:00,,,,,,,,,,,,,,,,,
2023-10-22 02:00:00,,,,,,,,,,,,,,,,,
2023-10-22 03:00:00,,,,,,,,,,,,,,,,,
2023-10-22 04:00:00,,,,,,,,,,,,,,,,,
2023-10-22 05:00:00,,,,,,,,,,,,,,,,,
2023-10-22 06:00:00,,,,,,,,,,,,,,,,,
2023-10-22 07:00:00,,,,,,,,,,,,,,,,,
2023-10-22 08:00:00,,,,,,,,,,,,,,,,,
2023-10-22 09:00:00,,,,,,,,,,,,,,,,,
2023-10-22 10:00:00,,,,,,,,,,,,,,,,,
2023-10-22 11:00:00,,,,,,,,,,,,,,,,,
2023-10-22 12:00:00,,,,,,,,,,,,,,,,,
2023-10-22 13:00:00,,,,,,,,,,,,,,,,,
2023-10-22 14:00:00,,,,,,,,,,,,,,,,,
2023-10-22 15:00:00,,,,,,,,,,,,,,,,,
2023-10-22 16:00:00,,,,,,,,,,,,,,,,,
2023-10-22 17:00:00,,,,,,,,,,,,,,,,,
2023-10-22 18:00:00,,,,,,,,,,,,,,,,,
2023-10-22 19:00:00,,,,,,,,,,,,,,,,,
2023-10-22 20:00:00,,,,,,,,,,,,,,,,,
2023-10-22 21:00:00,,,,,,,,,,,,,,,,,
2023-10-22 22:00:00,,,,,,,,,,,,,,,,,
2023-10-22 23:00:00,,,,,,,,,,,,,,,,,
2023-10-23 00:00:00,,,,,,,,,,,,,,,,,
2023-10-23 01:00:00,,,,,,,,,,,,,,,,,
2023-10-23 02:00:00,,,,,,,,,,,,,,,,,
2023-10-23 03:00:00,,,,,,,,,,,,,,,,,
2023-10-23 04:00:00,,,,,,,,,,,,,,,,,
2023-10-23 05:00:00,,,,,,,,,,,,,,,,,
2023-10-23 06:00:00,,,,,,,,,,,,,,,,,
2023-10-23 07:00:00,,,,,,,,,,,,,,,,,
2023-10-23 08:00:00,,,,,,,,,,,,,,,,,
2023-10-23 09:00:00,,,,,,,,,,,,,,,,,
2023-10-23 10:00:00,,,,,,,,,,,,,,,,,
2023-10-23 11:00:00,,,,,,,,,,,,,,,,,
2023-10-23 12:00:00,,,,,,,,,,,,,,,,,
2023-10-23 13:00:00,,,,,,,,,,,,,,,,,
2023-10-23 14:00:00,,,,,,,,,,,,,,,,,
2023-10-23 15:00:00,,,,,,,,,,,,,,,,,
2023-10-23 16:00:00,,,,,,,,,,,,,,,,,
2023-10-23 17:00:00,,,,,,,,,,,,,,,,,
2023-10-23 18:00:00,,,,,,,,,,,,,,,,,
2023-10-23 19:00:00,,,,,,,,,,,,,,,,,
2023-10-23 20:00:00,,,,,,,,,,,,,,,,,
2023-10-23 21:00:00,,,,,,,,,,,,,,,,,
2023-10-23 22:00:00,,,,,,,,,,,,,,,,,
2023-10-23 23:00:00,,,,,,,,,,,,,,,,,
2023-10-24 00:00:00,,,,,,,,,,,,,,,,,
2023-10-24 01:00:00,,,,,,,,,,,,,,,,,
2023-10-24 02:00:00,,,,,,,,,,,,,,,,,
2023-10-24 03:00:00,,,,,,,,,,,,,,,,,
2023-10-24 04:00:00,,,,,,,,,,,,,,,,,
2023-10-24 05:00:00,,,,,,,,,,,,,,,,,
2023-10-24 06:00:00,,,,,,,,,,,,,,,,,
2023-10-24 07:00:00,,,,,,,,,,,,,,,,,
2023-10-24 08:00:00,,,,,,,,,,,,,,,,,
2023-10-24 09:00:00,,,,,,,,,,,,,,,,,
2023-10-24 10:00:00,,,,,,,,,,,,,,,,,
2023-10-24 11:00:00,,,,,,,,,,,,,,,,,
2023-10-24 12:00:00,,,,,,,,,,,,,,,,,
2023-10-24 13:00:00,,,,,,,,,,,,,,,,,
2023-10-24 14:00:00,,,,,,,,,,,,,,,,,
2023-10-24 15:00:00,,,,,,,,,,,,,,,,,
2023-10-24 16:00:00,,,,,,,,,,,,,,,,,
2023-10-24 17:00:00,,,,,,,,,,,,,,,,,
2023-10-24 18:00:00,,,,,,,,,,,,,,,,,
2023-10-24 19:00:00,,,,,,,,,,,,,,,,,
2023-10-24 20:00:00,,,,,,,,,,,,,,,,,
2023-10-24 21:00:00,,,,,,,,,,,,,,,,,
2023-10-24 22:00:00,,,,,,,,,,,,,,,,,
2023-10-24 23:00:00,,,,,,,,,,,,,,,,,
2023-10-25 00:00:00,,,,,,,,,,,,,,,,,
2023-10-25 01:00:00,,,,,,,,,,,,,,,,,
2023-10-25 02:00:00,,,,,,,,,,,,,,,,,
2023-10-25 03:00:00,,,,,,,,,,,,,,,,,
2023-10-25 04:00:00,,,,,,,,,,,,,,,,,
2023-10-25 05:00:00,,,,,,,,,,,,,,,,,
2023-10-25 06:00:00,,,,,,,,,,,,,,,,,
2023-10-25 07:00:00,,,,,,,,,,,,,,,,,
2023-10-25 08:00:00,,,,,,,,,,,,,,,,,
2023-10-25 09:00:00,,,,,,,,,,,,,,,,,
2023-10-25 10:00:00,,,,,,,,,,,,,,,,,
2023-10-25 11:00:00,,,,,,,,,,,,,,,,,
2023-10-25 12:00:00,,,,,,,,,,,,,,,,,
2023-10-25 13:00:00,,,,,,,,,,,,,,,,,
2023-10-25 14:00:00,,,,,,,,,,,,,,,,,
2023-10-25 15:00:00,,,,,,,,,,,,,,,,,
2023-10-25 16:00:00,,,,,,,,,,,,,,,,,
2023-10-25 17:00:00,,,,,,,,,,,,,,,,,
2023-10-25 18:00:00,,,,,,,,,,,,,,,,,
2023-10-25 19:00:00,,,,,,,,,,,,,,,,,
2023-10-25 20:00:00,,,,,,,,,,,,,,,,,
2023-10-25 21:00:00,,,,,,,,,,,,,,,,,
2023-10-25 22:00:00,,,,,,,,,,,,,,,,,
2023-10-25 23:00:00,,,,,,,,,,,,,,,,,
2023-10-26 00:00:00,,,,,,,,,,,,,,,,,
2023-10-26 01:00:00,,,,,,,,,,,,,,,,,
2023-10-26 02:00:00,,,,,,,,,,,,,,,,,
2023-10-26 03:00:00,,,,,,,,,,,,,,,,,
2023-10-26 04:00:00,,,,,,,,,,,,,,,,,
2023-10-26 05:00:00,,,,,,,,,,,,,,,,,
2023-10-26 06:00:00,,,,,,,,,,,,,,,,,
2023-10-26 07:00:00,,,,,,,,,,,,,,,,,
2023-10-26 08:00:00,,,,,,,,,,,,,,,,,
2023-10-26 09:00:00,,,,,,,,,,,,,,,,,
2023-10-26 10:00:00,,,,,,,,,,,,,,,,,
2023-10-26 11:00:00,,,,,,,,,,,,,,,,,
2023-10-26 12:00:00,,,,,,,,,,,,,,,,,
2023-10-26 13:00:00,,,,,,,,,,,,,,,,,
2023-10-26 14:00:00,,,,,,,,,,,,,,,,,
2023-10-26 15:00:00,,,,,,,,,,,,,,,,,
2023-10-26 16:00:00,,,,,,,,,,,,,,,,,
2023-10-26 17:00:00,,,,,,,,,,,,,,,,,
2023-10-26 18:00:00,,,,,,,,,,,,,,,,,
2023-10-26 19:00:00,,,,,,,,,,,,,,,,,
2023-10-26 20:00:00,,,,,,,,,,,,,,,,,
2023-10-26 21:00:00,,,,,,,,,,,,,,,,,
2023-10-26 22:00:00,,,,,,,,,,,,,,,,,
2023-10-26 23:00:00,,,,,,,,,,,,,,,,,
2023-10-27 00:00:00,,,,,,,,,,,,,,,,,
2023-10-27 01:00:00,,,,,,,,,,,,,,,,,
2023-10-27 02:00:00,,,,,,,,,,,,,,,,,
2023-10-27 03:00:00,,,,,,,,,,,,,,,,,
2023-10-27 04:00:00,,,,,,,,,,,,,,,,,
2023-10-27 05:00:00,,,,,,,,,,,,,,,,,
2023-10-27 06:00:00,,,,,,,,,,,,,,,,,
2023-10-27 07:00:00,,,,,,,,,,,,,,,,,
2023-10-27 08:00:00,,,,,,,,,,,,,,,,,
2023-10-27 09:00:00,,,,,,,,,,,,,,,,,
2023-10-27 10:00:00,,,,,,,,,,,,,,,,,
2023-10-27 11:00:00,,,,,,,,,,,,,,,,,
2023-10-27 12:00:00,,,,,,,,,,,,,,,,,
2023-10-27 13:00:00,,,,,,,,,,,,,,,,,
2023-10-27 14:00:00,,,,,,,,,,,,,,,,,
2023-10-27 15:00:00,,,,,,,,,,,,,,,,,
2023-10-27 16:00:00,,,,,,,,,,,,,,,,,
2023-10-27 17:00:00,,,,,,,,,,,,,,,,,
2023-10-27 18:00:00,,,,,,,,,,,,,,,,,
2023-10-27 19:00:00,,,,,,,,,,,,,,,,,
2023-10-27 20:00:00,,,,,,,,,,,,,,,,,
2023-10-27 21:00:00,,,,,,,,,,,,,,,,,
2023-10-27 22:00:00,,,,,,,,,,,,,,,,,
2023-10-27 23:00:00,,,,,,,,,,,,,,,,,
2023-10-28 00:00:00,,,,,,,,,,,,,,,,,
2023-10-28 01:00:00,,,,,,,,,,,,,,,,,
2023-10-28 02:00:00,,,,,,,,,,,,,,,,,
2023-10-28 03:00:00,,,,,,,,,,,,,,,,,
2023-10-28 04:00:00,,,,,,,,,,,,,,,,,
2023-10-28 05:00:00,,,,,,,,,,,,,,,,,
2023-10-28 06:00:00,,,,,,,,,,,,,,,,,
2023-10-28 07:00:00,,,,,,,,,,,,,,,,,
2023-10-28 08:00:00,,,,,,,,,,,,,,,,,
2023-10-28 09:00:00,,,,,,,,,,,,,,,,,
2023-10-28 10:00:00,,,,,,,,,,,,,,,,,
2023-10-28 11:00:00,,,,,,,,,,,,,,,,,
2023-10-28 12:00:00,,,,,,,,,,,,,,,,,
2023-10-28 13:00:00,,,,,,,,,,,,,,,,,
2023-10-28 14:00:00,,,,,,,,,,,,,,,,,
2023-10-28 15:00:00,,,,,,,,,,,,,,,,,
2023-10-28 16:00:00,,,,,,,,,,,,,,,,,
2023-10-28 17:00:00,,,,,,,,,,,,,,,,,
2023-10-28 18:00:00,,,,,,,,,,,,,,,,,
2023-10-28 19:00:00,,,,,,,,,,,,,,,,,
2023-10-28 20:00:00,,,,,,,,,,,,,,,,,
2023-10-28 21:00:00,,,,,,,,,,,,,,,,,
2023-10-28 22:00:00,,,,,,,,,,,,,,,,,
2023-10-28 23:00:00,,,,,,,,,,,,,,,,,
2023-10-29 00:00:00,,,,,,,,,,,,,,,,,
2023-10-29 01:00:00,,,,,,,,,,,,,,,,,
2023-10-29 02:00:00,,,,,,,,,,,,,,,,,
2023-10-29 03:00:00,,,,,,,,,,,,,,,,,
2023-10-29 04:00:00,,,,,,,,,,,,,,,,,
2023-10-29 05:00:00,,,,,,,,,,,,,,,,,
2023-10-29 06:00:00,,,,,,,,,,,,,,,,,
2023-10-29 07:00:00,,,,,,,,,,,,,,,,,
2023-10-29 08:00:00,,,,,,,,,,,,,,,,,
2023-10-29 09:00:00,,,,,,,,,,,,,,,,,
2023-10-29 10:00:00,,,,,,,,,,,,,,,,,
2023-10-29 11:00:00,,,,,,,,,,,,,,,,,
2023-10-29 12:00:00,,,,,,,,,,,,,,,,,
2023-10-29 13:00:00,,,,,,,,,,,,,,,,,
2023-10-29 14:00:00,,,,,,,,,,,,,,,,,
2023-10-29 15:00:00,,,,,,,,,,,,,,,,,
2023-10-29 16:00:00,,,,,,,,,,,,,,,,,
2023-10-29 17:00:00,,,,,,,,,,,,,,,,,
2023-10-29 18:00:00,,,,,,,,,,,,,,,,,
2023-10-29 19:00:00,,,,,,,,,,,,,,,,,
2023-10-29 20:00:00,,,,,,,,,,,,,,,,,
2023-10-29 21:00:00,,,,,,,,,,,,,,,,,
2023-10-29 22:00:00,,,,,,,,,,,,,,,,,
2023-10-29 23:00:00,,,,,,,,,,,,,,,,,
2023-10-30 00:00:00,,,,,,,,,,,,,,,,,
2023-10-30 01:00:00,,,,,,,,,,,,,,,,,
2023-10-30 02:00:00,,,,,,,,,,,,,,,,,
2023-10-30 03:00:00,,,,,,,,,,,,,,,,,
2023-10-30 04:00:00,,,,,,,,,,,,,,,,,
2023-10-30 05:00:00,,,,,,,,,,,,,,,,,
2023-10-30 06:00:00,,,,,,,,,,,,,,,,,
2023-10-30 07:00:00,,,,,,,,,,,,,,,,,
2023-10-30 08:00:00,,,,,,,,,,,,,,,,,
2023-10-30 09:00:00,,,,,,,,,,,,,,,,,
2023-10-30 10:00:00,,,,,,,,,,,,,,,,,
2023-10-30 11:00:00,,,,,,,,,,,,,,,,,
2023-10-30 12:00:00,,,,,,,,,,,,,,,,,
2023-10-30 13:00:00,,,,,,,,,,,,,,,,,
2023-10-30 14:00:00,,,,,,,,,,,,,,,,,
2023-10-30 15:00:00,,,,,,,,,,,,,,,,,
2023-10-30 16:00:00,,,,,,,,,,,,,,,,,
2023-10-30 17:00:00,,,,,,,,,,,,,,,,,
2023-10-30 18:00:00,,,,,,,,,,,,,,,,,
2023-10-30 19:00:00,,,,,,,,,,,,,,,,,
2023-10-30 20:00:00,,,,,,,,,,,,,,,,,
2023-10-30 21:00:00,,,,,,,,,,,,,,,,,
2023-10-30 22:00:00,,,,,,,,,,,,,,,,,
2023-10-30 23:00:00,,,,,,,,,,,,,,,,,
2023-10-31 00:00:00,,,,,,,,,,,,,,,,,
2023-10-31 01:00:00,,,,,,,,,,,,,,,,,
2023-10-31 02:00:00,,,,,,,,,,,,,,,,,
2023-10-31 03:00:00,,,,,,,,,,,,,,,,,
2023-10-31 04:00:00,,,,,,,,,,,,,,,,,
2023-10-31 05:00:00,,,,,,,,,,,,,,,,,
2023-10-31 06:00:00,,,,,,,,,,,,,,,,,
2023-10-31 07:00:00,,,,,,,,,,,,,,,,,
2023-10-31 08:00:00,,,,,,,,,,,,,,,,,
2023-10-31 09:00:00,,,,,,,,,,,,,,,,,
2023-10-31 10:00:00,,,,,,,,,,,,,,,,,
2023-10-31 11:00:00,,,,,,,,,,,,,,,,,
2023-10-31 12:00:00,,,,,,,,,,,,,,,,,
2023-10-31 13:00:00,,,,,,,,,,,,,,,,,
2023-10-31 14:00:00,,,,,,,,,,,,,,,,,
2023-10-31 15:00:00,,,,,,,,,,,,,,,,,
2023-10-31 16:00:00,,,,,,,,,,,,,,,,,
2023-10-31 17:00:00,,,,,,,,,,,,,,,,,
2023-10-31 18:00:00,,,,,,,,,,,,,,,,,
2023-10-31 19:00:00,,,,,,,,,,,,,,,,,
2023-10-31 20:00:00,,,,,,,,,,,,,,,,,
2023-10-31 21:00:00,,,,,,,,,,,,,,,,,
2023-10-31 22:00:00,,,,,,,,,,,,,,,,,
2023-10-31 23:00:00,,,,,,,,,,,,,,,,,
2023-11-01 00:00:00,,,,,,,,,,,,,,,,,
2023-11-01 01:00:00,,,,,,,,,,,,,,,,,
2023-11-01 02:00:00,,,,,,,,,,,,,,,,,
2023-11-01 03:00:00,,,,,,,,,,,,,,,,,
2023-11-01 04:00:00,,,,,,,,,,,,,,,,,
2023-11-01 05:00:00,,,,,,,,,,,,,,,,,
2023-11-01 06:00:00,,,,,,,,,,,,,,,,,
2023-11-01 07:00:00,,,,,,,,,,,,,,,,,
2023-11-01 08:00:00,,,,,,,,,,,,,,,,,
2023-11-01 09:00:00,,,,,,,,,,,,,,,,,
2023-11-01 10:00:00,,,,,,,,,,,,,,,,,
2023-11-01 11:00:00,,,,,,,,,,,,,,,,,
2023-11-01 12:00:00,,,,,,,,,,,,,,,,,
2023-11-01 13:00:00,,,,,,,,,,,,,,,,,
2023-11-01 14:00:00,,,,,,,,,,,,,,,,,
2023-11-01 15:00:00,,,,,,,,,,,,,,,,,
2023-11-01 16:00:00,,,,,,,,,,,,,,,,,
2023-11-01 17:00:00,,,,,,,,,,,,,,,,,
2023-11-01 18:00:00,,,,,,,,,,,,,,,,,
2023-11-01 19:00:00,,,,,,,,,,,,,,,,,
2023-11-01 20:00:00,,,,,,,,,,,,,,,,,
2023-11-01 21:00:00,,,,,,,,,,,,,,,,,
2023-11-01 22:00:00,,,,,,,,,,,,,,,,,
2023-11-01 23:00:00,,,,,,,,,,,,,,,,,
2023-11-02 00:00:00,,,,,,,,,,,,,,,,,
2023-11-02 01:00:00,,,,,,,,,,,,,,,,,
2023-11-02 02:00:00,,,,,,,,,,,,,,,,,
2023-11-02 03:00:00,,,,,,,,,,,,,,,,,
2023-11-02 04:00:00,,,,,,,,,,,,,,,,,
2023-11-02 05:00:00,,,,,,,,,,,,,,,,,
2023-11-02 06:00:00,,,,,,,,,,,,,,,,,
2023-11-02 07:00:00,,,,,,,,,,,,,,,,,
2023-11-02 08:00:00,,,,,,,,,,,,,,,,,
2023-11-02 09:00:00,,,,,,,,,,,,,,,,,
2023-11-02 10:00:00,,,,,,,,,,,,,,,,,
2023-11-02 11:00:00,,,,,,,,,,,,,,,,,
2023-11-02 12:00:00,,,,,,,,,,,,,,,,,
2023-11-02 13:00:00,,,,,,,,,,,,,,,,,
2023-11-02 14:00:00,,,,,,,,,,,,,,,,,
2023-11-02 15:00:00,,,,,,,,,,,,,,,,,
2023-11-02 16:00:00,,,,,,,,,,,,,,,,,
2023-11-02 17:00:00,,,,,,,,,,,,,,,,,
2023-11-02 18:00:00,,,,,,,,,,,,,,,,,
2023-11-02 19:00:00,,,,,,,,,,,,,,,,,
2023-11-02 20:00:00,,,,,,,,,,,,,,,,,
2023-11-02 21:00:00,,,,,,,,,,,,,,,,,
2023-11-02 22:00:00,,,,,,,,,,,,,,,,,
2023-11-02 23:00:00,,,,,,,,,,,,,,,,,
2023-11-03 00:00:00,,,,,,,,,,,,,,,,,
2023-11-03 01:00:00,,,,,,,,,,,,,,,,,
2023-11-03 02:00:00,,,,,,,,,,,,,,,,,
2023-11-03 03:00:00,,,,,,,,,,,,,,,,,
2023-11-03 04:00:00,,,,,,,,,,,,,,,,,
2023-11-03 05:00:00,,,,,,,,,,,,,,,,,
2023-11-03 06:00:00,,,,,,,,,,,,,,,,,
2023-11-03 07:00:00,,,,,,,,,,,,,,,,,
2023-11-03 08:00:00,,,,,,,,,,,,,,,,,
2023-11-03 09:00:00,,,,,,,,,,,,,,,,,
2023-11-03 10:00:00,,,,,,,,,,,,,,,,,
2023-11-03 11:00:00,,,,,,,,,,,,,,,,,
2023-11-03 12:00:00,,,,,,,,,,,,,,,,,
2023-11-03 13:00:00,,,,,,,,,,,,,,,,,
2023-11-03 14:00:00,,,,,,,,,,,,,,,,,
2023-11-03 15:00:00,,,,,,,,,,,,,,,,,
2023-11-03 16:00:00,,,,,,,,,,,,,,,,,
2023-11-03 17:00:00,,,,,,,,,,,,,,,,,
2023-11-03 18:00:00,,,,,,,,,,,,,,,,,
2023-11-03 19:00:00,,,,,,,,,,,,,,,,,
2023-11-03 20:00:00,,,,,,,,,,,,,,,,,
2023-11-03 21:00:00,,,,,,,,,,,,,,,,,
2023-11-03 22:00:00,,,,,,,,,,,,,,,,,
2023-11-03 23:00:00,,,,,,,,,,,,,,,,,
2023-11-04 00:00:00,,,,,,,,,,,,,,,,,
2023-11-04 01:00:00,,,,,,,,,,,,,,,,,
2023-11-04 02:00:00,,,,,,,,,,,,,,,,,
2023-11-04 03:00:00,,,,,,,,,,,,,,,,,
2023-11-04 04:00:00,,,,,,,,,,,,,,,,,
2023-11-04 05:00:00,,,,,,,,,,,,,,,,,
2023-11-04 06:00:00,,,,,,,,,,,,,,,,,
2023-11-04 07:00:00,,,,,,,,,,,,,,,,,
2023-11-04 08:00:00,,,,,,,,,,,,,,,,,
2023-11-04 09:00:00,,,,,,,,,,,,,,,,,
2023-11-04 10:00:00,,,,,,,,,,,,,,,,,
2023-11-04 11:00:00,,,,,,,,,,,,,,,,,
2023-11-04 12:00:00,,,,,,,,,,,,,,,,,
2023-11-04 13:00:00,,,,,,,,,,,,,,,,,
2023-11-04 14:00:00,,,,,,,,,,,,,,,,,
2023-11-04 15:00:00,,,,,,,,,,,,,,,,,
2023-11-04 16:00:00,,,,,,,,,,,,,,,,,
2023-11-04 17:00:00,,,,,,,,,,,,,,,,,
2023-11-04 18:00:00,,,,,,,,,,,,,,,,,
2023-11-04 19:00:00,,,,,,,,,,,,,,,,,
2023-11-04 20:00:00,,,,,,,,,,,,,,,,,
2023-11-04 21:00:00,,,,,,,,,,,,,,,,,
2023-11-04 22:00:00,,,,,,,,,,,,,,,,,
2023-11-04 23:00:00,,,,,,,,,,,,,,,,,
2023-11-05 00:00:00,,,,,,,,,,,,,,,,,
2023-11-05 01:00:00,,,,,,,,,,,,,,,,,
2023-11-05 02:00:00,,,,,,,,,,,,,,,,,
2023-11-05 03:00:00,,,,,,,,,,,,,,,,,
2023-11-05 04:00:00,,,,,,,,,,,,,,,,,
2023-11-05 05:00:00,,,,,,,,,,,,,,,,,
2023-11-05 06:00:00,,,,,,,,,,,,,,,,,
2023-11-05 07:00:00,,,,,,,,,,,,,,,,,
2023-11-05 08:00:00,,,,,,,,,,,,,,,,,
2023-11-05 09:00:00,,,,,,,,,,,,,,,,,
2023-11-05 10:00:00,,,,,,,,,,,,,,,,,
2023-11-05 11:00:00,,,,,,,,,,,,,,,,,
2023-11-05 12:00:00,,,,,,,,,,,,,,,,,
2023-11-05 13:00:00,,,,,,,,,,,,,,,,,
2023-11-05 14:00:00,,,,,,,,,,,,,,,,,
2023-11-05 15:00:00,,,,,,,,,,,,,,,,,
2023-11-05 16:00:00,,,,,,,,,,,,,,,,,
2023-11-05 17:00:00,,,,,,,,,,,,,,,,,
2023-11-05 18:00:00,,,,,,,,,,,,,,,,,
2023-11-05 19:00:00,,,,,,,,,,,,,,,,,
2023-11-05 20:00:00,,,,,,,,,,,,,,,,,
2023-11-05 21:00:00,,,,,,,,,,,,,,,,,
2023-11-05 22:00:00,,,,,,,,,,,,,,,,,
2023-11-05 23:00:00,,,,,,,,,,,,,,,,,
2023-11-06 00:00:00,,,,,,,,,,,,,,,,,
2023-11-06 01:00:00,,,,,,,,,,,,,,,,,
2023-11-06 02:00:00,,,,,,,,,,,,,,,,,
2023-11-06 03:00:00,,,,,,,,,,,,,,,,,
2023-11-06 04:00:00,,,,,,,,,,,,,,,,,
2023-11-06 05:00:00,,,,,,,,,,,,,,,,,
2023-11-06 06:00:00,,,,,,,,,,,,,,,,,
2023-11-06 07:00:00,,,,,,,,,,,,,,,,,
2023-11-06 08:00:00,,,,,,,,,,,,,,,,,
2023-11-06 09:00:00,,,,,,,,,,,,,,,,,
2023-11-06 10:00:00,,,,,,,,,,,,,,,,,
2023-11-06 11:00:00,,,,,,,,,,,,,,,,,
2023-11-06 12:00:00,,,,,,,,,,,,,,,,,
2023-11-06 13:00:00,,,,,,,,,,,,,,,,,
2023-11-06 14:00:00,,,,,,,,,,,,,,,,,
2023-11-06 15:00:00,,,,,,,,,,,,,,,,,
2023-11-06 16:00:00,,,,,,,,,,,,,,,,,
2023-11-06 17:00:00,,,,,,,,,,,,,,,,,
2023-11-06 18:00:00,,,,,,,,,,,,,,,,,
2023-11-06 19:00:00,,,,,,,,,,,,,,,,,
2023-11-06 20:00:00,,,,,,,,,,,,,,,,,
2023-11-06 21:00:00,,,,,,,,,,,,,,,,,
2023-11-06 22:00:00,,,,,,,,,,,,,,,,,
2023-11-06 23:00:00,,,,,,,,,,,,,,,,,
2023-11-07 00:00:00,,,,,,,,,,,,,,,,,
2023-11-07 01:00:00,,,,,,,,,,,,,,,,,
2023-11-07 02:00:00,,,,,,,,,,,,,,,,,
2023-11-07 03:00:00,,,,,,,,,,,,,,,,,
2023-11-07 04:00:00,,,,,,,,,,,,,,,,,
2023-11-07 05:00:00,,,,,,,,,,,,,,,,,
2023-11-07 06:00:00,,,,,,,,,,,,,,,,,
2023-11-07 07:00:00,,,,,,,,,,,,,,,,,
2023-11-07 08:00:00,,,,,,,,,,,,,,,,,
2023-11-07 09:00:00,,,,,,,,,,,,,,,,,
2023-11-07 10:00:00,,,,,,,,,,,,,,,,,
2023-11-07 11:00:00,,,,,,,,,,,,,,,,,
2023-11-07 12:00:00,,,,,,,,,,,,,,,,,
2023-11-07 13:00:00,,,,,,,,,,,,,,,,,
2023-11-07 14:00:00,,,,,,,,,,,,,,,,,
2023-11-07 15:00:00,,,,,,,,,,,,,,,,,
2023-11-07 16:00:00,,,,,,,,,,,,,,,,,
2023-11-07 17:00:00,,,,,,,,,,,,,,,,,
2023-11-07 18:00:00,,,,,,,,,,,,,,,,,
2023-11-07 19:00:00,,,,,,,,,,,,,,,,,
2023-11-07 20:00:00,,,,,,,,,,,,,,,,,
2023-11-07 21:00:00,,,,,,,,,,,,,,,,,
2023-11-07 22:00:00,,,,,,,,,,,,,,,,,
2023-11-07 23:00:00,,,,,,,,,,,,,,,,,
2023-11-08 00:00:00,,,,,,,,,,,,,,,,,
2023-11-08 01:00:00,,,,,,,,,,,,,,,,,
2023-11-08 02:00:00,,,,,,,,,,,,,,,,,
2023-11-08 03:00:00,,,,,,,,,,,,,,,,,
2023-11-08 04:00:00,,,,,,,,,,,,,,,,,
2023-11-08 05:00:00,,,,,,,,,,,,,,,,,
2023-11-08 06:00:00,,,,,,,,,,,,,,,,,
2023-11-08 07:00:00,,,,,,,,,,,,,,,,,
2023-11-08 08:00:00,,,,,,,,,,,,,,,,,
2023-11-08 09:00:00,,,,,,,,,,,,,,,,,
2023-11-08 10:00:00,,,,,,,,,,,,,,,,,
2023-11-08 11:00:00,,,,,,,,,,,,,,,,,
2023-11-08 12:00:00,,,,,,,,,,,,,,,,,
2023-11-08 13:00:00,,,,,,,,,,,,,,,,,
2023-11-08 14:00:00,,,,,,,,,,,,,,,,,
2023-11-08 15:00:00,,,,,,,,,,,,,,,,,
2023-11-08 16:00:00,,,,,,,,,,,,,,,,,
2023-11-08 17:00:00,,,,,,,,,,,,,,,,,
2023-11-08 18:00:00,,,,,,,,,,,,,,,,,
2023-11-08 19:00:00,,,,,,,,,,,,,,,,,
2023-11-08 20:00:00,,,,,,,,,,,,,,,,,
2023-11-08 21:00:00,,,,,,,,,,,,,,,,,
2023-11-08 22:00:00,,,,,,,,,,,,,,,,,
2023-11-08 23:00:00,,,,,,,,,,,,,,,,,
2023-11-09 00:00:00,,,,,,,,,,,,,,,,,
2023-11-09 01:00:00,,,,,,,,,,,,,,,,,
2023-11-09 02:00:00,,,,,,,,,,,,,,,,,
2023-11-09 03:00:00,,,,,,,,,,,,,,,,,
2023-11-09 04:00:00,,,,,,,,,,,,,,,,,
2023-11-09 05:00:00,,,,,,,,,,,,,,,,,
2023-11-09 06:00:00,,,,,,,,,,,,,,,,,
2023-11-09 07:00:00,,,,,,,,,,,,,,,,,
2023-11-09 08:00:00,,,,,,,,,,,,,,,,,
2023-11-09 09:00:00,,,,,,,,,,,,,,,,,
2023-11-09 10:00:00,,,,,,,,,,,,,,,,,
2023-11-09 11:00:00,,,,,,,,,,,,,,,,,
2023-11-09 12:00:00,,,,,,,,,,,,,,,,,
2023-11-09 13:00:00,,,,,,,,,,,,,,,,,
2023-11-09 14:00:00,,,,,,,,,,,,,,,,,
2023-11-09 15:00:00,,,,,,,,,,,,,,,,,
2023-11-09 16:00:00,,,,,,,,,,,,,,,,,
2023-11-09 17:00:00,,,,,,,,,,,,,,,,,
2023-11-09 18:00:00,,,,,,,,,,,,,,,,,
2023-11-09 19:00:00,,,,,,,,,,,,,,,,,
2023-11-09 20:00:00,,,,,,,,,,,,,,,,,
2023-11-09 21:00:00,,,,,,,,,,,,,,,,,
2023-11-09 22:00:00,,,,,,,,,,,,,,,,,
2023-11-09 23:00:00,,,,,,,,,,,,,,,,,
2023-11-10 00:00:00,,,,,,,,,,,,,,,,,
2023-11-10 01:00:00,,,,,,,,,,,,,,,,,
2023-11-10 02:00:00,,,,,,,,,,,,,,,,,
2023-11-10 03:00:00,,,,,,,,,,,,,,,,,
2023-11-10 04:00:00,,,,,,,,,,,,,,,,,
2023-11-10 05:00:00,,,,,,,,,,,,,,,,,
2023-11-10 06:00:00,,,,,,,,,,,,,,,,,
2023-11-10 07:00:00,,,,,,,,,,,,,,,,,
2023-11-10 08:00:00,,,,,,,,,,,,,,,,,
2023-11-10 09:00:00,,,,,,,,,,,,,,,,,
2023-11-10 10:00:00,,,,,,,,,,,,,,,,,
2023-11-10 11:00:00,,,,,,,,,,,,,,,,,
2023-11-10 12:00:00,,,,,,,,,,,,,,,,,
2023-11-10 13:00:00,,,,,,,,,,,,,,,,,
2023-11-10 14:00:00,,,,,,,,,,,,,,,,,
2023-11-10 15:00:00,,,,,,,,,,,,,,,,,
2023-11-10 16:00:00,,,,,,,,,,,,,,,,,
2023-11-10 17:00:00,,,,,,,,,,,,,,,,,
2023-11-10 18:00:00,,,,,,,,,,,,,,,,,
2023-11-10 19:00:00,,,,,,,,,,,,,,,,,
2023-11-10 20:00:00,,,,,,,,,,,,,,,,,
2023-11-10 21:00:00,,,,,,,,,,,,,,,,,
2023-11-10 22:00:00,,,,,,,,,,,,,,,,,
2023-11-10 23:00:00,,,,,,,,,,,,,,,,,
2023-11-11 00:00:00,,,,,,,,,,,,,,,,,
2023-11-11 01:00:00,,,,,,,,,,,,,,,,,
2023-11-11 02:00:00,,,,,,,,,,,,,,,,,
2023-11-11 03:00:00,,,,,,,,,,,,,,,,,
2023-11-11 04:00:00,,,,,,,,,,,,,,,,,
2023-11-11 05:00:00,,,,,,,,,,,,,,,,,
2023-11-11 06:00:00,,,,,,,,,,,,,,,,,
2023-11-11 07:00:00,,,,,,,,,,,,,,,,,
2023-11-11 08:00:00,,,,,,,,,,,,,,,,,
2023-11-11 09:00:00,,,,,,,,,,,,,,,,,
2023-11-11 10:00:00,,,,,,,,,,,,,,,,,
2023-11-11 11:00:00,,,,,,,,,,,,,,,,,
2023-11-11 12:00:00,,,,,,,,,,,,,,,,,
2023-11-11 13:00:00,,,,,,,,,,,,,,,,,
2023-11-11 14:00:00,,,,,,,,,,,,,,,,,
2023-11-11 15:00:00,,,,,,,,,,,,,,,,,
2023-11-11 16:00:00,,,,,,,,,,,,,,,,,
2023-11-11 17:00:00,,,,,,,,,,,,,,,,,
2023-11-11 18:00:00,,,,,,,,,,,,,,,,,
2023-11-11 19:00:00,,,,,,,,,,,,,,,,,
2023-11-11 20:00:00,,,,,,,,,,,,,,,,,
2023-11-11 21:00:00,,,,,,,,,,,,,,,,,
2023-11-11 22:00:00,,,,,,,,,,,,,,,,,
2023-11-11 23:00:00,,,,,,,,,,,,,,,,,
2023-11-12 00:00:00,,,,,,,,,,,,,,,,,
2023-11-12 01:00:00,,,,,,,,,,,,,,,,,
2023-11-12 02:00:00,,,,,,,,,,,,,,,,,
2023-11-12 03:00:00,,,,,,,,,,,,,,,,,
2023-11-12 04:00:00,,,,,,,,,,,,,,,,,
2023-11-12 05:00:00,,,,,,,,,,,,,,,,,
2023-11-12 06:00:00,,,,,,,,,,,,,,,,,
2023-11-12 07:00:00,,,,,,,,,,,,,,,,,
2023-11-12 08:00:00,,,,,,,,,,,,,,,,,
2023-11-12 09:00:00,,,,,,,,,,,,,,,,,
2023-11-12 10:00:00,,,,,,,,,,,,,,,,,
2023-11-12 11:00:00,,,,,,,,,,,,,,,,,
2023-11-12 12:00:00,,,,,,,,,,,,,,,,,
2023-11-12 13:00:00,,,,,,,,,,,,,,,,,
2023-11-12 14:00:00,,,,,,,,,,,,,,,,,
2023-11-12 15:00:00,,,,,,,,,,,,,,,,,
2023-11-12 16:00:00,,,,,,,,,,,,,,,,,
2023-11-12 17:00:00,,,,,,,,,,,,,,,,,
2023-11-12 18:00:00,,,,,,,,,,,,,,,,,
2023-11-12 19:00:00,,,,,,,,,,,,,,,,,
2023-11-12 20:00:00,,,,,,,,,,,,,,,,,
2023-11-12 21:00:00,,,,,,,,,,,,,,,,,
2023-11-12 22:00:00,,,,,,,,,,,,,,,,,
2023-11-12 23:00:00,,,,,,,,,,,,,,,,,
2023-11-13 00:00:00,,,,,,,,,,,,,,,,,
2023-11-13 01:00:00,,,,,,,,,,,,,,,,,
2023-11-13 02:00:00,,,,,,,,,,,,,,,,,
2023-11-13 03:00:00,,,,,,,,,,,,,,,,,
2023-11-13 04:00:00,,,,,,,,,,,,,,,,,
2023-11-13 05:00:00,,,,,,,,,,,,,,,,,
2023-11-13 06:00:00,,,,,,,,,,,,,,,,,
2023-11-13 07:00:00,,,,,,,,,,,,,,,,,
2023-11-13 08:00:00,,,,,,,,,,,,,,,,,
2023-11-13 09:00:00,,,,,,,,,,,,,,,,,
2023-11-13 10:00:00,,,,,,,,,,,,,,,,,
2023-11-13 11:00:00,,,,,,,,,,,,,,,,,
2023-11-13 12:00:00,,,,,,,,,,,,,,,,,
2023-11-13 13:00:00,,,,,,,,,,,,,,,,,
2023-11-13 14:00:00,,,,,,,,,,,,,,,,,
2023-11-13 15:00:00,,,,,,,,,,,,,,,,,
2023-11-13 16:00:00,,,,,,,,,,,,,,,,,
2023-11-13 17:00:00,,,,,,,,,,,,,,,,,
2023-11-13 18:00:00,,,,,,,,,,,,,,,,,
2023-11-13 19:00:00,,,,,,,,,,,,,,,,,
2023-11-13 20:00:00,,,,,,,,,,,,,,,,,
2023-11-13 21:00:00,,,,,,,,,,,,,,,,,
2023-11-13 22:00:00,,,,,,,,,,,,,,,,,
2023-11-13 23:00:00,,,,,,,,,,,,,,,,,
2023-11-14 00:00:00,,,,,,,,,,,,,,,,,
2023-11-14 01:00:00,,,,,,,,,,,,,,,,,
2023-11-14 02:00:00,,,,,,,,,,,,,,,,,
2023-11-14 03:00:00,,,,,,,,,,,,,,,,,
2023-11-14 04:00:00,,,,,,,,,,,,,,,,,
2023-11-14 05:00:00,,,,,,,,,,,,,,,,,
2023-11-14 06:00:00,,,,,,,,,,,,,,,,,
2023-11-14 07:00:00,,,,,,,,,,,,,,,,,
2023-11-14 08:00:00,,,,,,,,,,,,,,,,,
2023-11-14 09:00:00,,,,,,,,,,,,,,,,,
2023-11-14 10:00:00,,,,,,,,,,,,,,,,,
2023-11-14 11:00:00,,,,,,,,,,,,,,,,,
2023-11-14 12:00:00,,,,,,,,,,,,,,,,,
2023-11-14 13:00:00,,,,,,,,,,,,,,,,,
2023-11-14 14:00:00,,,,,,,,,,,,,,,,,
2023-11-14 15:00:00,,,,,,,,,,,,,,,,,
2023-11-14 16:00:00,,,,,,,,,,,,,,,,,
2023-11-14 17:00:00,,,,,,,,,,,,,,,,,
2023-11-14 18:00:00,,,,,,,,,,,,,,,,,
2023-11-14 19:00:00,,,,,,,,,,,,,,,,,
2023-11-14 20:00:00,,,,,,,,,,,,,,,,,
2023-11-14 21:00:00,,,,,,,,,,,,,,,,,
2023-11-14 22:00:00,,,,,,,,,,,,,,,,,
2023-11-14 23:00:00,,,,,,,,,,,,,,,,,
2023-11-15 00:00:00,,,,,,,,,,,,,,,,,
2023-11-15 01:00:00,,,,,,,,,,,,,,,,,
2023-11-15 02:00:00,,,,,,,,,,,,,,,,,
2023-11-15 03:00:00,,,,,,,,,,,,,,,,,
2023-11-15 04:00:00,,,,,,,,,,,,,,,,,
2023-11-15 05:00:00,,,,,,,,,,,,,,,,,
2023-11-15 06:00:00,,,,,,,,,,,,,,,,,
2023-11-15 07:00:00,,,,,,,,,,,,,,,,,
2023-11-15 08:00:00,,,,,,,,,,,,,,,,,
2023-11-15 09:00:00,,,,,,,,,,,,,,,,,
2023-11-15 10:00:00,,,,,,,,,,,,,,,,,
2023-11-15 11:00:00,,,,,,,,,,,,,,,,,
2023-11-15 12:00:00,,,,,,,,,,,,,,,,,
2023-11-15 13:00:00,,,,,,,,,,,,,,,,,
2023-11-15 14:00:00,,,,,,,,,,,,,,,,,
2023-11-15 15:00:00,,,,,,,,,,,,,,,,,
2023-11-15 16:00:00,,,,,,,,,,,,,,,,,
2023-11-15 17:00:00,,,,,,,,,,,,,,,,,
2023-11-15 18:00:00,,,,,,,,,,,,,,,,,
2023-11-15 19:00:00,,,,,,,,,,,,,,,,,
2023-11-15 20:00:00,,,,,,,,,,,,,,,,,
2023-11-15 21:00:00,,,,,,,,,,,,,,,,,
2023-11-15 22:00:00,,,,,,,,,,,,,,,,,
2023-11-15 23:00:00,,,,,,,,,,,,,,,,,
2023-11-16 00:00:00,,,,,,,,,,,,,,,,,
2023-11-16 01:00:00,,,,,,,,,,,,,,,,,
2023-11-16 02:00:00,,,,,,,,,,,,,,,,,
2023-11-16 03:00:00,,,,,,,,,,,,,,,,,
2023-11-16 04:00:00,,,,,,,,,,,,,,,,,
2023-11-16 05:00:00,,,,,,,,,,,,,,,,,
2023-11-16 06:00:00,,,,,,,,,,,,,,,,,
2023-11-16 07:00:00,,,,,,,,,,,,,,,,,
2023-11-16 08:00:00,,,,,,,,,,,,,,,,,
2023-11-16 09:00:00,,,,,,,,,,,,,,,,,
2023-11-16 10:00:00,,,,,,,,,,,,,,,,,
2023-11-16 11:00:00,,,,,,,,,,,,,,,,,
2023-11-16 12:00:00,,,,,,,,,,,,,,,,,
2023-11-16 13:00:00,,,,,,,,,,,,,,,,,
2023-11-16 14:00:00,,,,,,,,,,,,,,,,,
2023-11-16 15:00:00,,,,,,,,,,,,,,,,,
2023-11-16 16:00:00,,,,,,,,,,,,,,,,,
2023-11-16 17:00:00,,,,,,,,,,,,,,,,,
2023-11-16 18:00:00,,,,,,,,,,,,,,,,,
2023-11-16 19:00:00,,,,,,,,,,,,,,,,,
2023-11-16 20:00:00,,,,,,,,,,,,,,,,,
2023-11-16 21:00:00,,,,,,,,,,,,,,,,,
2023-11-16 22:00:00,,,,,,,,,,,,,,,,,
2023-11-16 23:00:00,,,,,,,,,,,,,,,,,
2023-11-17 00:00:00,,,,,,,,,,,,,,,,,
2023-11-17 01:00:00,,,,,,,,,,,,,,,,,
2023-11-17 02:00:00,,,,,,,,,,,,,,,,,
2023-11-17 03:00:00,,,,,,,,,,,,,,,,,
2023-11-17 04:00:00,,,,,,,,,,,,,,,,,
2023-11-17 05:00:00,,,,,,,,,,,,,,,,,
2023-11-17 06:00:00,,,,,,,,,,,,,,,,,
2023-11-17 07:00:00,,,,,,,,,,,,,,,,,
2023-11-17 08:00:00,,,,,,,,,,,,,,,,,
2023-11-17 09:00:00,,,,,,,,,,,,,,,,,
2023-11-17 10:00:00,,,,,,,,,,,,,,,,,
2023-11-17 11:00:00,,,,,,,,,,,,,,,,,
2023-11-17 12:00:00,,,,,,,,,,,,,,,,,
2023-11-17 13:00:00,,,,,,,,,,,,,,,,,
2023-11-17 14:00:00,,,,,,,,,,,,,,,,,
2023-11-17 15:00:00,,,,,,,,,,,,,,,,,
2023-11-17 16:00:00,,,,,,,,,,,,,,,,,
2023-11-17 17:00:00,,,,,,,,,,,,,,,,,
2023-11-17 18:00:00,,,,,,,,,,,,,,,,,
2023-11-17 19:00:00,,,,,,,,,,,,,,,,,
2023-11-17 20:00:00,,,,,,,,,,,,,,,,,
2023-11-17 21:00:00,,,,,,,,,,,,,,,,,
2023-11-17 22:00:00,,,,,,,,,,,,,,,,,
2023-11-17 23:00:00,,,,,,,,,,,,,,,,,
2023-11-18 00:00:00,,,,,,,,,,,,,,,,,
2023-11-18 01:00:00,,,,,,,,,,,,,,,,,
2023-11-18 02:00:00,,,,,,,,,,,,,,,,,
2023-11-18 03:00:00,,,,,,,,,,,,,,,,,
2023-11-18 04:00:00,,,,,,,,,,,,,,,,,
2023-11-18 05:00:00,,,,,,,,,,,,,,,,,
2023-11-18 06:00:00,,,,,,,,,,,,,,,,,
2023-11-18 07:00:00,,,,,,,,,,,,,,,,,
2023-11-18 08:00:00,,,,,,,,,,,,,,,,,
2023-11-18 09:00:00,,,,,,,,,,,,,,,,,
2023-11-18 10:00:00,,,,,,,,,,,,,,,,,
2023-11-18 11:00:00,,,,,,,,,,,,,,,,,
2023-11-18 12:00:00,,,,,,,,,,,,,,,,,
2023-11-18 13:00:00,,,,,,,,,,,,,,,,,
2023-11-18 14:00:00,,,,,,,,,,,,,,,,,
2023-11-18 15:00:00,,,,,,,,,,,,,,,,,
2023-11-18 16:00:00,,,,,,,,,,,,,,,,,
2023-11-18 17:00:00,,,,,,,,,,,,,,,,,
2023-11-18 18:00:00,,,,,,,,,,,,,,,,,
2023-11-18 19:00:00,,,,,,,,,,,,,,,,,
2023-11-18 20:00:00,,,,,,,,,,,,,,,,,
2023-11-18 21:00:00,,,,,,,,,,,,,,,,,
2023-11-18 22:00:00,,,,,,,,,,,,,,,,,
2023-11-18 23:00:00,,,,,,,,,,,,,,,,,
2023-11-19 00:00:00,,,,,,,,,,,,,,,,,
2023-11-19 01:00:00,,,,,,,,,,,,,,,,,
2023-11-19 02:00:00,,,,,,,,,,,,,,,,,
2023-11-19 03:00:00,,,,,,,,,,,,,,,,,
2023-11-19 04:00:00,,,,,,,,,,,,,,,,,
2023-11-19 05:00:00,,,,,,,,,,,,,,,,,
2023-11-19 06:00:00,,,,,,,,,,,,,,,,,
2023-11-19 07:00:00,,,,,,,,,,,,,,,,,
2023-11-19 08:00:00,,,,,,,,,,,,,,,,,
2023-11-19 09:00:00,,,,,,,,,,,,,,,,,
2023-11-19 10:00:00,,,,,,,,,,,,,,,,,
2023-11-19 11:00:00,,,,,,,,,,,,,,,,,
2023-11-19 12:00:00,,,,,,,,,,,,,,,,,
2023-11-19 13:00:00,,,,,,,,,,,,,,,,,
2023-11-19 14:00:00,,,,,,,,,,,,,,,,,
2023-11-19 15:00:00,,,,,,,,,,,,,,,,,
2023-11-19 16:00:00,,,,,,,,,,,,,,,,,
2023-11-19 17:00:00,,,,,,,,,,,,,,,,,
2023-11-19 18:00:00,,,,,,,,,,,,,,,,,
2023-11-19 19:00:00,,,,,,,,,,,,,,,,,
2023-11-19 20:00:00,,,,,,,,,,,,,,,,,
2023-11-19 21:00:00,,,,,,,,,,,,,,,,,
2023-11-19 22:00:00,,,,,,,,,,,,,,,,,
2023-11-19 23:00:00,,,,,,,,,,,,,,,,,
2023-11-20 00:00:00,,,,,,,,,,,,,,,,,
2023-11-20 01:00:00,,,,,,,,,,,,,,,,,
2023-11-20 02:00:00,,,,,,,,,,,,,,,,,
2023-11-20 03:00:00,,,,,,,,,,,,,,,,,
2023-11-20 04:00:00,,,,,,,,,,,,,,,,,
2023-11-20 05:00:00,,,,,,,,,,,,,,,,,
2023-11-20 06:00:00,,,,,,,,,,,,,,,,,
2023-11-20 07:00:00,,,,,,,,,,,,,,,,,
2023-11-20 08:00:00,,,,,,,,,,,,,,,,,
2023-11-20 09:00:00,,,,,,,,,,,,,,,,,
2023-11-20 10:00:00,,,,,,,,,,,,,,,,,
2023-11-20 11:00:00,,,,,,,,,,,,,,,,,
2023-11-20 12:00:00,,,,,,,,,,,,,,,,,
2023-11-20 13:00:00,,,,,,,,,,,,,,,,,
2023-11-20 14:00:00,,,,,,,,,,,,,,,,,
2023-11-20 15:00:00,,,,,,,,,,,,,,,,,
2023-11-20 16:00:00,,,,,,,,,,,,,,,,,
2023-11-20 17:00:00,,,,,,,,,,,,,,,,,
2023-11-20 18:00:00,,,,,,,,,,,,,,,,,
2023-11-20 19:00:00,,,,,,,,,,,,,,,,,
2023-11-20 20:00:00,,,,,,,,,,,,,,,,,
2023-11-20 21:00:00,,,,,,,,,,,,,,,,,
2023-11-20 22:00:00,,,,,,,,,,,,,,,,,
2023-11-20 23:00:00,,,,,,,,,,,,,,,,,
2023-11-21 00:00:00,,,,,,,,,,,,,,,,,
2023-11-21 01:00:00,,,,,,,,,,,,,,,,,
2023-11-21 02:00:00,,,,,,,,,,,,,,,,,
2023-11-21 03:00:00,,,,,,,,,,,,,,,,,
2023-11-21 04:00:00,,,,,,,,,,,,,,,,,
2023-11-21 05:00:00,,,,,,,,,,,,,,,,,
2023-11-21 06:00:00,,,,,,,,,,,,,,,,,
2023-11-21 07:00:00,,,,,,,,,,,,,,,,,
2023-11-21 08:00:00,,,,,,,,,,,,,,,,,
2023-11-21 09:00:00,,,,,,,,,,,,,,,,,
2023-11-21 10:00:00,,,,,,,,,,,,,,,,,
2023-11-21 11:00:00,,,,,,,,,,,,,,,,,
2023-11-21 12:00:00,,,,,,,,,,,,,,,,,
2023-11-21 13:00:00,,,,,,,,,,,,,,,,,
2023-11-21 14:00:00,,,,,,,,,,,,,,,,,
2023-11-21 15:00:00,,,,,,,,,,,,,,,,,
2023-11-21 16:00:00,,,,,,,,,,,,,,,,,
2023-11-21 17:00:00,,,,,,,,,,,,,,,,,
2023-11-21 18:00:00,,,,,,,,,,,,,,,,,
2023-11-21 19:00:00,,,,,,,,,,,,,,,,,
2023-11-21 20:00:00,,,,,,,,,,,,,,,,,
2023-11-21 21:00:00,,,,,,,,,,,,,,,,,
2023-11-21 22:00:00,,,,,,,,,,,,,,,,,
2023-11-21 23:00:00,,,,,,,,,,,,,,,,,
2023-11-22 00:00:00,,,,,,,,,,,,,,,,,
2023-11-22 01:00:00,,,,,,,,,,,,,,,,,
2023-11-22 02:00:00,,,,,,,,,,,,,,,,,
2023-11-22 03:00:00,,,,,,,,,,,,,,,,,
2023-11-22 04:00:00,,,,,,,,,,,,,,,,,
2023-11-22 05:00:00,,,,,,,,,,,,,,,,,
2023-11-22 06:00:00,,,,,,,,,,,,,,,,,
2023-11-22 07:00:00,,,,,,,,,,,,,,,,,
2023-11-22 08:00:00,,,,,,,,,,,,,,,,,
2023-11-22 09:00:00,,,,,,,,,,,,,,,,,
2023-11-22 10:00:00,,,,,,,,,,,,,,,,,
2023-11-22 11:00:00,,,,,,,,,,,,,,,,,
2023-11-22 12:00:00,,,,,,,,,,,,,,,,,
2023-11-22 13:00:00,,,,,,,,,,,,,,,,,
2023-11-22 14:00:00,,,,,,,,,,,,,,,,,
2023-11-22 15:00:00,,,,,,,,,,,,,,,,,
2023-11-22 16:00:00,,,,,,,,,,,,,,,,,
2023-11-22 17:00:00,,,,,,,,,,,,,,,,,
2023-11-22 18:00:00,,,,,,,,,,,,,,,,,
2023-11-22 19:00:00,,,,,,,,,,,,,,,,,
2023-11-22 20:00:00,,,,,,,,,,,,,,,,,
2023-11-22 21:00:00,,,,,,,,,,,,,,,,,
2023-11-22 22:00:00,,,,,,,,,,,,,,,,,
2023-11-22 23:00:00,,,,,,,,,,,,,,,,,
2023-11-23 00:00:00,,,,,,,,,,,,,,,,,
2023-11-23 01:00:00,,,,,,,,,,,,,,,,,
2023-11-23 02:00:00,,,,,,,,,,,,,,,,,
2023-11-23 03:00:00,,,,,,,,,,,,,,,,,
2023-11-23 04:00:00,,,,,,,,,,,,,,,,,
2023-11-23 05:00:00,,,,,,,,,,,,,,,,,
2023-11-23 06:00:00,,,,,,,,,,,,,,,,,
2023-11-23 07:00:00,,,,,,,,,,,,,,,,,
2023-11-23 08:00:00,,,,,,,,,,,,,,,,,
2023-11-23 09:00:00,,,,,,,,,,,,,,,,,
2023-11-23 10:00:00,,,,,,,,,,,,,,,,,
2023-11-23 11:00:00,,,,,,,,,,,,,,,,,
2023-11-23 12:00:00,,,,,,,,,,,,,,,,,
2023-11-23 13:00:00,,,,,,,,,,,,,,,,,
2023-11-23 14:00:00,,,,,,,,,,,,,,,,,
2023-11-23 15:00:00,,,,,,,,,,,,,,,,,
2023-11-23 16:00:00,,,,,,,,,,,,,,,,,
2023-11-23 17:00:00,,,,,,,,,,,,,,,,,
2023-11-23 18:00:00,,,,,,,,,,,,,,,,,
2023-11-23 19:00:00,,,,,,,,,,,,,,,,,
2023-11-23 20:00:00,,,,,,,,,,,,,,,,,
2023-11-23 21:00:00,,,,,,,,,,,,,,,,,
2023-11-23 22:00:00,,,,,,,,,,,,,,,,,
2023-11-23 23:00:00,,,,,,,,,,,,,,,,,
2023-11-24 00:00:00,,,,,,,,,,,,,,,,,
2023-11-24 01:00:00,,,,,,,,,,,,,,,,,
2023-11-24 02:00:00,,,,,,,,,,,,,,,,,
2023-11-24 03:00:00,,,,,,,,,,,,,,,,,
2023-11-24 04:00:00,,,,,,,,,,,,,,,,,
2023-11-24 05:00:00,,,,,,,,,,,,,,,,,
2023-11-24 06:00:00,,,,,,,,,,,,,,,,,
2023-11-24 07:00:00,,,,,,,,,,,,,,,,,
2023-11-24 08:00:00,,,,,,,,,,,,,,,,,
2023-11-24 09:00:00,,,,,,,,,,,,,,,,,
2023-11-24 10:00:00,,,,,,,,,,,,,,,,,
2023-11-24 11:00:00,,,,,,,,,,,,,,,,,
2023-11-24 12:00:00,,,,,,,,,,,,,,,,,
2023-11-24 13:00:00,,,,,,,,,,,,,,,,,
2023-11-24 14:00:00,,,,,,,,,,,,,,,,,
2023-11-24 15:00:00,,,,,,,,,,,,,,,,,
2023-11-24 16:00:00,,,,,,,,,,,,,,,,,
2023-11-24 17:00:00,,,,,,,,,,,,,,,,,
2023-11-24 18:00:00,,,,,,,,,,,,,,,,,
2023-11-24 19:00:00,,,,,,,,,,,,,,,,,
2023-11-24 20:00:00,,,,,,,,,,,,,,,,,
2023-11-24 21:00:00,,,,,,,,,,,,,,,,,
2023-11-24 22:00:00,,,,,,,,,,,,,,,,,
2023-11-24 23:00:00,,,,,,,,,,,,,,,,,
2023-11-25 00:00:00,,,,,,,,,,,,,,,,,
2023-11-25 01:00:00,,,,,,,,,,,,,,,,,
2023-11-25 02:00:00,,,,,,,,,,,,,,,,,
2023-11-25 03:00:00,,,,,,,,,,,,,,,,,
2023-11-25 04:00:00,,,,,,,,,,,,,,,,,
2023-11-25 05:00:00,,,,,,,,,,,,,,,,,
2023-11-25 06:00:00,,,,,,,,,,,,,,,,,
2023-11-25 07:00:00,,,,,,,,,,,,,,,,,
2023-11-25 08:00:00,,,,,,,,,,,,,,,,,
2023-11-25 09:00:00,,,,,,,,,,,,,,,,,
2023-11-25 10:00:00,,,,,,,,,,,,,,,,,
2023-11-25 11:00:00,,,,,,,,,,,,,,,,,
2023-11-25 12:00:00,,,,,,,,,,,,,,,,,
2023-11-25 13:00:00,,,,,,,,,,,,,,,,,
2023-11-25 14:00:00,,,,,,,,,,,,,,,,,
2023-11-25 15:00:00,,,,,,,,,,,,,,,,,
2023-11-25 16:00:00,,,,,,,,,,,,,,,,,
2023-11-25 17:00:00,,,,,,,,,,,,,,,,,
2023-11-25 18:00:00,,,,,,,,,,,,,,,,,
2023-11-25 19:00:00,,,,,,,,,,,,,,,,,
2023-11-25 20:00:00,,,,,,,,,,,,,,,,,
2023-11-25 21:00:00,,,,,,,,,,,,,,,,,
2023-11-25 22:00:00,,,,,,,,,,,,,,,,,
2023-11-25 23:00:00,,,,,,,,,,,,,,,,,
2023-11-26 00:00:00,,,,,,,,,,,,,,,,,
2023-11-26 01:00:00,,,,,,,,,,,,,,,,,
2023-11-26 02:00:00,,,,,,,,,,,,,,,,,
2023-11-26 03:00:00,,,,,,,,,,,,,,,,,
2023-11-26 04:00:00,,,,,,,,,,,,,,,,,
2023-11-26 05:00:00,,,,,,,,,,,,,,,,,
2023-11-26 06:00:00,,,,,,,,,,,,,,,,,
2023-11-26 07:00:00,,,,,,,,,,,,,,,,,
2023-11-26 08:00:00,,,,,,,,,,,,,,,,,
2023-11-26 09:00:00,,,,,,,,,,,,,,,,,
2023-11-26 10:00:00,,,,,,,,,,,,,,,,,
2023-11-26 11:00:00,,,,,,,,,,,,,,,,,
2023-11-26 12:00:00,,,,,,,,,,,,,,,,,
2023-11-26 13:00:00,,,,,,,,,,,,,,,,,
2023-11-26 14:00:00,,,,,,,,,,,,,,,,,
2023-11-26 15:00:00,,,,,,,,,,,,,,,,,
2023-11-26 16:00:00,,,,,,,,,,,,,,,,,
2023-11-26 17:00:00,,,,,,,,,,,,,,,,,
2023-11-26 18:00:00,,,,,,,,,,,,,,,,,
2023-11-26 19:00:00,,,,,,,,,,,,,,,,,
2023-11-26 20:00:00,,,,,,,,,,,,,,,,,
2023-11-26 21:00:00,,,,,,,,,,,,,,,,,
2023-11-26 22:00:00,,,,,,,,,,,,,,,,,
2023-11-26 23:00:00,,,,,,,,,,,,,,,,,
2023-11-27 00:00:00,,,,,,,,,,,,,,,,,
2023-11-27 01:00:00,,,,,,,,,,,,,,,,,
2023-11-27 02:00:00,,,,,,,,,,,,,,,,,
2023-11-27 03:00:00,,,,,,,,,,,,,,,,,
2023-11-27 04:00:00,,,,,,,,,,,,,,,,,
2023-11-27 05:00:00,,,,,,,,,,,,,,,,,
2023-11-27 06:00:00,,,,,,,,,,,,,,,,,
2023-11-27 07:00:00,,,,,,,,,,,,,,,,,
2023-11-27 08:00:00,,,,,,,,,,,,,,,,,
2023-11-27 09:00:00,,,,,,,,,,,,,,,,,
2023-11-27 10:00:00,,,,,,,,,,,,,,,,,
2023-11-27 11:00:00,,,,,,,,,,,,,,,,,
2023-11-27 12:00:00,,,,,,,,,,,,,,,,,
2023-11-27 13:00:00,,,,,,,,,,,,,,,,,
2023-11-27 14:00:00,,,,,,,,,,,,,,,,,
2023-11-27 15:00:00,,,,,,,,,,,,,,,,,
2023-11-27 16:00:00,,,,,,,,,,,,,,,,,
2023-11-27 17:00:00,,,,,,,,,,,,,,,,,
2023-11-27 18:00:00,,,,,,,,,,,,,,,,,
2023-11-27 19:00:00,,,,,,,,,,,,,,,,,
2023-11-27 20:00:00,,,,,,,,,,,,,,,,,
2023-11-27 21:00:00,,,,,,,,,,,,,,,,,
2023-11-27 22:00:00,,,,,,,,,,,,,,,,,
2023-11-27 23:00:00,,,,,,,,,,,,,,,,,
2023-11-28 00:00:00,,,,,,,,,,,,,,,,,
2023-11-28 01:00:00,,,,,,,,,,,,,,,,,
2023-11-28 02:00:00,,,,,,,,,,,,,,,,,
2023-11-28 03:00:00,,,,,,,,,,,,,,,,,
2023-11-28 04:00:00,,,,,,,,,,,,,,,,,
2023-11-28 05:00:00,,,,,,,,,,,,,,,,,
2023-11-28 06:00:00,,,,,,,,,,,,,,,,,
2023-11-28 07:00:00,,,,,,,,,,,,,,,,,
2023-11-28 08:00:00,,,,,,,,,,,,,,,,,
2023-11-28 09:00:00,,,,,,,,,,,,,,,,,
2023-11-28 10:00:00,,,,,,,,,,,,,,,,,
2023-11-28 11:00:00,,,,,,,,,,,,,,,,,
2023-11-28 12:00:00,,,,,,,,,,,,,,,,,
2023-11-28 13:00:00,,,,,,,,,,,,,,,,,
2023-11-28 14:00:00,,,,,,,,,,,,,,,,,
2023-11-28 15:00:00,,,,,,,,,,,,,,,,,
2023-11-28 16:00:00,,,,,,,,,,,,,,,,,
2023-11-28 17:00:00,,,,,,,,,,,,,,,,,
2023-11-28 18:00:00,,,,,,,,,,,,,,,,,
2023-11-28 19:00:00,,,,,,,,,,,,,,,,,
2023-11-28 20:00:00,,,,,,,,,,,,,,,,,
2023-11-28 21:00:00,,,,,,,,,,,,,,,,,
2023-11-28 22:00:00,,,,,,,,,,,,,,,,,
2023-11-28 23:00:00,,,,,,,,,,,,,,,,,
2023-11-29 00:00:00,,,,,,,,,,,,,,,,,
2023-11-29 01:00:00,,,,,,,,,,,,,,,,,
2023-11-29 02:00:00,,,,,,,,,,,,,,,,,
2023-11-29 03:00:00,,,,,,,,,,,,,,,,,
2023-11-29 04:00:00,,,,,,,,,,,,,,,,,
2023-11-29 05:00:00,,,,,,,,,,,,,,,,,
2023-11-29 06:00:00,,,,,,,,,,,,,,,,,
2023-11-29 07:00:00,,,,,,,,,,,,,,,,,
2023-11-29 08:00:00,,,,,,,,,,,,,,,,,
2023-11-29 09:00:00,,,,,,,,,,,,,,,,,
2023-11-29 10:00:00,,,,,,,,,,,,,,,,,
2023-11-29 11:00:00,,,,,,,,,,,,,,,,,
2023-11-29 12:00:00,,,,,,,,,,,,,,,,,
2023-11-29 13:00:00,,,,,,,,,,,,,,,,,
2023-11-29 14:00:00,,,,,,,,,,,,,,,,,
2023-11-29 15:00:00,,,,,,,,,,,,,,,,,
2023-11-29 16:00:00,,,,,,,,,,,,,,,,,
2023-11-29 17:00:00,,,,,,,,,,,,,,,,,
2023-11-29 18:00:00,,,,,,,,,,,,,,,,,
2023-11-29 19:00:00,,,,,,,,,,,,,,,,,
2023-11-29 20:00:00,,,,,,,,,,,,,,,,,
2023-11-29 21:00:00,,,,,,,,,,,,,,,,,
2023-11-29 22:00:00,,,,,,,,,,,,,,,,,
2023-11-29 23:00:00,,,,,,,,,,,,,,,,,
2023-11-30 00:00:00,,,,,,,,,,,,,,,,,
2023-11-30 01:00:00,,,,,,,,,,,,,,,,,
2023-11-30 02:00:00,,,,,,,,,,,,,,,,,
2023-11-30 03:00:00,,,,,,,,,,,,,,,,,
2023-11-30 04:00:00,,,,,,,,,,,,,,,,,
2023-11-30 05:00:00,,,,,,,,,,,,,,,,,
2023-11-30 06:00:00,,,,,,,,,,,,,,,,,
2023-11-30 07:00:00,,,,,,,,,,,,,,,,,
2023-11-30 08:00:00,,,,,,,,,,,,,,,,,
2023-11-30 09:00:00,,,,,,,,,,,,,,,,,
2023-11-30 10:00:00,,,,,,,,,,,,,,,,,
2023-11-30 11:00:00,,,,,,,,,,,,,,,,,
2023-11-30 12:00:00,,,,,,,,,,,,,,,,,
2023-11-30 13:00:00,,,,,,,,,,,,,,,,,
2023-11-30 14:00:00,,,,,,,,,,,,,,,,,
2023-11-30 15:00:00,,,,,,,,,,,,,,,,,
2023-11-30 16:00:00,,,,,,,,,,,,,,,,,
2023-11-30 17:00:00,,,,,,,,,,,,,,,,,
2023-11-30 18:00:00,,,,,,,,,,,,,,,,,
2023-11-30 19:00:00,,,,,,,,,,,,,,,,,
2023-11-30 20:00:00,,,,,,,,,,,,,,,,,
2023-11-30 21:00:00,,,,,,,,,,,,,,,,,
2023-11-30 22:00:00,,,,,,,,,,,,,,,,,
2023-11-30 23:00:00,,,,,,,,,,,,,,,,,
2023-12-01 00:00:00,,,,,,,,,,,,,,,,,
2023-12-01 01:00:00,,,,,,,,,,,,,,,,,
2023-12-01 02:00:00,,,,,,,,,,,,,,,,,
2023-12-01 03:00:00,,,,,,,,,,,,,,,,,
2023-12-01 04:00:00,,,,,,,,,,,,,,,,,
2023-12-01 05:00:00,,,,,,,,,,,,,,,,,
2023-12-01 06:00:00,,,,,,,,,,,,,,,,,
2023-12-01 07:00:00,,,,,,,,,,,,,,,,,
2023-12-01 08:00:00,,,,,,,,,,,,,,,,,
2023-12-01 09:00:00,,,,,,,,,,,,,,,,,
2023-12-01 10:00:00,,,,,,,,,,,,,,,,,
2023-12-01 11:00:00,,,,,,,,,,,,,,,,,
2023-12-01 12:00:00,,,,,,,,,,,,,,,,,
2023-12-01 13:00:00,,,,,,,,,,,,,,,,,
2023-12-01 14:00:00,,,,,,,,,,,,,,,,,
2023-12-01 15:00:00,,,,,,,,,,,,,,,,,
2023-12-01 16:00:00,,,,,,,,,,,,,,,,,
2023-12-01 17:00:00,,,,,,,,,,,,,,,,,
2023-12-01 18:00:00,,,,,,,,,,,,,,,,,
2023-12-01 19:00:00,,,,,,,,,,,,,,,,,
2023-12-01 20:00:00,,,,,,,,,,,,,,,,,
2023-12-01 21:00:00,,,,,,,,,,,,,,,,,
2023-12-01 22:00:00,,,,,,,,,,,,,,,,,
2023-12-01 23:00:00,,,,,,,,,,,,,,,,,
2023-12-02 00:00:00,,,,,,,,,,,,,,,,,
2023-12-02 01:00:00,,,,,,,,,,,,,,,,,
2023-12-02 02:00:00,,,,,,,,,,,,,,,,,
2023-12-02 03:00:00,,,,,,,,,,,,,,,,,
2023-12-02 04:00:00,,,,,,,,,,,,,,,,,
2023-12-02 05:00:00,,,,,,,,,,,,,,,,,
2023-12-02 06:00:00,,,,,,,,,,,,,,,,,
2023-12-02 07:00:00,,,,,,,,,,,,,,,,,
2023-12-02 08:00:00,,,,,,,,,,,,,,,,,
2023-12-02 09:00:00,,,,,,,,,,,,,,,,,
2023-12-02 10:00:00,,,,,,,,,,,,,,,,,
2023-12-02 11:00:00,,,,,,,,,,,,,,,,,
2023-12-02 12:00:00,,,,,,,,,,,,,,,,,
2023-12-02 13:00:00,,,,,,,,,,,,,,,,,
2023-12-02 14:00:00,,,,,,,,,,,,,,,,,
2023-12-02 15:00:00,,,,,,,,,,,,,,,,,
2023-12-02 16:00:00,,,,,,,,,,,,,,,,,
2023-12-02 17:00:00,,,,,,,,,,,,,,,,,
2023-12-02 18:00:00,,,,,,,,,,,,,,,,,
2023-12-02 19:00:00,,,,,,,,,,,,,,,,,
2023-12-02 20:00:00,,,,,,,,,,,,,,,,,
2023-12-02 21:00:00,,,,,,,,,,,,,,,,,
2023-12-02 22:00:00,,,,,,,,,,,,,,,,,
2023-12-02 23:00:00,,,,,,,,,,,,,,,,,
2023-12-03 00:00:00,,,,,,,,,,,,,,,,,
2023-12-03 01:00:00,,,,,,,,,,,,,,,,,
2023-12-03 02:00:00,,,,,,,,,,,,,,,,,
2023-12-03 03:00:00,,,,,,,,,,,,,,,,,
2023-12-03 04:00:00,,,,,,,,,,,,,,,,,
2023-12-03 05:00:00,,,,,,,,,,,,,,,,,
2023-12-03 06:00:00,,,,,,,,,,,,,,,,,
2023-12-03 07:00:00,,,,,,,,,,,,,,,,,
2023-12-03 08:00:00,,,,,,,,,,,,,,,,,
2023-12-03 09:00:00,,,,,,,,,,,,,,,,,
2023-12-03 10:00:00,,,,,,,,,,,,,,,,,
2023-12-03 11:00:00,,,,,,,,,,,,,,,,,
2023-12-03 12:00:00,,,,,,,,,,,,,,,,,
2023-12-03 13:00:00,,,,,,,,,,,,,,,,,
2023-12-03 14:00:00,,,,,,,,,,,,,,,,,
2023-12-03 15:00:00,,,,,,,,,,,,,,,,,
2023-12-03 16:00:00,,,,,,,,,,,,,,,,,
2023-12-03 17:00:00,,,,,,,,,,,,,,,,,
2023-12-03 18:00:00,,,,,,,,,,,,,,,,,
2023-12-03 19:00:00,,,,,,,,,,,,,,,,,
2023-12-03 20:00:00,,,,,,,,,,,,,,,,,
2023-12-03 21:00:00,,,,,,,,,,,,,,,,,
2023-12-03 22:00:00,,,,,,,,,,,,,,,,,
2023-12-03 23:00:00,,,,,,,,,,,,,,,,,
2023-12-04 00:00:00,,,,,,,,,,,,,,,,,
2023-12-04 01:00:00,,,,,,,,,,,,,,,,,
2023-12-04 02:00:00,,,,,,,,,,,,,,,,,
2023-12-04 03:00:00,,,,,,,,,,,,,,,,,
2023-12-04 04:00:00,,,,,,,,,,,,,,,,,
2023-12-04 05:00:00,,,,,,,,,,,,,,,,,
2023-12-04 06:00:00,,,,,,,,,,,,,,,,,
2023-12-04 07:00:00,,,,,,,,,,,,,,,,,
2023-12-04 08:00:00,,,,,,,,,,,,,,,,,
2023-12-04 09:00:00,,,,,,,,,,,,,,,,,
2023-12-04 10:00:00,,,,,,,,,,,,,,,,,
2023-12-04 11:00:00,,,,,,,,,,,,,,,,,
2023-12-04 12:00:00,,,,,,,,,,,,,,,,,
2023-12-04 13:00:00,,,,,,,,,,,,,,,,,
2023-12-04 14:00:00,,,,,,,,,,,,,,,,,
2023-12-04 15:00:00,,,,,,,,,,,,,,,,,
2023-12-04 16:00:00,,,,,,,,,,,,,,,,,
2023-12-04 17:00:00,,,,,,,,,,,,,,,,,
2023-12-04 18:00:00,,,,,,,,,,,,,,,,,
2023-12-04 19:00:00,,,,,,,,,,,,,,,,,
2023-12-04 20:00:00,,,,,,,,,,,,,,,,,
2023-12-04 21:00:00,,,,,,,,,,,,,,,,,
2023-12-04 22:00:00,,,,,,,,,,,,,,,,,
2023-12-04 23:00:00,,,,,,,,,,,,,,,,,
2023-12-05 00:00:00,,,,,,,,,,,,,,,,,
2023-12-05 01:00:00,,,,,,,,,,,,,,,,,
2023-12-05 02:00:00,,,,,,,,,,,,,,,,,
2023-12-05 03:00:00,,,,,,,,,,,,,,,,,
2023-12-05 04:00:00,,,,,,,,,,,,,,,,,
2023-12-05 05:00:00,,,,,,,,,,,,,,,,,
2023-12-05 06:00:00,,,,,,,,,,,,,,,,,
2023-12-05 07:00:00,,,,,,,,,,,,,,,,,
2023-12-05 08:00:00,,,,,,,,,,,,,,,,,
2023-12-05 09:00:00,,,,,,,,,,,,,,,,,
2023-12-05 10:00:00,,,,,,,,,,,,,,,,,
2023-12-05 11:00:00,,,,,,,,,,,,,,,,,
2023-12-05 12:00:00,,,,,,,,,,,,,,,,,
2023-12-05 13:00:00,,,,,,,,,,,,,,,,,
2023-12-05 14:00:00,,,,,,,,,,,,,,,,,
2023-12-05 15:00:00,,,,,,,,,,,,,,,,,
2023-12-05 16:00:00,,,,,,,,,,,,,,,,,
2023-12-05 17:00:00,,,,,,,,,,,,,,,,,
2023-12-05 18:00:00,,,,,,,,,,,,,,,,,
2023-12-05 19:00:00,,,,,,,,,,,,,,,,,
2023-12-05 20:00:00,,,,,,,,,,,,,,,,,
2023-12-05 21:00:00,,,,,,,,,,,,,,,,,
2023-12-05 22:00:00,,,,,,,,,,,,,,,,,
2023-12-05 23:00:00,,,,,,,,,,,,,,,,,
2023-12-06 00:00:00,,,,,,,,,,,,,,,,,
2023-12-06 01:00:00,,,,,,,,,,,,,,,,,
2023-12-06 02:00:00,,,,,,,,,,,,,,,,,
2023-12-06 03:00:00,,,,,,,,,,,,,,,,,
2023-12-06 04:00:00,,,,,,,,,,,,,,,,,
2023-12-06 05:00:00,,,,,,,,,,,,,,,,,
2023-12-06 06:00:00,,,,,,,,,,,,,,,,,
2023-12-06 07:00:00,,,,,,,,,,,,,,,,,
2023-12-06 08:00:00,,,,,,,,,,,,,,,,,
2023-12-06 09:00:00,,,,,,,,,,,,,,,,,
2023-12-06 10:00:00,,,,,,,,,,,,,,,,,
2023-12-06 11:00:00,,,,,,,,,,,,,,,,,
2023-12-06 12:00:00,,,,,,,,,,,,,,,,,
2023-12-06 13:00:00,,,,,,,,,,,,,,,,,
2023-12-06 14:00:00,,,,,,,,,,,,,,,,,
2023-12-06 15:00:00,,,,,,,,,,,,,,,,,
2023-12-06 16:00:00,,,,,,,,,,,,,,,,,
2023-12-06 17:00:00,,,,,,,,,,,,,,,,,
2023-12-06 18:00:00,,,,,,,,,,,,,,,,,
2023-12-06 19:00:00,,,,,,,,,,,,,,,,,
2023-12-06 20:00:00,,,,,,,,,,,,,,,,,
2023-12-06 21:00:00,,,,,,,,,,,,,,,,,
2023-12-06 22:00:00,,,,,,,,,,,,,,,,,
2023-12-06 23:00:00,,,,,,,,,,,,,,,,,
2023-12-07 00:00:00,,,,,,,,,,,,,,,,,
2023-12-07 01:00:00,,,,,,,,,,,,,,,,,
2023-12-07 02:00:00,,,,,,,,,,,,,,,,,
2023-12-07 03:00:00,,,,,,,,,,,,,,,,,
2023-12-07 04:00:00,,,,,,,,,,,,,,,,,
2023-12-07 05:00:00,,,,,,,,,,,,,,,,,
2023-12-07 06:00:00,,,,,,,,,,,,,,,,,
2023-12-07 07:00:00,,,,,,,,,,,,,,,,,
2023-12-07 08:00:00,,,,,,,,,,,,,,,,,
2023-12-07 09:00:00,,,,,,,,,,,,,,,,,
2023-12-07 10:00:00,,,,,,,,,,,,,,,,,
2023-12-07 11:00:00,,,,,,,,,,,,,,,,,
2023-12-07 12:00:00,,,,,,,,,,,,,,,,,
2023-12-07 13:00:00,,,,,,,,,,,,,,,,,
2023-12-07 14:00:00,,,,,,,,,,,,,,,,,
2023-12-07 15:00:00,,,,,,,,,,,,,,,,,
2023-12-07 16:00:00,,,,,,,,,,,,,,,,,
2023-12-07 17:00:00,,,,,,,,,,,,,,,,,
2023-12-07 18:00:00,,,,,,,,,,,,,,,,,
2023-12-07 19:00:00,,,,,,,,,,,,,,,,,
2023-12-07 20:00:00,,,,,,,,,,,,,,,,,
2023-12-07 21:00:00,,,,,,,,,,,,,,,,,
2023-12-07 22:00:00,,,,,,,,,,,,,,,,,
2023-12-07 23:00:00,,,,,,,,,,,,,,,,,
2023-12-08 00:00:00,,,,,,,,,,,,,,,,,
2023-12-08 01:00:00,,,,,,,,,,,,,,,,,
2023-12-08 02:00:00,,,,,,,,,,,,,,,,,
2023-12-08 03:00:00,,,,,,,,,,,,,,,,,
2023-12-08 04:00:00,,,,,,,,,,,,,,,,,
2023-12-08 05:00:00,,,,,,,,,,,,,,,,,
2023-12-08 06:00:00,,,,,,,,,,,,,,,,,
2023-12-08 07:00:00,,,,,,,,,,,,,,,,,
2023-12-08 08:00:00,,,,,,,,,,,,,,,,,
2023-12-08 09:00:00,,,,,,,,,,,,,,,,,
2023-12-08 10:00:00,,,,,,,,,,,,,,,,,
2023-12-08 11:00:00,,,,,,,,,,,,,,,,,
2023-12-08 12:00:00,,,,,,,,,,,,,,,,,
2023-12-08 13:00:00,,,,,,,,,,,,,,,,,
2023-12-08 14:00:00,,,,,,,,,,,,,,,,,
2023-12-08 15:00:00,,,,,,,,,,,,,,,,,
2023-12-08 16:00:00,,,,,,,,,,,,,,,,,
2023-12-08 17:00:00,,,,,,,,,,,,,,,,,
2023-12-08 18:00:00,,,,,,,,,,,,,,,,,
2023-12-08 19:00:00,,,,,,,,,,,,,,,,,
2023-12-08 20:00:00,,,,,,,,,,,,,,,,,
2023-12-08 21:00:00,,,,,,,,,,,,,,,,,
2023-12-08 22:00:00,,,,,,,,,,,,,,,,,
2023-12-08 23:00:00,,,,,,,,,,,,,,,,,
2023-12-09 00:00:00,,,,,,,,,,,,,,,,,
2023-12-09 01:00:00,,,,,,,,,,,,,,,,,
2023-12-09 02:00:00,,,,,,,,,,,,,,,,,
2023-12-09 03:00:00,,,,,,,,,,,,,,,,,
2023-12-09 04:00:00,,,,,,,,,,,,,,,,,
2023-12-09 05:00:00,,,,,,,,,,,,,,,,,
2023-12-09 06:00:00,,,,,,,,,,,,,,,,,
2023-12-09 07:00:00,,,,,,,,,,,,,,,,,
2023-12-09 08:00:00,,,,,,,,,,,,,,,,,
2023-12-09 09:00:00,,,,,,,,,,,,,,,,,
2023-12-09 10:00:00,,,,,,,,,,,,,,,,,
2023-12-09 11:00:00,,,,,,,,,,,,,,,,,
2023-12-09 12:00:00,,,,,,,,,,,,,,,,,
2023-12-09 13:00:00,,,,,,,,,,,,,,,,,
2023-12-09 14:00:00,,,,,,,,,,,,,,,,,
2023-12-09 15:00:00,,,,,,,,,,,,,,,,,
2023-12-09 16:00:00,,,,,,,,,,,,,,,,,
2023-12-09 17:00:00,,,,,,,,,,,,,,,,,
2023-12-09 18:00:00,,,,,,,,,,,,,,,,,
2023-12-09 19:00:00,,,,,,,,,,,,,,,,,
2023-12-09 20:00:00,,,,,,,,,,,,,,,,,
2023-12-09 21:00:00,,,,,,,,,,,,,,,,,
2023-12-09 22:00:00,,,,,,,,,,,,,,,,,
2023-12-09 23:00:00,,,,,,,,,,,,,,,,,
2023-12-10 00:00:00,,,,,,,,,,,,,,,,,
2023-12-10 01:00:00,,,,,,,,,,,,,,,,,
2023-12-10 02:00:00,,,,,,,,,,,,,,,,,
2023-12-10 03:00:00,,,,,,,,,,,,,,,,,
2023-12-10 04:00:00,,,,,,,,,,,,,,,,,
2023-12-10 05:00:00,,,,,,,,,,,,,,,,,
2023-12-10 06:00:00,,,,,,,,,,,,,,,,,
2023-12-10 07:00:00,,,,,,,,,,,,,,,,,
2023-12-10 08:00:00,,,,,,,,,,,,,,,,,
2023-12-10 09:00:00,,,,,,,,,,,,,,,,,
2023-12-10 10:00:00,,,,,,,,,,,,,,,,,
2023-12-10 11:00:00,,,,,,,,,,,,,,,,,
2023-12-10 12:00:00,,,,,,,,,,,,,,,,,
2023-12-10 13:00:00,,,,,,,,,,,,,,,,,
2023-12-10 14:00:00,,,,,,,,,,,,,,,,,
2023-12-10 15:00:00,,,,,,,,,,,,,,,,,
2023-12-10 16:00:00,,,,,,,,,,,,,,,,,
2023-12-10 17:00:00,,,,,,,,,,,,,,,,,
2023-12-10 18:00:00,,,,,,,,,,,,,,,,,
2023-12-10 19:00:00,,,,,,,,,,,,,,,,,
2023-12-10 20:00:00,,,,,,,,,,,,,,,,,
2023-12-10 21:00:00,,,,,,,,,,,,,,,,,
2023-12-10 22:00:00,,,,,,,,,,,,,,,,,
2023-12-10 23:00:00,,,,,,,,,,,,,,,,,
2023-12-11 00:00:00,,,,,,,,,,,,,,,,,
2023-12-11 01:00:00,,,,,,,,,,,,,,,,,
2023-12-11 02:00:00,,,,,,,,,,,,,,,,,
2023-12-11 03:00:00,,,,,,,,,,,,,,,,,
2023-12-11 04:00:00,,,,,,,,,,,,,,,,,
2023-12-11 05:00:00,,,,,,,,,,,,,,,,,
2023-12-11 06:00:00,,,,,,,,,,,,,,,,,
2023-12-11 07:00:00,,,,,,,,,,,,,,,,,
2023-12-11 08:00:00,,,,,,,,,,,,,,,,,
2023-12-11 09:00:00,,,,,,,,,,,,,,,,,
2023-12-11 10:00:00,,,,,,,,,,,,,,,,,
2023-12-11 11:00:00,,,,,,,,,,,,,,,,,
2023-12-11 12:00:00,,,,,,,,,,,,,,,,,
2023-12-11 13:00:00,,,,,,,,,,,,,,,,,
2023-12-11 14:00:00,,,,,,,,,,,,,,,,,
2023-12-11 15:00:00,,,,,,,,,,,,,,,,,
2023-12-11 16:00:00,,,,,,,,,,,,,,,,,
2023-12-11 17:00:00,,,,,,,,,,,,,,,,,
2023-12-11 18:00:00,,,,,,,,,,,,,,,,,
2023-12-11 19:00:00,,,,,,,,,,,,,,,,,
2023-12-11 20:00:00,,,,,,,,,,,,,,,,,
2023-12-11 21:00:00,,,,,,,,,,,,,,,,,
2023-12-11 22:00:00,,,,,,,,,,,,,,,,,
2023-12-11 23:00:00,,,,,,,,,,,,,,,,,
2023-12-12 00:00:00,,,,,,,,,,,,,,,,,
2023-12-12 01:00:00,,,,,,,,,,,,,,,,,
2023-12-12 02:00:00,,,,,,,,,,,,,,,,,
2023-12-12 03:00:00,,,,,,,,,,,,,,,,,
2023-12-12 04:00:00,,,,,,,,,,,,,,,,,
2023-12-12 05:00:00,,,,,,,,,,,,,,,,,
2023-12-12 06:00:00,,,,,,,,,,,,,,,,,
2023-12-12 07:00:00,,,,,,,,,,,,,,,,,
2023-12-12 08:00:00,,,,,,,,,,,,,,,,,
2023-12-12 09:00:00,,,,,,,,,,,,,,,,,
2023-12-12 10:00:00,,,,,,,,,,,,,,,,,
2023-12-12 11:00:00,,,,,,,,,,,,,,,,,
2023-12-12 12:00:00,,,,,,,,,,,,,,,,,
2023-12-12 13:00:00,,,,,,,,,,,,,,,,,
2023-12-12 14:00:00,,,,,,,,,,,,,,,,,
2023-12-12 15:00:00,,,,,,,,,,,,,,,,,
2023-12-12 16:00:00,,,,,,,,,,,,,,,,,
2023-12-12 17:00:00,,,,,,,,,,,,,,,,,
2023-12-12 18:00:00,,,,,,,,,,,,,,,,,
2023-12-12 19:00:00,,,,,,,,,,,,,,,,,
2023-12-12 20:00:00,,,,,,,,,,,,,,,,,
2023-12-12 21:00:00,,,,,,,,,,,,,,,,,
2023-12-12 22:00:00,,,,,,,,,,,,,,,,,
2023-12-12 23:00:00,,,,,,,,,,,,,,,,,
2023-12-13 00:00:00,,,,,,,,,,,,,,,,,
2023-12-13 01:00:00,,,,,,,,,,,,,,,,,
2023-12-13 02:00:00,,,,,,,,,,,,,,,,,
2023-12-13 03:00:00,,,,,,,,,,,,,,,,,
2023-12-13 04:00:00,,,,,,,,,,,,,,,,,
2023-12-13 05:00:00,,,,,,,,,,,,,,,,,
2023-12-13 06:00:00,,,,,,,,,,,,,,,,,
2023-12-13 07:00:00,,,,,,,,,,,,,,,,,
2023-12-13 08:00:00,,,,,,,,,,,,,,,,,
2023-12-13 09:00:00,,,,,,,,,,,,,,,,,
2023-12-13 10:00:00,,,,,,,,,,,,,,,,,
2023-12-13 11:00:00,,,,,,,,,,,,,,,,,
2023-12-13 12:00:00,,,,,,,,,,,,,,,,,
2023-12-13 13:00:00,,,,,,,,,,,,,,,,,
2023-12-13 14:00:00,,,,,,,,,,,,,,,,,
2023-12-13 15:00:00,,,,,,,,,,,,,,,,,
2023-12-13 16:00:00,,,,,,,,,,,,,,,,,
2023-12-13 17:00:00,,,,,,,,,,,,,,,,,
2023-12-13 18:00:00,,,,,,,,,,,,,,,,,
2023-12-13 19:00:00,,,,,,,,,,,,,,,,,
2023-12-13 20:00:00,,,,,,,,,,,,,,,,,
2023-12-13 21:00:00,,,,,,,,,,,,,,,,,
2023-12-13 22:00:00,,,,,,,,,,,,,,,,,
2023-12-13 23:00:00,,,,,,,,,,,,,,,,,
2023-12-14 00:00:00,,,,,,,,,,,,,,,,,
2023-12-14 01:00:00,,,,,,,,,,,,,,,,,
2023-12-14 02:00:00,,,,,,,,,,,,,,,,,
2023-12-14 03:00:00,,,,,,,,,,,,,,,,,
2023-12-14 04:00:00,,,,,,,,,,,,,,,,,
2023-12-14 05:00:00,,,,,,,,,,,,,,,,,
2023-12-14 06:00:00,,,,,,,,,,,,,,,,,
2023-12-14 07:00:00,,,,,,,,,,,,,,,,,
2023-12-14 08:00:00,,,,,,,,,,,,,,,,,
2023-12-14 09:00:00,,,,,,,,,,,,,,,,,
2023-12-14 10:00:00,,,,,,,,,,,,,,,,,
2023-12-14 11:00:00,,,,,,,,,,,,,,,,,
2023-12-14 12:00:00,,,,,,,,,,,,,,,,,
2023-12-14 13:00:00,,,,,,,,,,,,,,,,,
2023-12-14 14:00:00,,,,,,,,,,,,,,,,,
2023-12-14 15:00:00,,,,,,,,,,,,,,,,,
2023-12-14 16:00:00,,,,,,,,,,,,,,,,,
2023-12-14 17:00:00,,,,,,,,,,,,,,,,,
2023-12-14 18:00:00,,,,,,,,,,,,,,,,,
2023-12-14 19:00:00,,,,,,,,,,,,,,,,,
2023-12-14 20:00:00,,,,,,,,,,,,,,,,,
2023-12-14 21:00:00,,,,,,,,,,,,,,,,,
2023-12-14 22:00:00,,,,,,,,,,,,,,,,,
2023-12-14 23:00:00,,,,,,,,,,,,,,,,,
2023-12-15 00:00:00,,,,,,,,,,,,,,,,,
2023-12-15 01:00:00,,,,,,,,,,,,,,,,,
2023-12-15 02:00:00,,,,,,,,,,,,,,,,,
2023-12-15 03:00:00,,,,,,,,,,,,,,,,,
2023-12-15 04:00:00,,,,,,,,,,,,,,,,,
2023-12-15 05:00:00,,,,,,,,,,,,,,,,,
2023-12-15 06:00:00,,,,,,,,,,,,,,,,,
2023-12-15 07:00:00,,,,,,,,,,,,,,,,,
2023-12-15 08:00:00,,,,,,,,,,,,,,,,,
2023-12-15 09:00:00,,,,,,,,,,,,,,,,,
2023-12-15 10:00:00,,,,,,,,,,,,,,,,,
2023-12-15 11:00:00,,,,,,,,,,,,,,,,,
2023-12-15 12:00:00,,,,,,,,,,,,,,,,,
2023-12-15 13:00:00,,,,,,,,,,,,,,,,,
2023-12-15 14:00:00,,,,,,,,,,,,,,,,,
2023-12-15 15:00:00,,,,,,,,,,,,,,,,,
2023-12-15 16:00:00,,,,,,,,,,,,,,,,,
2023-12-15 17:00:00,,,,,,,,,,,,,,,,,
2023-12-15 18:00:00,,,,,,,,,,,,,,,,,
2023-12-15 19:00:00,,,,,,,,,,,,,,,,,
2023-12-15 20:00:00,,,,,,,,,,,,,,,,,
2023-12-15 21:00:00,,,,,,,,,,,,,,,,,
2023-12-15 22:00:00,,,,,,,,,,,,,,,,,
2023-12-15 23:00:00,,,,,,,,,,,,,,,,,
2023-12-16 00:00:00,,,,,,,,,,,,,,,,,
2023-12-16 01:00:00,,,,,,,,,,,,,,,,,
2023-12-16 02:00:00,,,,,,,,,,,,,,,,,
2023-12-16 03:00:00,,,,,,,,,,,,,,,,,
2023-12-16 04:00:00,,,,,,,,,,,,,,,,,
2023-12-16 05:00:00,,,,,,,,,,,,,,,,,
2023-12-16 06:00:00,,,,,,,,,,,,,,,,,
2023-12-16 07:00:00,,,,,,,,,,,,,,,,,
2023-12-16 08:00:00,,,,,,,,,,,,,,,,,
2023-12-16 09:00:00,,,,,,,,,,,,,,,,,
2023-12-16 10:00:00,,,,,,,,,,,,,,,,,
2023-12-16 11:00:00,,,,,,,,,,,,,,,,,
2023-12-16 12:00:00,,,,,,,,,,,,,,,,,
2023-12-16 13:00:00,,,,,,,,,,,,,,,,,
2023-12-16 14:00:00,,,,,,,,,,,,,,,,,
2023-12-16 15:00:00,,,,,,,,,,,,,,,,,
2023-12-16 16:00:00,,,,,,,,,,,,,,,,,
2023-12-16 17:00:00,,,,,,,,,,,,,,,,,
2023-12-16 18:00:00,,,,,,,,,,,,,,,,,
2023-12-16 19:00:00,,,,,,,,,,,,,,,,,
2023-12-16 20:00:00,,,,,,,,,,,,,,,,,
2023-12-16 21:00:00,,,,,,,,,,,,,,,,,
2023-12-16 22:00:00,,,,,,,,,,,,,,,,,
2023-12-16 23:00:00,,,,,,,,,,,,,,,,,
2023-12-17 00:00:00,,,,,,,,,,,,,,,,,
2023-12-17 01:00:00,,,,,,,,,,,,,,,,,
2023-12-17 02:00:00,,,,,,,,,,,,,,,,,
2023-12-17 03:00:00,,,,,,,,,,,,,,,,,
2023-12-17 04:00:00,,,,,,,,,,,,,,,,,
2023-12-17 05:00:00,,,,,,,,,,,,,,,,,
2023-12-17 06:00:00,,,,,,,,,,,,,,,,,
2023-12-17 07:00:00,,,,,,,,,,,,,,,,,
2023-12-17 08:00:00,,,,,,,,,,,,,,,,,
2023-12-17 09:00:00,,,,,,,,,,,,,,,,,
2023-12-17 10:00:00,,,,,,,,,,,,,,,,,
2023-12-17 11:00:00,,,,,,,,,,,,,,,,,
2023-12-17 12:00:00,,,,,,,,,,,,,,,,,
2023-12-17 13:00:00,,,,,,,,,,,,,,,,,
2023-12-17 14:00:00,,,,,,,,,,,,,,,,,
2023-12-17 15:00:00,,,,,,,,,,,,,,,,,
2023-12-17 16:00:00,,,,,,,,,,,,,,,,,
2023-12-17 17:00:00,,,,,,,,,,,,,,,,,
2023-12-17 18:00:00,,,,,,,,,,,,,,,,,
2023-12-17 19:00:00,,,,,,,,,,,,,,,,,
2023-12-17 20:00:00,,,,,,,,,,,,,,,,,
2023-12-17 21:00:00,,,,,,,,,,,,,,,,,
2023-12-17 22:00:00,,,,,,,,,,,,,,,,,
2023-12-17 23:00:00,,,,,,,,,,,,,,,,,
2023-12-18 00:00:00,,,,,,,,,,,,,,,,,
2023-12-18 01:00:00,,,,,,,,,,,,,,,,,
2023-12-18 02:00:00,,,,,,,,,,,,,,,,,
2023-12-18 03:00:00,,,,,,,,,,,,,,,,,
2023-12-18 04:00:00,,,,,,,,,,,,,,,,,
2023-12-18 05:00:00,,,,,,,,,,,,,,,,,
2023-12-18 06:00:00,,,,,,,,,,,,,,,,,
2023-12-18 07:00:00,,,,,,,,,,,,,,,,,
2023-12-18 08:00:00,,,,,,,,,,,,,,,,,
2023-12-18 09:00:00,,,,,,,,,,,,,,,,,
2023-12-18 10:00:00,,,,,,,,,,,,,,,,,
2023-12-18 11:00:00,,,,,,,,,,,,,,,,,
2023-12-18 12:00:00,,,,,,,,,,,,,,,,,
2023-12-18 13:00:00,,,,,,,,,,,,,,,,,
2023-12-18 14:00:00,,,,,,,,,,,,,,,,,
2023-12-18 15:00:00,,,,,,,,,,,,,,,,,
2023-12-18 16:00:00,,,,,,,,,,,,,,,,,
2023-12-18 17:00:00,,,,,,,,,,,,,,,,,
2023-12-18 18:00:00,,,,,,,,,,,,,,,,,
2023-12-18 19:00:00,,,,,,,,,,,,,,,,,
2023-12-18 20:00:00,,,,,,,,,,,,,,,,,
2023-12-18 21:00:00,,,,,,,,,,,,,,,,,
2023-12-18 22:00:00,,,,,,,,,,,,,,,,,
2023-12-18 23:00:00,,,,,,,,,,,,,,,,,
2023-12-19 00:00:00,,,,,,,,,,,,,,,,,
2023-12-19 01:00:00,,,,,,,,,,,,,,,,,
2023-12-19 02:00:00,,,,,,,,,,,,,,,,,
2023-12-19 03:00:00,,,,,,,,,,,,,,,,,
2023-12-19 04:00:00,,,,,,,,,,,,,,,,,
2023-12-19 05:00:00,,,,,,,,,,,,,,,,,
2023-12-19 06:00:00,,,,,,,,,,,,,,,,,
2023-12-19 07:00:00,,,,,,,,,,,,,,,,,
2023-12-19 08:00:00,,,,,,,,,,,,,,,,,
2023-12-19 09:00:00,,,,,,,,,,,,,,,,,
2023-12-19 10:00:00,,,,,,,,,,,,,,,,,
2023-12-19 11:00:00,,,,,,,,,,,,,,,,,
2023-12-19 12:00:00,,,,,,,,,,,,,,,,,
2023-12-19 13:00:00,,,,,,,,,,,,,,,,,
2023-12-19 14:00:00,,,,,,,,,,,,,,,,,
2023-12-19 15:00:00,,,,,,,,,,,,,,,,,
2023-12-19 16:00:00,,,,,,,,,,,,,,,,,
2023-12-19 17:00:00,,,,,,,,,,,,,,,,,
2023-12-19 18:00:00,,,,,,,,,,,,,,,,,
2023-12-19 19:00:00,,,,,,,,,,,,,,,,,
2023-12-19 20:00:00,,,,,,,,,,,,,,,,,
2023-12-19 21:00:00,,,,,,,,,,,,,,,,,
2023-12-19 22:00:00,,,,,,,,,,,,,,,,,
2023-12-19 23:00:00,,,,,,,,,,,,,,,,,
2023-12-20 00:00:00,,,,,,,,,,,,,,,,,
2023-12-20 01:00:00,,,,,,,,,,,,,,,,,
2023-12-20 02:00:00,,,,,,,,,,,,,,,,,
2023-12-20 03:00:00,,,,,,,,,,,,,,,,,
2023-12-20 04:00:00,,,,,,,,,,,,,,,,,
2023-12-20 05:00:00,,,,,,,,,,,,,,,,,
2023-12-20 06:00:00,,,,,,,,,,,,,,,,,
2023-12-20 07:00:00,,,,,,,,,,,,,,,,,
2023-12-20 08:00:00,,,,,,,,,,,,,,,,,
2023-12-20 09:00:00,,,,,,,,,,,,,,,,,
2023-12-20 10:00:00,,,,,,,,,,,,,,,,,
2023-12-20 11:00:00,,,,,,,,,,,,,,,,,
2023-12-20 12:00:00,,,,,,,,,,,,,,,,,
2023-12-20 13:00:00,,,,,,,,,,,,,,,,,
2023-12-20 14:00:00,,,,,,,,,,,,,,,,,
2023-12-20 15:00:00,,,,,,,,,,,,,,,,,
2023-12-20 16:00:00,,,,,,,,,,,,,,,,,
2023-12-20 17:00:00,,,,,,,,,,,,,,,,,
2023-12-20 18:00:00,,,,,,,,,,,,,,,,,
2023-12-20 19:00:00,,,,,,,,,,,,,,,,,
2023-12-20 20:00:00,,,,,,,,,,,,,,,,,
2023-12-20 21:00:00,,,,,,,,,,,,,,,,,
2023-12-20 22:00:00,,,,,,,,,,,,,,,,,
2023-12-20 23:00:00,,,,,,,,,,,,,,,,,
2023-12-21 00:00:00,,,,,,,,,,,,,,,,,
2023-12-21 01:00:00,,,,,,,,,,,,,,,,,
2023-12-21 02:00:00,,,,,,,,,,,,,,,,,
2023-12-21 03:00:00,,,,,,,,,,,,,,,,,
2023-12-21 04:00:00,,,,,,,,,,,,,,,,,
2023-12-21 05:00:00,,,,,,,,,,,,,,,,,
2023-12-21 06:00:00,,,,,,,,,,,,,,,,,
2023-12-21 07:00:00,,,,,,,,,,,,,,,,,
2023-12-21 08:00:00,,,,,,,,,,,,,,,,,
2023-12-21 09:00:00,,,,,,,,,,,,,,,,,
2023-12-21 10:00:00,,,,,,,,,,,,,,,,,
2023-12-21 11:00:00,,,,,,,,,,,,,,,,,
2023-12-21 12:00:00,,,,,,,,,,,,,,,,,
2023-12-21 13:00:00,,,,,,,,,,,,,,,,,
2023-12-21 14:00:00,,,,,,,,,,,,,,,,,
2023-12-21 15:00:00,,,,,,,,,,,,,,,,,
2023-12-21 16:00:00,,,,,,,,,,,,,,,,,
2023-12-21 17:00:00,,,,,,,,,,,,,,,,,
2023-12-21 18:00:00,,,,,,,,,,,,,,,,,
2023-12-21 19:00:00,,,,,,,,,,,,,,,,,
2023-12-21 20:00:00,,,,,,,,,,,,,,,,,
2023-12-21 21:00:00,,,,,,,,,,,,,,,,,
2023-12-21 22:00:00,,,,,,,,,,,,,,,,,
2023-12-21 23:00:00,,,,,,,,,,,,,,,,,
2023-12-22 00:00:00,,,,,,,,,,,,,,,,,
2023-12-22 01:00:00,,,,,,,,,,,,,,,,,
2023-12-22 02:00:00,,,,,,,,,,,,,,,,,
2023-12-22 03:00:00,,,,,,,,,,,,,,,,,
2023-12-22 04:00:00,,,,,,,,,,,,,,,,,
2023-12-22 05:00:00,,,,,,,,,,,,,,,,,
2023-12-22 06:00:00,,,,,,,,,,,,,,,,,
2023-12-22 07:00:00,,,,,,,,,,,,,,,,,
2023-12-22 08:00:00,,,,,,,,,,,,,,,,,
2023-12-22 09:00:00,,,,,,,,,,,,,,,,,
2023-12-22 10:00:00,,,,,,,,,,,,,,,,,
2023-12-22 11:00:00,,,,,,,,,,,,,,,,,
2023-12-22 12:00:00,,,,,,,,,,,,,,,,,
2023-12-22 13:00:00,,,,,,,,,,,,,,,,,
2023-12-22 14:00:00,,,,,,,,,,,,,,,,,
2023-12-22 15:00:00,,,,,,,,,,,,,,,,,
2023-12-22 16:00:00,,,,,,,,,,,,,,,,,
2023-12-22 17:00:00,,,,,,,,,,,,,,,,,
2023-12-22 18:00:00,,,,,,,,,,,,,,,,,
2023-12-22 19:00:00,,,,,,,,,,,,,,,,,
2023-12-22 20:00:00,,,,,,,,,,,,,,,,,
2023-12-22 21:00:00,,,,,,,,,,,,,,,,,
2023-12-22 22:00:00,,,,,,,,,,,,,,,,,
2023-12-22 23:00:00,,,,,,,,,,,,,,,,,
2023-12-23 00:00:00,,,,,,,,,,,,,,,,,
2023-12-23 01:00:00,,,,,,,,,,,,,,,,,
2023-12-23 02:00:00,,,,,,,,,,,,,,,,,
2023-12-23 03:00:00,,,,,,,,,,,,,,,,,
2023-12-23 04:00:00,,,,,,,,,,,,,,,,,
2023-12-23 05:00:00,,,,,,,,,,,,,,,,,
2023-12-23 06:00:00,,,,,,,,,,,,,,,,,
2023-12-23 07:00:00,,,,,,,,,,,,,,,,,
2023-12-23 08:00:00,,,,,,,,,,,,,,,,,
2023-12-23 09:00:00,,,,,,,,,,,,,,,,,
2023-12-23 10:00:00,,,,,,,,,,,,,,,,,
2023-12-23 11:00:00,,,,,,,,,,,,,,,,,
2023-12-23 12:00:00,,,,,,,,,,,,,,,,,
2023-12-23 13:00:00,,,,,,,,,,,,,,,,,
2023-12-23 14:00:00,,,,,,,,,,,,,,,,,
2023-12-23 15:00:00,,,,,,,,,,,,,,,,,
2023-12-23 16:00:00,,,,,,,,,,,,,,,,,
2023-12-23 17:00:00,,,,,,,,,,,,,,,,,
2023-12-23 18:00:00,,,,,,,,,,,,,,,,,
2023-12-23 19:00:00,,,,,,,,,,,,,,,,,
2023-12-23 20:00:00,,,,,,,,,,,,,,,,,
2023-12-23 21:00:00,,,,,,,,,,,,,,,,,
2023-12-23 22:00:00,,,,,,,,,,,,,,,,,
2023-12-23 23:00:00,,,,,,,,,,,,,,,,,
2023-12-24 00:00:00,,,,,,,,,,,,,,,,,
2023-12-24 01:00:00,,,,,,,,,,,,,,,,,
2023-12-24 02:00:00,,,,,,,,,,,,,,,,,
2023-12-24 03:00:00,,,,,,,,,,,,,,,,,
2023-12-24 04:00:00,,,,,,,,,,,,,,,,,
2023-12-24 05:00:00,,,,,,,,,,,,,,,,,
2023-12-24 06:00:00,,,,,,,,,,,,,,,,,
2023-12-24 07:00:00,,,,,,,,,,,,,,,,,
2023-12-24 08:00:00,,,,,,,,,,,,,,,,,
2023-12-24 09:00:00,,,,,,,,,,,,,,,,,
2023-12-24 10:00:00,,,,,,,,,,,,,,,,,
2023-12-24 11:00:00,,,,,,,,,,,,,,,,,
2023-12-24 12:00:00,,,,,,,,,,,,,,,,,
2023-12-24 13:00:00,,,,,,,,,,,,,,,,,
2023-12-24 14:00:00,,,,,,,,,,,,,,,,,
2023-12-24 15:00:00,,,,,,,,,,,,,,,,,
2023-12-24 16:00:00,,,,,,,,,,,,,,,,,
2023-12-24 17:00:00,,,,,,,,,,,,,,,,,
2023-12-24 18:00:00,,,,,,,,,,,,,,,,,
2023-12-24 19:00:00,,,,,,,,,,,,,,,,,
2023-12-24 20:00:00,,,,,,,,,,,,,,,,,
2023-12-24 21:00:00,,,,,,,,,,,,,,,,,
2023-12-24 22:00:00,,,,,,,,,,,,,,,,,
2023-12-24 23:00:00,,,,,,,,,,,,,,,,,
2023-12-25 00:00:00,,,,,,,,,,,,,,,,,
2023-12-25 01:00:00,,,,,,,,,,,,,,,,,
2023-12-25 02:00:00,,,,,,,,,,,,,,,,,
2023-12-25 03:00:00,,,,,,,,,,,,,,,,,
2023-12-25 04:00:00,,,,,,,,,,,,,,,,,
2023-12-25 05:00:00,,,,,,,,,,,,,,,,,
2023-12-25 06:00:00,,,,,,,,,,,,,,,,,
2023-12-25 07:00:00,,,,,,,,,,,,,,,,,
2023-12-25 08:00:00,,,,,,,,,,,,,,,,,
2023-12-25 09:00:00,,,,,,,,,,,,,,,,,
2023-12-25 10:00:00,,,,,,,,,,,,,,,,,
2023-12-25 11:00:00,,,,,,,,,,,,,,,,,
2023-12-25 12:00:00,,,,,,,,,,,,,,,,,
2023-12-25 13:00:00,,,,,,,,,,,,,,,,,
2023-12-25 14:00:00,,,,,,,,,,,,,,,,,
2023-12-25 15:00:00,,,,,,,,,,,,,,,,,
2023-12-25 16:00:00,,,,,,,,,,,,,,,,,
2023-12-25 17:00:00,,,,,,,,,,,,,,,,,
2023-12-25 18:00:00,,,,,,,,,,,,,,,,,
2023-12-25 19:00:00,,,,,,,,,,,,,,,,,
2023-12-25 20:00:00,,,,,,,,,,,,,,,,,
2023-12-25 21:00:00,,,,,,,,,,,,,,,,,
2023-12-25 22:00:00,,,,,,,,,,,,,,,,,
2023-12-25 23:00:00,,,,,,,,,,,,,,,,,
2023-12-26 00:00:00,,,,,,,,,,,,,,,,,
2023-12-26 01:00:00,,,,,,,,,,,,,,,,,
2023-12-26 02:00:00,,,,,,,,,,,,,,,,,
2023-12-26 03:00:00,,,,,,,,,,,,,,,,,
2023-12-26 04:00:00,,,,,,,,,,,,,,,,,
2023-12-26 05:00:00,,,,,,,,,,,,,,,,,
2023-12-26 06:00:00,,,,,,,,,,,,,,,,,
2023-12-26 07:00:00,,,,,,,,,,,,,,,,,
2023-12-26 08:00:00,,,,,,,,,,,,,,,,,
2023-12-26 09:00:00,,,,,,,,,,,,,,,,,
2023-12-26 10:00:00,,,,,,,,,,,,,,,,,
2023-12-26 11:00:00,,,,,,,,,,,,,,,,,
2023-12-26 12:00:00,,,,,,,,,,,,,,,,,
2023-12-26 13:00:00,,,,,,,,,,,,,,,,,
2023-12-26 14:00:00,,,,,,,,,,,,,,,,,
2023-12-26 15:00:00,,,,,,,,,,,,,,,,,
2023-12-26 16:00:00,,,,,,,,,,,,,,,,,
2023-12-26 17:00:00,,,,,,,,,,,,,,,,,
2023-12-26 18:00:00,,,,,,,,,,,,,,,,,
2023-12-26 19:00:00,,,,,,,,,,,,,,,,,
2023-12-26 20:00:00,,,,,,,,,,,,,,,,,
2023-12-26 21:00:00,,,,,,,,,,,,,,,,,
2023-12-26 22:00:00,,,,,,,,,,,,,,,,,
2023-12-26 23:00:00,,,,,,,,,,,,,,,,,
2023-12-27 00:00:00,,,,,,,,,,,,,,,,,
2023-12-27 01:00:00,,,,,,,,,,,,,,,,,
2023-12-27 02:00:00,,,,,,,,,,,,,,,,,
2023-12-27 03:00:00,,,,,,,,,,,,,,,,,
2023-12-27 04:00:00,,,,,,,,,,,,,,,,,
2023-12-27 05:00:00,,,,,,,,,,,,,,,,,
2023-12-27 06:00:00,,,,,,,,,,,,,,,,,
2023-12-27 07:00:00,,,,,,,,,,,,,,,,,
2023-12-27 08:00:00,,,,,,,,,,,,,,,,,
2023-12-27 09:00:00,,,,,,,,,,,,,,,,,
2023-12-27 10:00:00,,,,,,,,,,,,,,,,,
2023-12-27 11:00:00,,,,,,,,,,,,,,,,,
2023-12-27 12:00:00,,,,,,,,,,,,,,,,,
2023-12-27 13:00:00,,,,,,,,,,,,,,,,,
2023-12-27 14:00:00,,,,,,,,,,,,,,,,,
2023-12-27 15:00:00,,,,,,,,,,,,,,,,,
2023-12-27 16:00:00,,,,,,,,,,,,,,,,,
2023-12-27 17:00:00,,,,,,,,,,,,,,,,,
2023-12-27 18:00:00,,,,,,,,,,,,,,,,,
2023-12-27 19:00:00,,,,,,,,,,,,,,,,,
2023-12-27 20:00:00,,,,,,,,,,,,,,,,,
2023-12-27 21:00:00,,,,,,,,,,,,,,,,,
2023-12-27 22:00:00,,,,,,,,,,,,,,,,,
2023-12-27 23:00:00,,,,,,,,,,,,,,,,,
2023-12-28 00:00:00,,,,,,,,,,,,,,,,,
2023-12-28 01:00:00,,,,,,,,,,,,,,,,,
2023-12-28 02:00:00,,,,,,,,,,,,,,,,,
2023-12-28 03:00:00,,,,,,,,,,,,,,,,,
2023-12-28 04:00:00,,,,,,,,,,,,,,,,,
2023-12-28 05:00:00,,,,,,,,,,,,,,,,,
2023-12-28 06:00:00,,,,,,,,,,,,,,,,,
2023-12-28 07:00:00,,,,,,,,,,,,,,,,,
2023-12-28 08:00:00,,,,,,,,,,,,,,,,,
2023-12-28 09:00:00,,,,,,,,,,,,,,,,,
2023-12-28 10:00:00,,,,,,,,,,,,,,,,,
2023-12-28 11:00:00,,,,,,,,,,,,,,,,,
2023-12-28 12:00:00,,,,,,,,,,,,,,,,,
2023-12-28 13:00:00,,,,,,,,,,,,,,,,,
2023-12-28 14:00:00,,,,,,,,,,,,,,,,,
2023-12-28 15:00:00,,,,,,,,,,,,,,,,,
2023-12-28 16:00:00,,,,,,,,,,,,,,,,,
2023-12-28 17:00:00,,,,,,,,,,,,,,,,,
2023-12-28 18:00:00,,,,,,,,,,,,,,,,,
2023-12-28 19:00:00,,,,,,,,,,,,,,,,,
2023-12-28 20:00:00,,,,,,,,,,,,,,,,,
2023-12-28 21:00:00,,,,,,,,,,,,,,,,,
2023-12-28 22:00:00,,,,,,,,,,,,,,,,,
2023-12-28 23:00:00,,,,,,,,,,,,,,,,,
2023-12-29 00:00:00,,,,,,,,,,,,,,,,,
2023-12-29 01:00:00,,,,,,,,,,,,,,,,,
2023-12-29 02:00:00,,,,,,,,,,,,,,,,,
2023-12-29 03:00:00,,,,,,,,,,,,,,,,,
2023-12-29 04:00:00,,,,,,,,,,,,,,,,,
2023-12-29 05:00:00,,,,,,,,,,,,,,,,,
2023-12-29 06:00:00,,,,,,,,,,,,,,,,,
2023-12-29 07:00:00,,,,,,,,,,,,,,,,,
2023-12-29 08:00:00,,,,,,,,,,,,,,,,,
2023-12-29 09:00:00,,,,,,,,,,,,,,,,,
2023-12-29 10:00:00,,,,,,,,,,,,,,,,,
2023-12-29 11:00:00,,,,,,,,,,,,,,,,,
2023-12-29 12:00:00,,,,,,,,,,,,,,,,,
2023-12-29 13:00:00,,,,,,,,,,,,,,,,,
2023-12-29 14:00:00,,,,,,,,,,,,,,,,,
2023-12-29 15:00:00,,,,,,,,,,,,,,,,,
2023-12-29 16:00:00,,,,,,,,,,,,,,,,,
2023-12-29 17:00:00,,,,,,,,,,,,,,,,,
2023-12-29 18:00:00,,,,,,,,,,,,,,,,,
2023-12-29 19:00:00,,,,,,,,,,,,,,,,,
2023-12-29 20:00:00,,,,,,,,,,,,,,,,,
2023-12-29 21:00:00,,,,,,,,,,,,,,,,,
2023-12-29 22:00:00,,,,,,,,,,,,,,,,,
2023-12-29 23:00:00,,,,,,,,,,,,,,,,,
2023-12-30 00:00:00,,,,,,,,,,,,,,,,,
2023-12-30 01:00:00,,,,,,,,,,,,,,,,,
2023-12-30 02:00:00,,,,,,,,,,,,,,,,,
2023-12-30 03:00:00,,,,,,,,,,,,,,,,,
2023-12-30 04:00:00,,,,,,,,,,,,,,,,,
2023-12-30 05:00:00,,,,,,,,,,,,,,,,,
2023-12-30 06:00:00,,,,,,,,,,,,,,,,,
2023-12-30 07:00:00,,,,,,,,,,,,,,,,,
2023-12-30 08:00:00,,,,,,,,,,,,,,,,,
2023-12-30 09:00:00,,,,,,,,,,,,,,,,,
2023-12-30 10:00:00,,,,,,,,,,,,,,,,,
2023-12-30 11:00:00,,,,,,,,,,,,,,,,,
2023-12-30 12:00:00,,,,,,,,,,,,,,,,,
2023-12-30 13:00:00,,,,,,,,,,,,,,,,,
2023-12-30 14:00:00,,,,,,,,,,,,,,,,,
2023-12-30 15:00:00,,,,,,,,,,,,,,,,,
2023-12-30 16:00:00,,,,,,,,,,,,,,,,,
2023-12-30 17:00:00,,,,,,,,,,,,,,,,,
2023-12-30 18:00:00,,,,,,,,,,,,,,,,,
2023-12-30 19:00:00,,,,,,,,,,,,,,,,,
2023-12-30 20:00:00,,,,,,,,,,,,,,,,,
2023-12-30 21:00:00,,,,,,,,,,,,,,,,,
2023-12-30 22:00:00,,,,,,,,,,,,,,,,,
2023-12-30 23:00:00,,,,,,,,,,,,,,,,,
2023-12-31 00:00:00,,,,,,,,,,,,,,,,,
2023-12-31 01:00:00,,,,,,,,,,,,,,,,,
2023-12-31 02:00:00,,,,,,,,,,,,,,,,,
2023-12-31 03:00:00,,,,,,,,,,,,,,,,,
2023-12-31 04:00:00,,,,,,,,,,,,,,,,,
2023-12-31 05:00:00,,,,,,,,,,,,,,,,,
2023-12-31 06:00:00,,,,,,,,,,,,,,,,,
2023-12-31 07:00:00,,,,,,,,,,,,,,,,,
2023-12-31 08:00:00,,,,,,,,,,,,,,,,,
2023-12-31 09:00:00,,,,,,,,,,,,,,,,,
2023-12-31 10:00:00,,,,,,,,,,,,,,,,,
2023-12-31 11:00:00,,,,,,,,,,,,,,,,,
2023-12-31 12:00:00,,,,,,,,,,,,,,,,,
2023-12-31 13:00:00,,,,,,,,,,,,,,,,,
2023-12-31 14:00:00,,,,,,,,,,,,,,,,,
2023-12-31 15:00:00,,,,,,,,,,,,,,,,,
2023-12-31 16:00:00,,,,,,,,,,,,,,,,,
2023-12-31 17:00:00,,,,,,,,,,,,,,,,,
2023-12-31 18:00:00,,,,,,,,,,,,,,,,,
2023-12-31 19:00:00,,,,,,,,,,,,,,,,,
2023-12-31 20:00:00,,,,,,,,,,,,,,,,,
2023-12-31 21:00:00,,,,,,,,,,,,,,,,,
2023-12-31 22:00:00,,,,,,,,,,,,,,,,,
2023-12-31 23:00:00,,,,,,,,,,,,,,,,,
2024-01-01 00:00:00,,,,,,,,,,,,,,,,,
2024-01-01 01:00:00,,,,,,,,,,,,,,,,,
2024-01-01 02:00:00,,,,,,,,,,,,,,,,,
2024-01-01 03:00:00,,,,,,,,,,,,,,,,,
2024-01-01 04:00:00,,,,,,,,,,,,,,,,,
2024-01-01 05:00:00,,,,,,,,,,,,,,,,,
2024-01-01 06:00:00,,,,,,,,,,,,,,,,,
2024-01-01 07:00:00,,,,,,,,,,,,,,,,,
2024-01-01 08:00:00,,,,,,,,,,,,,,,,,
2024-01-01 09:00:00,,,,,,,,,,,,,,,,,
2024-01-01 10:00:00,,,,,,,,,,,,,,,,,
2024-01-01 11:00:00,,,,,,,,,,,,,,,,,
2024-01-01 12:00:00,,,,,,,,,,,,,,,,,
2024-01-01 13:00:00,,,,,,,,,,,,,,,,,
2024-01-01 14:00:00,,,,,,,,,,,,,,,,,
2024-01-01 15:00:00,,,,,,,,,,,,,,,,,
2024-01-01 16:00:00,,,,,,,,,,,,,,,,,
2024-01-01 17:00:00,,,,,,,,,,,,,,,,,
2024-01-01 18:00:00,,,,,,,,,,,,,,,,,
2024-01-01 19:00:00,,,,,,,,,,,,,,,,,
2024-01-01 20:00:00,,,,,,,,,,,,,,,,,
2024-01-01 21:00:00,,,,,,,,,,,,,,,,,
2024-01-01 22:00:00,,,,,,,,,,,,,,,,,
2024-01-01 23:00:00,,,,,,,,,,,,,,,,,
2024-01-02 00:00:00,,,,,,,,,,,,,,,,,
2024-01-02 01:00:00,,,,,,,,,,,,,,,,,
2024-01-02 02:00:00,,,,,,,,,,,,,,,,,
2024-01-02 03:00:00,,,,,,,,,,,,,,,,,
2024-01-02 04:00:00,,,,,,,,,,,,,,,,,
2024-01-02 05:00:00,,,,,,,,,,,,,,,,,
2024-01-02 06:00:00,,,,,,,,,,,,,,,,,
2024-01-02 07:00:00,,,,,,,,,,,,,,,,,
2024-01-02 08:00:00,,,,,,,,,,,,,,,,,
2024-01-02 09:00:00,,,,,,,,,,,,,,,,,
2024-01-02 10:00:00,,,,,,,,,,,,,,,,,
2024-01-02 11:00:00,,,,,,,,,,,,,,,,,
2024-01-02 12:00:00,,,,,,,,,,,,,,,,,
2024-01-02 13:00:00,,,,,,,,,,,,,,,,,
2024-01-02 14:00:00,,,,,,,,,,,,,,,,,
2024-01-02 15:00:00,,,,,,,,,,,,,,,,,
2024-01-02 16:00:00,,,,,,,,,,,,,,,,,
2024-01-02 17:00:00,,,,,,,,,,,,,,,,,
2024-01-02 18:00:00,,,,,,,,,,,,,,,,,
2024-01-02 19:00:00,,,,,,,,,,,,,,,,,
2024-01-02 20:00:00,,,,,,,,,,,,,,,,,
2024-01-02 21:00:00,,,,,,,,,,,,,,,,,
2024-01-02 22:00:00,,,,,,,,,,,,,,,,,
2024-01-02 23:00:00,,,,,,,,,,,,,,,,,
2024-01-03 00:00:00,,,,,,,,,,,,,,,,,
2024-01-03 01:00:00,,,,,,,,,,,,,,,,,
2024-01-03 02:00:00,,,,,,,,,,,,,,,,,
2024-01-03 03:00:00,,,,,,,,,,,,,,,,,
2024-01-03 04:00:00,,,,,,,,,,,,,,,,,
2024-01-03 05:00:00,,,,,,,,,,,,,,,,,
2024-01-03 06:00:00,,,,,,,,,,,,,,,,,
2024-01-03 07:00:00,,,,,,,,,,,,,,,,,
2024-01-03 08:00:00,,,,,,,,,,,,,,,,,
2024-01-03 09:00:00,,,,,,,,,,,,,,,,,
2024-01-03 10:00:00,,,,,,,,,,,,,,,,,
2024-01-03 11:00:00,,,,,,,,,,,,,,,,,
2024-01-03 12:00:00,,,,,,,,,,,,,,,,,
2024-01-03 13:00:00,,,,,,,,,,,,,,,,,
2024-01-03 14:00:00,,,,,,,,,,,,,,,,,
2024-01-03 15:00:00,,,,,,,,,,,,,,,,,
2024-01-03 16:00:00,,,,,,,,,,,,,,,,,
2024-01-03 17:00:00,,,,,,,,,,,,,,,,,
2024-01-03 18:00:00,,,,,,,,,,,,,,,,,
2024-01-03 19:00:00,,,,,,,,,,,,,,,,,
2024-01-03 20:00:00,,,,,,,,,,,,,,,,,
2024-01-03 21:00:00,,,,,,,,,,,,,,,,,
2024-01-03 22:00:00,,,,,,,,,,,,,,,,,
2024-01-03 23:00:00,,,,,,,,,,,,,,,,,
2024-01-04 00:00:00,,,,,,,,,,,,,,,,,
2024-01-04 01:00:00,,,,,,,,,,,,,,,,,
2024-01-04 02:00:00,,,,,,,,,,,,,,,,,
2024-01-04 03:00:00,,,,,,,,,,,,,,,,,
2024-01-04 04:00:00,,,,,,,,,,,,,,,,,
2024-01-04 05:00:00,,,,,,,,,,,,,,,,,
2024-01-04 06:00:00,,,,,,,,,,,,,,,,,
2024-01-04 07:00:00,,,,,,,,,,,,,,,,,
2024-01-04 08:00:00,,,,,,,,,,,,,,,,,
2024-01-04 09:00:00,,,,,,,,,,,,,,,,,
2024-01-04 10:00:00,,,,,,,,,,,,,,,,,
2024-01-04 11:00:00,,,,,,,,,,,,,,,,,
2024-01-04 12:00:00,,,,,,,,,,,,,,,,,
2024-01-04 13:00:00,,,,,,,,,,,,,,,,,
2024-01-04 14:00:00,,,,,,,,,,,,,,,,,
2024-01-04 15:00:00,,,,,,,,,,,,,,,,,
2024-01-04 16:00:00,,,,,,,,,,,,,,,,,
2024-01-04 17:00:00,,,,,,,,,,,,,,,,,
2024-01-04 18:00:00,,,,,,,,,,,,,,,,,
2024-01-04 19:00:00,,,,,,,,,,,,,,,,,
2024-01-04 20:00:00,,,,,,,,,,,,,,,,,
2024-01-04 21:00:00,,,,,,,,,,,,,,,,,
2024-01-04 22:00:00,,,,,,,,,,,,,,,,,
2024-01-04 23:00:00,,,,,,,,,,,,,,,,,
2024-01-05 00:00:00,,,,,,,,,,,,,,,,,
2024-01-05 01:00:00,,,,,,,,,,,,,,,,,
2024-01-05 02:00:00,,,,,,,,,,,,,,,,,
2024-01-05 03:00:00,,,,,,,,,,,,,,,,,
2024-01-05 04:00:00,,,,,,,,,,,,,,,,,
2024-01-05 05:00:00,,,,,,,,,,,,,,,,,
2024-01-05 06:00:00,,,,,,,,,,,,,,,,,
2024-01-05 07:00:00,,,,,,,,,,,,,,,,,
2024-01-05 08:00:00,,,,,,,,,,,,,,,,,
2024-01-05 09:00:00,,,,,,,,,,,,,,,,,
2024-01-05 10:00:00,,,,,,,,,,,,,,,,,
2024-01-05 11:00:00,,,,,,,,,,,,,,,,,
2024-01-05 12:00:00,,,,,,,,,,,,,,,,,
2024-01-05 13:00:00,,,,,,,,,,,,,,,,,
2024-01-05 14:00:00,,,,,,,,,,,,,,,,,
2024-01-05 15:00:00,,,,,,,,,,,,,,,,,
2024-01-05 16:00:00,,,,,,,,,,,,,,,,,
2024-01-05 17:00:00,,,,,,,,,,,,,,,,,
2024-01-05 18:00:00,,,,,,,,,,,,,,,,,
2024-01-05 19:00:00,,,,,,,,,,,,,,,,,
2024-01-05 20:00:00,,,,,,,,,,,,,,,,,
2024-01-05 21:00:00,,,,,,,,,,,,,,,,,
2024-01-05 22:00:00,,,,,,,,,,,,,,,,,
2024-01-05 23:00:00,,,,,,,,,,,,,,,,,
2024-01-06 00:00:00,,,,,,,,,,,,,,,,,
2024-01-06 01:00:00,,,,,,,,,,,,,,,,,
2024-01-06 02:00:00,,,,,,,,,,,,,,,,,
2024-01-06 03:00:00,,,,,,,,,,,,,,,,,
2024-01-06 04:00:00,,,,,,,,,,,,,,,,,
2024-01-06 05:00:00,,,,,,,,,,,,,,,,,
2024-01-06 06:00:00,,,,,,,,,,,,,,,,,
2024-01-06 07:00:00,,,,,,,,,,,,,,,,,
2024-01-06 08:00:00,,,,,,,,,,,,,,,,,
2024-01-06 09:00:00,,,,,,,,,,,,,,,,,
2024-01-06 10:00:00,,,,,,,,,,,,,,,,,
2024-01-06 11:00:00,,,,,,,,,,,,,,,,,
2024-01-06 12:00:00,,,,,,,,,,,,,,,,,
2024-01-06 13:00:00,,,,,,,,,,,,,,,,,
2024-01-06 14:00:00,,,,,,,,,,,,,,,,,
2024-01-06 15:00:00,,,,,,,,,,,,,,,,,
2024-01-06 16:00:00,,,,,,,,,,,,,,,,,
2024-01-06 17:00:00,,,,,,,,,,,,,,,,,
2024-01-06 18:00:00,,,,,,,,,,,,,,,,,
2024-01-06 19:00:00,,,,,,,,,,,,,,,,,
2024-01-06 20:00:00,,,,,,,,,,,,,,,,,
2024-01-06 21:00:00,,,,,,,,,,,,,,,,,
2024-01-06 22:00:00,,,,,,,,,,,,,,,,,
2024-01-06 23:00:00,,,,,,,,,,,,,,,,,
2024-01-07 00:00:00,,,,,,,,,,,,,,,,,
2024-01-07 01:00:00,,,,,,,,,,,,,,,,,
2024-01-07 02:00:00,,,,,,,,,,,,,,,,,
2024-01-07 03:00:00,,,,,,,,,,,,,,,,,
2024-01-07 04:00:00,,,,,,,,,,,,,,,,,
2024-01-07 05:00:00,,,,,,,,,,,,,,,,,
2024-01-07 06:00:00,,,,,,,,,,,,,,,,,
2024-01-07 07:00:00,,,,,,,,,,,,,,,,,
2024-01-07 08:00:00,,,,,,,,,,,,,,,,,
2024-01-07 09:00:00,,,,,,,,,,,,,,,,,
2024-01-07 10:00:00,,,,,,,,,,,,,,,,,
2024-01-07 11:00:00,,,,,,,,,,,,,,,,,
2024-01-07 12:00:00,,,,,,,,,,,,,,,,,
2024-01-07 13:00:00,,,,,,,,,,,,,,,,,
2024-01-07 14:00:00,,,,,,,,,,,,,,,,,
2024-01-07 15:00:00,,,,,,,,,,,,,,,,,
2024-01-07 16:00:00,,,,,,,,,,,,,,,,,
2024-01-07 17:00:00,,,,,,,,,,,,,,,,,
2024-01-07 18:00:00,,,,,,,,,,,,,,,,,
2024-01-07 19:00:00,,,,,,,,,,,,,,,,,
2024-01-07 20:00:00,,,,,,,,,,,,,,,,,
2024-01-07 21:00:00,,,,,,,,,,,,,,,,,
2024-01-07 22:00:00,,,,,,,,,,,,,,,,,
2024-01-07 23:00:00,,,,,,,,,,,,,,,,,
2024-01-08 00:00:00,,,,,,,,,,,,,,,,,
2024-01-08 01:00:00,,,,,,,,,,,,,,,,,
2024-01-08 02:00:00,,,,,,,,,,,,,,,,,
2024-01-08 03:00:00,,,,,,,,,,,,,,,,,
2024-01-08 04:00:00,,,,,,,,,,,,,,,,,
2024-01-08 05:00:00,,,,,,,,,,,,,,,,,
2024-01-08 06:00:00,,,,,,,,,,,,,,,,,
2024-01-08 07:00:00,,,,,,,,,,,,,,,,,
2024-01-08 08:00:00,,,,,,,,,,,,,,,,,
2024-01-08 09:00:00,,,,,,,,,,,,,,,,,
2024-01-08 10:00:00,,,,,,,,,,,,,,,,,
2024-01-08 11:00:00,,,,,,,,,,,,,,,,,
2024-01-08 12:00:00,,,,,,,,,,,,,,,,,
2024-01-08 13:00:00,,,,,,,,,,,,,,,,,
2024-01-08 14:00:00,,,,,,,,,,,,,,,,,
2024-01-08 15:00:00,,,,,,,,,,,,,,,,,
2024-01-08 16:00:00,,,,,,,,,,,,,,,,,
2024-01-08 17:00:00,,,,,,,,,,,,,,,,,
2024-01-08 18:00:00,,,,,,,,,,,,,,,,,
2024-01-08 19:00:00,,,,,,,,,,,,,,,,,
2024-01-08 20:00:00,,,,,,,,,,,,,,,,,
2024-01-08 21:00:00,,,,,,,,,,,,,,,,,
2024-01-08 22:00:00,,,,,,,,,,,,,,,,,
2024-01-08 23:00:00,,,,,,,,,,,,,,,,,
2024-01-09 00:00:00,,,,,,,,,,,,,,,,,
2024-01-09 01:00:00,,,,,,,,,,,,,,,,,
2024-01-09 02:00:00,,,,,,,,,,,,,,,,,
2024-01-09 03:00:00,,,,,,,,,,,,,,,,,
2024-01-09 04:00:00,,,,,,,,,,,,,,,,,
2024-01-09 05:00:00,,,,,,,,,,,,,,,,,
2024-01-09 06:00:00,,,,,,,,,,,,,,,,,
2024-01-09 07:00:00,,,,,,,,,,,,,,,,,
2024-01-09 08:00:00,,,,,,,,,,,,,,,,,
2024-01-09 09:00:00,,,,,,,,,,,,,,,,,
2024-01-09 10:00:00,,,,,,,,,,,,,,,,,
2024-01-09 11:00:00,,,,,,,,,,,,,,,,,
2024-01-09 12:00:00,,,,,,,,,,,,,,,,,
2024-01-09 13:00:00,,,,,,,,,,,,,,,,,
2024-01-09 14:00:00,,,,,,,,,,,,,,,,,
2024-01-09 15:00:00,,,,,,,,,,,,,,,,,
2024-01-09 16:00:00,,,,,,,,,,,,,,,,,
2024-01-09 17:00:00,,,,,,,,,,,,,,,,,
2024-01-09 18:00:00,,,,,,,,,,,,,,,,,
2024-01-09 19:00:00,,,,,,,,,,,,,,,,,
2024-01-09 20:00:00,,,,,,,,,,,,,,,,,
2024-01-09 21:00:00,,,,,,,,,,,,,,,,,
2024-01-09 22:00:00,,,,,,,,,,,,,,,,,
2024-01-09 23:00:00,,,,,,,,,,,,,,,,,
2024-01-10 00:00:00,,,,,,,,,,,,,,,,,
2024-01-10 01:00:00,,,,,,,,,,,,,,,,,
2024-01-10 02:00:00,,,,,,,,,,,,,,,,,
2024-01-10 03:00:00,,,,,,,,,,,,,,,,,
2024-01-10 04:00:00,,,,,,,,,,,,,,,,,
2024-01-10 05:00:00,,,,,,,,,,,,,,,,,
2024-01-10 06:00:00,,,,,,,,,,,,,,,,,
2024-01-10 07:00:00,,,,,,,,,,,,,,,,,
2024-01-10 08:00:00,,,,,,,,,,,,,,,,,
2024-01-10 09:00:00,,,,,,,,,,,,,,,,,
2024-01-10 10:00:00,,,,,,,,,,,,,,,,,
2024-01-10 11:00:00,,,,,,,,,,,,,,,,,
2024-01-10 12:00:00,,,,,,,,,,,,,,,,,
2024-01-10 13:00:00,,,,,,,,,,,,,,,,,
2024-01-10 14:00:00,,,,,,,,,,,,,,,,,
2024-01-10 15:00:00,,,,,,,,,,,,,,,,,
2024-01-10 16:00:00,,,,,,,,,,,,,,,,,
2024-01-10 17:00:00,,,,,,,,,,,,,,,,,
2024-01-10 18:00:00,,,,,,,,,,,,,,,,,
2024-01-10 19:00:00,,,,,,,,,,,,,,,,,
2024-01-10 20:00:00,,,,,,,,,,,,,,,,,
2024-01-10 21:00:00,,,,,,,,,,,,,,,,,
2024-01-10 22:00:00,,,,,,,,,,,,,,,,,
2024-01-10 23:00:00,,,,,,,,,,,,,,,,,
2024-01-11 00:00:00,,,,,,,,,,,,,,,,,
2024-01-11 01:00:00,,,,,,,,,,,,,,,,,
2024-01-11 02:00:00,,,,,,,,,,,,,,,,,
2024-01-11 03:00:00,,,,,,,,,,,,,,,,,
2024-01-11 04:00:00,,,,,,,,,,,,,,,,,
2024-01-11 05:00:00,,,,,,,,,,,,,,,,,
2024-01-11 06:00:00,,,,,,,,,,,,,,,,,
2024-01-11 07:00:00,,,,,,,,,,,,,,,,,
2024-01-11 08:00:00,,,,,,,,,,,,,,,,,
2024-01-11 09:00:00,,,,,,,,,,,,,,,,,
2024-01-11 10:00:00,,,,,,,,,,,,,,,,,
2024-01-11 11:00:00,,,,,,,,,,,,,,,,,
2024-01-11 12:00:00,,,,,,,,,,,,,,,,,
2024-01-11 13:00:00,,,,,,,,,,,,,,,,,
2024-01-11 14:00:00,,,,,,,,,,,,,,,,,
2024-01-11 15:00:00,,,,,,,,,,,,,,,,,
2024-01-11 16:00:00,,,,,,,,,,,,,,,,,
2024-01-11 17:00:00,,,,,,,,,,,,,,,,,
2024-01-11 18:00:00,,,,,,,,,,,,,,,,,
2024-01-11 19:00:00,,,,,,,,,,,,,,,,,
2024-01-11 20:00:00,,,,,,,,,,,,,,,,,
2024-01-11 21:00:00,,,,,,,,,,,,,,,,,
2024-01-11 22:00:00,,,,,,,,,,,,,,,,,
2024-01-11 23:00:00,,,,,,,,,,,,,,,,,
2024-01-12 00:00:00,,,,,,,,,,,,,,,,,
2024-01-12 01:00:00,,,,,,,,,,,,,,,,,
2024-01-12 02:00:00,,,,,,,,,,,,,,,,,
2024-01-12 03:00:00,,,,,,,,,,,,,,,,,
2024-01-12 04:00:00,,,,,,,,,,,,,,,,,
2024-01-12 05:00:00,,,,,,,,,,,,,,,,,
2024-01-12 06:00:00,,,,,,,,,,,,,,,,,
2024-01-12 07:00:00,,,,,,,,,,,,,,,,,
2024-01-12 08:00:00,,,,,,,,,,,,,,,,,
2024-01-12 09:00:00,,,,,,,,,,,,,,,,,
2024-01-12 10:00:00,,,,,,,,,,,,,,,,,
2024-01-12 11:00:00,,,,,,,,,,,,,,,,,
2024-01-12 12:00:00,,,,,,,,,,,,,,,,,
2024-01-12 13:00:00,,,,,,,,,,,,,,,,,
2024-01-12 14:00:00,,,,,,,,,,,,,,,,,
2024-01-12 15:00:00,,,,,,,,,,,,,,,,,
2024-01-12 16:00:00,,,,,,,,,,,,,,,,,
2024-01-12 17:00:00,,,,,,,,,,,,,,,,,
2024-01-12 18:00:00,,,,,,,,,,,,,,,,,
2024-01-12 19:00:00,,,,,,,,,,,,,,,,,
2024-01-12 20:00:00,,,,,,,,,,,,,,,,,
2024-01-12 21:00:00,,,,,,,,,,,,,,,,,
2024-01-12 22:00:00,,,,,,,,,,,,,,,,,
2024-01-12 23:00:00,,,,,,,,,,,,,,,,,
2024-01-13 00:00:00,,,,,,,,,,,,,,,,,
2024-01-13 01:00:00,,,,,,,,,,,,,,,,,
2024-01-13 02:00:00,,,,,,,,,,,,,,,,,
2024-01-13 03:00:00,,,,,,,,,,,,,,,,,
2024-01-13 04:00:00,,,,,,,,,,,,,,,,,
2024-01-13 05:00:00,,,,,,,,,,,,,,,,,
2024-01-13 06:00:00,,,,,,,,,,,,,,,,,
2024-01-13 07:00:00,,,,,,,,,,,,,,,,,
2024-01-13 08:00:00,,,,,,,,,,,,,,,,,
2024-01-13 09:00:00,,,,,,,,,,,,,,,,,
2024-01-13 10:00:00,,,,,,,,,,,,,,,,,
2024-01-13 11:00:00,,,,,,,,,,,,,,,,,
2024-01-13 12:00:00,,,,,,,,,,,,,,,,,
2024-01-13 13:00:00,,,,,,,,,,,,,,,,,
2024-01-13 14:00:00,,,,,,,,,,,,,,,,,
2024-01-13 15:00:00,,,,,,,,,,,,,,,,,
2024-01-13 16:00:00,,,,,,,,,,,,,,,,,
2024-01-13 17:00:00,,,,,,,,,,,,,,,,,
2024-01-13 18:00:00,,,,,,,,,,,,,,,,,
2024-01-13 19:00:00,,,,,,,,,,,,,,,,,
2024-01-13 20:00:00,,,,,,,,,,,,,,,,,
2024-01-13 21:00:00,,,,,,,,,,,,,,,,,
2024-01-13 22:00:00,,,,,,,,,,,,,,,,,
2024-01-13 23:00:00,,,,,,,,,,,,,,,,,
2024-01-14 00:00:00,,,,,,,,,,,,,,,,,
2024-01-14 01:00:00,,,,,,,,,,,,,,,,,
2024-01-14 02:00:00,,,,,,,,,,,,,,,,,
2024-01-14 03:00:00,,,,,,,,,,,,,,,,,
2024-01-14 04:00:00,,,,,,,,,,,,,,,,,
2024-01-14 05:00:00,,,,,,,,,,,,,,,,,
2024-01-14 06:00:00,,,,,,,,,,,,,,,,,
2024-01-14 07:00:00,,,,,,,,,,,,,,,,,
2024-01-14 08:00:00,,,,,,,,,,,,,,,,,
2024-01-14 09:00:00,,,,,,,,,,,,,,,,,
2024-01-14 10:00:00,,,,,,,,,,,,,,,,,
2024-01-14 11:00:00,,,,,,,,,,,,,,,,,
2024-01-14 12:00:00,,,,,,,,,,,,,,,,,
2024-01-14 13:00:00,,,,,,,,,,,,,,,,,
2024-01-14 14:00:00,,,,,,,,,,,,,,,,,
2024-01-14 15:00:00,,,,,,,,,,,,,,,,,
2024-01-14 16:00:00,,,,,,,,,,,,,,,,,
2024-01-14 17:00:00,,,,,,,,,,,,,,,,,
2024-01-14 18:00:00,,,,,,,,,,,,,,,,,
2024-01-14 19:00:00,,,,,,,,,,,,,,,,,
2024-01-14 20:00:00,,,,,,,,,,,,,,,,,
2024-01-14 21:00:00,,,,,,,,,,,,,,,,,
2024-01-14 22:00:00,,,,,,,,,,,,,,,,,
2024-01-14 23:00:00,,,,,,,,,,,,,,,,,
2024-01-15 00:00:00,,,,,,,,,,,,,,,,,
2024-01-15 01:00:00,,,,,,,,,,,,,,,,,
2024-01-15 02:00:00,,,,,,,,,,,,,,,,,
2024-01-15 03:00:00,,,,,,,,,,,,,,,,,
2024-01-15 04:00:00,,,,,,,,,,,,,,,,,
2024-01-15 05:00:00,,,,,,,,,,,,,,,,,
2024-01-15 06:00:00,,,,,,,,,,,,,,,,,
2024-01-15 07:00:00,,,,,,,,,,,,,,,,,
2024-01-15 08:00:00,,,,,,,,,,,,,,,,,
2024-01-15 09:00:00,,,,,,,,,,,,,,,,,
2024-01-15 10:00:00,,,,,,,,,,,,,,,,,
2024-01-15 11:00:00,,,,,,,,,,,,,,,,,
2024-01-15 12:00:00,,,,,,,,,,,,,,,,,
2024-01-15 13:00:00,,,,,,,,,,,,,,,,,
2024-01-15 14:00:00,,,,,,,,,,,,,,,,,
2024-01-15 15:00:00,,,,,,,,,,,,,,,,,
2024-01-15 16:00:00,,,,,,,,,,,,,,,,,
2024-01-15 17:00:00,,,,,,,,,,,,,,,,,
2024-01-15 18:00:00,,,,,,,,,,,,,,,,,
2024-01-15 19:00:00,,,,,,,,,,,,,,,,,
2024-01-15 20:00:00,,,,,,,,,,,,,,,,,
2024-01-15 21:00:00,,,,,,,,,,,,,,,,,
2024-01-15 22:00:00,,,,,,,,,,,,,,,,,
2024-01-15 23:00:00,,,,,,,,,,,,,,,,,
2024-01-16 00:00:00,,,,,,,,,,,,,,,,,
2024-01-16 01:00:00,,,,,,,,,,,,,,,,,
2024-01-16 02:00:00,,,,,,,,,,,,,,,,,
2024-01-16 03:00:00,,,,,,,,,,,,,,,,,
2024-01-16 04:00:00,,,,,,,,,,,,,,,,,
2024-01-16 05:00:00,,,,,,,,,,,,,,,,,
2024-01-16 06:00:00,,,,,,,,,,,,,,,,,
2024-01-16 07:00:00,,,,,,,,,,,,,,,,,
2024-01-16 08:00:00,,,,,,,,,,,,,,,,,
2024-01-16 09:00:00,,,,,,,,,,,,,,,,,
2024-01-16 10:00:00,,,,,,,,,,,,,,,,,
2024-01-16 11:00:00,,,,,,,,,,,,,,,,,
2024-01-16 12:00:00,,,,,,,,,,,,,,,,,
2024-01-16 13:00:00,,,,,,,,,,,,,,,,,
2024-01-16 14:00:00,,,,,,,,,,,,,,,,,
2024-01-16 15:00:00,,,,,,,,,,,,,,,,,
2024-01-16 16:00:00,,,,,,,,,,,,,,,,,
2024-01-16 17:00:00,,,,,,,,,,,,,,,,,
2024-01-16 18:00:00,,,,,,,,,,,,,,,,,
2024-01-16 19:00:00,,,,,,,,,,,,,,,,,
2024-01-16 20:00:00,,,,,,,,,,,,,,,,,
2024-01-16 21:00:00,,,,,,,,,,,,,,,,,
2024-01-16 22:00:00,,,,,,,,,,,,,,,,,
2024-01-16 23:00:00,,,,,,,,,,,,,,,,,
2024-01-17 00:00:00,,,,,,,,,,,,,,,,,
2024-01-17 01:00:00,,,,,,,,,,,,,,,,,
2024-01-17 02:00:00,,,,,,,,,,,,,,,,,
2024-01-17 03:00:00,,,,,,,,,,,,,,,,,
2024-01-17 04:00:00,,,,,,,,,,,,,,,,,
2024-01-17 05:00:00,,,,,,,,,,,,,,,,,
2024-01-17 06:00:00,,,,,,,,,,,,,,,,,
2024-01-17 07:00:00,,,,,,,,,,,,,,,,,
2024-01-17 08:00:00,,,,,,,,,,,,,,,,,
2024-01-17 09:00:00,,,,,,,,,,,,,,,,,
2024-01-17 10:00:00,,,,,,,,,,,,,,,,,
2024-01-17 11:00:00,,,,,,,,,,,,,,,,,
2024-01-17 12:00:00,,,,,,,,,,,,,,,,,
2024-01-17 13:00:00,,,,,,,,,,,,,,,,,
2024-01-17 14:00:00,,,,,,,,,,,,,,,,,
2024-01-17 15:00:00,,,,,,,,,,,,,,,,,
2024-01-17 16:00:00,,,,,,,,,,,,,,,,,
2024-01-17 17:00:00,,,,,,,,,,,,,,,,,
2024-01-17 18:00:00,,,,,,,,,,,,,,,,,
2024-01-17 19:00:00,,,,,,,,,,,,,,,,,
2024-01-17 20:00:00,,,,,,,,,,,,,,,,,
2024-01-17 21:00:00,,,,,,,,,,,,,,,,,
2024-01-17 22:00:00,,,,,,,,,,,,,,,,,
2024-01-17 23:00:00,,,,,,,,,,,,,,,,,
2024-01-18 00:00:00,,,,,,,,,,,,,,,,,
2024-01-18 01:00:00,,,,,,,,,,,,,,,,,
2024-01-18 02:00:00,,,,,,,,,,,,,,,,,
2024-01-18 03:00:00,,,,,,,,,,,,,,,,,
2024-01-18 04:00:00,,,,,,,,,,,,,,,,,
2024-01-18 05:00:00,,,,,,,,,,,,,,,,,
2024-01-18 06:00:00,,,,,,,,,,,,,,,,,
2024-01-18 07:00:00,,,,,,,,,,,,,,,,,
2024-01-18 08:00:00,,,,,,,,,,,,,,,,,
2024-01-18 09:00:00,,,,,,,,,,,,,,,,,
2024-01-18 10:00:00,,,,,,,,,,,,,,,,,
2024-01-18 11:00:00,,,,,,,,,,,,,,,,,
2024-01-18 12:00:00,,,,,,,,,,,,,,,,,
2024-01-18 13:00:00,,,,,,,,,,,,,,,,,
2024-01-18 14:00:00,,,,,,,,,,,,,,,,,
2024-01-18 15:00:00,,,,,,,,,,,,,,,,,
2024-01-18 16:00:00,,,,,,,,,,,,,,,,,
2024-01-18 17:00:00,,,,,,,,,,,,,,,,,
2024-01-18 18:00:00,,,,,,,,,,,,,,,,,
2024-01-18 19:00:00,,,,,,,,,,,,,,,,,
2024-01-18 20:00:00,,,,,,,,,,,,,,,,,
2024-01-18 21:00:00,,,,,,,,,,,,,,,,,
2024-01-18 22:00:00,,,,,,,,,,,,,,,,,
2024-01-18 23:00:00,,,,,,,,,,,,,,,,,
2024-01-19 00:00:00,,,,,,,,,,,,,,,,,
2024-01-19 01:00:00,,,,,,,,,,,,,,,,,
2024-01-19 02:00:00,,,,,,,,,,,,,,,,,
2024-01-19 03:00:00,,,,,,,,,,,,,,,,,
2024-01-19 04:00:00,,,,,,,,,,,,,,,,,
2024-01-19 05:00:00,,,,,,,,,,,,,,,,,
2024-01-19 06:00:00,,,,,,,,,,,,,,,,,
2024-01-19 07:00:00,,,,,,,,,,,,,,,,,
2024-01-19 08:00:00,,,,,,,,,,,,,,,,,
2024-01-19 09:00:00,,,,,,,,,,,,,,,,,
2024-01-19 10:00:00,,,,,,,,,,,,,,,,,
2024-01-19 11:00:00,,,,,,,,,,,,,,,,,
2024-01-19 12:00:00,,,,,,,,,,,,,,,,,
2024-01-19 13:00:00,,,,,,,,,,,,,,,,,
2024-01-19 14:00:00,,,,,,,,,,,,,,,,,
2024-01-19 15:00:00,,,,,,,,,,,,,,,,,
2024-01-19 16:00:00,,,,,,,,,,,,,,,,,
2024-01-19 17:00:00,,,,,,,,,,,,,,,,,
2024-01-19 18:00:00,,,,,,,,,,,,,,,,,
2024-01-19 19:00:00,,,,,,,,,,,,,,,,,
2024-01-19 20:00:00,,,,,,,,,,,,,,,,,
2024-01-19 21:00:00,,,,,,,,,,,,,,,,,
2024-01-19 22:00:00,,,,,,,,,,,,,,,,,
2024-01-19 23:00:00,,,,,,,,,,,,,,,,,
2024-01-20 00:00:00,,,,,,,,,,,,,,,,,
2024-01-20 01:00:00,,,,,,,,,,,,,,,,,
2024-01-20 02:00:00,,,,,,,,,,,,,,,,,
2024-01-20 03:00:00,,,,,,,,,,,,,,,,,
2024-01-20 04:00:00,,,,,,,,,,,,,,,,,
2024-01-20 05:00:00,,,,,,,,,,,,,,,,,
2024-01-20 06:00:00,,,,,,,,,,,,,,,,,
2024-01-20 07:00:00,2024-01-20 07:00:00,-33.85,26.38,,,,36.44,82.2,40.68,,,195.3131,185.4504,325.43,,,36.464410552770126
2024-01-20 08:00:00,2024-01-20 08:00:00,-33.71,26.52,,,,37.29,82.2,42.07,,,197.6927,186.3583,324.73,,,36.61129569419872
2024-01-20 09:00:00,2024-01-20 09:00:00,-34.01,25.5,,,,37.64,82.2,42.77,,,197.5733,185.2751,324.48,,,35.29928192637147
2024-01-20 10:00:00,2024-01-20 10:00:00,-33.62,24.6,,,,38.87,82.2,46.72,,,197.5944,185.7881,324.11,,,33.93290768251457
2024-01-20 11:00:00,2024-01-20 11:00:00,-33.01,21.96,,,,40.52,82.2,46.08,,,198.1833,186.0839,323.78,,,30.123368513888263
2024-01-20 12:00:00,,,,,,,,,,,,,,,,,
2024-01-20 13:00:00,,,,,,,,,,,,,,,,,
2024-01-20 14:00:00,,,,,,,,,,,,,,,,,
2024-01-20 15:00:00,,,,,,,,,,,,,,,,,
2024-01-20 16:00:00,,,,,,,,,,,,,,,,,
2024-01-20 17:00:00,,,,,,,,,,,,,,,,,
2024-01-20 18:00:00,,,,,,,,,,,,,,,,,
2024-01-20 19:00:00,,,,,,,,,,,,,,,,,
2024-01-20 20:00:00,,,,,,,,,,,,,,,,,
2024-01-20 21:00:00,,,,,,,,,,,,,,,,,
2024-01-20 22:00:00,,,,,,,,,,,,,,,,,
2024-01-20 23:00:00,,,,,,,,,,,,,,,,,
2024-01-21 00:00:00,,,,,,,,,,,,,,,,,
2024-01-21 01:00:00,,,,,,,,,,,,,,,,,
2024-01-21 02:00:00,,,,,,,,,,,,,,,,,
2024-01-21 03:00:00,,,,,,,,,,,,,,,,,
2024-01-21 04:00:00,2024-01-21 04:00:00,-31.94,13.44,,,,41.15,82.2,50.21,,,189.8659,183.7621,322.38,,,18.25644674752923
2024-01-21 05:00:00,2024-01-21 05:00:00,-31.43,13.84,,,,41.56,82.2,49.16,,,196.0042,189.0416,322.4817,29.37,55.98,18.71187843995862
2024-01-21 06:00:00,2024-01-21 06:00:00,-30.65,14.62,,,,40.74,82.2,53.87,,,200.0342,192.2363,322.5633,29.71,54.53,19.624820532261317
2024-01-21 07:00:00,2024-01-21 07:00:00,-30.06,16.2,,,,39.22,82.2,48.35,,,204.3259,194.7096,322.855,27.51,54.06,21.627366671557464
2024-01-21 08:00:00,2024-01-21 08:00:00,-29.15,16.21,,,,37.93,82.2,50.15,,,208.6502,194.4325,322.97,26.93,51.4,21.458759982350823
2024-01-21 09:00:00,2024-01-21 09:00:00,-27.72,17.5,,,,36.82,82.2,47.13,,,213.3146,188.3999,323.3766,27.4,51.7,22.859625534686142
2024-01-21 10:00:00,2024-01-21 10:00:00,-27.45,18.92,,,,35.9,82.2,43.17,,,216.7311,203.6282,323.9033,27.38,52.09,24.652172843606948
2024-01-21 11:00:00,2024-01-21 11:00:00,-27.73,18.15,,,,34.31,82.2,46.31,,,215.7396,202.4658,324.13,26.52,50.77,23.710914259546033
2024-01-21 12:00:00,2024-01-21 12:00:00,-28.15,17.27,,,,33.42,82.2,43.58,,,210.8663,199.28,324.526,24.42,52.81,22.64999433478972
2024-01-21 13:00:00,,,,,,,,,,,,,,,,,
2024-01-21 14:00:00,,,,,,,,,,,,,,,,,
2024-01-21 15:00:00,,,,,,,,,,,,,,,,,
2024-01-21 16:00:00,,,,,,,,,,,,,,,,,
2024-01-21 17:00:00,,,,,,,,,,,,,,,,,
2024-01-21 18:00:00,,,,,,,,,,,,,,,,,
2024-01-21 19:00:00,,,,,,,,,,,,,,,,,
2024-01-21 20:00:00,,,,,,,,,,,,,,,,,
2024-01-21 21:00:00,,,,,,,,,,,,,,,,,
2024-01-21 22:00:00,,,,,,,,,,,,,,,,,
2024-01-21 23:00:00,,,,,,,,,,,,,,,,,
2024-01-22 00:00:00,,,,,,,,,,,,,,,,,
2024-01-22 01:00:00,,,,,,,,,,,,,,,,,
2024-01-22 02:00:00,,,,,,,,,,,,,,,,,
2024-01-22 03:00:00,,,,,,,,,,,,,,,,,
2024-01-22 04:00:00,2024-01-22 04:00:00,-29.45,36.63,,,,30.46,82.2,42.48,,,198.2754,191.3662,329.614,,,48.62605291152465
2024-01-22 05:00:00,2024-01-22 05:00:00,-28.98,38.67,,,,30.23,82.2,38.93,,,205.9576,198.1798,329.815,20.46,44.94,51.11038535655529
2024-01-22 06:00:00,2024-01-22 06:00:00,-28.33,37.53,,,,30.18,82.2,37.36,,,210.7344,201.3254,329.9517,20.75,49.74,49.304185253956405
2024-01-22 07:00:00,2024-01-22 07:00:00,-28.61,36.63,,,,29.73,82.2,37.71,,,213.3448,197.2917,329.4083,20.36,42.86,48.24761105301796
