,TIMESTAMP,T_HMP,T_109,RH,WS_MAX,WS,WD,WS_2_MAX,WS_2,WD_2,PRESS,RHi
2019-05-23 01:00:00,5/23/2019 1:00,-23.87,-18.41,77.86,5.531,1.652,37.61,5.331,0.789,8.08,354.94,98.08517335813474
2019-05-23 02:00:00,5/23/2019 2:00,-23.78,-17.95,77.79,5.464,2.012,47.27,5.398,1.743,22.46,355.3,97.91344927696561
2019-05-23 03:00:00,5/23/2019 3:00,-23.79,-18.54,78.58,6.731,2.081,37.2,6.731,1.879,12.76,355.48,98.9171880506104
2019-05-23 04:00:00,5/23/2019 4:00,-22.99,-13.93,79.59,6.331,2.089,32.54,6.397,1.823,9.84,355.6,99.43096874060619
2019-05-23 05:00:00,5/23/2019 5:00,-22.1,-12.02,78.6,8.43,2.075,30.18,8.46,1.891,4.621,355.4,97.36647016558068
2019-05-23 06:00:00,5/23/2019 6:00,-21.71,-8.43,75.97,8.86,1.897,35.48,8.9,1.67,10.49,355.38,93.75949117719436
2019-05-23 07:00:00,5/23/2019 7:00,-22.68,-11.29,78.43,8.36,2.564,51.14,8.23,2.235,25.04,355.13,97.6935541121984
2019-05-23 08:00:00,5/23/2019 8:00,-21.85,-10.04,77.81,7.963,2.24,51.39,8.26,1.922,27.66,354.83,96.1585758582937
2019-05-23 09:00:00,5/23/2019 9:00,-21.33,-8.67,76.89,10.73,2.359,42.58,10.73,1.997,15.52,354.37,94.55162662202227
2019-05-23 10:00:00,5/23/2019 10:00,-21.86,-12.43,77.92,11.23,2.895,46.36,11.06,2.543,20.09,354.31,96.30369162189741
2019-05-23 11:00:00,5/23/2019 11:00,-22.83,-17.55,78.32,10.83,2.483,72.25,10.16,2.028,40.72,354.49,97.69573678169596
2019-05-23 12:00:00,5/23/2019 12:00,-23.24,-19.54,77.21,11.2,2.239,56.24,10.66,1.88,26.51,354.61,96.68692003586145
2019-05-23 13:00:00,5/23/2019 13:00,-24.64,-22.79,77.21,7.797,2.117,23.01,7.83,1.868,1.062,354.7,97.97768836037528
2019-05-23 14:00:00,5/23/2019 14:00,-25.74,-26.09,76.65,8.93,4.112,11.42,8.96,3.785,345.5,354.77,98.28182573748208
2019-05-23 15:00:00,5/23/2019 15:00,-26.03,-26.48,77.0,8.1,4.265,353.1,8.03,3.784,328.0,355.2,99.00048694480512
2019-05-23 16:00:00,5/23/2019 16:00,-26.06,-26.5,77.02,5.798,1.868,312.2,5.998,0.901,294.7,355.41,99.05415443097847
2019-05-23 17:00:00,5/23/2019 17:00,-26.38,-26.98,77.22,8.33,2.898,344.5,7.997,2.134,320.5,355.64,99.61062035105371
2019-05-23 18:00:00,5/23/2019 18:00,-26.3,-26.7,76.34,8.33,3.558,353.2,8.03,2.914,327.4,355.42,98.40144467828785
2019-05-23 19:00:00,5/23/2019 19:00,-26.44,-26.79,76.69,7.897,3.663,0.243,7.73,2.965,334.8,355.17,98.98272842069481
2019-05-23 20:00:00,5/23/2019 20:00,-26.23,-26.28,77.0,6.864,2.661,342.8,6.597,1.892,322.9,355.07,99.18688603688909
2019-05-23 21:00:00,5/23/2019 21:00,-26.38,-26.49,76.65,6.797,2.769,352.3,6.831,1.953,324.2,354.71,98.87534382165589
2019-05-23 22:00:00,5/23/2019 22:00,-26.16,-26.06,76.51,6.897,3.33,348.1,6.831,2.614,323.0,354.89,98.49084736428304
2019-05-23 23:00:00,5/23/2019 23:00,-25.98,-25.86,76.38,7.963,3.558,359.6,7.73,2.876,333.6,355.13,98.15714980105871
2019-05-24 00:00:00,5/24/2019 0:00,-26.18,-24.38,76.38,9.0,3.93,5.697,8.2,2.922,343.3,355.42,98.34199336563431
2019-05-24 01:00:00,5/24/2019 1:00,-24.75,-19.89,76.33,7.464,2.724,33.11,6.164,1.157,10.48,355.87,96.96173326329102
2019-05-24 02:00:00,5/24/2019 2:00,-23.64,-17.81,76.36,7.83,2.663,39.43,6.864,0.76,16.44,356.3,95.98605505284335
2019-05-24 03:00:00,5/24/2019 3:00,-22.32,-14.42,78.5,6.597,1.448,56.81,4.731,0.067,26.22,356.56,97.44647225988312
2019-05-24 04:00:00,5/24/2019 4:00,-21.51,-12.36,76.99,5.198,1.66,50.87,4.032,0.327,23.8,356.67,94.83730878688601
2019-05-24 05:00:00,5/24/2019 5:00,-21.55,-11.97,77.91,5.964,2.126,54.32,5.598,1.014,24.49,356.74,96.00719544026983
2019-05-24 06:00:00,5/24/2019 6:00,-21.05,-9.24,77.85,7.83,2.646,39.5,7.297,1.104,7.41,356.68,95.47661514021024
2019-05-24 07:00:00,5/24/2019 7:00,-20.96,-9.15,77.02,9.73,2.983,49.47,8.53,1.978,21.63,356.52,94.37753734959625
2019-05-24 08:00:00,5/24/2019 8:00,-21.39,-10.78,77.84,10.13,3.47,45.8,10.03,1.672,17.58,356.18,95.77465478271752
2019-05-24 09:00:00,5/24/2019 9:00,-21.77,-12.43,79.65,9.2,3.016,57.07,9.0,2.177,21.98,355.98,98.35745330528913
2019-05-24 10:00:00,5/24/2019 10:00,-20.6,-10.96,79.02,12.83,2.975,37.48,13.43,2.636,13.34,355.67,96.4957623001043
2019-05-24 11:00:00,5/24/2019 11:00,-21.48,-15.97,78.94,9.83,3.102,44.46,9.56,2.865,19.27,355.44,97.21152469740117
2019-05-24 12:00:00,5/24/2019 12:00,-21.87,-17.39,78.74,8.8,2.873,41.81,8.66,2.626,15.83,355.49,97.32642808398022
2019-05-24 13:00:00,5/24/2019 13:00,-22.61,-21.65,78.51,9.56,3.077,178.2,9.43,2.619,147.7,355.63,97.72813356240624
2019-05-24 14:00:00,5/24/2019 14:00,-24.05,-24.47,78.82,9.0,2.268,244.0,9.36,1.539,202.1,355.96,99.46398695699618
2019-05-24 15:00:00,5/24/2019 15:00,-23.95,-23.98,78.52,8.5,2.619,226.8,8.4,1.373,182.5,,98.9916134503773
2019-05-24 16:00:00,5/24/2019 16:00,-23.43,-23.02,78.98,9.1,2.609,208.9,9.3,2.145,185.3,356.46,99.08190969230087
2019-05-24 17:00:00,5/24/2019 17:00,-23.01,-22.62,79.11,7.097,2.99,300.4,7.364,2.388,269.1,356.32,98.85008757042088
2019-05-24 18:00:00,5/24/2019 18:00,-23.24,-23.44,79.08,4.232,1.114,353.3,3.832,0.417,320.4,356.1,99.02864442994333
2019-05-24 19:00:00,5/24/2019 19:00,-23.24,-23.49,79.04,8.53,1.79,342.8,8.46,0.87,315.1,355.83,98.97855406857259
2019-05-24 20:00:00,5/24/2019 20:00,-23.77,-23.99,78.62,8.73,3.794,5.764,8.13,2.897,339.3,355.33,98.94878318364897
2019-05-24 21:00:00,5/24/2019 21:00,-24.33,-24.72,77.92,8.26,4.274,9.97,8.13,3.73,345.5,354.79,98.58921380708388
2019-05-24 22:00:00,5/24/2019 22:00,-24.88,-25.2,78.37,9.06,5.068,4.699,8.96,4.615,339.4,354.97,99.67547329979841
2019-05-24 23:00:00,5/24/2019 23:00,-24.92,-25.25,77.37,9.43,3.83,24.25,9.56,3.074,359.6,354.72,98.44079670578736
2019-05-25 00:00:00,5/25/2019 0:00,-25.42,-24.06,77.57,10.53,5.622,10.14,10.5,5.218,345.0,354.67,99.16200358151397
2019-05-25 01:00:00,5/25/2019 1:00,-24.59,-21.2,77.22,9.1,3.599,35.13,8.93,3.355,6.428,354.89,97.94407449616874
2019-05-25 02:00:00,5/25/2019 2:00,-23.76,-18.95,76.96,10.03,3.667,42.09,9.76,3.169,16.15,355.09,96.85037708200522
2019-05-25 03:00:00,5/25/2019 3:00,-23.06,-17.68,77.47,9.33,3.711,52.42,9.1,3.283,26.0,355.1,96.84684537427162
2019-05-25 04:00:00,5/25/2019 4:00,-22.61,-15.73,77.56,11.1,3.942,53.66,10.96,3.52,28.35,354.99,96.54558704751278
2019-05-25 05:00:00,5/25/2019 5:00,-22.07,-14.23,77.72,13.16,4.407,42.15,12.99,4.073,16.98,355.01,96.24886025746511
2019-05-25 06:00:00,5/25/2019 6:00,-21.89,-12.8,77.46,12.63,4.829,42.95,12.76,4.628,17.64,354.47,95.76253406103423
2019-05-25 07:00:00,5/25/2019 7:00,-21.71,-12.39,78.62,12.63,4.986,46.18,12.66,4.794,21.26,354.55,97.03002759445862
2019-05-25 08:00:00,5/25/2019 8:00,-21.99,-12.88,78.23,12.0,4.962,47.26,11.9,4.757,23.1,354.31,96.80665523913159
2019-05-25 09:00:00,5/25/2019 9:00,-22.07,-12.98,77.42,12.83,4.345,45.85,12.69,4.14,21.76,353.95,95.87733866614705
2019-05-25 10:00:00,5/25/2019 10:00,-22.35,-15.32,77.99,8.76,4.517,49.18,8.73,4.329,22.71,353.83,96.84102493970299
2019-05-25 11:00:00,5/25/2019 11:00,-23.26,-18.73,77.34,11.36,4.892,43.43,11.23,4.699,16.97,353.45,96.8681018402743
2019-05-25 12:00:00,5/25/2019 12:00,-25.04,-23.91,77.4,12.96,6.751,15.29,12.93,6.637,349.4,353.42,98.59060817079909
2019-05-25 13:00:00,5/25/2019 13:00,-24.96,-24.46,77.67,11.43,6.361,15.19,11.4,6.181,348.8,353.68,98.85983247402315
2019-05-25 14:00:00,5/25/2019 14:00,-24.39,-24.1,79.14,11.1,4.948,16.04,10.93,4.619,350.1,353.86,100.0
2019-05-25 15:00:00,5/25/2019 15:00,-23.33,-23.36,79.47,9.6,5.207,9.87,9.5,4.905,343.5,354.23,99.6020705193215
2019-05-25 16:00:00,5/25/2019 16:00,-22.7,-23.08,79.18,9.36,4.049,2.9,9.36,3.679,335.7,354.47,98.64652074242879
2019-05-25 17:00:00,5/25/2019 17:00,-22.51,-22.88,79.6,9.3,3.668,336.2,9.36,3.265,310.2,354.37,98.99075664534897
2019-05-25 18:00:00,5/25/2019 18:00,-22.62,-22.91,79.66,13.46,4.667,268.0,13.89,4.345,243.0,353.79,99.16906717284635
2019-05-25 19:00:00,5/25/2019 19:00,-22.75,-22.73,68.09,22.12,14.14,257.6,22.29,14.17,233.1,353.29,84.87035906053879
2019-05-25 20:00:00,5/25/2019 20:00,-24.83,-24.6,46.78,20.13,8.07,266.6,20.59,7.582,240.6,352.51,59.46940157514051
2019-05-25 21:00:00,5/25/2019 21:00,-25.12,-25.17,44.08,25.12,6.269,340.4,25.56,5.369,315.7,352.52,56.19065634589518
2019-05-25 22:00:00,5/25/2019 22:00,-25.9,-26.28,53.9,9.36,4.49,356.9,9.46,3.604,330.1,352.36,69.21561215490995
2019-05-25 23:00:00,5/25/2019 23:00,-26.48,-26.84,43.69,12.69,5.298,352.6,13.26,4.586,327.5,352.2,56.411275861267015
2019-05-26 00:00:00,5/26/2019 0:00,-26.9,-26.0,50.33,12.1,6.249,18.77,11.83,5.73,354.3,352.23,65.24134891164294
2019-05-26 01:00:00,5/26/2019 1:00,-26.89,-24.27,59.52,10.7,5.068,40.9,10.16,4.068,15.84,352.21,77.14684848929323
2019-05-26 02:00:00,5/26/2019 2:00,-26.53,-23.06,67.53,11.2,5.007,42.88,10.53,3.875,17.01,352.88,87.233759129432
2019-05-26 03:00:00,5/26/2019 3:00,-26.16,-21.64,74.09,10.43,4.248,49.93,10.33,3.376,22.16,352.92,95.37559640857053
2019-05-26 04:00:00,5/26/2019 4:00,-25.39,-19.51,75.68,10.5,3.916,41.11,9.86,3.114,15.05,353.49,96.71855111715634
2019-05-26 05:00:00,5/26/2019 5:00,-24.45,-17.22,76.86,8.73,3.547,45.94,8.5,2.922,18.37,353.68,97.3584900619443
2019-05-26 06:00:00,5/26/2019 6:00,-23.53,-15.17,76.51,13.26,3.232,50.98,13.63,2.489,24.57,353.85,96.07433905052406
2019-05-26 07:00:00,5/26/2019 7:00,-23.17,-14.05,76.33,9.83,3.719,44.41,9.5,3.227,16.64,354.04,95.52143293546446
2019-05-26 08:00:00,5/26/2019 8:00,-23.19,-14.53,76.22,10.4,3.42,72.33,9.9,2.467,44.27,354.1,95.4018894328421
2019-05-26 09:00:00,5/26/2019 9:00,-22.91,-15.62,77.26,9.9,3.557,211.2,9.53,2.175,186.7,354.0,96.44679298252633
2019-05-26 10:00:00,5/26/2019 10:00,-23.05,-17.88,77.8,10.23,4.069,188.6,9.8,2.623,159.7,354.06,97.25014833973856
2019-05-26 11:00:00,5/26/2019 11:00,-22.64,-19.56,78.77,10.46,4.021,190.6,10.3,2.677,165.6,354.33,98.07975348826852
2019-05-26 12:00:00,5/26/2019 12:00,-21.86,-19.83,79.27,7.597,3.163,200.7,7.064,1.631,173.8,354.6,97.9721975727388
2019-05-26 13:00:00,5/26/2019 13:00,-22.35,-21.53,79.34,7.464,2.647,197.9,7.031,1.451,180.3,354.81,98.51733451360477
2019-05-26 14:00:00,5/26/2019 14:00,-23.46,-23.52,77.34,6.098,2.241,231.2,5.798,1.04,196.4,354.92,97.05211606614837
2019-05-26 15:00:00,5/26/2019 15:00,-25.19,-25.58,77.65,6.331,2.852,349.0,6.098,1.525,327.8,355.16,99.04917235572914
2019-05-26 16:00:00,5/26/2019 16:00,-25.57,-25.86,77.69,6.198,3.125,1.046,5.731,1.693,336.2,355.49,99.45592324727356
2019-05-26 17:00:00,5/26/2019 17:00,-26.02,-26.54,76.15,4.398,2.229,344.9,3.199,0.695,317.0,355.34,97.89841307817483
2019-05-26 18:00:00,5/26/2019 18:00,-26.83,-27.15,71.59,3.798,2.065,353.7,2.632,0.415,329.8,355.0,92.73916711841137
2019-05-26 19:00:00,5/26/2019 19:00,-27.1,-27.21,68.33,4.698,1.955,9.51,3.599,0.552,338.5,354.64,88.74048470765257
2019-05-26 20:00:00,5/26/2019 20:00,-27.52,-27.86,60.83,6.531,2.152,357.1,6.264,1.185,328.6,354.44,79.31154356078676
2019-05-26 21:00:00,5/26/2019 21:00,-27.43,-27.4,57.11,6.198,3.433,356.6,5.798,2.46,332.1,354.15,74.39862832359151
2019-05-26 22:00:00,5/26/2019 22:00,-27.79,-27.96,49.26,4.731,2.066,345.7,4.132,0.975,329.5,354.1,64.38870495668218
2019-05-26 23:00:00,5/26/2019 23:00,-28.09,-28.42,57.23,4.631,1.011,358.2,4.132,0.37,319.1,354.21,75.01640304491326
2019-05-27 00:00:00,5/27/2019 0:00,-27.21,-25.56,31.6,4.065,1.038,45.54,3.765,0.298,346.7,354.4,41.08138786475618
2019-05-27 01:00:00,5/27/2019 1:00,-25.29,-20.67,30.51,6.931,1.714,41.31,7.064,1.03,9.34,354.78,38.95482883166709
2019-05-27 02:00:00,5/27/2019 2:00,-24.02,-17.99,42.85,4.698,1.525,49.16,4.598,0.741,21.65,355.02,54.05761442131809
2019-05-27 03:00:00,5/27/2019 3:00,-23.11,-15.3,73.94,4.665,1.28,51.17,4.398,0.519,24.21,355.09,92.47782107898544
2019-05-27 04:00:00,5/27/2019 4:00,-22.85,-14.35,59.28,5.531,1.321,65.02,5.664,0.547,37.2,355.19,73.95945021469083
2019-05-27 05:00:00,5/27/2019 5:00,-22.99,-13.55,58.03,7.697,1.657,104.7,7.53,0.915,68.86,355.2,72.49628239750443
2019-05-27 06:00:00,5/27/2019 6:00,-22.14,-10.04,56.3,6.231,1.427,69.61,6.597,0.602,16.39,355.23,69.76871013867802
2019-05-27 07:00:00,5/27/2019 7:00,-22.59,-11.41,74.29,8.76,2.31,229.7,8.33,1.666,204.4,355.11,92.45755074180829
2019-05-27 08:00:00,5/27/2019 8:00,-22.64,-14.76,78.38,10.76,3.712,208.8,10.73,3.009,182.8,355.01,97.59414851352656
2019-05-27 09:00:00,5/27/2019 9:00,-22.02,-13.69,77.52,8.43,2.749,173.6,7.73,2.268,144.7,354.8,95.95547324900495
2019-05-27 10:00:00,5/27/2019 10:00,-21.9,-14.3,77.06,7.764,2.975,122.8,7.497,2.396,100.3,354.71,95.27709818780075
2019-05-27 11:00:00,5/27/2019 11:00,-22.3,-15.5,77.12,8.1,2.349,275.4,8.8,1.367,232.9,354.71,95.71517959000285
2019-05-27 12:00:00,5/27/2019 12:00,-24.04,-21.82,77.72,6.064,3.107,359.9,5.564,2.12,333.7,354.89,98.06659552628086
2019-05-27 13:00:00,5/27/2019 13:00,-24.96,-24.45,77.05,10.93,2.179,346.5,11.16,1.555,316.0,355.14,98.07068484773379
2019-05-27 14:00:00,5/27/2019 14:00,-25.62,-25.78,54.68,6.164,3.048,4.523,5.898,2.377,337.3,355.19,70.03234124428532
2019-05-27 15:00:00,5/27/2019 15:00,-24.44,-25.12,19.07,6.531,3.634,2.612,6.164,3.213,336.8,355.46,24.15366659765972
2019-05-27 16:00:00,5/27/2019 16:00,-23.85,-24.54,59.51,5.998,2.707,359.8,5.498,1.618,334.1,355.45,74.95431086528058
2019-05-27 17:00:00,5/27/2019 17:00,-22.68,-23.01,79.58,12.96,6.94,257.0,13.19,6.545,228.3,355.27,99.12601091736259
2019-05-27 18:00:00,5/27/2019 18:00,-22.85,-22.95,79.5,12.2,8.97,250.5,12.4,8.95,225.3,355.17,99.18650965026856
2019-05-27 19:00:00,5/27/2019 19:00,-23.2,-23.41,61.99,11.53,6.695,260.7,11.56,6.372,235.8,354.84,77.59806624088708
2019-05-27 20:00:00,5/27/2019 20:00,-23.49,-23.87,44.06,11.1,5.703,258.4,11.0,5.216,233.0,354.42,55.30557667755118
2019-05-27 21:00:00,5/27/2019 21:00,-23.81,-24.17,38.18,15.23,6.82,264.0,15.33,6.367,236.9,354.23,48.07042655152665
2019-05-27 22:00:00,5/27/2019 22:00,-24.68,-25.33,29.72,9.4,3.01,35.3,9.23,2.103,9.12,354.1,37.72824739220705
2019-05-27 23:00:00,5/27/2019 23:00,-25.12,-25.85,23.78,8.1,3.236,18.91,7.697,2.338,353.2,354.06,30.313380397127663
2019-05-28 00:00:00,5/28/2019 0:00,-25.75,-25.02,25.8,9.93,2.964,19.97,10.0,2.079,358.6,353.99,33.08427812005454
2019-05-28 01:00:00,5/28/2019 1:00,-25.78,-23.19,40.94,10.1,4.005,29.44,10.83,3.358,3.406,354.23,52.51368430868025
2019-05-28 02:00:00,5/28/2019 2:00,-25.49,-21.3,42.29,7.464,3.145,59.48,6.697,1.97,33.26,354.56,54.097322772646045
2019-05-28 03:00:00,5/28/2019 3:00,-25.25,-19.86,51.98,9.36,3.017,58.91,9.16,2.179,30.73,354.58,66.34244964087277
2019-05-28 04:00:00,5/28/2019 4:00,-25.14,-18.3,72.89,8.33,2.88,54.07,8.13,2.145,25.09,354.49,92.93353122181686
2019-05-28 05:00:00,5/28/2019 5:00,-24.46,-16.61,76.68,6.864,2.799,53.53,7.264,2.186,24.18,354.63,97.13967094370997
2019-05-28 06:00:00,5/28/2019 6:00,-23.63,-14.66,77.06,7.464,2.867,68.44,7.33,2.202,41.65,354.73,96.85678524594357
2019-05-28 07:00:00,5/28/2019 7:00,-22.42,-11.35,76.16,8.86,3.085,41.53,8.83,2.119,9.16,354.73,94.63170560896428
2019-05-28 08:00:00,5/28/2019 8:00,-22.05,-10.14,77.8,9.1,2.946,45.48,2.199,0.022,17.47,354.71,96.32958238356888
2019-05-28 09:00:00,5/28/2019 9:00,-21.56,-10.53,75.77,11.8,3.126,16.72,12.13,1.569,240.9,354.8,93.37901376940506
2019-05-28 10:00:00,5/28/2019 10:00,-21.68,-14.66,77.22,10.06,3.557,206.0,10.3,3.141,182.6,354.69,95.27494530962555
2019-05-28 11:00:00,5/28/2019 11:00,-22.65,-17.94,77.98,12.76,4.048,232.9,13.26,3.713,207.7,354.53,97.1053250510043
2019-05-28 12:00:00,5/28/2019 12:00,-24.08,-22.8,77.83,7.397,3.469,354.7,7.13,2.925,328.0,354.56,98.24259725120315
2019-05-28 13:00:00,5/28/2019 13:00,-25.25,-25.0,74.58,8.93,5.393,5.927,8.63,4.971,339.8,354.56,95.18699296299137
2019-05-28 14:00:00,5/28/2019 14:00,-25.31,-25.43,64.78,10.0,5.73,0.252,10.06,5.306,333.6,354.76,82.7259875880424
2019-05-28 15:00:00,5/28/2019 15:00,-25.45,-25.6,69.73,8.93,4.359,6.868,8.83,3.804,339.7,354.76,89.16491454953803
2019-05-28 16:00:00,5/28/2019 16:00,-25.34,-25.48,72.45,11.93,4.845,3.74,11.76,4.382,337.1,354.94,92.54698663608725
2019-05-28 17:00:00,5/28/2019 17:00,-24.9,-24.98,68.67,7.797,4.024,356.7,7.597,3.477,330.3,354.88,87.35495442299171
2019-05-28 18:00:00,5/28/2019 18:00,-25.44,-25.79,67.77,7.597,2.44,356.8,7.764,1.649,325.2,354.54,86.6504606643344
2019-05-28 19:00:00,5/28/2019 19:00,-25.51,-26.0,73.51,6.431,3.139,354.0,5.998,2.345,326.7,354.04,94.05164148966232
2019-05-28 20:00:00,5/28/2019 20:00,-25.14,-25.61,71.45,13.53,3.722,334.1,14.16,3.064,307.9,353.89,91.09755529975051
2019-05-28 21:00:00,5/28/2019 21:00,-25.33,-25.43,59.06,14.99,4.528,301.8,15.19,3.949,277.1,353.42,75.43560505435515
2019-05-28 22:00:00,5/28/2019 22:00,-25.17,-25.3,42.62,18.69,4.679,304.8,19.46,4.031,272.9,353.22,54.35517266581248
2019-05-28 23:00:00,5/28/2019 23:00,-25.38,-25.76,24.65,17.13,4.996,330.1,16.86,4.333,300.7,353.37,31.49957047052165
2019-05-29 00:00:00,5/29/2019 0:00,-24.73,-24.04,14.84,15.43,5.396,303.6,15.49,4.484,276.2,353.64,18.847638130855973
2019-05-29 01:00:00,5/29/2019 1:00,-24.45,-22.42,32.07,17.16,4.9,327.7,17.13,3.86,289.5,353.72,40.62303898369183
2019-05-29 02:00:00,5/29/2019 2:00,-24.15,-19.65,33.62,6.264,2.914,35.96,5.864,1.805,9.75,353.99,42.46570490096566
2019-05-29 03:00:00,5/29/2019 3:00,-24.21,-18.59,58.67,7.33,2.933,44.1,6.797,1.441,15.86,354.07,74.14867125214481
2019-05-29 04:00:00,5/29/2019 4:00,-24.2,-17.99,77.15,6.897,2.649,61.65,6.564,1.321,33.25,354.16,97.49494729455262
2019-05-29 05:00:00,5/29/2019 5:00,-23.82,-16.51,76.47,7.33,2.958,75.96,7.197,2.324,48.66,354.16,96.28847250447632
2019-05-29 06:00:00,5/29/2019 6:00,-23.15,-13.65,76.82,8.3,2.738,67.98,5.098,0.28,39.38,354.24,96.11637856994327
2019-05-29 07:00:00,5/29/2019 7:00,-22.73,-11.76,76.42,7.464,2.429,53.08,0.133,0.002,21.66,354.41,95.23512803734624
2019-05-29 08:00:00,5/29/2019 8:00,-21.86,-9.77,75.13,7.564,2.16,61.7,0.367,0.004,27.72,354.49,92.85544599015853
2019-05-29 09:00:00,5/29/2019 9:00,-21.98,-12.24,77.7,12.43,2.84,106.3,12.16,1.823,65.51,354.33,96.141641709199
2019-05-29 10:00:00,5/29/2019 10:00,-22.78,-13.78,74.73,9.06,2.225,13.93,9.2,1.408,329.4,354.21,93.1733116787502
2019-05-29 11:00:00,5/29/2019 11:00,-23.13,-16.78,77.02,12.33,3.068,296.5,12.96,2.393,266.1,354.27,96.34831770787366
2019-05-29 12:00:00,5/29/2019 12:00,-23.39,-21.08,78.04,10.1,2.464,336.3,10.83,1.407,311.1,354.31,97.86551371506553
2019-05-29 13:00:00,5/29/2019 13:00,-23.04,-22.3,79.27,11.2,2.649,351.9,11.43,2.07,320.9,354.4,99.0782403967424
2019-05-29 14:00:00,5/29/2019 14:00,-22.86,-22.93,81.1,17.19,3.643,17.96,17.56,2.892,348.7,354.58,100.0
2019-05-29 15:00:00,5/29/2019 15:00,-22.71,-22.79,79.63,10.9,3.076,27.12,11.3,2.279,3.189,354.83,99.21658599202317
2019-05-29 16:00:00,5/29/2019 16:00,-22.31,-22.29,80.3,13.93,3.921,265.5,14.16,3.488,238.7,354.84,99.67142721102726
2019-05-29 17:00:00,5/29/2019 17:00,-22.3,-22.25,80.3,16.43,10.25,247.4,16.79,10.36,222.2,354.87,99.6619414040097
2019-05-29 18:00:00,5/29/2019 18:00,-22.57,-22.64,79.69,12.83,7.267,248.1,12.96,7.197,222.4,354.5,99.15925321385178
2019-05-29 19:00:00,5/29/2019 19:00,-22.69,-22.66,78.76,15.39,8.99,242.6,15.66,9.06,217.4,354.15,98.11393471339919
2019-05-29 20:00:00,5/29/2019 20:00,-23.33,-23.43,77.76,12.66,4.774,264.9,13.03,4.143,232.8,353.87,97.45887760893973
2019-05-29 21:00:00,5/29/2019 21:00,-23.83,-24.11,77.89,13.26,3.997,279.9,13.59,3.677,254.0,353.81,98.08578335206138
2019-05-29 22:00:00,5/29/2019 22:00,-23.94,-24.2,79.04,15.36,4.118,275.9,15.26,3.76,246.6,353.53,99.63774830500182
2019-05-29 23:00:00,5/29/2019 23:00,-23.8,-23.89,77.36,13.66,10.14,257.9,13.79,10.22,232.5,353.39,97.390670626882
2019-05-30 00:00:00,5/30/2019 0:00,-24.85,-24.21,57.69,13.79,9.6,258.0,13.96,9.48,232.6,353.42,73.35267182274463
2019-05-30 01:00:00,5/30/2019 1:00,-25.26,-23.1,51.66,13.49,7.312,257.2,13.59,6.953,229.2,353.77,65.94025135414414
2019-05-30 02:00:00,5/30/2019 2:00,-24.03,-19.68,49.62,15.33,3.36,269.1,15.89,2.639,235.9,353.87,62.60426756413279
2019-05-30 03:00:00,5/30/2019 3:00,-23.99,-19.76,50.72,12.83,4.509,247.3,12.96,3.95,220.7,353.92,63.967871548598794
2019-05-30 04:00:00,5/30/2019 4:00,-22.52,-15.85,77.76,9.7,2.244,107.3,9.76,1.401,72.81,354.14,96.71172692092604
2019-05-30 05:00:00,5/30/2019 5:00,-21.57,-13.06,77.64,5.964,2.244,86.4,5.231,1.12,60.16,354.16,95.69272848198163
2019-05-30 06:00:00,5/30/2019 6:00,-22.24,-14.14,70.21,9.23,2.773,203.5,9.63,1.917,184.9,354.12,87.08928848091996
2019-05-30 07:00:00,5/30/2019 7:00,-21.04,-12.67,79.42,9.1,3.333,181.4,8.93,2.368,156.8,354.29,97.39279048575327
2019-05-30 08:00:00,5/30/2019 8:00,-20.34,-11.38,78.15,7.664,2.79,175.5,6.797,1.617,150.0,354.19,95.19638388539524
2019-05-30 09:00:00,5/30/2019 9:00,-21.16,-13.46,78.25,9.26,2.693,215.5,9.3,1.451,191.7,354.16,96.06802194530013
2019-05-30 10:00:00,5/30/2019 10:00,-20.73,-15.5,79.47,9.23,3.126,202.0,9.13,1.922,178.1,354.11,97.16593822896985
2019-05-30 11:00:00,5/30/2019 11:00,-20.88,-16.99,76.61,7.664,2.924,168.5,7.33,2.065,154.2,354.05,93.80343084616248
2019-05-30 12:00:00,5/30/2019 12:00,-23.01,-20.78,77.88,6.231,3.057,31.07,6.231,2.607,5.481,354.12,97.31316925779772
2019-05-30 13:00:00,5/30/2019 13:00,-23.43,-22.98,78.72,7.963,4.508,9.02,7.93,4.367,343.3,354.52,98.75573475535482
2019-05-30 14:00:00,5/30/2019 14:00,-22.75,-22.96,80.1,8.1,3.47,5.43,8.23,3.334,339.1,354.91,99.84014922527767
2019-05-30 15:00:00,5/30/2019 15:00,-22.5,-22.79,79.74,4.998,1.82,356.5,5.031,1.393,330.1,355.16,99.15542857712978
2019-05-30 16:00:00,5/30/2019 16:00,-23.21,-23.53,81.7,8.1,1.645,110.2,8.63,1.276,125.7,355.21,100.0
2019-05-30 17:00:00,5/30/2019 17:00,-23.34,-23.68,79.68,6.497,2.87,10.49,6.731,2.515,343.5,355.08,99.87474718456167
2019-05-30 18:00:00,5/30/2019 18:00,-21.69,-21.77,80.9,20.73,8.43,271.5,21.69,8.41,243.8,354.8,99.82488879674483
2019-05-30 19:00:00,5/30/2019 19:00,-20.84,-20.83,83.0,23.02,15.24,254.7,23.66,15.53,229.2,354.57,100.0
2019-05-30 20:00:00,5/30/2019 20:00,-20.52,-20.5,80.9,22.12,15.45,245.3,22.72,15.93,220.0,354.36,98.7160068773481
2019-05-30 21:00:00,5/30/2019 21:00,-20.37,-20.36,82.2,22.66,15.19,237.8,22.92,15.8,212.1,354.2,100.0
2019-05-30 22:00:00,5/30/2019 22:00,-20.26,-20.25,81.6,23.42,16.32,245.2,24.02,16.81,219.7,354.21,99.3228707696275
2019-05-30 23:00:00,5/30/2019 23:00,-20.89,-20.83,80.3,20.29,13.91,249.7,20.56,14.24,224.1,354.36,98.33096306204438
2019-05-31 00:00:00,5/31/2019 0:00,-23.46,-23.05,56.16,19.03,12.35,248.8,19.73,12.66,223.2,354.55,70.47384068108212
2019-05-31 01:00:00,5/31/2019 1:00,-23.63,-22.37,22.69,15.53,9.03,250.3,15.83,9.13,224.6,354.84,28.519081978075
2019-05-31 02:00:00,5/31/2019 2:00,-23.43,-20.7,78.9,10.13,2.869,335.3,10.5,2.531,307.7,355.14,98.98154817324055
2019-05-31 03:00:00,5/31/2019 3:00,-22.4,-17.24,77.88,8.36,2.383,59.82,7.597,2.046,32.21,355.13,96.7504582620527
2019-05-31 04:00:00,5/31/2019 4:00,-22.02,-13.1,77.87,6.431,1.882,71.03,6.364,1.258,45.59,355.24,96.38870874484024
2019-05-31 05:00:00,5/31/2019 5:00,-22.44,-13.7,74.9,13.39,3.885,119.7,13.89,3.693,108.9,355.33,93.08381834795108
2019-05-31 06:00:00,5/31/2019 6:00,-22.76,-16.31,72.53,11.93,6.274,231.9,12.36,6.24,205.7,355.32,90.41316355088698
2019-05-31 07:00:00,5/31/2019 7:00,-22.49,-14.95,78.35,11.73,4.03,216.4,11.9,3.668,194.1,355.24,97.41771819968278
2019-05-31 08:00:00,5/31/2019 8:00,-21.37,-8.81,76.97,5.564,1.437,172.8,5.764,0.6,157.7,355.24,94.68613382707696
2019-05-31 09:00:00,5/31/2019 9:00,-20.61,-12.6,78.63,7.43,2.97,178.9,6.764,1.76,153.0,355.2,96.0286905571267
2019-05-31 10:00:00,5/31/2019 10:00,-20.06,-11.23,78.56,5.598,1.535,176.7,4.931,0.252,164.3,355.19,95.43977239791757
2019-05-31 11:00:00,5/31/2019 11:00,-20.41,-13.18,77.67,6.764,2.206,189.7,6.264,1.137,186.2,354.98,94.67504965244484
2019-05-31 12:00:00,5/31/2019 12:00,-22.62,-20.16,79.51,4.731,2.498,6.009,4.432,1.892,341.7,355.09,98.98233154548097
2019-05-31 13:00:00,5/31/2019 13:00,-22.93,-21.61,79.16,3.399,0.646,32.6,3.265,0.176,10.21,355.41,98.8374198513724
2019-05-31 14:00:00,5/31/2019 14:00,-24.33,-24.43,78.15,11.6,3.087,340.0,11.5,2.788,321.5,355.67,98.88022406344463
2019-05-31 15:00:00,5/31/2019 15:00,-24.69,-25.39,78.62,5.365,1.544,346.6,5.298,1.234,309.0,355.93,99.81410335055806
2019-05-31 16:00:00,5/31/2019 16:00,-25.1,-25.82,78.08,4.865,1.783,2.92,4.765,1.547,339.5,356.19,99.5131212779411
2019-05-31 17:00:00,5/31/2019 17:00,-25.81,-26.55,76.11,6.198,2.288,13.11,6.064,1.884,348.7,355.81,97.65377887333412
2019-05-31 18:00:00,5/31/2019 18:00,-26.72,-27.19,76.25,7.73,5.156,17.28,7.73,5.092,351.6,355.49,98.6739244337787
2019-05-31 19:00:00,5/31/2019 19:00,-26.54,-27.3,77.57,6.897,1.293,6.034,7.297,0.912,335.1,,100.0
2019-05-31 20:00:00,5/31/2019 20:00,-26.44,-27.2,76.64,5.864,2.006,4.449,6.064,1.717,338.5,354.77,98.91819410825467
2019-05-31 21:00:00,5/31/2019 21:00,-26.11,-26.61,78.02,11.9,2.655,278.8,12.23,2.437,239.6,354.49,100.0
2019-05-31 22:00:00,5/31/2019 22:00,-25.68,-25.9,77.45,11.7,5.906,252.0,12.06,5.89,226.0,354.62,99.25149224969982
2019-05-31 23:00:00,5/31/2019 23:00,-25.89,-26.06,76.8,10.26,5.938,240.8,10.46,6.071,215.1,354.64,98.61333341262112
2019-06-01 00:00:00,6/1/2019 0:00,-25.89,-25.24,76.78,8.96,5.85,238.8,9.43,6.051,213.7,354.88,98.58765285704492
2019-06-01 01:00:00,6/1/2019 1:00,-25.35,-22.89,75.36,6.964,4.631,239.3,7.63,4.812,213.8,355.26,96.27327336596065
2019-06-01 02:00:00,6/1/2019 2:00,-22.84,-17.23,77.35,3.665,1.133,69.27,3.765,0.637,19.22,355.64,96.4949365876792
2019-06-01 03:00:00,6/1/2019 3:00,-21.81,-13.56,76.49,3.932,1.644,103.7,3.998,1.394,77.31,355.94,94.49127757411696
2019-06-01 04:00:00,6/1/2019 4:00,-21.54,-12.16,78.51,4.032,1.919,114.4,3.898,1.258,91.5,355.99,96.73733938831866
2019-06-01 05:00:00,6/1/2019 5:00,-19.22,-5.029,76.88,4.931,1.0,93.2,4.598,0.244,58.7,355.92,92.6501574973787
2019-06-01 06:00:00,6/1/2019 6:00,-19.76,-6.95,77.53,6.797,1.477,50.61,6.431,0.54,23.38,355.94,93.91829591933336
2019-06-01 07:00:00,6/1/2019 7:00,-17.14,-4.17,78.71,4.232,0.764,220.7,,,,355.85,92.9782381427035
2019-06-01 08:00:00,6/1/2019 8:00,-19.31,-10.09,78.63,6.098,3.539,200.7,6.098,2.204,175.4,355.55,94.84094121630683
2019-06-01 09:00:00,6/1/2019 9:00,-20.24,-12.02,79.54,6.931,3.003,204.9,7.13,2.207,181.1,355.45,96.79693159134813
2019-06-01 10:00:00,6/1/2019 10:00,-20.0,-12.62,80.4,6.364,2.8,197.4,6.231,1.37,175.8,355.34,97.6190412291499
2019-06-01 11:00:00,6/1/2019 11:00,-18.66,-9.58,81.2,3.732,0.621,196.5,3.399,0.06,166.1,355.26,97.33188621400797
2019-06-01 12:00:00,6/1/2019 12:00,-18.38,-12.95,78.78,3.232,0.574,180.1,2.399,0.035,191.2,355.39,94.1775127466834
2019-06-01 13:00:00,6/1/2019 13:00,-21.81,-21.22,79.08,3.332,0.71,281.3,,,,355.65,97.69081227037744
2019-06-01 14:00:00,6/1/2019 14:00,-23.12,-23.68,79.24,5.798,2.511,309.3,4.965,0.201,195.2,355.73,99.11601882599325
2019-06-01 15:00:00,6/1/2019 15:00,-23.39,-24.03,79.12,5.598,2.349,6.062,3.532,0.064,359.7,356.02,99.21988012731913
2019-06-01 16:00:00,6/1/2019 16:00,-23.23,-23.48,79.05,5.631,2.346,7.343,3.998,0.107,359.1,356.1,98.98168023994953
2019-06-01 17:00:00,6/1/2019 17:00,-23.24,-23.61,79.41,5.864,3.15,354.1,3.998,0.151,334.1,356.02,99.44188991125189
2019-06-01 18:00:00,6/1/2019 18:00,-23.24,-23.63,79.07,4.998,2.542,356.3,1.233,0.008,317.7,355.62,99.01612183960063
2019-06-01 19:00:00,6/1/2019 19:00,-23.57,-23.78,79.28,4.432,0.994,21.22,0.1,,4.772,355.36,99.59042747187442
2019-06-01 20:00:00,6/1/2019 20:00,-23.72,-23.93,78.39,5.531,2.311,26.89,3.299,0.046,8.41,355.08,98.61256678757465
2019-06-01 21:00:00,6/1/2019 21:00,-23.97,-24.1,79.13,7.598,3.239,24.17,6.599,0.872,10.37,355.06,99.77955251643876
2019-06-01 22:00:00,6/1/2019 22:00,-23.4,-23.29,79.41,9.53,3.541,22.69,9.53,1.813,352.4,355.12,99.59300172834493
2019-06-01 23:00:00,6/1/2019 23:00,-21.27,-21.08,81.1,18.33,9.69,259.8,18.66,9.76,234.3,355.29,99.6715783699819
2019-06-02 00:00:00,6/2/2019 0:00,-20.44,-20.33,81.8,19.39,13.0,254.1,19.66,13.17,228.2,355.15,99.73788159841666
2019-06-02 01:00:00,6/2/2019 1:00,-20.17,-19.72,80.9,18.29,12.79,254.8,18.39,12.94,228.7,355.56,98.38607643913014
2019-06-02 02:00:00,6/2/2019 2:00,-20.18,-18.7,80.7,15.96,11.39,248.7,16.36,11.69,222.8,355.74,98.15223934448841
2019-06-02 03:00:00,6/2/2019 3:00,-20.47,-18.29,80.3,15.83,11.57,244.3,16.22,11.86,218.4,355.95,97.93703955226985
2019-06-02 04:00:00,6/2/2019 4:00,-21.06,-17.35,78.92,14.83,9.71,226.2,15.96,10.16,200.0,356.24,96.7981245272403
2019-06-02 05:00:00,6/2/2019 5:00,-21.22,-16.0,78.03,11.0,7.198,222.6,11.6,7.392,196.0,356.25,95.85280819047041
2019-06-02 06:00:00,6/2/2019 6:00,-21.33,-15.82,79.29,11.03,6.494,216.0,11.63,6.042,189.5,356.21,97.50290642294377
2019-06-02 07:00:00,6/2/2019 7:00,-20.67,-13.91,77.94,9.8,5.139,227.5,10.2,4.616,201.1,356.21,95.24061760347348
2019-06-02 08:00:00,6/2/2019 8:00,-20.83,-14.94,80.1,9.7,5.663,205.8,9.83,5.193,178.9,355.97,98.02984752339616
2019-06-02 09:00:00,6/2/2019 9:00,-20.47,-15.11,79.97,8.06,5.204,204.5,8.43,4.366,177.4,355.83,97.53455856780846
2019-06-02 10:00:00,6/2/2019 10:00,-20.21,-16.12,80.3,8.76,5.143,231.0,8.96,5.053,204.8,355.58,97.6937747706397
2019-06-02 11:00:00,6/2/2019 11:00,-20.21,-17.35,81.2,10.4,6.826,229.0,10.36,6.996,203.0,355.44,98.78872367840529
2019-06-02 12:00:00,6/2/2019 12:00,-20.23,-19.12,81.8,9.4,5.661,214.7,10.26,5.77,188.5,355.46,99.53773538065961
2019-06-02 13:00:00,6/2/2019 13:00,-20.26,-19.73,81.1,6.897,4.551,213.2,7.464,4.648,187.0,355.54,98.71427474775479
2019-06-02 14:00:00,6/2/2019 14:00,-20.78,-20.97,80.4,8.86,4.12,232.5,9.33,4.269,206.4,355.78,98.3500046412594
2019-06-02 15:00:00,6/2/2019 15:00,-22.02,-22.71,79.61,8.63,2.178,305.8,8.8,1.864,270.5,356.03,98.54250806699284
2019-06-02 16:00:00,6/2/2019 16:00,-22.58,-22.85,79.1,7.564,2.511,318.8,7.364,2.297,293.5,355.96,98.43447003605529
2019-06-02 17:00:00,6/2/2019 17:00,-23.19,-23.33,79.4,7.164,1.731,332.4,7.23,1.377,302.3,355.74,99.3821834291218
2019-06-02 18:00:00,6/2/2019 18:00,-23.25,-23.58,79.02,6.531,2.136,344.5,6.597,1.888,317.3,355.52,98.96290235952901
2019-06-02 19:00:00,6/2/2019 19:00,-23.7,-24.16,78.77,8.86,2.248,343.0,9.2,1.979,317.6,355.17,99.07181234617563
2019-06-02 20:00:00,6/2/2019 20:00,-24.08,-24.25,78.65,5.731,1.492,317.9,5.564,1.058,301.5,354.88,99.27765994869753
2019-06-02 21:00:00,6/2/2019 21:00,-24.3,-24.61,78.41,4.132,1.122,15.95,4.065,0.533,337.6,354.77,99.18103519801284
2019-06-02 22:00:00,6/2/2019 22:00,-24.57,-24.52,78.01,6.164,1.919,278.2,6.098,1.513,247.3,354.66,98.92738552607966
2019-06-02 23:00:00,6/2/2019 23:00,-24.64,-24.47,77.48,8.33,2.581,337.9,8.9,2.335,311.4,354.79,98.32031206012017
2019-06-03 00:00:00,6/3/2019 0:00,-24.83,-23.15,77.64,6.297,2.207,355.3,6.364,1.877,325.7,354.9,98.70039201141319
2019-06-03 01:00:00,6/3/2019 1:00,-22.67,-18.02,78.73,4.998,1.51,58.61,4.965,0.99,35.67,355.22,98.05791489584594
2019-06-03 02:00:00,6/3/2019 2:00,-21.27,-15.02,79.97,8.23,2.149,61.66,7.963,0.739,40.26,355.53,98.2828128513866
2019-06-03 03:00:00,6/3/2019 3:00,-19.42,-11.72,79.39,4.831,1.937,48.71,4.532,1.03,19.69,355.74,95.85866149798231
2019-06-03 04:00:00,6/3/2019 4:00,-19.4,-12.02,80.7,5.731,2.167,45.33,4.765,0.747,19.09,355.8,97.42172893278153
2019-06-03 05:00:00,6/3/2019 5:00,-18.77,-8.44,79.94,5.098,1.913,54.82,4.465,0.641,23.66,355.94,95.92280600524624
2019-06-03 06:00:00,6/3/2019 6:00,-18.09,-6.985,80.0,5.764,2.317,58.51,5.598,1.134,29.5,355.9,95.36981538654105
2019-06-03 07:00:00,6/3/2019 7:00,-18.3,-8.03,81.2,6.064,2.344,59.52,5.564,1.19,28.52,355.87,96.99592039893986
2019-06-03 08:00:00,6/3/2019 8:00,-18.22,-9.59,80.7,5.664,2.29,78.04,5.231,1.245,39.89,355.76,96.32457885894637
2019-06-03 09:00:00,6/3/2019 9:00,-18.31,-10.59,81.5,6.964,2.726,103.8,7.43,1.221,77.92,355.68,97.36363419573784
2019-06-03 10:00:00,6/3/2019 10:00,-18.75,-13.25,81.2,8.16,2.675,108.2,6.997,1.396,98.0,355.46,97.41602002375532
2019-06-03 11:00:00,6/3/2019 11:00,-19.65,-15.72,80.4,7.33,2.872,97.4,7.53,2.59,66.53,355.41,97.29238233890639
2019-06-03 12:00:00,6/3/2019 12:00,-20.83,-19.69,81.0,10.73,5.597,204.5,11.46,5.64,177.0,355.28,99.13130648433321
2019-06-03 13:00:00,6/3/2019 13:00,-21.0,-20.74,80.8,11.53,4.305,205.5,11.53,4.535,179.5,355.5,99.04724397215222
2019-06-03 14:00:00,6/3/2019 14:00,-21.1,-21.03,80.9,10.23,4.785,210.5,9.93,4.585,184.1,356.21,99.26456753462197
2019-06-03 15:00:00,6/3/2019 15:00,-22.03,-22.4,79.5,13.19,2.152,326.0,13.63,1.887,302.8,356.62,98.41572172813451
2019-06-03 16:00:00,6/3/2019 16:00,-23.36,-23.66,78.86,10.16,1.512,298.8,10.9,1.258,294.3,356.86,98.86568156515432
2019-06-03 17:00:00,6/3/2019 17:00,-23.4,-23.49,79.08,13.39,4.742,16.96,13.83,4.208,347.1,357.08,99.1791282795305
2019-06-03 18:00:00,6/3/2019 18:00,-23.72,-23.54,80.4,13.13,1.826,324.3,13.53,1.518,335.3,356.92,100.0
2019-06-03 19:00:00,6/3/2019 19:00,-23.15,-23.07,80.2,18.73,10.29,16.8,19.19,9.98,350.4,356.56,100.0
2019-06-03 20:00:00,6/3/2019 20:00,-23.27,-23.2,78.34,13.49,3.948,222.0,13.89,3.812,199.4,356.39,98.12991249470927
2019-06-03 21:00:00,6/3/2019 21:00,-24.2,-23.69,78.53,9.43,2.561,260.3,9.83,2.221,233.5,356.28,99.23886210033982
2019-06-03 22:00:00,6/3/2019 22:00,-24.16,-24.16,78.75,5.298,2.51,356.0,5.131,1.859,329.2,356.26,99.47920442356877
2019-06-03 23:00:00,6/3/2019 23:00,-23.95,-24.02,79.0,5.098,2.244,358.1,4.965,0.352,343.3,356.31,99.59675831100111
2019-06-04 00:00:00,6/4/2019 0:00,-23.55,-21.5,78.81,8.16,1.984,223.1,8.16,1.217,180.4,356.54,98.98124432671302
2019-06-04 01:00:00,6/4/2019 1:00,-21.63,-16.63,78.18,4.731,0.856,248.9,4.598,0.182,156.3,356.8,96.4134331478273
2019-06-04 02:00:00,6/4/2019 2:00,-19.89,-13.62,78.34,3.232,0.611,274.7,,,,357.1,95.0177355686041
2019-06-04 03:00:00,6/4/2019 3:00,-19.13,-11.32,79.22,4.865,1.18,63.32,4.332,0.261,30.55,357.28,95.38778393307926
2019-06-04 04:00:00,6/4/2019 4:00,-19.15,-11.14,80.4,5.098,1.675,73.85,4.665,0.439,41.41,357.56,96.82717916450044
2019-06-04 05:00:00,6/4/2019 5:00,-19.17,-11.13,79.86,4.931,2.044,78.48,4.332,0.891,50.95,357.6,96.19529775791682
2019-06-04 06:00:00,6/4/2019 6:00,-19.26,-10.88,79.79,6.497,2.422,67.55,7.064,1.438,38.23,357.49,96.19396713798004
2019-06-04 07:00:00,6/4/2019 7:00,-19.18,-10.61,79.07,7.297,2.345,185.1,7.397,1.444,162.5,357.45,95.2528388579633
2019-06-04 08:00:00,6/4/2019 8:00,-19.57,-12.43,80.1,10.76,3.14,170.7,10.6,2.375,145.2,357.36,96.85508158563437
2019-06-04 09:00:00,6/4/2019 9:00,-19.33,-15.3,81.4,10.7,4.296,201.0,10.33,3.557,174.0,357.34,98.20085334016274
2019-06-04 10:00:00,6/4/2019 10:00,-19.52,-14.2,79.06,9.63,3.041,213.8,9.93,2.426,192.7,357.14,95.55174357025261
2019-06-04 11:00:00,6/4/2019 11:00,-21.24,-13.04,78.29,7.997,2.619,5.321,8.03,1.962,340.5,357.07,96.19055470065278
2019-06-04 12:00:00,6/4/2019 12:00,-22.56,-20.57,79.27,6.764,3.691,3.066,6.697,3.211,336.3,357.06,98.62726140514576
2019-06-04 13:00:00,6/4/2019 13:00,-23.14,-22.38,79.6,6.431,2.96,12.03,6.531,2.462,342.3,357.12,99.58522924350143
2019-06-04 14:00:00,6/4/2019 14:00,-23.06,-23.12,79.65,9.43,3.162,14.03,9.66,2.863,341.7,357.42,99.57210835240397
2019-06-04 15:00:00,6/4/2019 15:00,-22.92,-23.08,79.2,6.897,2.747,357.1,6.831,2.586,330.3,357.8,98.87796802029133
2019-06-04 16:00:00,6/4/2019 16:00,-22.53,-22.61,79.55,6.631,2.378,26.66,6.764,2.22,0.236,358.05,98.94739830415814
2019-06-04 17:00:00,6/4/2019 17:00,-22.51,-22.8,79.78,6.231,1.987,6.19,6.198,1.748,334.8,358.05,99.21460509002439
2019-06-04 18:00:00,6/4/2019 18:00,-22.68,-22.86,79.78,5.764,2.866,353.3,5.798,2.739,326.0,357.75,99.37513383999985
2019-06-04 19:00:00,6/4/2019 19:00,-22.78,-22.97,79.44,5.231,2.812,352.0,5.165,2.707,323.8,357.37,99.04573638110418
2019-06-04 20:00:00,6/4/2019 20:00,-23.09,-23.36,79.19,5.998,2.667,352.3,6.098,2.549,324.0,357.08,99.02526221373954
2019-06-04 21:00:00,6/4/2019 21:00,-23.4,-23.23,78.62,6.464,3.149,352.2,6.464,3.025,323.4,356.86,98.60221377512251
2019-06-04 22:00:00,6/4/2019 22:00,-23.97,-23.66,77.35,6.831,3.751,5.161,6.797,3.634,337.7,356.75,97.53504849167874
2019-06-04 23:00:00,6/4/2019 23:00,-24.09,-23.48,75.87,8.23,3.492,359.2,7.997,3.288,331.7,356.86,95.77761327819125
2019-06-05 00:00:00,6/5/2019 0:00,-23.95,-21.5,74.94,6.397,3.518,3.346,6.098,2.977,336.3,356.87,94.47824136489143
2019-06-05 01:00:00,6/5/2019 1:00,-23.01,-18.42,75.12,7.797,3.752,30.59,7.864,3.047,2.735,357.36,93.86447450752138
2019-06-05 02:00:00,6/5/2019 2:00,-21.46,-15.51,76.38,4.965,1.883,41.48,4.898,1.137,18.67,357.63,94.04104261006374
2019-06-05 03:00:00,6/5/2019 3:00,-21.19,-15.07,76.95,6.797,3.67,48.46,6.431,2.978,20.65,357.83,94.4990618564359
2019-06-05 04:00:00,6/5/2019 4:00,-20.94,-13.86,74.96,7.93,3.042,52.99,7.864,2.242,25.36,358.21,91.83574301937671
2019-06-05 05:00:00,6/5/2019 5:00,-20.7,-12.86,77.62,6.364,3.226,47.47,5.964,2.454,20.91,358.29,94.87678538193485
2019-06-05 06:00:00,6/5/2019 6:00,-20.33,-11.71,79.37,7.13,3.028,50.7,6.564,2.319,22.58,358.38,96.67324741269732
2019-06-05 07:00:00,6/5/2019 7:00,-19.45,-10.21,80.9,8.5,2.681,43.3,8.16,2.019,17.74,358.21,97.7099889547915
2019-06-05 08:00:00,6/5/2019 8:00,-19.27,-10.34,79.08,8.53,3.383,59.35,8.3,2.755,29.07,357.91,95.34714096525913
2019-06-05 09:00:00,6/5/2019 9:00,-19.01,-12.13,81.2,9.1,3.456,69.84,9.13,2.772,36.26,358.1,97.65939183139773
2019-06-05 10:00:00,6/5/2019 10:00,-18.89,-15.24,82.1,9.93,4.173,182.9,9.73,3.525,156.1,358.04,98.6281936900377
2019-06-05 11:00:00,6/5/2019 11:00,-18.72,-15.52,81.3,9.63,3.565,192.9,9.93,3.101,167.3,358.06,97.5079050310274
2019-06-05 12:00:00,6/5/2019 12:00,-19.24,-16.87,82.1,10.1,4.365,190.5,10.13,3.858,164.2,357.99,98.95989776643904
2019-06-05 13:00:00,6/5/2019 13:00,-19.57,-18.77,82.1,10.53,4.424,196.2,11.16,4.132,169.3,358.31,99.27343568265394
2019-06-05 14:00:00,6/5/2019 14:00,-20.13,-20.15,81.3,10.16,5.095,202.8,10.66,4.684,175.6,358.33,98.8346946132244
2019-06-05 15:00:00,6/5/2019 15:00,-21.09,-21.24,80.9,12.76,7.053,208.5,13.49,7.164,181.5,358.59,99.2550904957222
2019-06-05 16:00:00,6/5/2019 16:00,-21.46,-21.68,79.96,9.8,5.547,206.1,10.3,5.691,180.4,358.97,98.44883172428248
2019-06-05 17:00:00,6/5/2019 17:00,-22.42,-22.83,79.75,6.264,2.279,243.3,6.198,2.125,214.7,358.86,99.09241757241205
2019-06-05 18:00:00,6/5/2019 18:00,-23.22,-23.1,75.99,11.36,2.905,35.29,11.56,2.795,8.81,358.74,95.14109923593398
2019-06-05 19:00:00,6/5/2019 19:00,-22.51,-22.2,73.41,8.93,2.679,66.74,8.7,2.394,35.84,358.46,91.29285735345563
2019-06-05 20:00:00,6/5/2019 20:00,-22.87,-22.82,71.18,3.199,0.92,307.1,3.065,0.673,294.2,358.31,88.82311579784755
2019-06-05 21:00:00,6/5/2019 21:00,-23.06,-23.04,71.81,2.965,1.157,333.9,2.965,0.834,310.4,358.1,89.77116259618492
2019-06-05 22:00:00,6/5/2019 22:00,-22.91,-22.69,70.81,3.798,1.553,305.5,3.665,1.217,275.7,358.01,88.39499626058361
2019-06-05 23:00:00,6/5/2019 23:00,-23.18,-22.95,68.16,4.098,1.446,322.6,4.232,1.152,293.0,358.06,85.30537202717777
2019-06-06 00:00:00,6/6/2019 0:00,-23.04,-21.53,65.01,3.432,1.165,337.9,3.465,0.879,309.6,358.47,81.25490612075468
2019-06-06 01:00:00,6/6/2019 1:00,-21.97,-16.72,66.35,4.798,1.203,21.95,4.731,0.816,347.3,358.86,82.08996515663344
2019-06-06 02:00:00,6/6/2019 2:00,-20.0,-12.26,69.6,3.632,1.021,61.0,3.632,0.519,32.78,359.0,84.50603569090588
2019-06-06 03:00:00,6/6/2019 3:00,-19.53,-10.92,72.91,4.731,1.513,64.21,4.032,0.678,33.49,359.19,88.12731206706509
2019-06-06 04:00:00,6/6/2019 4:00,-19.19,-11.4,73.64,4.898,2.288,76.45,4.532,1.503,52.42,359.26,88.72001772406634
2019-06-06 05:00:00,6/6/2019 5:00,-19.44,-11.73,72.8,6.331,2.67,84.3,5.598,2.028,52.77,359.37,87.91848480589977
2019-06-06 06:00:00,6/6/2019 6:00,-19.73,-11.59,75.94,7.664,2.895,104.6,7.397,2.317,73.27,359.37,91.96577091125623
2019-06-06 07:00:00,6/6/2019 7:00,-19.08,-10.7,80.0,9.0,2.786,150.9,9.2,2.154,122.1,359.36,96.28078392583306
2019-06-06 08:00:00,6/6/2019 8:00,-19.26,-12.58,79.18,10.03,4.361,199.8,9.53,3.56,173.7,359.24,95.45855768874871
2019-06-06 09:00:00,6/6/2019 9:00,-18.98,-14.91,80.8,9.76,5.333,193.3,9.53,4.521,164.5,358.91,97.1503440600947
2019-06-06 10:00:00,6/6/2019 10:00,-18.8,-15.93,81.6,11.03,5.314,198.1,10.83,4.564,171.8,358.77,97.94289780893708
2019-06-06 11:00:00,6/6/2019 11:00,-19.83,-17.68,82.3,12.0,5.293,211.7,12.16,5.01,184.7,358.82,99.76343989690017
2019-06-06 12:00:00,6/6/2019 12:00,-19.88,-16.77,80.5,10.2,2.571,219.6,10.36,2.307,194.5,358.93,97.62822730798482
2019-06-06 13:00:00,6/6/2019 13:00,-21.04,-20.24,79.05,10.03,2.656,0.756,10.86,2.439,327.1,358.93,96.93905927850409
2019-06-06 14:00:00,6/6/2019 14:00,-23.12,-23.13,73.11,9.5,3.236,11.36,9.73,3.032,344.6,359.14,91.44841161494658
2019-06-06 15:00:00,6/6/2019 15:00,-23.17,-23.38,68.86,8.03,3.967,4.133,8.16,3.839,337.0,359.33,86.17327226432704
2019-06-06 16:00:00,6/6/2019 16:00,-22.68,-22.28,57.59,10.1,3.729,348.4,9.73,3.66,322.7,359.39,71.73494557339673
2019-06-06 17:00:00,6/6/2019 17:00,-22.71,-22.43,56.7,6.764,3.601,5.103,6.897,3.459,337.3,359.26,70.64649536289984
2019-06-06 18:00:00,6/6/2019 18:00,-22.91,-22.74,56.01,8.56,3.043,348.3,8.56,2.848,320.6,358.9,69.91955572031192
2019-06-06 19:00:00,6/6/2019 19:00,-23.08,-22.62,53.94,11.33,3.499,283.5,11.43,3.306,255.8,358.58,67.4443162781604
2019-06-06 20:00:00,6/6/2019 20:00,-22.8,-22.18,62.1,13.93,8.32,248.7,14.26,8.39,222.8,358.14,77.44095623989297
2019-06-06 21:00:00,6/6/2019 21:00,-22.8,-22.04,50.45,12.63,8.52,240.0,12.96,8.66,213.8,358.05,62.91298296783575
2019-06-06 22:00:00,6/6/2019 22:00,-22.89,-21.92,46.47,13.46,9.23,247.4,13.36,9.3,221.5,357.96,57.999363626332176
2019-06-06 23:00:00,6/6/2019 23:00,-22.26,-21.65,57.42,15.56,10.33,239.0,16.03,10.56,213.1,357.86,71.2379868644475
2019-06-07 00:00:00,6/7/2019 0:00,-21.48,-21.13,22.15,16.59,11.17,239.7,17.76,11.51,214.0,357.32,27.276859286134226
2019-06-07 01:00:00,6/7/2019 1:00,-21.35,-20.66,55.13,18.99,13.48,231.4,19.66,14.01,205.3,357.57,67.80629506855121
2019-06-07 02:00:00,6/7/2019 2:00,-22.19,-21.26,30.07,19.03,13.59,234.1,20.19,14.04,208.3,357.72,37.2814226281254
2019-06-07 03:00:00,6/7/2019 3:00,-21.58,-20.5,69.97,21.79,15.54,221.3,23.06,16.05,194.6,358.0,86.24753656268123
2019-06-07 04:00:00,6/7/2019 4:00,-20.62,-18.79,81.4,23.59,13.63,229.2,24.89,14.12,202.7,357.94,99.42111979253487
2019-06-07 05:00:00,6/7/2019 5:00,-19.36,-15.44,80.2,20.83,5.81,58.0,21.29,5.588,12.82,358.12,96.7810064118007
2019-06-07 06:00:00,6/7/2019 6:00,-19.2,-9.99,79.49,10.03,3.277,50.55,10.26,2.71,18.37,358.31,95.77716703466544
2019-06-07 07:00:00,6/7/2019 7:00,-19.09,-8.42,78.99,9.96,3.557,54.62,10.93,2.158,31.13,358.3,95.07435864550067
2019-06-07 08:00:00,6/7/2019 8:00,-18.86,-8.3,80.5,9.2,2.537,40.86,3.232,0.01,291.5,,96.67824691323447
2019-06-07 09:00:00,6/7/2019 9:00,-19.22,-9.91,80.9,10.23,2.595,46.3,8.5,1.114,12.76,358.03,97.49476770991075
2019-06-07 10:00:00,6/7/2019 10:00,-19.53,-12.03,80.3,9.1,2.387,23.9,8.96,1.506,5.312,357.9,97.0597059249119
2019-06-07 11:00:00,6/7/2019 11:00,-20.02,-14.48,79.99,10.06,1.916,347.0,9.06,1.102,353.4,357.89,97.13982874156078
2019-06-07 12:00:00,6/7/2019 12:00,-21.25,-18.5,78.86,10.23,2.655,15.32,9.86,1.994,349.4,357.8,96.90012970074501
2019-06-07 13:00:00,6/7/2019 13:00,-22.97,-22.02,78.75,13.03,2.737,7.854,13.03,2.198,336.4,357.96,98.36287541557786
2019-06-07 14:00:00,6/7/2019 14:00,-23.59,-23.83,78.97,9.56,3.032,356.9,10.1,2.636,325.8,358.24,99.21982609259227
2019-06-07 15:00:00,6/7/2019 15:00,-23.5,-23.71,79.51,12.83,3.477,350.7,12.73,3.116,323.1,358.17,99.81306236266488
2019-06-07 16:00:00,6/7/2019 16:00,-23.71,-24.01,78.66,8.93,2.964,354.3,9.03,2.567,325.2,358.18,98.94284028354035
2019-06-07 17:00:00,6/7/2019 17:00,-24.17,-24.44,78.38,10.5,3.409,0.236,10.46,2.859,331.2,358.03,99.02118318914683
2019-06-07 18:00:00,6/7/2019 18:00,-24.42,-24.53,77.74,11.2,4.234,5.676,11.06,3.759,333.7,357.63,98.44524764345633
2019-06-07 19:00:00,6/7/2019 19:00,-24.65,-24.74,77.66,13.36,4.239,3.325,13.83,3.806,334.1,357.13,98.55804310587067
2019-06-07 20:00:00,6/7/2019 20:00,-25.0,-25.0,76.76,12.03,4.174,4.12,11.06,3.787,335.0,357.06,97.73847347704404
2019-06-07 21:00:00,6/7/2019 21:00,-25.54,-25.46,76.02,10.4,3.449,359.4,10.2,3.044,330.3,356.85,97.29054044503282
2019-06-07 22:00:00,6/7/2019 22:00,-25.95,-25.83,75.1,9.83,3.152,14.59,10.0,2.68,338.6,356.56,96.48495819337037
2019-06-07 23:00:00,6/7/2019 23:00,-25.99,-26.01,72.9,13.63,3.381,7.835,13.73,2.924,340.7,356.43,93.69376271333577
2019-06-08 00:00:00,6/8/2019 0:00,-25.8,-24.09,70.07,9.26,2.254,0.107,8.06,1.746,328.3,356.41,89.89562515780429
2019-06-08 01:00:00,6/8/2019 1:00,-25.25,-22.89,68.61,8.5,2.539,17.36,8.3,1.847,341.1,,87.56743881993614
2019-06-08 02:00:00,6/8/2019 2:00,-23.4,-18.88,70.14,11.4,3.286,33.91,11.66,2.565,0.49,356.95,87.96692030255778
2019-06-08 03:00:00,6/8/2019 3:00,-22.49,-16.87,68.88,11.96,3.488,30.81,11.23,2.736,3.185,356.81,85.64304313457752
2019-06-08 04:00:00,6/8/2019 4:00,-21.94,-16.26,71.04,14.29,4.816,47.7,14.26,3.912,17.9,356.82,87.8674408163849
2019-06-08 05:00:00,6/8/2019 5:00,-21.49,-15.35,72.33,13.29,4.95,49.67,12.43,4.178,22.02,357.27,89.0800643171203
2019-06-08 06:00:00,6/8/2019 6:00,-20.95,-14.17,79.65,15.76,4.573,47.8,15.59,3.66,20.31,357.13,97.59092334459146
2019-06-08 07:00:00,6/8/2019 7:00,-20.36,-13.18,79.31,13.39,4.581,47.06,13.76,3.821,20.1,357.03,96.6278909336128
2019-06-08 08:00:00,6/8/2019 8:00,-20.44,-13.13,78.01,13.79,4.585,36.09,13.63,3.777,7.364,356.45,95.11677437032377
2019-06-08 09:00:00,6/8/2019 9:00,-20.06,-13.68,79.8,14.03,4.425,42.39,12.5,3.684,13.09,356.58,96.94620465063417
2019-06-08 10:00:00,6/8/2019 10:00,-19.93,-14.9,80.4,11.63,4.017,50.79,12.0,3.568,21.6,356.29,97.55364279806504
2019-06-08 11:00:00,6/8/2019 11:00,-21.2,-16.86,77.84,12.73,3.831,42.38,12.83,3.502,13.56,356.24,95.60115845055202
2019-06-08 12:00:00,6/8/2019 12:00,-23.77,-22.28,78.45,11.96,2.718,351.5,11.93,2.325,318.3,356.24,98.73482626249378
2019-06-08 13:00:00,6/8/2019 13:00,-24.19,-23.8,78.78,8.63,2.199,347.9,8.73,1.834,315.6,356.54,99.54536593677669
2019-06-08 14:00:00,6/8/2019 14:00,-24.09,-23.84,78.52,12.76,2.541,347.7,11.86,2.205,316.2,356.89,99.1229497113955
2019-06-08 15:00:00,6/8/2019 15:00,-24.17,-23.85,77.77,8.16,2.255,351.3,8.36,1.9,321.8,357.07,98.25054116636832
2019-06-08 16:00:00,6/8/2019 16:00,-24.55,-24.17,73.52,8.16,2.506,357.9,7.997,2.137,331.9,357.3,93.21582144392433
2019-06-08 17:00:00,6/8/2019 17:00,-22.77,-22.67,76.36,7.897,3.146,0.044,7.497,2.744,331.5,357.11,95.19654554424767
2019-06-08 18:00:00,6/8/2019 18:00,-21.62,-21.84,79.19,16.96,3.832,338.1,17.79,3.553,309.1,356.44,97.64967800236663
2019-06-08 19:00:00,6/8/2019 19:00,-22.4,-22.81,74.63,11.53,3.035,351.1,12.06,2.786,323.9,356.09,92.7129776591807
2019-06-08 20:00:00,6/8/2019 20:00,-23.19,-23.37,73.14,9.7,3.076,354.7,9.83,2.765,328.1,355.78,91.54676191443285
2019-06-08 21:00:00,6/8/2019 21:00,-23.54,-23.81,66.65,8.56,2.371,351.1,8.63,2.067,324.0,355.36,83.7009807736147
2019-06-08 22:00:00,6/8/2019 22:00,-24.94,-25.11,60.75,22.49,3.846,333.5,22.96,3.663,307.3,355.08,77.30913765622468
2019-06-08 23:00:00,6/8/2019 23:00,-26.23,-26.51,54.08,11.43,3.833,3.261,11.26,3.474,331.9,354.89,69.6626856737008
2019-06-09 00:00:00,6/9/2019 0:00,-25.4,-24.62,56.08,15.33,4.485,349.9,15.76,4.159,317.2,355.25,71.6766357108495
2019-06-09 01:00:00,6/9/2019 1:00,-24.33,-22.77,68.52,24.32,6.43,313.6,25.09,6.164,277.2,355.13,86.69575115581861
2019-06-09 02:00:00,6/9/2019 2:00,-24.03,-21.41,72.59,13.73,4.488,45.88,14.33,4.047,15.58,355.14,91.58492104958484
2019-06-09 03:00:00,6/9/2019 3:00,-23.75,-20.51,64.49,25.39,4.775,50.09,26.29,4.306,21.65,355.78,81.14980324564435
2019-06-09 04:00:00,6/9/2019 4:00,-23.29,-19.68,77.77,16.89,4.952,50.38,17.43,4.504,20.33,355.48,97.43441557258183
2019-06-09 05:00:00,6/9/2019 5:00,-22.7,-18.96,73.89,20.76,5.613,285.6,21.86,5.338,248.1,355.89,92.0559663760806
2019-06-09 06:00:00,6/9/2019 6:00,-22.68,-20.49,42.38,27.99,11.17,252.2,28.32,11.1,226.7,355.94,52.78914730683371
2019-06-09 07:00:00,6/9/2019 7:00,-22.03,-19.26,34.26,24.22,8.91,240.2,25.19,8.72,215.2,355.64,42.41160536359608
2019-06-09 08:00:00,6/9/2019 8:00,-21.39,-18.31,37.3,24.62,7.788,240.8,24.86,7.287,216.5,355.44,45.89407275687774
2019-06-09 09:00:00,6/9/2019 9:00,-20.38,-17.19,64.46,25.22,7.236,250.8,25.79,6.671,222.4,355.47,78.55031465013087
2019-06-09 10:00:00,6/9/2019 10:00,-20.67,-16.87,71.96,23.09,5.001,271.6,23.29,4.204,243.6,355.04,87.93321584226265
2019-06-09 11:00:00,6/9/2019 11:00,-21.32,-16.72,79.6,10.36,2.9,12.74,10.0,1.778,344.9,355.01,97.87477358365878
2019-06-09 12:00:00,6/9/2019 12:00,-21.21,-19.3,80.2,12.16,3.957,40.04,11.1,2.951,9.3,355.33,98.50905425471649
2019-06-09 13:00:00,6/9/2019 13:00,-20.56,-19.94,81.5,9.8,3.249,45.33,10.0,2.86,15.02,355.85,99.48617960222015
2019-06-09 14:00:00,6/9/2019 14:00,-20.15,-20.08,81.6,8.83,2.772,32.43,8.66,2.306,358.6,355.99,99.21838650456921
2019-06-09 15:00:00,6/9/2019 15:00,-19.65,-19.59,81.4,18.53,3.367,324.4,19.13,3.111,282.5,356.23,98.50248659685299
2019-06-09 16:00:00,6/9/2019 16:00,-19.97,-19.95,81.8,10.96,2.757,4.684,11.76,2.508,331.8,356.32,99.29035519003058
2019-06-09 17:00:00,6/9/2019 17:00,-20.05,-20.01,81.1,17.16,4.564,286.2,17.43,4.467,259.9,356.07,98.5160986552954
2019-06-09 18:00:00,6/9/2019 18:00,-22.06,-21.63,50.58,24.52,9.08,257.9,24.76,9.16,231.1,355.72,62.632575065916754
2019-06-09 19:00:00,6/9/2019 19:00,-21.87,-21.78,81.2,19.79,9.24,261.5,20.29,9.31,235.1,355.18,100.0
2019-06-09 20:00:00,6/9/2019 20:00,-21.55,-21.76,12.1,19.33,10.31,256.7,19.33,10.49,230.9,354.86,14.9106284793642
2019-06-09 21:00:00,6/9/2019 21:00,-22.68,-22.99,41.32,16.13,4.889,295.7,16.29,4.593,264.5,354.44,51.46879581685627
2019-06-09 22:00:00,6/9/2019 22:00,-23.88,-24.32,58.78,12.43,2.539,334.7,13.19,2.049,308.0,354.54,74.0559050910427
2019-06-09 23:00:00,6/9/2019 23:00,-22.98,-23.07,80.6,18.76,10.19,255.9,19.06,10.28,229.7,354.51,100.0
2019-06-10 00:00:00,6/10/2019 0:00,-22.28,-22.03,79.05,20.56,14.55,254.9,21.19,14.78,229.0,354.41,98.09186693233384
2019-06-10 01:00:00,6/10/2019 1:00,-22.54,-21.84,59.12,21.52,14.25,254.0,21.69,14.46,228.2,354.85,73.54276072781457
2019-06-10 02:00:00,6/10/2019 2:00,-23.35,-22.63,20.51,20.43,13.48,255.3,20.96,13.6,229.7,355.01,25.71066091587511
2019-06-10 03:00:00,6/10/2019 3:00,-23.47,-22.16,11.8,20.36,11.15,250.8,20.66,11.24,225.0,355.13,14.808942496490149
2019-06-10 04:00:00,6/10/2019 4:00,-23.43,-20.37,27.55,18.09,6.882,239.5,18.49,6.792,213.1,355.31,34.56199812639768
2019-06-10 05:00:00,6/10/2019 5:00,-22.66,-18.53,58.52,17.76,5.91,242.0,18.49,5.712,217.3,355.47,72.87950716666508
2019-06-10 06:00:00,6/10/2019 6:00,-21.44,-14.66,70.67,16.36,3.713,69.94,16.53,3.485,50.56,355.47,86.99414358056201
2019-06-10 07:00:00,6/10/2019 7:00,-20.28,-11.51,80.9,8.83,3.244,67.57,8.43,1.136,35.0,355.59,98.48967934508784
2019-06-10 08:00:00,6/10/2019 8:00,-20.63,-14.35,55.38,19.46,4.726,229.4,19.83,4.121,212.6,355.41,67.64702628768556
2019-06-10 09:00:00,6/10/2019 9:00,-20.7,-15.52,30.52,21.52,5.202,215.9,22.16,5.127,197.5,355.13,37.30532710456907
2019-06-10 10:00:00,6/10/2019 10:00,-20.57,-14.62,65.71,15.89,2.921,42.53,16.29,2.636,7.165,355.27,80.21916395014112
2019-06-10 11:00:00,6/10/2019 11:00,-21.3,-16.26,80.4,14.39,3.673,31.9,14.86,3.418,3.568,355.19,98.83957426759171
2019-06-10 12:00:00,6/10/2019 12:00,-19.98,-17.58,82.2,15.63,4.014,249.0,16.03,3.926,219.3,355.54,99.78543508986895
2019-06-10 13:00:00,6/10/2019 13:00,-19.93,-19.45,80.9,14.06,4.319,257.9,14.33,4.258,230.0,355.78,98.16031968113758
2019-06-10 14:00:00,6/10/2019 14:00,-19.66,-19.46,79.36,14.16,5.785,238.0,14.53,5.773,212.7,356.4,96.04307486266408
2019-06-10 15:00:00,6/10/2019 15:00,-19.24,-19.25,82.5,15.96,9.72,248.9,16.06,9.97,222.8,356.5,99.44204099550818
2019-06-10 16:00:00,6/10/2019 16:00,-19.61,-19.58,81.9,11.16,6.315,218.4,11.56,6.51,191.8,356.74,99.06956393049073
2019-06-10 17:00:00,6/10/2019 17:00,-20.48,-20.59,80.5,6.631,3.773,224.3,6.697,3.871,198.3,356.72,98.19035616115836
2019-06-10 18:00:00,6/10/2019 18:00,-21.12,-21.18,63.39,8.36,4.324,232.3,8.73,4.413,206.3,356.62,77.79459285400849
2019-06-10 19:00:00,6/10/2019 19:00,-19.52,-19.59,64.52,11.1,3.705,257.9,11.23,3.486,231.8,356.23,77.97873128197189
2019-06-10 20:00:00,6/10/2019 20:00,-19.36,-19.55,74.16,11.66,3.858,267.2,11.83,3.529,239.4,355.96,89.49226228801919
2019-06-10 21:00:00,6/10/2019 21:00,-19.06,-19.11,80.5,12.86,6.211,261.9,13.09,6.134,235.4,355.81,96.86395299709154
2019-06-10 22:00:00,6/10/2019 22:00,-19.08,-19.16,79.29,13.96,6.845,253.3,14.46,6.915,227.6,355.54,95.4262919684913
2019-06-10 23:00:00,6/10/2019 23:00,-19.77,-19.9,68.84,15.26,5.453,270.6,15.93,5.355,240.1,355.62,83.39939090625806
2019-06-11 00:00:00,6/11/2019 0:00,-19.17,-19.18,75.2,16.49,11.06,253.1,16.86,11.22,227.2,355.69,90.58209856493045
2019-06-11 01:00:00,6/11/2019 1:00,-19.81,-19.22,73.29,16.76,10.87,250.7,17.19,11.07,224.7,355.82,88.8245708772946
2019-06-11 02:00:00,6/11/2019 2:00,-19.92,-18.74,64.03,15.03,9.92,249.4,15.46,10.1,223.4,356.05,77.68360340128055
2019-06-11 03:00:00,6/11/2019 3:00,-19.76,-18.11,45.65,15.26,9.16,264.0,15.29,9.12,237.5,356.34,55.29949966100307
2019-06-11 04:00:00,6/11/2019 4:00,-19.11,-17.33,8.52,16.73,10.08,247.8,17.26,10.19,221.4,356.59,10.256854680989111
2019-06-11 05:00:00,6/11/2019 5:00,-18.64,-13.91,81.8,13.96,4.894,233.3,14.33,4.244,206.7,356.78,98.032260565973
2019-06-11 06:00:00,6/11/2019 6:00,-17.98,-9.36,82.0,6.264,1.819,137.2,4.332,0.866,134.9,357.01,97.6507423945207
2019-06-11 07:00:00,6/11/2019 7:00,-17.7,-10.79,78.82,12.53,3.426,210.8,12.56,3.073,184.1,356.99,93.61138221677929
2019-06-11 08:00:00,6/11/2019 8:00,-17.46,-12.73,81.6,11.33,5.376,224.5,11.16,5.295,197.6,356.99,96.68953649639964
2019-06-11 09:00:00,6/11/2019 9:00,-16.63,-11.62,83.6,6.831,3.13,194.1,6.831,2.737,166.2,356.95,98.27063009886842
2019-06-11 10:00:00,6/11/2019 10:00,-16.61,-10.98,82.9,5.231,2.378,186.0,5.198,2.135,158.9,356.98,97.42900565037606
2019-06-11 11:00:00,6/11/2019 11:00,-16.81,-11.69,82.8,5.031,2.274,188.3,5.331,1.959,161.8,356.89,97.49922834807346
2019-06-11 12:00:00,6/11/2019 12:00,-18.49,-17.09,81.4,10.7,2.875,283.4,10.76,2.686,253.6,357.14,97.41246465719587
2019-06-11 13:00:00,6/11/2019 13:00,-19.78,-19.29,79.84,6.031,1.306,338.8,6.364,0.924,307.7,357.31,96.73511263767091
2019-06-11 14:00:00,6/11/2019 14:00,-21.34,-21.54,81.0,5.165,2.249,10.2,4.898,1.769,341.9,357.61,99.61519802742743
2019-06-11 15:00:00,6/11/2019 15:00,-21.01,-21.62,77.03,6.131,1.094,358.1,6.664,0.669,333.0,357.64,94.43487443827073
2019-06-11 16:00:00,6/11/2019 16:00,-21.65,-21.91,66.66,3.898,1.103,340.0,3.832,0.859,309.7,357.73,82.22237285053058
2019-06-11 17:00:00,6/11/2019 17:00,-20.85,-20.64,47.19,5.464,1.42,358.0,5.365,1.117,324.7,357.76,57.76420110042567
2019-06-11 18:00:00,6/11/2019 18:00,-20.26,-20.46,34.1,4.432,1.415,353.1,4.298,1.139,321.9,357.54,41.506248691719335
2019-06-11 19:00:00,6/11/2019 19:00,-19.36,-20.17,21.94,3.499,0.929,1.324,3.265,0.447,331.3,357.34,26.47600100592154
2019-06-11 20:00:00,6/11/2019 20:00,-18.96,-19.87,9.91,4.931,1.596,352.8,5.031,1.14,331.1,357.02,11.913059099649981
2019-06-11 21:00:00,6/11/2019 21:00,-18.44,-19.6,8.35,4.731,1.187,16.42,4.432,0.671,341.2,356.86,9.987758441519746
2019-06-11 22:00:00,6/11/2019 22:00,-18.93,-20.11,14.99,4.365,1.805,6.986,3.165,0.176,318.2,356.88,18.014667775618094
2019-06-11 23:00:00,6/11/2019 23:00,-19.34,-20.57,21.61,5.864,1.169,4.419,4.365,0.414,336.3,356.97,26.07277524467637
2019-06-12 00:00:00,6/12/2019 0:00,-18.87,-18.51,17.31,4.798,1.312,19.34,4.532,0.898,349.2,357.18,20.790820730175234
2019-06-12 01:00:00,6/12/2019 1:00,-17.07,-12.59,11.18,3.465,0.769,5.474,3.199,0.239,349.6,357.48,13.197766106645144
2019-06-12 02:00:00,6/12/2019 2:00,-15.62,-10.05,17.02,4.098,1.181,15.04,4.032,0.402,358.2,357.83,19.812778269232922
2019-06-12 03:00:00,6/12/2019 3:00,-14.48,-6.873,11.75,4.965,1.482,38.42,4.465,0.581,7.863,358.12,13.52817129711391
2019-06-12 04:00:00,6/12/2019 4:00,-14.15,-5.479,26.3,3.832,1.432,56.95,3.265,0.397,14.09,358.31,30.183558504056034
2019-06-12 05:00:00,6/12/2019 5:00,-12.13,-1.748,21.5,3.632,0.657,36.17,3.265,0.208,22.46,358.38,24.196501497138293
2019-06-12 06:00:00,6/12/2019 6:00,-13.13,-2.713,24.04,4.132,1.458,45.61,3.932,0.562,19.6,358.51,27.318667502918007
2019-06-12 07:00:00,6/12/2019 7:00,-12.32,-1.775,22.4,4.032,0.816,45.65,3.798,0.294,18.74,358.45,25.255885380991252
2019-06-12 08:00:00,6/12/2019 8:00,-13.47,-2.112,13.46,4.298,1.324,25.43,3.599,0.216,354.5,358.3,15.34619232645241
2019-06-12 09:00:00,6/12/2019 9:00,-14.32,-7.005,15.58,8.76,2.21,282.7,8.76,1.247,239.3,358.17,17.91003780327276
2019-06-12 10:00:00,6/12/2019 10:00,-15.35,-11.55,18.9,13.96,5.014,258.9,14.09,4.761,230.5,358.03,21.943969861707505
2019-06-12 11:00:00,6/12/2019 11:00,-16.47,-9.99,20.33,7.064,1.989,353.7,7.43,1.484,326.1,358.09,23.86079835217883
2019-06-12 12:00:00,6/12/2019 12:00,-18.38,-16.96,39.23,5.531,2.2,13.18,5.531,1.723,343.1,358.29,46.89748445103313
2019-06-12 13:00:00,6/12/2019 13:00,-19.16,-19.28,22.07,6.697,2.174,30.43,6.464,1.734,1.219,358.51,26.58185091246989
2019-06-12 14:00:00,6/12/2019 14:00,-18.02,-18.71,32.15,9.23,2.232,114.0,9.43,1.958,90.7,358.83,38.30096257769431
2019-06-12 15:00:00,6/12/2019 15:00,-17.91,-18.57,33.55,5.798,1.967,55.96,6.198,1.596,25.93,359.19,39.92656188621368
2019-06-12 16:00:00,6/12/2019 16:00,-17.42,-18.34,32.64,5.231,2.408,1.052,5.298,2.184,333.7,359.32,38.66092793682506
2019-06-12 17:00:00,6/12/2019 17:00,-17.38,-18.28,40.46,5.331,2.098,9.98,5.231,1.86,341.5,359.14,47.90499437121043
2019-06-12 18:00:00,6/12/2019 18:00,-18.49,-19.26,54.7,5.398,2.084,8.85,6.031,1.807,341.8,358.61,65.4602188789756
2019-06-12 19:00:00,6/12/2019 19:00,-19.67,-20.29,60.12,7.897,2.139,17.33,8.03,1.832,350.2,358.18,72.76540905359525
2019-06-12 20:00:00,6/12/2019 20:00,-19.62,-20.24,10.13,7.83,1.905,92.4,7.997,1.626,57.58,358.02,12.254833250438676
2019-06-12 21:00:00,6/12/2019 21:00,-19.99,-20.71,17.06,5.564,2.308,5.824,5.698,2.055,338.1,357.9,20.711709245233443
2019-06-12 22:00:00,6/12/2019 22:00,-19.82,-20.68,9.14,5.564,3.096,1.454,5.798,2.882,335.0,357.7,11.078378129454736
2019-06-12 23:00:00,6/12/2019 23:00,-19.12,-20.08,7.051,5.431,2.142,10.55,5.764,1.877,340.2,357.79,8.489204187012737
2019-06-13 00:00:00,6/13/2019 0:00,-19.03,-18.83,9.91,6.231,2.316,23.31,6.231,1.96,355.1,358.18,11.921062698530353
2019-06-13 01:00:00,6/13/2019 1:00,-17.81,-16.2,7.978,10.0,2.29,344.9,10.63,1.945,308.4,358.59,9.48518422203526
2019-06-13 02:00:00,6/13/2019 2:00,-16.89,-14.0,14.42,7.963,2.651,263.1,7.997,2.393,233.1,358.88,16.993031363762068
2019-06-13 03:00:00,6/13/2019 3:00,-16.78,-11.82,25.92,7.697,1.921,249.8,7.697,1.514,217.7,358.99,30.51267566206331
2019-06-13 04:00:00,6/13/2019 4:00,-15.89,-8.79,13.62,7.764,1.612,104.5,7.864,0.957,194.5,358.95,15.896256639333053
2019-06-13 05:00:00,6/13/2019 5:00,-16.08,-9.56,54.94,9.16,2.249,84.6,9.53,1.891,203.5,358.91,64.23957464434564
2019-06-13 06:00:00,6/13/2019 6:00,-15.81,-7.542,80.3,7.264,2.587,51.57,7.364,2.207,22.73,358.88,93.6478837496323
2019-06-13 07:00:00,6/13/2019 7:00,-16.47,-8.52,84.2,7.097,2.845,57.08,7.197,2.492,29.31,358.85,98.82337536908301
2019-06-13 08:00:00,6/13/2019 8:00,-16.82,-9.76,83.1,8.9,4.424,46.63,9.03,4.272,20.08,358.51,97.86191563331607
2019-06-13 09:00:00,6/13/2019 9:00,-17.2,-10.55,82.8,9.83,3.116,52.19,10.26,2.812,22.83,358.15,97.86618467851832
2019-06-13 10:00:00,6/13/2019 10:00,-17.55,-13.06,82.1,13.39,3.154,155.5,13.89,2.965,132.9,358.03,97.36628976858555
2019-06-13 11:00:00,6/13/2019 11:00,-17.81,-15.87,81.9,13.43,5.315,204.7,13.83,5.17,177.3,357.86,97.37234742851439
2019-06-13 12:00:00,6/13/2019 12:00,-18.5,-17.56,82.1,17.49,7.509,217.6,18.53,7.495,190.7,357.66,98.25960088025326
2019-06-13 13:00:00,6/13/2019 13:00,-19.55,-19.3,80.4,19.63,9.35,209.6,20.96,9.31,182.6,358.15,97.19920462668867
2019-06-13 14:00:00,6/13/2019 14:00,-20.73,-20.93,82.4,9.23,2.197,355.4,9.7,1.985,324.2,358.53,100.0
2019-06-13 15:00:00,6/13/2019 15:00,-20.61,-20.53,78.63,13.39,6.103,212.5,14.16,6.085,185.3,358.74,96.0286905571267
2019-06-13 16:00:00,6/13/2019 16:00,-21.91,-21.63,49.12,10.23,2.524,352.0,10.5,2.207,325.7,359.06,60.73782747659409
2019-06-13 17:00:00,6/13/2019 17:00,-20.9,-21.32,35.6,6.331,2.732,2.987,6.597,2.526,334.0,359.07,43.59796628590066
2019-06-13 18:00:00,6/13/2019 18:00,-20.52,-21.33,23.04,4.631,2.431,349.4,4.532,2.308,321.1,358.64,28.113928287442523
2019-06-13 19:00:00,6/13/2019 19:00,-19.76,-20.78,18.27,4.332,1.641,356.9,4.565,1.493,324.3,358.31,22.131913664984143
2019-06-13 20:00:00,6/13/2019 20:00,-19.38,-20.59,8.1,4.665,1.787,6.416,4.698,1.7,339.0,357.98,9.776514585639099
2019-06-13 21:00:00,6/13/2019 21:00,-19.09,-20.25,10.69,7.13,2.075,358.4,7.264,1.983,328.4,357.7,12.866753942529462
2019-06-13 22:00:00,6/13/2019 22:00,-19.69,-20.72,9.45,7.264,2.944,354.8,7.197,2.873,326.9,357.64,11.439868228917422
2019-06-13 23:00:00,6/13/2019 23:00,-19.35,-20.6,12.77,4.731,1.254,15.34,4.665,1.15,346.7,357.66,15.408665507684738
2019-06-14 00:00:00,6/14/2019 0:00,-18.42,-17.84,11.09,5.598,0.901,105.0,5.531,0.638,171.3,357.92,13.262630371164738
2019-06-14 01:00:00,6/14/2019 1:00,-17.44,-14.17,15.34,4.398,1.879,17.87,4.332,1.621,351.0,358.35,18.17318647121507
2019-06-14 02:00:00,6/14/2019 2:00,-15.99,-11.47,17.16,4.998,2.145,36.59,5.098,1.847,10.92,358.73,20.047219643921142
2019-06-14 03:00:00,6/14/2019 3:00,-15.2,-9.82,22.35,5.764,2.39,42.86,5.831,1.972,16.6,359.09,25.91203874643323
2019-06-14 04:00:00,6/14/2019 4:00,-14.58,-8.41,29.67,5.631,2.08,49.75,5.598,1.7,18.91,359.19,34.193125903168465
2019-06-14 05:00:00,6/14/2019 5:00,-14.42,-7.414,28.44,9.33,2.14,42.25,9.4,1.753,14.93,359.23,32.7249333487225
2019-06-14 06:00:00,6/14/2019 6:00,-15.18,-7.373,66.28,7.164,2.748,46.13,7.297,2.444,17.25,359.01,76.8285495018426
2019-06-14 07:00:00,6/14/2019 7:00,-15.46,-6.914,84.4,9.06,2.534,69.95,9.2,2.289,45.17,358.77,98.09734643821129
2019-06-14 08:00:00,6/14/2019 8:00,-14.73,-5.304,83.8,10.03,2.441,61.69,9.73,2.272,34.47,358.53,96.71530588485368
2019-06-14 09:00:00,6/14/2019 9:00,-16.2,-7.607,81.6,7.963,2.519,63.1,8.4,2.356,37.22,358.32,95.52277262174128
2019-06-14 10:00:00,6/14/2019 10:00,-18.02,-8.65,55.66,7.897,2.056,355.3,7.963,1.757,327.8,358.23,66.30891375037216
2019-06-14 11:00:00,6/14/2019 11:00,-18.0,-10.32,54.99,7.164,2.172,352.9,6.664,1.901,324.8,358.29,65.49813372801722
2019-06-14 12:00:00,6/14/2019 12:00,-19.33,-17.91,63.66,8.46,4.659,9.83,8.43,4.228,343.5,358.24,76.7993405851936
2019-06-14 13:00:00,6/14/2019 13:00,-19.42,-19.12,52.55,10.26,4.326,2.175,10.76,4.034,333.5,358.4,63.45097193247223
2019-06-14 14:00:00,6/14/2019 14:00,-19.64,-19.96,52.71,10.93,4.163,9.94,10.7,3.762,342.6,358.73,63.77848471744405
2019-06-14 15:00:00,6/14/2019 15:00,-19.55,-19.95,58.35,14.46,4.55,280.7,14.83,4.408,250.4,358.87,70.54196007421994
2019-06-14 16:00:00,6/14/2019 16:00,-18.11,-18.31,58.98,20.43,4.106,130.7,20.63,4.195,100.4,359.0,70.32491465689625
2019-06-14 17:00:00,6/14/2019 17:00,-18.79,-19.08,70.99,8.53,2.492,2.931,8.76,2.417,334.5,359.17,85.19974224920298
2019-06-14 18:00:00,6/14/2019 18:00,-19.52,-19.83,69.97,7.164,1.812,350.6,7.33,1.636,319.6,358.86,84.56558939552966
2019-06-14 19:00:00,6/14/2019 19:00,-19.35,-19.59,49.45,7.63,2.646,356.8,7.864,2.406,328.3,358.31,59.66785507870089
2019-06-14 20:00:00,6/14/2019 20:00,-19.88,-20.5,31.86,7.364,3.558,3.134,7.697,3.232,333.5,358.16,38.63894809978132
2019-06-14 21:00:00,6/14/2019 21:00,-19.88,-20.56,37.35,5.331,2.544,359.3,5.298,2.391,329.8,357.89,45.29707192488488
2019-06-14 22:00:00,6/14/2019 22:00,-19.7,-20.33,58.89,10.26,2.436,4.463,10.13,2.173,338.9,357.51,71.29718311115114
2019-06-14 23:00:00,6/14/2019 23:00,-19.51,-19.65,83.0,7.13,2.223,5.977,7.264,2.005,334.7,357.47,100.0
2019-06-15 00:00:00,6/15/2019 0:00,-19.6,-19.68,80.3,6.831,2.664,5.615,6.931,2.531,337.4,357.72,97.12483247033546
2019-06-15 01:00:00,6/15/2019 1:00,-19.99,-19.32,50.85,5.631,2.465,359.2,5.564,2.241,331.3,357.94,61.73449092146076
2019-06-15 02:00:00,6/15/2019 2:00,-18.29,-14.72,58.88,5.698,1.666,354.2,5.998,1.433,325.7,358.01,70.32722992668974
2019-06-15 03:00:00,6/15/2019 3:00,-17.41,-11.47,68.82,6.897,2.675,41.47,7.031,2.504,15.04,358.16,81.50701547485919
2019-06-15 04:00:00,6/15/2019 4:00,-17.57,-11.43,80.2,6.964,2.809,55.37,7.197,2.628,26.78,358.2,95.13129553422348
2019-06-15 05:00:00,6/15/2019 5:00,-17.61,-11.56,78.05,8.13,3.332,66.47,8.76,3.193,39.41,358.23,92.61665643690532
2019-06-15 06:00:00,6/15/2019 6:00,-17.48,-12.0,82.2,10.53,3.08,173.4,11.7,2.918,140.5,358.34,97.41923846976857
2019-06-15 07:00:00,6/15/2019 7:00,-16.85,-9.4,83.6,7.297,2.779,66.15,6.864,2.549,40.48,358.27,98.4791981206928
2019-06-15 08:00:00,6/15/2019 8:00,-17.06,-9.7,82.5,8.2,3.29,56.79,8.3,3.147,28.82,358.04,97.38021839453965
2019-06-15 09:00:00,6/15/2019 9:00,-17.79,-9.24,75.02,7.897,2.047,22.6,7.797,1.711,354.1,357.84,89.1754393971557
2019-06-15 10:00:00,6/15/2019 10:00,-17.87,-9.56,84.3,7.997,2.426,14.08,7.63,1.981,348.1,357.69,100.0
2019-06-15 11:00:00,6/15/2019 11:00,-18.46,-11.51,54.43,9.06,2.008,356.3,8.03,1.649,325.2,357.74,65.11833992059957
2019-06-15 12:00:00,6/15/2019 12:00,-19.7,-18.05,44.38,8.56,2.919,0.946,8.66,2.633,333.5,357.88,53.7301576918473
2019-06-15 13:00:00,6/15/2019 13:00,-19.41,-19.26,31.44,7.93,3.258,353.9,8.43,3.096,327.0,357.9,37.95827484672399
2019-06-15 14:00:00,6/15/2019 14:00,-20.13,-20.71,40.85,10.06,3.275,354.6,8.5,3.052,326.8,358.2,49.660483086718536
2019-06-15 15:00:00,6/15/2019 15:00,-19.25,-19.95,21.36,10.03,3.692,355.7,10.56,3.589,326.7,358.56,25.748917432622587
2019-06-15 16:00:00,6/15/2019 16:00,-19.42,-20.21,24.09,7.397,2.703,353.2,7.13,2.607,325.9,358.81,29.087229569043885
2019-06-15 17:00:00,6/15/2019 17:00,-18.97,-19.84,41.59,6.797,2.98,1.251,7.197,2.908,332.9,358.66,50.00117761219278
2019-06-15 18:00:00,6/15/2019 18:00,-19.01,-19.84,16.52,10.3,3.327,358.6,10.23,3.214,329.8,358.21,19.868634889836088
2019-06-15 19:00:00,6/15/2019 19:00,-19.38,-20.21,12.37,6.864,3.346,355.2,6.831,3.256,327.6,358.11,14.930306842513044
2019-06-15 20:00:00,6/15/2019 20:00,-18.83,-19.92,9.35,7.697,3.011,357.5,7.597,2.917,329.6,357.72,11.225855644010899
2019-06-15 21:00:00,6/15/2019 21:00,-18.71,-19.92,23.92,6.031,2.641,0.497,5.931,2.494,332.4,357.24,28.685918661569623
2019-06-15 22:00:00,6/15/2019 22:00,-19.52,-20.48,19.18,9.06,3.29,5.154,9.16,3.127,335.9,357.2,23.18090616844732
2019-06-15 23:00:00,6/15/2019 23:00,-20.09,-21.06,11.59,6.964,3.116,2.129,7.031,2.934,334.4,357.17,14.084325669758352
2019-06-16 00:00:00,6/16/2019 0:00,-19.86,-19.28,16.27,7.697,2.75,358.5,7.697,2.494,332.6,357.4,19.728038275438774
2019-06-16 01:00:00,6/16/2019 1:00,-18.35,-15.07,19.1,6.831,2.005,8.86,7.264,1.593,343.5,357.6,22.826505903294194
2019-06-16 02:00:00,6/16/2019 2:00,-17.5,-13.71,23.68,9.2,3.026,36.76,9.3,2.719,12.4,357.6,28.06972778206246
2019-06-16 03:00:00,6/16/2019 3:00,-17.47,-12.9,33.44,8.7,3.095,44.35,8.43,2.801,20.72,357.98,39.62756485031233
2019-06-16 04:00:00,6/16/2019 4:00,-17.42,-12.09,40.01,9.06,3.017,49.82,8.3,2.715,20.43,358.11,47.39043280491331
2019-06-16 05:00:00,6/16/2019 5:00,-17.17,-10.86,57.41,9.63,2.834,48.43,10.06,2.494,19.49,358.07,67.83665280005097
2019-06-16 06:00:00,6/16/2019 6:00,-17.34,-10.2,82.0,10.8,3.253,50.25,11.03,2.943,20.45,358.07,97.05134225347528
2019-06-16 07:00:00,6/16/2019 7:00,-16.84,-8.36,80.1,8.93,2.909,48.22,9.03,2.669,21.83,358.13,94.34717424165254
2019-06-16 08:00:00,6/16/2019 8:00,-17.38,-10.83,82.4,10.6,3.962,56.55,9.96,3.854,30.89,357.98,97.56232170508501
2019-06-16 09:00:00,6/16/2019 9:00,-17.27,-9.52,82.3,10.26,2.942,51.73,10.26,2.769,21.69,357.53,97.34078890513771
2019-06-16 10:00:00,6/16/2019 10:00,-16.74,-11.09,83.8,9.16,3.565,49.17,9.26,3.427,19.48,357.49,98.61021565973844
2019-06-16 11:00:00,6/16/2019 11:00,-16.62,-11.44,82.8,9.76,2.881,35.24,10.06,2.549,10.91,357.41,97.32086013222882
2019-06-16 12:00:00,6/16/2019 12:00,-17.89,-14.48,80.1,11.9,2.331,12.11,11.63,2.067,348.0,357.15,95.30559172834037
2019-06-16 13:00:00,6/16/2019 13:00,-21.66,-20.88,81.0,9.7,2.605,359.0,9.73,2.3,329.0,356.95,99.91969996795171
2019-06-16 14:00:00,6/16/2019 14:00,-21.83,-21.59,80.5,13.56,3.888,14.5,12.96,3.646,344.3,357.24,99.46395318407428
2019-06-16 15:00:00,6/16/2019 15:00,-20.97,-21.4,82.8,8.9,2.548,8.15,8.16,2.141,343.0,357.63,100.0
2019-06-16 16:00:00,6/16/2019 16:00,-19.7,-19.91,82.7,7.664,1.565,358.4,7.697,1.152,337.9,357.74,100.0
2019-06-16 17:00:00,6/16/2019 17:00,-19.78,-20.12,81.4,8.33,3.503,8.31,8.6,3.366,341.3,357.83,98.62522756395806
2019-06-16 18:00:00,6/16/2019 18:00,-20.66,-21.04,80.7,7.963,4.503,11.31,7.73,4.195,344.8,357.43,98.60383971576114
2019-06-16 19:00:00,6/16/2019 19:00,-20.93,-21.44,82.4,7.597,4.099,4.376,7.864,3.811,338.0,357.34,100.0
2019-06-16 20:00:00,6/16/2019 20:00,-20.99,-21.54,78.91,9.06,3.01,356.4,9.53,2.745,329.6,356.52,96.72118365820744
2019-06-16 21:00:00,6/16/2019 21:00,-22.02,-22.53,75.48,8.06,2.816,347.5,8.26,2.379,319.4,356.27,93.43032921613641
2019-06-16 22:00:00,6/16/2019 22:00,-21.92,-22.31,71.4,7.897,2.092,332.3,7.697,1.702,307.1,356.03,88.295889249219
2019-06-16 23:00:00,6/16/2019 23:00,-21.36,-21.56,61.92,8.63,2.359,339.1,8.83,1.981,313.6,356.04,76.16481793922763
2019-06-17 00:00:00,6/17/2019 0:00,-20.33,-18.75,52.54,8.53,2.314,2.067,8.33,1.988,332.6,356.21,63.99410884544686
2019-06-17 01:00:00,6/17/2019 1:00,-18.77,-14.52,43.78,8.9,2.347,6.981,8.56,2.161,338.9,356.44,52.533155452960735
2019-06-17 02:00:00,6/17/2019 2:00,-17.57,-11.96,40.84,7.264,1.134,322.3,7.664,0.874,317.3,356.34,48.44341782565695
2019-06-17 03:00:00,6/17/2019 3:00,-16.91,-11.37,50.62,9.5,3.133,47.35,9.96,2.84,17.6,356.22,59.66387018325339
2019-06-17 04:00:00,6/17/2019 4:00,-17.39,-11.11,51.05,15.53,2.664,33.77,16.36,2.327,4.166,356.32,60.449465452028235
2019-06-17 05:00:00,6/17/2019 5:00,-18.81,-13.64,80.4,17.56,3.771,19.2,18.33,3.621,345.5,356.12,96.51182411635966
2019-06-17 06:00:00,6/17/2019 6:00,-17.69,-9.5,82.7,14.79,3.663,45.95,14.03,3.438,18.43,356.19,98.21005591279685
2019-06-17 07:00:00,6/17/2019 7:00,-18.73,-11.33,82.8,17.66,4.69,85.7,18.23,4.61,58.51,356.34,99.31647770192335
2019-06-17 08:00:00,6/17/2019 8:00,-19.28,-16.07,71.18,22.99,8.11,242.9,22.99,8.23,218.0,356.48,85.83030202367328
2019-06-17 09:00:00,6/17/2019 9:00,-18.88,-16.35,68.29,23.49,7.874,240.4,23.99,7.906,214.9,356.37,82.03012195240555
2019-06-17 10:00:00,6/17/2019 10:00,-18.79,-15.53,72.2,22.02,7.007,222.6,22.66,7.028,231.8,355.85,86.65194239177993
2019-06-17 11:00:00,6/17/2019 11:00,-17.91,-16.97,83.4,23.79,11.27,239.6,24.69,11.5,214.0,356.03,99.25112552340451
2019-06-17 12:00:00,6/17/2019 12:00,-17.17,-16.56,83.8,26.59,10.58,241.4,26.62,10.69,214.1,356.17,99.01953500512579
2019-06-17 13:00:00,6/17/2019 13:00,-16.97,-16.63,84.1,22.49,5.265,160.0,22.76,5.14,116.3,356.5,99.18278589620931
2019-06-17 14:00:00,6/17/2019 14:00,-17.43,-17.43,83.3,13.16,3.96,48.35,13.79,2.879,21.64,356.49,98.67540673777826
2019-06-17 15:00:00,6/17/2019 15:00,-18.2,-18.22,83.8,22.76,3.629,27.87,23.22,3.25,358.9,356.83,100.0
2019-06-17 16:00:00,6/17/2019 16:00,-17.74,-17.77,82.7,7.63,2.942,53.58,7.63,2.561,25.71,357.06,98.25730386482263
2019-06-17 17:00:00,6/17/2019 17:00,-18.29,-18.35,81.9,12.4,3.837,49.42,11.66,3.522,21.1,356.81,97.82269244218563
2019-06-17 18:00:00,6/17/2019 18:00,-19.34,-19.46,81.1,9.43,3.779,38.84,9.46,3.56,10.58,356.51,97.84831431481969
2019-06-17 19:00:00,6/17/2019 19:00,-20.22,-20.41,82.1,15.59,4.49,4.232,15.53,4.28,334.4,356.13,99.89323004821281
2019-06-17 20:00:00,6/17/2019 20:00,-19.84,-19.83,82.3,14.39,3.79,23.85,13.99,3.338,353.6,355.86,99.77299427004563
2019-06-17 21:00:00,6/17/2019 21:00,-19.21,-19.22,82.9,10.6,3.043,27.42,10.23,2.65,3.204,355.6,99.89544127263053
2019-06-17 22:00:00,6/17/2019 22:00,-19.14,-19.1,82.2,16.56,3.495,55.04,17.16,3.165,25.26,355.5,98.98545738219023
2019-06-17 23:00:00,6/17/2019 23:00,-19.85,-19.9,80.8,20.69,5.868,30.71,21.39,5.722,5.974,355.42,97.96391235291722
2019-06-18 00:00:00,6/18/2019 0:00,-20.75,-20.53,81.5,17.39,5.163,231.9,18.23,5.097,209.6,355.46,99.66701409389658
2019-06-18 01:00:00,6/18/2019 1:00,-21.1,-19.75,66.87,19.66,4.904,259.4,19.86,4.799,228.1,355.66,82.04971113770299
2019-06-18 02:00:00,6/18/2019 2:00,-20.68,-17.75,58.39,24.76,5.111,270.3,25.52,4.963,245.1,355.76,71.35785470537655
2019-06-18 03:00:00,6/18/2019 3:00,-19.65,-16.98,47.37,24.06,6.508,257.2,24.92,6.373,231.9,355.58,57.32263869893029
2019-06-18 04:00:00,6/18/2019 4:00,-19.09,-16.3,82.0,20.86,6.856,215.7,21.42,6.664,190.6,356.05,98.6972706536404
2019-06-18 05:00:00,6/18/2019 5:00,-18.91,-14.16,77.2,20.43,4.73,97.5,20.89,4.522,71.0,356.18,92.75953769358246
2019-06-18 06:00:00,6/18/2019 6:00,-19.32,-15.96,58.35,24.99,7.984,231.2,25.56,7.91,205.6,356.05,70.38661488077547
2019-06-18 07:00:00,6/18/2019 7:00,-19.48,-15.53,74.44,18.86,6.147,225.8,19.46,6.021,197.0,355.97,89.93353877786681
2019-06-18 08:00:00,6/18/2019 8:00,-19.36,-14.92,77.67,19.73,5.668,238.3,20.23,5.519,211.1,356.0,93.7279397506803
2019-06-18 09:00:00,6/18/2019 9:00,-19.35,-13.97,73.93,14.89,4.021,132.6,15.56,3.854,100.7,355.7,89.20615826022966
2019-06-18 10:00:00,6/18/2019 10:00,-20.11,-14.33,74.7,13.03,3.103,356.7,12.99,2.949,332.3,355.41,90.79383378460712
2019-06-18 11:00:00,6/18/2019 11:00,-20.83,-14.23,59.03,8.73,3.055,356.6,9.03,2.816,327.6,355.55,72.24346940457023
2019-06-18 12:00:00,6/18/2019 12:00,-21.12,-20.12,57.99,10.26,4.386,357.6,11.4,4.237,330.6,355.81,71.16750969559791
2019-06-18 13:00:00,6/18/2019 13:00,-21.3,-21.14,79.82,11.1,4.943,5.056,11.53,4.754,335.7,355.84,98.12655246317375
2019-06-18 14:00:00,6/18/2019 14:00,-20.67,-20.94,82.0,11.9,4.847,4.407,12.26,4.637,334.9,356.27,100.0
2019-06-18 15:00:00,6/18/2019 15:00,-18.97,-19.09,83.5,10.33,4.378,13.12,10.3,4.248,343.7,356.39,100.0
2019-06-18 16:00:00,6/18/2019 16:00,-17.86,-17.78,83.1,19.66,6.795,264.4,20.23,6.853,237.4,356.78,98.84656869114656
2019-06-18 17:00:00,6/18/2019 17:00,-18.14,-17.97,82.9,22.02,12.23,249.1,22.72,12.66,221.7,356.39,98.87447848331921
2019-06-18 18:00:00,6/18/2019 18:00,-19.46,-19.41,81.5,21.82,14.43,249.3,23.19,15.1,223.1,356.26,98.44409650192569
2019-06-18 19:00:00,6/18/2019 19:00,-20.52,-20.36,80.2,23.76,10.06,245.3,24.92,10.46,218.8,355.97,97.86185107000392
2019-06-18 20:00:00,6/18/2019 20:00,-20.54,-20.52,80.7,14.59,4.669,45.81,15.43,4.333,17.2,355.51,98.49079390645338
2019-06-18 21:00:00,6/18/2019 21:00,-21.13,-21.22,80.6,12.33,4.087,38.14,12.59,3.648,9.07,355.02,98.92479621658828
2019-06-18 22:00:00,6/18/2019 22:00,-21.9,-22.02,79.54,10.6,3.672,12.34,10.5,3.268,341.8,355.09,98.34337386267417
2019-06-18 23:00:00,6/18/2019 23:00,-22.86,-23.18,79.23,10.76,3.158,354.4,10.7,2.869,322.7,355.21,98.85904392571506
2019-06-19 00:00:00,6/19/2019 0:00,-22.5,-21.88,78.29,10.16,4.129,15.15,10.36,3.754,345.7,355.37,97.3523765149673
2019-06-19 01:00:00,6/19/2019 1:00,-21.47,-19.27,66.48,9.96,4.237,41.08,10.73,3.918,11.14,355.65,81.85971312874875
2019-06-19 02:00:00,6/19/2019 2:00,-20.67,-18.62,80.5,11.73,6.271,35.76,10.76,5.961,8.39,355.75,98.36886986245337
2019-06-19 03:00:00,6/19/2019 3:00,-20.59,-18.1,80.2,9.8,5.577,39.49,10.13,5.301,11.31,355.94,97.92736482344066
2019-06-19 04:00:00,6/19/2019 4:00,-20.07,-17.4,81.1,12.89,4.886,36.0,13.23,4.565,6.845,356.31,98.53495960120223
2019-06-19 05:00:00,6/19/2019 5:00,-19.25,-15.84,80.0,11.5,4.227,38.8,11.7,3.972,10.57,356.38,96.4378930060771
2019-06-19 06:00:00,6/19/2019 6:00,-19.03,-15.16,81.4,11.16,3.69,49.29,11.46,3.514,22.03,356.64,97.9187188355571
2019-06-19 07:00:00,6/19/2019 7:00,-18.81,-14.24,80.8,8.5,4.64,49.02,8.53,4.436,21.07,356.66,96.99198244529676
2019-06-19 08:00:00,6/19/2019 8:00,-18.0,-12.6,82.9,9.3,4.107,38.26,9.4,3.748,13.17,356.65,98.7415036561671
2019-06-19 09:00:00,6/19/2019 9:00,-17.11,-11.49,84.7,11.1,3.239,24.22,10.96,2.788,352.3,356.7,100.0
2019-06-19 10:00:00,6/19/2019 10:00,-16.57,-11.75,82.9,9.73,3.23,22.79,9.66,2.781,353.9,356.74,97.39144603448362
2019-06-19 11:00:00,6/19/2019 11:00,-17.01,-13.67,82.4,10.36,2.959,28.64,10.3,2.528,356.6,356.94,97.21535236390771
2019-06-19 12:00:00,6/19/2019 12:00,-17.17,-15.52,83.8,10.16,3.169,19.84,10.23,2.816,353.0,357.01,99.01953500512579
2019-06-19 13:00:00,6/19/2019 13:00,-17.11,-16.47,83.7,10.16,1.495,338.1,9.16,1.023,316.6,357.45,98.8442446954417
2019-06-19 14:00:00,6/19/2019 14:00,-17.53,-17.53,83.6,10.26,2.701,33.46,9.1,2.252,9.47,357.62,99.12613187977433
2019-06-19 15:00:00,6/19/2019 15:00,-17.77,-17.8,83.8,10.6,3.843,47.36,10.36,3.557,20.36,357.89,99.59296760131164
2019-06-19 16:00:00,6/19/2019 16:00,-17.68,-17.65,83.8,13.69,5.027,52.51,14.06,4.822,26.25,358.01,99.5067834623029
2019-06-19 17:00:00,6/19/2019 17:00,-17.68,-17.64,83.6,21.52,5.78,44.92,21.82,5.661,15.65,357.72,99.26929710559097
2019-06-19 18:00:00,6/19/2019 18:00,-17.47,-17.34,84.4,22.59,12.93,245.8,23.12,13.26,219.5,357.64,100.0
2019-06-19 19:00:00,6/19/2019 19:00,-17.13,-17.06,84.2,22.76,14.81,242.0,23.26,15.34,215.2,357.29,99.45386573978102
2019-06-19 20:00:00,6/19/2019 20:00,-17.64,-17.56,82.8,20.36,12.47,239.1,21.02,12.87,212.3,357.13,98.28152360670985
2019-06-19 21:00:00,6/19/2019 21:00,-18.86,-18.83,82.3,21.56,13.07,243.6,21.96,13.51,217.4,356.98,98.83999653365463
2019-06-19 22:00:00,6/19/2019 22:00,-19.24,-19.19,82.7,18.59,7.246,246.2,19.16,7.311,219.4,356.82,99.68311261004274
2019-06-19 23:00:00,6/19/2019 23:00,-19.77,-19.88,80.9,17.49,4.824,269.6,17.89,4.825,243.9,357.15,98.01003376403656
2019-06-20 00:00:00,6/20/2019 0:00,-20.97,-20.31,80.6,7.93,2.748,1.354,7.497,2.336,333.2,357.35,98.7737738062171
2019-06-20 01:00:00,6/20/2019 1:00,-19.84,-17.45,80.6,12.79,3.134,35.8,13.89,2.834,3.079,357.55,97.71206972254771
2019-06-20 02:00:00,6/20/2019 2:00,-19.03,-16.52,81.3,12.23,3.19,57.43,12.0,2.983,29.59,357.65,97.79842556917434
2019-06-20 03:00:00,6/20/2019 3:00,-18.3,-15.2,81.6,9.9,3.378,52.49,9.93,3.164,28.69,357.94,97.47373281469818
2019-06-20 04:00:00,6/20/2019 4:00,-18.04,-14.64,82.1,18.46,3.877,55.79,19.09,3.773,32.73,358.17,97.82624211513541
2019-06-20 05:00:00,6/20/2019 5:00,-18.63,-15.64,83.0,19.13,8.14,253.7,19.33,8.15,228.6,358.38,99.4608362318156
2019-06-20 06:00:00,6/20/2019 6:00,-17.83,-13.79,77.09,17.49,5.159,252.3,17.53,5.095,225.5,358.34,91.67128535052152
2019-06-20 07:00:00,6/20/2019 7:00,-19.16,-15.48,74.74,18.93,8.32,249.2,19.76,8.36,222.9,358.49,90.01937187122789
2019-06-20 08:00:00,6/20/2019 8:00,-18.0,-13.72,83.0,20.96,5.503,249.4,21.82,5.4,220.1,358.57,98.86061282824932
2019-06-20 09:00:00,6/20/2019 9:00,-17.6,-12.68,73.51,19.63,4.136,222.8,20.89,4.023,199.8,358.58,87.22095307370742
2019-06-20 10:00:00,6/20/2019 10:00,-17.94,-12.46,77.26,12.66,2.535,41.53,13.23,2.326,10.96,358.51,91.97067482050676
2019-06-20 11:00:00,6/20/2019 11:00,-19.01,-13.35,63.6,9.1,2.236,315.4,9.9,1.992,287.3,358.44,76.49183892212925
2019-06-20 12:00:00,6/20/2019 12:00,-20.59,-18.71,59.99,12.59,2.604,343.7,12.83,2.277,313.1,358.44,73.25015730371827
2019-06-20 13:00:00,6/20/2019 13:00,-21.02,-20.2,56.61,6.564,2.243,352.5,6.431,2.038,322.1,358.83,69.40761761508578
2019-06-20 14:00:00,6/20/2019 14:00,-21.07,-20.85,53.56,7.164,2.634,341.1,7.23,2.441,312.0,359.22,65.69947557213278
2019-06-20 15:00:00,6/20/2019 15:00,-20.95,-20.85,51.39,7.297,2.882,349.8,7.23,2.638,321.8,359.48,62.96544319747087
2019-06-20 16:00:00,6/20/2019 16:00,-21.09,-20.97,46.59,6.497,2.928,340.6,6.564,2.602,314.0,359.51,57.16062628177623
2019-06-20 17:00:00,6/20/2019 17:00,-20.87,-20.73,44.19,6.931,3.219,345.1,6.997,3.046,318.0,359.62,54.10230573471061
2019-06-20 18:00:00,6/20/2019 18:00,-20.65,-20.6,41.04,6.997,2.721,346.9,6.831,2.572,318.3,359.37,50.14020834549869
2019-06-20 19:00:00,6/20/2019 19:00,-20.44,-20.2,35.04,12.36,3.34,303.8,12.69,3.233,277.2,359.05,42.723904293502684
2019-06-20 20:00:00,6/20/2019 20:00,-20.22,-19.75,29.17,14.39,7.83,263.7,14.59,7.84,237.2,358.93,35.491906461709725
2019-06-20 21:00:00,6/20/2019 21:00,-19.96,-19.58,31.6,12.1,7.152,261.3,12.43,7.07,235.1,358.86,38.35299334989153
2019-06-20 22:00:00,6/20/2019 22:00,-19.52,-19.35,28.13,12.3,3.746,282.3,12.43,3.467,251.6,358.81,33.997856648510066
2019-06-20 23:00:00,6/20/2019 23:00,-19.5,-19.67,23.44,11.16,2.494,306.1,11.33,2.088,272.4,358.91,28.324103418205706
2019-06-21 00:00:00,6/21/2019 0:00,-19.03,-17.69,23.38,9.36,2.114,348.9,9.8,1.555,311.2,359.12,28.124565680286544
2019-06-21 01:00:00,6/21/2019 1:00,-17.68,-14.52,20.26,7.93,1.667,29.53,7.897,1.07,323.4,359.25,24.057367934919537
2019-06-21 02:00:00,6/21/2019 2:00,-17.51,-14.56,15.34,10.56,2.668,257.8,11.13,2.228,226.6,359.49,18.185433423345863
2019-06-21 03:00:00,6/21/2019 3:00,-18.28,-16.11,11.96,9.66,6.401,247.4,9.7,6.396,220.5,359.6,14.283846030569038
2019-06-21 04:00:00,6/21/2019 4:00,-17.75,-15.42,19.13,10.66,6.165,256.6,10.9,6.072,229.6,359.87,22.730871042910177
2019-06-21 05:00:00,6/21/2019 5:00,-17.6,-14.94,25.31,9.8,5.645,258.2,9.9,5.563,231.4,359.85,30.030775708006182
2019-06-21 06:00:00,6/21/2019 6:00,-17.53,-14.46,35.77,9.86,5.631,245.0,10.1,5.661,218.4,359.81,42.41317867631015
2019-06-21 07:00:00,6/21/2019 7:00,-16.99,-13.88,19.84,11.06,6.498,239.2,11.43,6.635,212.3,359.77,23.402682697113455
2019-06-21 08:00:00,6/21/2019 8:00,-16.07,-13.6,13.91,11.06,7.804,237.9,11.26,8.03,211.2,359.72,16.262946388310755
2019-06-21 09:00:00,6/21/2019 9:00,-16.08,-13.33,26.48,11.0,6.259,247.3,11.56,6.326,220.9,359.76,30.962212169316935
2019-06-21 10:00:00,6/21/2019 10:00,-15.61,-13.24,16.37,10.0,6.6,251.7,10.33,6.626,225.5,359.52,19.054281184558132
2019-06-21 11:00:00,6/21/2019 11:00,-16.21,-14.0,57.46,10.03,6.556,241.3,10.6,6.706,215.3,359.48,67.27044097256608
2019-06-21 12:00:00,6/21/2019 12:00,-16.37,-15.31,83.2,9.13,5.076,234.3,9.6,5.114,208.2,359.54,97.55558855692966
2019-06-21 13:00:00,6/21/2019 13:00,-16.37,-15.94,85.6,9.5,6.242,241.8,9.7,6.451,215.5,359.71,100.0
2019-06-21 14:00:00,6/21/2019 14:00,-16.21,-16.22,84.9,10.2,6.555,245.8,10.26,6.763,219.2,359.97,99.39541313210687
2019-06-21 15:00:00,6/21/2019 15:00,-16.34,-16.35,84.7,11.56,7.147,244.9,12.53,7.49,218.7,359.82,99.28567524914952
2019-06-21 16:00:00,6/21/2019 16:00,-16.51,-16.51,84.5,12.43,8.5,227.1,13.53,9.12,200.4,360.12,99.21373201424734
2019-06-21 17:00:00,6/21/2019 17:00,-17.1,-17.1,83.7,11.26,7.587,229.9,12.06,8.16,203.4,359.91,98.83472586035747
2019-06-21 18:00:00,6/21/2019 18:00,-17.4,-17.33,83.9,10.76,7.094,220.1,10.96,7.428,193.0,359.56,99.35746027222234
2019-06-21 19:00:00,6/21/2019 19:00,-17.31,-17.24,84.1,9.86,5.544,219.6,11.0,5.727,192.0,359.41,99.50806139872869
2019-06-21 20:00:00,6/21/2019 20:00,-17.26,-17.14,84.2,12.1,5.903,229.1,12.59,6.169,202.5,359.18,99.57843699884862
2019-06-21 21:00:00,6/21/2019 21:00,-18.13,-18.03,82.9,15.46,9.78,225.6,16.93,10.41,197.2,358.35,98.86497557946501
2019-06-21 22:00:00,6/21/2019 22:00,-19.11,-18.94,78.19,16.53,10.76,218.8,17.43,11.2,191.9,358.75,94.12951496555617
2019-06-21 23:00:00,6/21/2019 23:00,-17.92,-17.88,83.8,13.66,9.21,225.5,14.79,9.74,199.3,358.62,99.73674007440641
2019-06-22 00:00:00,6/22/2019 0:00,-17.48,-17.25,83.2,14.09,9.53,213.8,15.13,9.79,187.1,358.63,98.60438735626211
2019-06-22 01:00:00,6/22/2019 1:00,-17.12,-16.39,83.4,14.16,10.41,210.4,15.66,10.46,182.6,358.86,98.4994497045114
2019-06-22 02:00:00,6/22/2019 2:00,-16.6,-15.87,83.3,17.26,9.85,211.1,16.99,9.5,183.0,358.9,97.88967309138042
2019-06-22 03:00:00,6/22/2019 3:00,-16.32,-15.68,82.1,20.36,14.07,222.0,22.32,14.93,196.7,357.99,96.21938452959738
2019-06-22 04:00:00,6/22/2019 4:00,-16.66,-15.47,83.6,19.56,13.11,214.1,22.16,15.77,187.4,359.06,98.29904997400249
2019-06-22 05:00:00,6/22/2019 5:00,-15.68,-14.53,84.4,20.03,12.13,210.5,19.83,13.91,183.4,359.36,98.30596129344853
2019-06-22 06:00:00,6/22/2019 6:00,-14.78,-14.28,84.8,17.09,11.0,214.2,17.46,11.12,186.9,359.74,97.91674984275105
2019-06-22 07:00:00,6/22/2019 7:00,-15.15,-14.97,84.4,16.13,9.66,211.2,16.43,9.44,183.0,359.7,97.8040168437365
2019-06-22 08:00:00,6/22/2019 8:00,-15.35,-15.13,85.2,14.69,11.09,212.4,17.16,11.23,184.3,359.51,98.92202286864972
2019-06-22 09:00:00,6/22/2019 9:00,-15.98,-15.46,78.55,13.46,10.39,205.3,16.36,11.14,179.5,359.48,91.75741012067532
2019-06-22 10:00:00,6/22/2019 10:00,-17.89,-16.86,73.86,12.76,8.3,210.3,14.76,8.81,184.7,359.25,87.88103626785545
2019-06-22 11:00:00,6/22/2019 11:00,-17.72,-16.59,76.01,12.99,9.15,206.0,14.53,9.51,180.3,359.31,90.29142653586604
2019-06-22 12:00:00,6/22/2019 12:00,-17.76,-17.39,72.01,12.66,9.05,207.3,13.86,9.31,182.1,359.53,85.57279017074472
2019-06-22 13:00:00,6/22/2019 13:00,-18.55,-18.51,55.61,15.83,9.12,214.0,16.83,9.64,190.0,359.71,66.58758742049045
2019-06-22 14:00:00,6/22/2019 14:00,-18.03,-18.21,66.78,17.43,12.4,209.7,18.66,13.24,186.1,359.23,79.56404929373933
2019-06-22 15:00:00,6/22/2019 15:00,-18.35,-18.4,85.0,19.09,16.42,210.0,20.56,17.57,186.7,359.55,100.0
2019-06-22 16:00:00,6/22/2019 16:00,-17.79,-17.8,53.48,18.49,13.14,213.3,20.13,14.3,188.6,359.91,63.57108103119017
2019-06-22 17:00:00,6/22/2019 17:00,-18.78,-18.89,84.3,21.72,16.48,212.5,23.22,17.87,189.3,358.88,100.0
2019-06-22 18:00:00,6/22/2019 18:00,-17.17,-17.16,84.2,22.16,18.16,209.4,24.16,19.42,183.7,359.03,99.49218195025766
2019-06-22 19:00:00,6/22/2019 19:00,-17.78,-17.73,83.5,20.36,14.51,205.4,22.36,15.21,178.2,358.98,99.24597492776641
2019-06-22 20:00:00,6/22/2019 20:00,-18.48,-18.46,82.6,16.36,11.37,215.1,17.83,12.26,189.7,358.59,98.83902699580572
2019-06-22 21:00:00,6/22/2019 21:00,-18.85,-18.84,83.1,15.53,12.03,213.2,16.66,12.69,186.8,358.47,99.7911964492218
2019-06-22 22:00:00,6/22/2019 22:00,-18.12,-18.13,84.6,16.36,12.36,209.9,16.79,13.11,183.3,358.61,100.0
2019-06-22 23:00:00,6/22/2019 23:00,-17.53,-17.49,83.9,14.63,10.44,219.3,15.66,11.29,194.4,358.81,99.48184766403192
2019-06-23 00:00:00,6/23/2019 0:00,-17.48,-17.41,83.8,13.76,10.23,221.3,14.63,10.73,197.5,359.11,99.31547668815823
2019-06-23 01:00:00,6/23/2019 1:00,-17.58,-17.42,82.2,13.19,9.02,239.5,13.09,9.44,215.0,359.45,97.51302939106657
2019-06-23 02:00:00,6/23/2019 2:00,-17.4,-16.6,82.9,14.73,8.59,238.4,15.16,9.03,213.4,359.76,98.17322355860824
2019-06-23 03:00:00,6/23/2019 3:00,-17.57,-16.02,82.8,10.9,7.53,211.9,11.2,8.01,186.4,359.96,98.2153524966796
2019-06-23 04:00:00,6/23/2019 4:00,-16.94,-15.44,83.9,11.9,7.475,231.3,11.9,7.744,205.6,360.25,98.91832593648209
2019-06-23 05:00:00,6/23/2019 5:00,-15.89,-14.51,83.4,11.9,7.521,253.4,11.3,7.388,228.8,360.34,97.33831158005704
2019-06-23 06:00:00,6/23/2019 6:00,-16.53,-15.09,82.1,13.16,8.84,257.6,12.69,8.62,233.3,360.43,96.4144155207986
2019-06-23 07:00:00,6/23/2019 7:00,-16.56,-14.38,74.31,11.6,7.636,253.5,11.3,7.516,229.1,360.66,87.29144425166207
2019-06-23 08:00:00,6/23/2019 8:00,-16.19,-13.69,73.62,9.8,6.268,245.0,9.73,6.265,221.3,360.52,86.1728945895069
2019-06-23 09:00:00,6/23/2019 9:00,-15.19,-12.45,56.71,9.23,5.222,227.5,10.2,5.574,203.8,360.51,65.74182306198303
2019-06-23 10:00:00,6/23/2019 10:00,-15.53,-13.5,40.81,11.26,6.82,225.2,12.0,7.319,202.0,360.41,47.46516513538263
2019-06-23 11:00:00,6/23/2019 11:00,-15.87,-14.39,24.64,12.4,8.05,231.1,13.33,8.48,207.9,360.29,28.752435099700193
2019-06-23 12:00:00,6/23/2019 12:00,-16.17,-16.12,19.25,10.5,7.829,225.0,11.13,8.3,202.9,360.5,22.52795731311423
2019-06-23 13:00:00,6/23/2019 13:00,-16.53,-16.9,12.73,11.33,8.16,232.9,12.06,8.52,210.4,360.7,14.949518996099467
2019-06-23 14:00:00,6/23/2019 14:00,-16.52,-17.15,13.03,10.76,7.551,234.6,11.43,7.829,212.0,361.11,15.300349897047743
2019-06-23 15:00:00,6/23/2019 15:00,-16.01,-16.81,9.66,8.33,6.109,230.8,8.66,6.34,208.1,361.19,11.287501072628805
2019-06-23 16:00:00,6/23/2019 16:00,-16.32,-17.05,7.621,10.03,6.662,236.2,10.43,6.783,212.6,361.42,8.931643477467256
2019-06-23 17:00:00,6/23/2019 17:00,-16.05,-16.82,9.75,8.6,6.231,230.5,9.0,6.416,207.0,361.39,11.39706201636995
2019-06-23 18:00:00,6/23/2019 18:00,-16.2,-16.78,8.48,10.5,7.352,239.8,10.8,7.502,216.1,361.21,9.926876370494684
2019-06-23 19:00:00,6/23/2019 19:00,-15.81,-16.43,7.281,10.33,7.611,215.8,11.06,7.916,191.8,361.14,8.491285698394432
2019-06-23 20:00:00,6/23/2019 20:00,-16.41,-16.9,7.485,9.13,5.961,230.6,9.56,6.104,206.9,360.87,8.779871230942286
2019-06-23 21:00:00,6/23/2019 21:00,-16.49,-16.96,7.703,11.4,8.23,223.6,12.1,8.68,199.8,360.53,9.042556561166998
2019-06-23 22:00:00,6/23/2019 22:00,-16.54,-16.97,8.81,11.36,9.18,225.0,12.13,9.77,201.2,360.46,10.347051059437025
2019-06-23 23:00:00,6/23/2019 23:00,-16.34,-16.79,9.71,10.43,8.23,229.9,10.93,8.65,206.0,360.6,11.382100432930837
2019-06-24 00:00:00,6/24/2019 0:00,-16.29,-16.03,6.709,9.46,7.449,241.9,9.76,7.684,217.7,360.59,7.860525029515777
2019-06-24 01:00:00,6/24/2019 1:00,-16.38,-15.0,11.42,9.66,5.126,249.8,9.9,5.161,224.4,360.97,13.391733889213045
2019-06-24 02:00:00,6/24/2019 2:00,-15.9,-14.33,8.18,7.597,5.444,228.6,7.73,5.684,203.3,361.19,9.548012427959073
2019-06-24 03:00:00,6/24/2019 3:00,-15.52,-13.41,10.68,7.63,5.644,237.0,7.83,5.838,211.2,361.39,12.420460983536849
2019-06-24 04:00:00,6/24/2019 4:00,-15.45,-11.56,9.45,5.964,3.177,206.1,6.064,2.973,180.4,361.51,10.98258764475256
2019-06-24 05:00:00,6/24/2019 5:00,-15.03,-11.45,15.56,6.997,4.166,211.0,7.43,4.255,183.8,361.66,18.010269987726865
2019-06-24 06:00:00,6/24/2019 6:00,-14.57,-10.93,15.6,7.264,4.209,228.1,7.597,4.356,201.1,361.6,17.976446932056458
2019-06-24 07:00:00,6/24/2019 7:00,-14.74,-9.92,23.93,5.931,3.387,208.4,5.798,3.2,180.9,361.7,27.620776276570346
2019-06-24 08:00:00,6/24/2019 8:00,-14.51,-9.75,32.32,6.664,3.764,209.9,7.064,3.689,182.8,361.57,37.22190490837174
2019-06-24 09:00:00,6/24/2019 9:00,-14.83,-10.08,55.74,6.297,3.682,201.1,6.431,3.463,173.9,361.4,64.39290705522156
2019-06-24 10:00:00,6/24/2019 10:00,-15.04,-10.33,59.04,6.431,3.332,201.8,6.831,3.181,175.2,361.36,68.34377299916855
2019-06-24 11:00:00,6/24/2019 11:00,-14.94,-11.61,47.49,7.43,4.085,221.5,7.597,4.19,195.3,361.45,54.92056904719769
2019-06-24 12:00:00,6/24/2019 12:00,-15.65,-14.38,65.39,6.131,1.572,232.4,6.597,1.338,195.4,361.56,76.14176785676727
2019-06-24 13:00:00,6/24/2019 13:00,-15.59,-15.34,72.7,4.931,2.201,234.0,5.298,2.144,207.6,361.83,84.60468894121752
2019-06-24 14:00:00,6/24/2019 14:00,-15.76,-16.27,52.38,3.765,1.519,271.8,3.932,1.323,245.7,362.09,61.05740032761723
2019-06-24 15:00:00,6/24/2019 15:00,-15.06,-15.81,21.7,2.799,1.284,238.5,2.866,0.913,215.9,362.26,25.124433422709508
2019-06-24 16:00:00,6/24/2019 16:00,-15.42,-16.3,21.33,2.232,0.781,187.5,2.066,0.055,211.9,362.39,24.782087675134427
2019-06-24 17:00:00,6/24/2019 17:00,-15.81,-16.69,17.34,2.532,1.049,200.1,2.699,0.321,180.6,362.19,20.222345008949244
2019-06-24 18:00:00,6/24/2019 18:00,-15.9,-16.93,20.69,4.665,1.567,227.8,4.965,1.511,208.3,361.85,24.150168353847587
2019-06-24 19:00:00,6/24/2019 19:00,-15.93,-16.45,28.46,8.36,3.845,226.9,8.53,4.061,201.9,361.41,33.22923208830204
2019-06-24 20:00:00,6/24/2019 20:00,-16.27,-16.73,31.93,6.531,3.488,221.7,6.964,3.591,195.2,361.12,37.40321282089944
2019-06-24 21:00:00,6/24/2019 21:00,-16.81,-17.73,16.33,3.365,0.699,17.12,3.132,0.376,334.9,360.87,19.22901447975893
2019-06-24 22:00:00,6/24/2019 22:00,-16.2,-16.75,48.09,5.898,3.288,226.0,6.164,3.355,201.2,360.69,56.29522224729827
2019-06-24 23:00:00,6/24/2019 23:00,-16.71,-17.06,30.5,6.364,4.646,213.5,6.664,4.837,186.6,360.6,35.87997793827782
2019-06-25 00:00:00,6/25/2019 0:00,-17.12,-16.77,34.03,7.364,5.553,216.6,7.764,5.87,190.4,360.78,40.19108241540195
2019-06-25 01:00:00,6/25/2019 1:00,-16.99,-15.56,28.75,9.3,5.944,233.2,9.96,6.264,207.1,360.94,33.91265763820625
2019-06-25 02:00:00,6/25/2019 2:00,-16.37,-14.55,35.98,8.13,5.475,233.2,8.46,5.736,206.5,361.08,42.1881018783453
2019-06-25 03:00:00,6/25/2019 3:00,-16.18,-13.59,39.48,7.63,4.757,224.2,8.23,5.033,197.5,361.12,46.20724961097378
2019-06-25 04:00:00,6/25/2019 4:00,-15.68,-12.86,36.06,9.4,6.249,230.6,9.9,6.511,203.8,361.28,42.001338438883344
2019-06-25 05:00:00,6/25/2019 5:00,-15.35,-12.09,28.67,9.2,6.003,229.8,9.33,6.16,202.9,361.37,33.28749290662192
2019-06-25 06:00:00,6/25/2019 6:00,-15.33,-11.32,35.84,9.06,4.816,203.0,9.43,4.558,175.6,361.29,41.60423031605511
2019-06-25 07:00:00,6/25/2019 7:00,-15.0,-11.44,39.41,9.7,5.919,211.5,10.36,5.978,184.8,361.21,45.60276201823214
2019-06-25 08:00:00,6/25/2019 8:00,-14.58,-10.72,57.94,9.36,5.53,219.4,10.13,5.584,192.7,361.21,66.77282490156996
2019-06-25 09:00:00,6/25/2019 9:00,-14.33,-10.16,81.6,8.23,4.728,213.7,8.66,4.607,186.7,361.18,93.81261103442714
2019-06-25 10:00:00,6/25/2019 10:00,-14.48,-9.95,86.5,7.997,3.721,214.9,8.36,3.55,187.2,361.02,99.59036742130667
2019-06-25 11:00:00,6/25/2019 11:00,-14.77,-11.45,85.6,7.764,3.96,217.9,7.83,3.875,190.9,361.07,98.83093724205291
2019-06-25 12:00:00,6/25/2019 12:00,-15.09,-13.48,59.88,6.031,2.204,235.1,6.231,1.971,203.6,361.34,69.34964483034479
2019-06-25 13:00:00,6/25/2019 13:00,-15.14,-14.69,47.5,5.864,2.775,242.2,6.231,2.725,216.5,361.48,55.03841143821299
2019-06-25 14:00:00,6/25/2019 14:00,-15.08,-15.36,26.65,5.831,2.606,259.3,5.931,2.564,232.7,361.44,30.861547177214877
2019-06-25 15:00:00,6/25/2019 15:00,-14.42,-14.93,25.95,5.065,2.204,275.1,5.065,2.056,246.6,361.66,29.859775682114936
2019-06-25 16:00:00,6/25/2019 16:00,-14.46,-14.83,28.02,4.798,2.45,261.1,4.898,2.379,234.3,361.67,32.25413091629473
2019-06-25 17:00:00,6/25/2019 17:00,-15.04,-15.27,29.02,4.565,2.872,252.2,4.698,2.883,226.9,361.54,33.59309438407641
2019-06-25 18:00:00,6/25/2019 18:00,-14.72,-14.91,37.81,6.064,3.584,256.3,6.198,3.588,230.6,361.14,43.63308070418509
2019-06-25 19:00:00,6/25/2019 19:00,-14.95,-15.11,36.32,6.497,3.236,263.0,6.697,3.156,234.9,360.62,42.006904157730766
2019-06-25 20:00:00,6/25/2019 20:00,-16.0,-16.12,41.18,7.53,4.637,249.9,7.73,4.692,224.0,360.18,48.113296559394286
2019-06-25 21:00:00,6/25/2019 21:00,-15.87,-15.94,46.05,9.43,5.106,262.7,9.56,5.117,236.4,359.83,53.735780695665326
2019-06-25 22:00:00,6/25/2019 22:00,-15.98,-16.08,35.3,9.13,5.038,257.3,9.36,5.089,231.4,359.47,41.23534789636968
2019-06-25 23:00:00,6/25/2019 23:00,-16.3,-16.51,34.47,9.36,3.617,270.9,9.46,3.576,243.8,359.4,40.3902863350806
2019-06-26 00:00:00,6/26/2019 0:00,-16.4,-16.55,39.14,8.1,3.568,270.2,8.16,3.475,244.3,359.45,45.906616581539325
2019-06-26 01:00:00,6/26/2019 1:00,-16.49,-15.74,39.12,7.797,4.588,244.2,7.897,4.662,218.1,359.61,45.922992687635066
2019-06-26 02:00:00,6/26/2019 2:00,-15.92,-14.07,40.02,11.36,5.802,232.5,12.06,6.002,205.8,359.62,46.721909284663376
2019-06-26 03:00:00,6/26/2019 3:00,-15.33,-13.24,33.74,10.1,6.042,239.4,10.63,6.233,213.0,359.67,39.166482445973756
2019-06-26 04:00:00,6/26/2019 4:00,-15.7,-13.5,29.94,11.53,7.827,240.2,11.96,8.1,213.8,359.75,34.8797256003754
2019-06-26 05:00:00,6/26/2019 5:00,-15.22,-12.9,18.97,11.4,7.593,246.5,11.5,7.746,220.2,359.75,21.997600370406193
2019-06-26 06:00:00,6/26/2019 6:00,-15.36,-12.67,24.45,12.93,7.528,243.9,13.66,7.702,217.3,359.59,28.390576272696897
2019-06-26 07:00:00,6/26/2019 7:00,-14.75,-12.01,17.66,13.16,8.1,251.9,13.36,8.23,225.2,359.41,20.385711354750114
2019-06-26 08:00:00,6/26/2019 8:00,-14.86,-12.11,32.44,14.73,9.17,229.3,15.36,9.55,202.3,359.0,37.48675638326667
2019-06-26 09:00:00,6/26/2019 9:00,-14.79,-12.58,36.73,15.76,9.52,234.3,16.16,9.87,207.8,359.11,42.41544745738257
2019-06-26 10:00:00,6/26/2019 10:00,-15.24,-12.11,77.1,15.23,4.544,259.8,15.53,4.425,229.7,359.16,89.42238990615908
2019-06-26 11:00:00,6/26/2019 11:00,-15.32,-11.22,84.9,8.1,2.563,36.11,8.1,2.195,11.47,359.14,98.54514404654462
2019-06-26 12:00:00,6/26/2019 12:00,-15.12,-13.52,86.5,11.6,2.895,66.85,11.7,2.634,41.93,359.06,100.0
2019-06-26 13:00:00,6/26/2019 13:00,-14.68,-14.13,86.0,12.06,2.252,51.99,12.4,1.99,24.36,,99.20639778254632
2019-06-26 14:00:00,6/26/2019 14:00,-16.68,-16.72,84.4,8.13,2.717,10.85,8.1,2.465,339.5,359.17,99.25884239088025
2019-06-26 15:00:00,6/26/2019 15:00,-16.39,-16.45,84.5,9.23,1.972,0.03,9.26,1.737,341.2,359.57,99.09900518882817
2019-06-26 16:00:00,6/26/2019 16:00,-16.17,-16.16,84.9,6.297,2.8,29.09,6.364,2.587,1.644,359.6,99.35706887705965
2019-06-26 17:00:00,6/26/2019 17:00,-16.59,-16.7,85.0,6.597,1.922,354.5,6.731,1.589,325.5,359.31,99.87779337619615
2019-06-26 18:00:00,6/26/2019 18:00,-16.95,-17.18,84.7,12.23,3.527,294.7,12.73,3.373,266.4,359.04,99.87114863498465
2019-06-26 19:00:00,6/26/2019 19:00,-16.22,-16.28,84.5,11.16,5.26,249.3,11.83,5.288,222.3,358.74,98.93666187132413
2019-06-26 20:00:00,6/26/2019 20:00,-16.12,-16.34,85.1,10.56,2.933,348.7,10.63,2.679,320.6,358.35,99.54309952455692
2019-06-26 21:00:00,6/26/2019 21:00,-17.08,-17.17,84.5,12.83,3.325,238.6,13.39,3.21,215.6,358.01,99.76016535266771
2019-06-26 22:00:00,6/26/2019 22:00,-17.59,-17.7,83.7,11.63,4.446,265.8,11.56,4.374,240.0,357.81,99.30201852810326
2019-06-26 23:00:00,6/26/2019 23:00,-17.58,-17.67,83.8,12.33,3.743,281.5,12.76,3.532,245.8,357.87,99.41109322349608
2019-06-27 00:00:00,6/27/2019 0:00,-16.95,-15.84,85.1,5.464,1.788,2.161,5.698,1.438,330.6,357.88,100.0
2019-06-27 01:00:00,6/27/2019 1:00,-15.5,-14.31,84.8,15.43,3.748,213.3,16.23,3.681,186.1,358.1,98.60034490938854
2019-06-27 02:00:00,6/27/2019 2:00,-15.39,-12.76,85.2,11.06,4.51,264.5,11.06,4.443,237.1,358.35,98.96025069775996
2019-06-27 03:00:00,6/27/2019 3:00,-15.44,-11.81,83.1,16.63,5.14,197.5,17.33,5.118,167.1,358.38,96.56771351612194
2019-06-27 04:00:00,6/27/2019 4:00,-15.72,-9.75,83.5,11.96,2.814,209.8,12.53,2.582,183.1,358.29,97.2952397030303
2019-06-27 05:00:00,6/27/2019 5:00,-15.56,-11.88,85.4,14.33,6.362,221.8,14.99,6.393,194.9,358.6,99.35553941214198
2019-06-27 06:00:00,6/27/2019 6:00,-15.32,-10.3,83.6,13.46,4.604,241.4,13.76,4.563,214.6,358.39,97.0362078008378
2019-06-27 07:00:00,6/27/2019 7:00,-15.48,-8.39,83.7,11.73,2.808,138.8,11.93,2.585,108.6,358.37,97.30253541307069
2019-06-27 08:00:00,6/27/2019 8:00,-13.69,-4.45,83.0,10.43,2.076,61.9,9.93,1.806,39.57,358.29,94.83288555887167
2019-06-27 09:00:00,6/27/2019 9:00,-14.88,-7.98,82.6,6.531,2.712,73.82,6.897,2.34,50.71,358.08,95.46870456619233
2019-06-27 10:00:00,6/27/2019 10:00,-15.79,-6.637,82.3,5.664,1.993,17.09,5.831,1.684,347.9,357.97,95.96180687307276
2019-06-27 11:00:00,6/27/2019 11:00,-15.37,-10.14,84.6,9.5,2.037,27.75,9.63,1.705,355.5,357.98,98.2443666814026
2019-06-27 12:00:00,6/27/2019 12:00,-17.07,-14.58,82.0,6.997,3.05,27.24,7.164,2.711,359.2,358.16,96.79935784838119
2019-06-27 13:00:00,6/27/2019 13:00,-18.72,-16.97,81.0,7.33,2.934,5.876,7.33,2.703,337.5,358.4,97.14809726338524
2019-06-27 14:00:00,6/27/2019 14:00,-19.34,-18.07,80.8,6.631,2.856,6.3,6.497,2.641,337.8,358.38,97.48636000785982
2019-06-27 15:00:00,6/27/2019 15:00,-19.75,-18.15,79.52,6.397,1.781,355.8,6.397,1.562,321.4,358.42,96.31971598622304
2019-06-27 16:00:00,6/27/2019 16:00,-19.9,-18.34,74.32,8.16,3.418,11.49,8.1,3.282,342.4,358.55,90.15055293899617
2019-06-27 17:00:00,6/27/2019 17:00,-19.7,-18.6,71.48,6.664,3.185,9.24,6.264,3.004,341.6,358.58,86.53969517380003
2019-06-27 18:00:00,6/27/2019 18:00,-18.64,-18.27,59.84,6.331,3.08,6.103,6.364,2.969,336.9,358.38,71.71455345070692
2019-06-27 19:00:00,6/27/2019 19:00,-18.22,-17.93,44.51,6.797,2.878,17.93,6.831,2.747,348.6,357.97,53.127720012536585
2019-06-27 20:00:00,6/27/2019 20:00,-18.69,-18.6,29.22,6.797,2.8,8.94,6.664,2.668,340.7,357.6,35.03518465531364
2019-06-27 21:00:00,6/27/2019 21:00,-18.38,-18.76,15.03,5.664,2.983,14.97,5.564,2.837,346.7,357.26,17.967606201861532
2019-06-27 22:00:00,6/27/2019 22:00,-17.15,-17.87,17.3,10.23,3.154,27.69,10.1,3.062,358.3,357.23,20.438043785422746
2019-06-27 23:00:00,6/27/2019 23:00,-17.19,-17.95,31.8,10.2,3.025,3.039,10.16,2.862,335.9,357.31,37.58266931038438
2019-06-28 00:00:00,6/28/2019 0:00,-16.54,-16.46,32.94,7.43,3.23,2.671,6.897,3.134,333.2,357.53,38.686930975920035
2019-06-28 01:00:00,6/28/2019 1:00,-15.52,-13.75,49.43,10.86,3.022,173.3,11.66,3.005,147.0,357.66,57.48533580676278
2019-06-28 02:00:00,6/28/2019 2:00,-15.02,-13.02,81.5,13.69,5.711,259.3,13.89,5.76,232.9,358.21,94.32488128621816
2019-06-28 03:00:00,6/28/2019 3:00,-14.72,-11.87,84.4,13.96,5.946,258.7,14.69,5.998,231.9,358.34,97.39836052454963
2019-06-28 04:00:00,6/28/2019 4:00,-14.62,-12.89,83.2,16.26,10.51,242.1,16.83,10.95,215.7,358.44,95.92075332748026
2019-06-28 05:00:00,6/28/2019 5:00,-14.92,-11.94,57.92,14.26,8.17,237.3,15.06,8.4,210.5,358.63,66.96956156609565
2019-06-28 06:00:00,6/28/2019 6:00,-14.04,-10.25,80.4,16.09,7.813,225.7,16.83,8.01,198.5,358.25,92.17399628641493
2019-06-28 07:00:00,6/28/2019 7:00,-14.17,-11.42,79.02,16.19,9.39,229.8,16.06,9.73,202.7,358.45,90.70594821808398
2019-06-28 08:00:00,6/28/2019 8:00,-14.35,-10.87,53.5,13.29,7.392,222.9,13.49,7.452,196.1,358.21,61.51894462225065
2019-06-28 09:00:00,6/28/2019 9:00,-14.34,-11.18,15.47,13.66,6.601,226.4,14.43,6.631,199.6,358.08,17.787028200300327
2019-06-28 10:00:00,6/28/2019 10:00,-14.1,-8.43,28.33,9.66,2.325,254.7,9.96,2.063,231.7,357.96,32.497587957118384
2019-06-28 11:00:00,6/28/2019 11:00,-15.18,-9.21,36.24,6.464,2.013,309.1,6.531,1.782,282.4,358.09,42.0076438434939
2019-06-28 12:00:00,6/28/2019 12:00,-16.68,-14.31,19.78,4.898,2.148,342.6,5.198,1.869,315.2,358.28,23.262321119568853
2019-06-28 13:00:00,6/28/2019 13:00,-16.68,-16.39,15.83,5.331,2.643,345.9,5.231,2.375,318.4,358.66,18.616913211464862
2019-06-28 14:00:00,6/28/2019 14:00,-16.66,-17.31,10.56,5.531,3.012,358.6,5.631,2.813,330.6,359.01,12.416722101979262
2019-06-28 15:00:00,6/28/2019 15:00,-16.72,-17.58,9.26,6.431,2.366,1.899,6.497,2.148,332.2,359.11,10.894446472510808
2019-06-28 16:00:00,6/28/2019 16:00,-15.84,-16.51,5.278,7.83,2.109,207.5,8.36,1.855,184.8,359.14,6.157119240700069
2019-06-28 17:00:00,6/28/2019 17:00,-16.25,-17.02,7.7,5.564,1.381,280.4,5.664,1.161,256.5,359.0,9.018139289293178
2019-06-28 18:00:00,6/28/2019 18:00,-16.37,-17.27,7.225,6.731,2.359,352.7,6.797,2.15,325.5,358.71,8.471624126488182
2019-06-28 19:00:00,6/28/2019 19:00,-16.36,-17.17,8.81,7.364,1.481,330.1,7.197,1.153,296.6,358.35,10.329108871531592
2019-06-28 20:00:00,6/28/2019 20:00,-16.32,-16.95,5.528,8.4,2.966,211.3,8.96,2.804,186.0,358.17,6.478693759800418
2019-06-28 21:00:00,6/28/2019 21:00,-16.32,-16.89,6.21,7.264,2.192,188.6,7.564,1.95,164.0,358.01,7.277982678791715
2019-06-28 22:00:00,6/28/2019 22:00,-16.52,-17.04,5.702,10.0,3.37,277.7,10.53,3.22,249.8,357.74,6.695517660242996
2019-06-28 23:00:00,6/28/2019 23:00,-16.18,-16.52,24.94,12.59,6.878,250.8,12.96,6.979,224.2,357.86,29.189686051106545
2019-06-29 00:00:00,6/29/2019 0:00,-15.12,-14.61,17.96,8.26,2.817,280.0,8.33,2.686,252.2,357.97,20.806291684521682
2019-06-29 01:00:00,6/29/2019 1:00,-14.98,-13.26,6.276,10.03,3.797,269.6,10.43,3.738,242.7,358.13,7.260787035296245
2019-06-29 02:00:00,6/29/2019 2:00,-13.91,-11.87,27.02,9.53,4.234,260.1,9.7,4.191,232.6,358.44,30.937929117136612
2019-06-29 03:00:00,6/29/2019 3:00,-14.28,-11.57,42.53,8.06,4.163,258.6,8.16,4.123,231.4,358.37,48.87157813302278
2019-06-29 04:00:00,6/29/2019 4:00,-15.06,-13.02,36.17,10.76,7.059,244.2,11.26,7.244,218.0,358.63,41.87791506448862
2019-06-29 05:00:00,6/29/2019 5:00,-14.63,-11.73,43.44,12.36,6.129,236.1,12.96,6.262,209.5,358.9,50.08654427276322
2019-06-29 06:00:00,6/29/2019 6:00,-13.78,-9.76,20.37,10.73,3.989,233.4,11.06,4.051,206.5,358.94,23.294336977385466
2019-06-29 07:00:00,6/29/2019 7:00,-14.14,-11.33,12.78,11.46,6.792,238.9,11.73,7.021,211.7,358.91,14.665724376341483
2019-06-29 08:00:00,6/29/2019 8:00,-13.86,-11.05,15.07,10.26,6.727,237.4,10.8,6.929,210.8,358.85,17.246816383732792
2019-06-29 09:00:00,6/29/2019 9:00,-13.68,-11.15,15.19,11.73,6.88,243.0,12.13,7.079,216.5,358.75,17.353880153023145
2019-06-29 10:00:00,6/29/2019 10:00,-13.86,-10.69,57.18,9.93,5.187,227.8,10.66,5.257,200.6,358.56,65.4394798156497
2019-06-29 11:00:00,6/29/2019 11:00,-14.07,-10.61,68.79,11.8,4.28,224.6,12.3,4.188,198.3,358.63,78.88669709198854
2019-06-29 12:00:00,6/29/2019 12:00,-14.63,-13.72,65.61,9.7,3.545,222.9,10.13,3.34,196.8,358.96,75.6486687324124
2019-06-29 13:00:00,6/29/2019 13:00,-14.82,-14.52,34.42,6.198,1.799,226.0,6.231,1.395,188.8,359.25,39.75941161465335
2019-06-29 14:00:00,6/29/2019 14:00,-15.7,-16.21,38.76,3.865,1.435,338.0,3.432,0.86,311.3,359.57,45.15491530629761
2019-06-29 15:00:00,6/29/2019 15:00,-15.77,-16.68,27.95,2.965,0.618,14.76,2.699,0.076,333.2,359.81,32.58341127008058
2019-06-29 16:00:00,6/29/2019 16:00,-15.59,-16.39,22.62,4.298,0.703,340.7,4.265,0.303,336.2,359.88,26.32404489477772
2019-06-29 17:00:00,6/29/2019 17:00,-15.85,-16.85,16.65,3.732,1.381,352.7,3.832,1.085,324.7,359.6,19.425147877353428
2019-06-29 18:00:00,6/29/2019 18:00,-15.99,-17.16,15.99,3.299,0.813,358.2,3.065,0.33,343.9,359.34,18.68036375910834
2019-06-29 19:00:00,6/29/2019 19:00,-15.6,-16.34,19.64,5.931,1.428,265.9,5.864,1.176,235.6,359.07,22.858274307639906
2019-06-29 20:00:00,6/29/2019 20:00,-15.83,-16.69,17.11,3.165,0.613,300.0,2.899,0.05,275.3,358.73,19.957965612664864
2019-06-29 21:00:00,6/29/2019 21:00,-15.87,-16.84,8.97,2.099,0.553,282.8,2.033,0.171,324.2,358.45,10.467099953097026
2019-06-29 22:00:00,6/29/2019 22:00,-16.2,-17.27,10.11,2.932,0.362,219.2,2.965,0.113,221.4,358.3,11.834990578502504
2019-06-29 23:00:00,6/29/2019 23:00,-15.79,-16.32,12.63,4.198,2.483,258.2,4.232,2.419,232.8,358.19,14.726581054761958
2019-06-30 00:00:00,6/30/2019 0:00,-15.15,-14.64,22.8,3.565,1.536,259.5,3.532,1.263,230.9,358.3,26.420990332194222
2019-06-30 01:00:00,6/30/2019 1:00,-14.23,-11.95,22.16,4.332,2.472,242.7,4.398,2.385,215.1,358.57,25.45192514378551
2019-06-30 02:00:00,6/30/2019 2:00,-13.88,-10.3,27.86,5.298,1.913,217.2,5.531,1.662,197.0,358.94,31.890467395387198
2019-06-30 03:00:00,6/30/2019 3:00,-13.96,-10.31,28.8,6.797,3.507,201.0,6.931,3.288,174.7,359.06,32.9919949186948
2019-06-30 04:00:00,6/30/2019 4:00,-14.32,-10.5,29.46,8.3,3.807,208.0,8.86,3.652,180.7,359.25,33.86583528141307
2019-06-30 05:00:00,6/30/2019 5:00,-14.36,-11.59,48.02,11.3,6.804,209.6,11.96,6.866,182.5,359.27,55.22290690569501
2019-06-30 06:00:00,6/30/2019 6:00,-14.88,-11.76,48.91,11.46,6.55,204.7,12.33,6.143,177.7,359.3,56.529955694097666
2019-06-30 07:00:00,6/30/2019 7:00,-14.78,-10.67,64.51,8.03,5.041,210.1,8.23,4.858,182.8,359.27,74.48831995702677
2019-06-30 08:00:00,6/30/2019 8:00,-14.9,-10.57,40.9,8.03,4.662,207.9,8.16,4.685,180.5,359.19,47.28117400622256
2019-06-30 09:00:00,6/30/2019 9:00,-14.36,-10.77,40.54,9.33,5.399,209.9,9.0,5.487,182.7,359.13,46.62092140684872
2019-06-30 10:00:00,6/30/2019 10:00,-14.08,-10.83,34.31,7.897,5.664,202.7,7.997,5.589,174.9,359.01,39.349680649653685
2019-06-30 11:00:00,6/30/2019 11:00,-14.38,-10.96,57.51,6.797,4.139,206.5,6.997,4.028,178.9,358.99,66.14918560047771
2019-06-30 12:00:00,6/30/2019 12:00,-15.11,-13.75,58.73,5.698,2.839,207.9,6.031,2.609,181.2,359.1,68.030926385581
2019-06-30 13:00:00,6/30/2019 13:00,-15.75,-15.36,50.4,5.165,1.841,223.7,5.265,1.615,190.4,359.55,58.743717681022254
2019-06-30 14:00:00,6/30/2019 14:00,-15.4,-15.73,40.69,5.065,2.426,249.5,5.398,2.238,223.8,359.89,47.266215398997716
2019-06-30 15:00:00,6/30/2019 15:00,-15.04,-15.48,38.13,4.731,1.987,263.5,4.998,1.708,233.6,360.09,44.138686728629686
2019-06-30 16:00:00,6/30/2019 16:00,-15.27,-15.69,28.13,4.498,2.356,258.0,4.532,2.143,229.2,360.1,32.63529164641214
2019-06-30 17:00:00,6/30/2019 17:00,-15.92,-16.43,27.94,4.065,1.864,258.0,4.132,1.42,228.0,359.85,32.61894416325573
2019-06-30 18:00:00,6/30/2019 18:00,-16.01,-16.48,40.77,3.832,2.429,256.1,3.932,2.305,223.6,359.47,47.63886322267872
2019-06-30 19:00:00,6/30/2019 19:00,-16.17,-16.78,47.69,4.698,2.339,259.3,4.931,2.151,229.8,359.2,55.810819961684025
2019-06-30 20:00:00,6/30/2019 20:00,-16.28,-16.67,45.96,4.998,3.182,262.3,5.065,3.087,236.5,358.89,53.84332818284552
2019-06-30 21:00:00,6/30/2019 21:00,-16.57,-16.88,49.45,6.297,4.45,246.8,6.397,4.536,221.3,358.62,58.094173780521295
2019-06-30 22:00:00,6/30/2019 22:00,-15.92,-16.23,42.44,5.964,4.554,247.9,6.031,4.652,222.1,358.62,49.54717216494536
2019-06-30 23:00:00,6/30/2019 23:00,-15.86,-16.26,54.07,5.031,3.04,244.5,5.298,3.076,218.7,358.72,63.0882356580097
2019-07-01 00:00:00,7/1/2019 0:00,-15.91,-15.35,51.65,6.397,2.42,223.0,6.464,2.371,198.0,358.81,60.29369656226899
2019-07-01 01:00:00,7/1/2019 1:00,-14.74,-10.92,47.9,4.731,1.187,326.1,4.731,0.816,262.4,359.11,55.28772184069033
2019-07-01 02:00:00,7/1/2019 2:00,-13.94,-8.98,52.84,4.631,1.103,66.23,4.598,0.572,35.37,359.37,60.519429057405915
2019-07-01 03:00:00,7/1/2019 3:00,-13.52,-7.828,69.23,4.432,1.91,45.03,4.398,1.486,14.53,359.59,78.96965246580564
2019-07-01 04:00:00,7/1/2019 4:00,-12.65,-5.49,62.89,4.898,0.967,56.52,4.898,0.684,18.2,359.72,71.13544112083859
2019-07-01 05:00:00,7/1/2019 5:00,-12.81,-8.34,50.58,7.764,4.033,172.6,7.53,3.648,150.0,359.7,57.30030457846036
2019-07-01 06:00:00,7/1/2019 6:00,-13.23,-10.41,45.24,13.19,7.801,195.3,13.39,6.638,169.0,359.66,51.459842638558165
2019-07-01 07:00:00,7/1/2019 7:00,-13.2,-10.37,53.9,11.5,8.31,198.7,11.66,6.993,171.8,359.5,61.29264820327968
2019-07-01 08:00:00,7/1/2019 8:00,-13.37,-10.44,57.45,11.0,8.22,198.6,11.7,7.108,171.4,359.41,65.43723371891349
2019-07-01 09:00:00,7/1/2019 9:00,-13.62,-10.26,72.48,10.2,6.298,198.3,10.96,5.797,171.8,359.5,82.75698778138165
2019-07-01 10:00:00,7/1/2019 10:00,-13.64,-10.4,55.59,9.8,6.163,197.7,10.16,5.766,171.1,359.35,63.48443755735116
2019-07-01 11:00:00,7/1/2019 11:00,-13.93,-11.03,79.46,11.96,6.922,206.4,12.43,6.831,178.5,359.31,90.99940135266738
2019-07-01 12:00:00,7/1/2019 12:00,-14.44,-13.64,77.95,11.13,8.08,211.4,11.7,8.28,183.7,359.41,89.71174757597721
2019-07-01 13:00:00,7/1/2019 13:00,-14.95,-14.49,86.8,9.9,5.689,209.7,10.33,5.697,182.6,359.58,100.0
2019-07-01 14:00:00,7/1/2019 14:00,-14.51,-14.49,86.4,8.13,4.523,215.9,8.66,4.654,188.8,359.84,99.5041022303007
2019-07-01 15:00:00,7/1/2019 15:00,-13.93,-13.91,85.7,4.398,1.612,176.5,4.665,1.14,167.1,360.06,98.14559144127354
2019-07-01 16:00:00,7/1/2019 16:00,-14.77,-14.77,85.4,7.264,1.887,207.3,7.564,1.528,182.9,360.23,98.60002383728177
2019-07-01 17:00:00,7/1/2019 17:00,-15.32,-15.46,86.0,9.56,3.288,209.8,9.7,3.133,178.0,360.11,99.82193625445038
2019-07-01 18:00:00,7/1/2019 18:00,-15.76,-15.84,84.3,6.331,3.659,222.3,6.897,3.726,195.6,359.93,98.26534646082726
2019-07-01 19:00:00,7/1/2019 19:00,-16.54,-16.88,84.2,6.231,1.772,201.4,7.064,1.324,174.7,359.8,98.89009071561833
2019-07-01 20:00:00,7/1/2019 20:00,-16.95,-17.3,83.1,6.131,2.78,199.1,6.131,2.509,173.1,359.56,97.98456259229307
2019-07-01 21:00:00,7/1/2019 21:00,-17.55,-18.1,63.34,7.963,4.653,189.5,8.83,4.38,163.4,359.34,75.11791466433873
2019-07-01 22:00:00,7/1/2019 22:00,-17.35,-18.08,50.71,10.16,5.254,201.2,10.33,4.56,175.4,359.09,60.023748100187596
2019-07-01 23:00:00,7/1/2019 23:00,-16.47,-17.01,65.78,10.03,7.058,207.3,10.3,6.699,180.5,359.41,77.20429491423135
2019-07-02 00:00:00,7/2/2019 0:00,-16.52,-16.47,64.81,10.33,5.895,215.6,10.76,5.74,188.5,359.51,76.10250781486296
2019-07-02 01:00:00,7/2/2019 1:00,-16.42,-15.08,72.37,9.6,6.013,207.2,10.36,5.54,180.6,359.92,84.89786938055892
2019-07-02 02:00:00,7/2/2019 2:00,-16.6,-14.8,70.87,9.36,5.562,205.7,8.83,4.868,179.2,360.27,83.28260662648415
2019-07-02 03:00:00,7/2/2019 3:00,-15.66,-11.88,69.5,6.797,3.607,197.3,6.364,2.933,170.1,360.39,80.93536947135827
2019-07-02 04:00:00,7/2/2019 4:00,-15.06,-10.88,82.4,6.797,4.253,191.8,6.297,3.55,164.3,360.64,95.40337852678635
2019-07-02 05:00:00,7/2/2019 5:00,-14.93,-9.75,70.84,6.597,3.727,207.2,6.964,3.23,179.4,360.64,81.91613131638205
2019-07-02 06:00:00,7/2/2019 6:00,-14.28,-9.98,74.17,11.03,5.81,196.6,11.23,4.962,170.0,360.58,85.22936633261932
2019-07-02 07:00:00,7/2/2019 7:00,-14.04,-10.35,72.22,11.96,7.3,203.8,11.23,6.928,176.9,360.54,82.79609467419012
2019-07-02 08:00:00,7/2/2019 8:00,-13.74,-10.29,68.63,11.66,8.15,194.4,11.93,8.45,167.8,360.6,78.45220031002363
2019-07-02 09:00:00,7/2/2019 9:00,-13.08,-6.632,85.2,8.36,3.362,148.8,9.23,3.177,126.8,360.57,96.77300331797659
2019-07-02 10:00:00,7/2/2019 10:00,-13.43,-7.634,83.9,6.497,2.983,195.0,6.764,2.935,171.9,360.52,95.62011749845695
2019-07-02 11:00:00,7/2/2019 11:00,-13.89,-10.32,82.0,8.6,4.438,212.7,9.03,4.547,186.2,360.45,93.87191255779693
2019-07-02 12:00:00,7/2/2019 12:00,-14.5,-13.8,84.6,8.3,5.903,226.1,8.96,6.176,199.6,360.49,97.4216770727309
2019-07-02 13:00:00,7/2/2019 13:00,-14.45,-14.23,73.38,6.297,2.541,243.6,6.764,2.016,215.5,360.65,84.46035705380787
2019-07-02 14:00:00,7/2/2019 14:00,-15.18,-15.88,72.49,4.198,1.384,332.6,4.198,0.577,328.9,360.86,84.02687920018964
2019-07-02 15:00:00,7/2/2019 15:00,-15.24,-16.15,67.11,3.832,1.106,202.1,4.065,0.441,187.3,360.93,77.83575339302641
2019-07-02 16:00:00,7/2/2019 16:00,-14.8,-15.42,34.63,3.965,1.94,245.5,4.032,1.682,218.4,361.08,39.994254219202745
2019-07-02 17:00:00,7/2/2019 17:00,-15.78,-16.63,45.18,3.399,1.625,317.9,3.199,1.582,290.6,361.04,52.674798949128785
2019-07-02 18:00:00,7/2/2019 18:00,-15.38,-16.81,55.48,2.866,0.488,2.549,2.899,0.429,327.4,360.85,64.43408948929445
2019-07-02 19:00:00,7/2/2019 19:00,-15.99,-17.0,51.07,2.432,0.66,238.6,2.566,0.613,211.7,360.5,59.66267524563245
2019-07-02 20:00:00,7/2/2019 20:00,-16.89,-17.89,42.34,4.631,1.685,347.1,4.665,1.56,333.2,360.31,49.89493397653856
2019-07-02 21:00:00,7/2/2019 21:00,-18.25,-18.94,83.8,6.764,3.942,14.25,6.864,3.858,345.0,360.04,100.0
2019-07-02 22:00:00,7/2/2019 22:00,-18.28,-18.98,63.56,7.697,5.494,19.62,7.73,5.321,350.1,359.95,75.90980382131839
2019-07-02 23:00:00,7/2/2019 23:00,-17.82,-18.5,70.34,7.997,4.472,5.072,8.1,4.381,336.7,359.99,83.6365040016146
2019-07-03 00:00:00,7/3/2019 0:00,-17.92,-17.11,68.58,5.998,2.594,15.48,6.031,2.148,343.0,360.1,81.62226293917413
2019-07-03 01:00:00,7/3/2019 1:00,-15.97,-12.73,60.01,3.832,1.265,206.0,4.132,1.163,189.9,360.41,70.09332727821389
2019-07-03 02:00:00,7/3/2019 2:00,-15.79,-12.94,48.41,6.797,3.429,211.1,6.931,3.541,186.1,360.59,56.4460640428366
2019-07-03 03:00:00,7/3/2019 3:00,-15.86,-12.17,46.94,7.564,3.08,222.2,7.33,3.022,194.7,,54.76903609741031
2019-07-03 04:00:00,7/3/2019 4:00,-15.36,-11.28,54.12,6.964,3.635,217.3,7.464,3.534,190.0,361.0,62.8424534919573
2019-07-03 05:00:00,7/3/2019 5:00,-14.91,-10.37,50.4,6.864,3.745,213.5,7.13,3.708,186.6,361.16,58.268985909209874
2019-07-03 06:00:00,7/3/2019 6:00,-14.46,-11.04,41.38,9.53,6.8,207.8,10.36,6.872,180.3,360.94,47.63297420828965
2019-07-03 07:00:00,7/3/2019 7:00,-14.14,-8.65,82.3,8.66,3.847,207.8,9.06,3.831,181.6,360.87,94.44359281478123
2019-07-03 08:00:00,7/3/2019 8:00,-13.9,-9.01,61.88,11.26,5.569,210.4,11.6,5.794,183.1,360.86,70.84580835581535
2019-07-03 09:00:00,7/3/2019 9:00,-13.72,-10.95,36.27,13.96,8.23,201.9,14.63,8.08,174.8,360.81,41.45286807788523
2019-07-03 10:00:00,7/3/2019 10:00,-13.72,-10.78,36.91,14.33,6.642,204.3,14.69,6.465,177.3,360.82,42.18432205003428
2019-07-03 11:00:00,7/3/2019 11:00,-14.02,-10.85,50.8,9.8,4.902,206.7,8.56,4.754,179.3,360.79,58.22801890147386
2019-07-03 12:00:00,7/3/2019 12:00,-14.44,-13.6,33.07,8.2,5.191,208.9,8.93,5.215,181.7,360.74,38.05987802870515
2019-07-03 13:00:00,7/3/2019 13:00,-14.55,-14.37,25.06,7.097,5.077,207.6,7.53,5.197,180.7,360.87,28.871963673064418
2019-07-03 14:00:00,7/3/2019 14:00,-14.47,-14.75,22.4,9.5,5.837,224.1,10.16,6.139,198.0,361.11,25.787381122856686
2019-07-03 15:00:00,7/3/2019 15:00,-14.85,-15.24,29.52,6.431,4.339,225.6,6.897,4.582,200.0,361.33,34.109188610653746
2019-07-03 16:00:00,7/3/2019 16:00,-15.17,-15.58,28.4,5.231,3.459,227.8,5.664,3.656,202.4,361.38,32.916716863821776
2019-07-03 17:00:00,7/3/2019 17:00,-15.33,-15.75,28.95,4.731,3.499,229.7,5.165,3.719,204.8,361.08,33.60609563755009
2019-07-03 18:00:00,7/3/2019 18:00,-15.8,-16.24,29.2,5.031,3.411,227.0,5.431,3.62,201.8,360.67,34.0504890421751
2019-07-03 19:00:00,7/3/2019 19:00,-16.17,-16.53,32.74,6.564,4.273,229.4,6.831,4.522,203.9,360.32,38.31508168474597
2019-07-03 20:00:00,7/3/2019 20:00,-16.48,-16.85,37.57,6.264,4.433,238.8,6.297,4.622,213.5,360.12,44.09919475826684
2019-07-03 21:00:00,7/3/2019 21:00,-15.39,-16.17,17.18,4.298,1.55,299.1,4.398,1.465,273.0,360.06,19.954660880135165
2019-07-03 22:00:00,7/3/2019 22:00,-14.93,-15.95,37.62,2.932,0.493,256.8,3.032,0.445,234.8,360.03,43.502044891619036
2019-07-03 23:00:00,7/3/2019 23:00,-16.47,-17.36,44.21,5.031,1.683,304.5,4.898,1.575,278.3,359.91,51.88814044022755
2019-07-04 00:00:00,7/4/2019 0:00,-16.23,-15.84,44.42,3.132,0.83,309.0,3.099,0.728,276.0,359.98,52.01408810513001
2019-07-04 01:00:00,7/4/2019 1:00,-14.35,-9.3,62.42,1.733,0.224,7.71,1.499,0.042,347.1,360.28,71.77593501534366
2019-07-04 02:00:00,7/4/2019 2:00,-13.09,-6.606,56.64,1.866,0.401,71.17,1.533,0.186,44.57,360.49,64.33983684838985
2019-07-04 03:00:00,7/4/2019 3:00,-13.83,-6.337,78.87,2.033,0.315,162.8,2.099,0.085,98.1,360.65,90.2363243292885
2019-07-04 04:00:00,7/4/2019 4:00,-14.04,-5.902,90.3,2.499,0.784,171.5,2.566,0.247,136.7,360.63,100.0
2019-07-04 05:00:00,7/4/2019 5:00,-13.08,-4.2,87.1,4.232,1.084,123.4,4.265,0.723,80.8,360.58,98.93108672530235
2019-07-04 06:00:00,7/4/2019 6:00,-13.18,-3.504,86.5,5.065,1.345,164.0,5.498,1.164,135.1,360.66,98.34483759348872
2019-07-04 07:00:00,7/4/2019 7:00,-12.84,-3.236,85.5,4.398,1.315,191.8,4.731,1.15,163.8,360.61,96.88811773874029
2019-07-04 08:00:00,7/4/2019 8:00,-12.91,-4.038,82.5,6.697,2.428,212.9,6.931,2.376,185.7,360.52,93.55199031150038
2019-07-04 09:00:00,7/4/2019 9:00,-13.44,-5.175,86.8,5.898,2.378,209.3,6.497,2.351,183.4,360.38,98.93480550982899
2019-07-04 10:00:00,7/4/2019 10:00,-13.86,-8.79,82.0,7.497,3.175,221.3,7.83,3.145,193.2,360.19,93.8446545100258
2019-07-04 11:00:00,7/4/2019 11:00,-14.33,-9.2,73.66,6.597,3.229,232.2,6.931,3.223,203.9,360.11,84.68427608818509
2019-07-04 12:00:00,7/4/2019 12:00,-14.14,-12.46,51.07,7.564,4.961,233.1,7.963,5.119,207.0,360.08,58.60551986696085
2019-07-04 13:00:00,7/4/2019 13:00,-14.44,-13.91,49.37,6.331,2.544,260.0,6.464,2.417,229.1,360.22,56.819358278717054
2019-07-04 14:00:00,7/4/2019 14:00,-14.86,-15.21,24.55,6.364,3.246,258.1,6.631,3.246,232.0,360.35,28.369293132219386
2019-07-04 15:00:00,7/4/2019 15:00,-15.31,-15.99,32.33,4.698,1.298,290.7,4.598,1.159,262.9,360.39,37.52245883809034
2019-07-04 16:00:00,7/4/2019 16:00,-15.63,-16.32,41.66,4.731,0.85,136.8,4.265,0.768,77.76,360.42,48.50058997430782
2019-07-04 17:00:00,7/4/2019 17:00,-15.76,-16.55,72.82,4.731,0.588,152.7,4.765,0.382,107.3,360.23,84.88354127256751
2019-07-04 18:00:00,7/4/2019 18:00,-15.56,-15.97,91.0,5.365,1.107,282.2,5.531,0.861,238.4,359.98,100.0
2019-07-04 19:00:00,7/4/2019 19:00,-15.05,-15.1,85.2,7.13,3.058,253.6,7.43,2.94,223.5,359.66,98.63570830584511
2019-07-04 20:00:00,7/4/2019 20:00,-16.09,-16.41,84.6,5.798,1.257,203.8,5.698,0.877,200.8,359.34,98.92960273574417
2019-07-04 21:00:00,7/4/2019 21:00,-16.26,-16.5,84.9,6.564,3.01,266.8,6.831,2.869,238.9,358.95,99.44336057718466
2019-07-04 22:00:00,7/4/2019 22:00,-16.54,-17.02,58.13,6.231,2.47,292.3,6.497,2.157,263.4,358.83,68.27174552611513
2019-07-04 23:00:00,7/4/2019 23:00,-15.75,-16.31,78.5,8.2,4.662,264.5,8.6,4.644,238.6,358.83,91.49567138810013
2019-07-05 00:00:00,7/5/2019 0:00,-15.76,-15.55,73.82,4.831,1.297,308.2,4.765,0.969,270.8,358.94,86.04920374541244
2019-07-05 01:00:00,7/5/2019 1:00,-14.94,-12.72,63.27,4.032,1.903,270.5,3.932,1.593,241.4,359.11,73.16960209762472
2019-07-05 02:00:00,7/5/2019 2:00,-12.91,-7.108,59.99,3.632,0.627,276.9,3.599,0.338,268.4,359.27,68.02647150044736
2019-07-05 03:00:00,7/5/2019 3:00,-12.66,-5.139,69.01,2.766,0.696,187.4,2.732,0.353,167.5,359.36,78.06539651214014
2019-07-05 04:00:00,7/5/2019 4:00,-11.98,-2.97,75.77,3.765,0.548,115.7,3.965,0.395,79.69,359.48,85.14895808080757
2019-07-05 05:00:00,7/5/2019 5:00,-13.73,-4.916,57.23,4.032,1.205,211.5,4.365,1.006,184.4,359.62,65.414319129883
2019-07-05 06:00:00,7/5/2019 6:00,-13.01,-3.41,80.8,3.032,0.832,211.3,3.199,0.503,184.1,359.45,91.713099105339
2019-07-05 07:00:00,7/5/2019 7:00,-12.89,-3.196,87.3,5.031,1.304,215.7,5.298,0.962,190.6,359.48,98.97582611253885
2019-07-05 08:00:00,7/5/2019 8:00,-13.46,-6.408,84.2,6.631,2.319,204.0,7.031,2.024,174.3,359.38,95.98991409049047
2019-07-05 09:00:00,7/5/2019 9:00,-14.07,-9.5,86.5,6.431,2.996,213.1,6.831,2.888,187.3,358.98,99.19609388656794
2019-07-05 10:00:00,7/5/2019 10:00,-14.55,-10.55,84.3,7.264,4.084,210.5,7.097,4.141,183.7,358.85,97.12316590739546
2019-07-05 11:00:00,7/5/2019 11:00,-13.59,-11.51,86.5,7.797,4.063,201.6,8.26,3.956,174.7,358.63,98.73620366142826
2019-07-05 12:00:00,7/5/2019 12:00,-14.27,-13.11,85.5,6.064,3.465,217.2,6.431,3.535,190.2,358.68,98.23925867932024
2019-07-05 13:00:00,7/5/2019 13:00,-16.07,-15.29,85.2,6.031,1.787,265.3,6.431,1.579,215.1,358.9,99.61200807218378
2019-07-05 14:00:00,7/5/2019 14:00,-16.9,-16.73,82.7,4.532,1.177,268.4,4.798,0.815,235.6,358.99,97.46595654125008
2019-07-05 15:00:00,7/5/2019 15:00,-17.53,-17.01,61.22,3.898,1.57,264.7,4.032,1.502,238.6,359.09,72.58973437416012
2019-07-05 16:00:00,7/5/2019 16:00,-16.42,-16.73,58.38,3.065,1.097,289.2,3.065,0.834,260.8,359.22,68.48608006683749
2019-07-05 17:00:00,7/5/2019 17:00,-16.14,-16.82,50.82,2.866,0.476,82.1,2.832,0.306,59.06,358.97,59.45659782601285
2019-07-05 18:00:00,7/5/2019 18:00,-16.17,-17.05,52.09,3.832,1.539,316.1,3.732,1.404,288.9,358.73,60.96006734753872
2019-07-05 19:00:00,7/5/2019 19:00,-16.03,-17.05,62.17,3.065,0.831,341.7,3.032,0.678,316.6,358.52,72.65832064041601
2019-07-05 20:00:00,7/5/2019 20:00,-16.82,-17.95,49.93,4.698,0.885,7.651,4.465,0.677,344.3,358.1,58.79958420663624
2019-07-05 21:00:00,7/5/2019 21:00,-17.28,-17.77,58.83,5.831,2.507,352.1,5.864,2.302,322.0,357.84,69.58821343614854
2019-07-05 22:00:00,7/5/2019 22:00,-16.58,-16.76,59.34,6.098,2.259,246.7,6.464,2.256,227.0,357.83,69.71972905620751
2019-07-05 23:00:00,7/5/2019 23:00,-15.81,-15.86,83.7,10.43,5.543,255.3,10.63,5.649,228.8,357.85,97.61304943766157
2019-07-06 00:00:00,7/6/2019 0:00,-15.89,-15.57,85.4,9.2,3.503,285.7,9.63,3.374,239.9,358.02,99.6725636563174
2019-07-06 01:00:00,7/6/2019 1:00,-15.8,-13.04,83.3,6.564,2.766,250.1,6.831,2.622,209.8,358.05,97.1371827812735
2019-07-06 02:00:00,7/6/2019 2:00,-14.68,-10.49,68.19,5.198,2.07,228.3,5.365,1.999,197.6,358.34,78.66144493943992
2019-07-06 03:00:00,7/6/2019 3:00,-14.89,-10.64,63.54,6.597,3.191,221.3,7.097,3.142,195.6,358.53,73.44634253630372
2019-07-06 04:00:00,7/6/2019 4:00,-14.39,-8.7,65.97,5.198,2.332,223.3,5.298,2.133,195.1,358.64,75.88739242387044
2019-07-06 05:00:00,7/6/2019 5:00,-12.68,-4.043,83.2,2.866,1.159,130.4,3.199,0.872,97.9,358.77,94.13564092395683
2019-07-06 06:00:00,7/6/2019 6:00,-12.28,-2.574,85.7,4.598,1.33,117.5,4.765,1.214,87.7,358.7,96.58882828159561
2019-07-06 07:00:00,7/6/2019 7:00,-12.64,-3.902,83.7,4.465,1.575,129.2,4.565,1.295,110.2,358.58,94.66463908397166
2019-07-06 08:00:00,7/6/2019 8:00,-12.46,-2.623,86.8,4.631,1.242,134.2,4.865,1.05,107.6,358.55,97.99953303786108
2019-07-06 09:00:00,7/6/2019 9:00,-12.61,-4.639,86.3,5.331,1.737,156.2,5.764,1.477,134.6,358.32,97.57684949970707
2019-07-06 10:00:00,7/6/2019 10:00,-12.82,-6.888,86.3,5.764,2.573,190.4,6.231,2.478,165.3,358.39,97.77571517249113
2019-07-06 11:00:00,7/6/2019 11:00,-13.13,-9.27,86.6,4.265,1.438,181.3,4.665,1.329,156.0,358.23,98.41084050551994
2019-07-06 12:00:00,7/6/2019 12:00,-13.29,-10.92,85.8,5.131,1.462,200.2,5.598,1.33,172.7,358.23,97.6530033465702
2019-07-06 13:00:00,7/6/2019 13:00,-13.98,-12.45,86.2,2.732,0.686,192.7,3.099,0.548,162.1,358.43,98.76599154801409
2019-07-06 14:00:00,7/6/2019 14:00,-14.71,-14.73,85.3,3.365,0.727,352.6,3.199,0.551,55.1,358.54,98.42745126956994
2019-07-06 15:00:00,7/6/2019 15:00,-16.76,-17.2,84.2,3.998,1.421,350.0,3.998,1.013,317.5,358.63,99.10000712749459
2019-07-06 16:00:00,7/6/2019 16:00,-17.17,-17.67,85.3,3.832,2.062,358.6,3.832,1.839,331.6,358.8,100.0
2019-07-06 17:00:00,7/6/2019 17:00,-16.35,-16.99,84.9,3.399,1.139,12.14,3.365,0.968,337.2,358.81,99.52971389434065
2019-07-06 18:00:00,7/6/2019 18:00,-16.62,-17.15,84.3,3.265,0.773,129.3,3.232,0.487,105.3,358.65,99.08391919259527
2019-07-06 19:00:00,7/6/2019 19:00,-15.98,-16.22,84.8,4.965,2.02,153.8,5.498,1.953,137.1,358.34,99.05828616465011
2019-07-06 20:00:00,7/6/2019 20:00,-16.37,-16.79,86.4,3.699,1.375,327.4,3.898,1.112,306.7,358.09,100.0
2019-07-06 21:00:00,7/6/2019 21:00,-16.08,-16.55,84.5,5.631,2.493,355.1,5.498,2.398,321.8,357.82,98.80313173365865
2019-07-06 22:00:00,7/6/2019 22:00,-16.18,-16.81,86.0,4.365,1.971,19.39,4.432,1.634,350.5,357.84,100.0
2019-07-06 23:00:00,7/6/2019 23:00,-16.74,-17.15,84.9,5.265,2.035,352.8,5.231,1.949,325.0,357.81,99.90462183188299
2019-07-07 00:00:00,7/7/2019 0:00,-16.0,-16.07,85.8,7.53,4.374,41.54,7.73,4.305,14.62,357.93,100.0
2019-07-07 01:00:00,7/7/2019 1:00,-15.14,-14.28,85.6,8.26,4.183,52.54,7.83,3.964,26.64,357.98,99.1850109286533
2019-07-07 02:00:00,7/7/2019 2:00,-13.98,-11.33,85.3,6.697,3.119,65.87,6.198,2.66,40.97,358.34,97.734792100297
2019-07-07 03:00:00,7/7/2019 3:00,-12.56,-7.696,85.5,7.23,3.05,88.3,7.197,2.827,66.03,358.38,96.6254549340778
2019-07-07 04:00:00,7/7/2019 4:00,-13.19,-7.614,88.0,9.86,5.424,54.83,9.93,5.345,29.27,358.78,100.0
2019-07-07 05:00:00,7/7/2019 5:00,-10.94,-0.238,86.9,5.231,2.201,73.89,5.298,2.029,49.23,358.94,96.67555734642822
2019-07-07 06:00:00,7/7/2019 6:00,-10.16,2.669,86.5,3.865,1.434,107.4,3.665,1.44,82.3,359.05,95.50391485776409
2019-07-07 07:00:00,7/7/2019 7:00,-12.23,-2.138,84.9,6.697,2.956,187.1,7.13,3.056,159.2,358.84,95.64078349817659
2019-07-07 08:00:00,7/7/2019 8:00,-12.66,-4.387,86.6,6.497,2.925,210.0,7.13,2.924,182.0,358.87,97.96353192220454
2019-07-07 09:00:00,7/7/2019 9:00,-11.6,-6.059,85.6,4.498,1.3,176.4,4.931,1.141,150.6,358.98,95.84161222173746
2019-07-07 10:00:00,7/7/2019 10:00,-11.87,-1.104,86.2,6.231,1.119,85.6,6.031,0.944,117.8,358.84,96.76665615239448
2019-07-07 11:00:00,7/7/2019 11:00,-12.02,-8.46,87.7,7.73,4.284,209.1,8.16,4.108,180.8,358.76,98.59393625568087
2019-07-07 12:00:00,7/7/2019 12:00,-11.74,-9.98,88.2,8.4,4.588,211.9,9.0,5.037,184.8,358.91,98.88697918366847
2019-07-07 13:00:00,7/7/2019 13:00,-12.13,-12.14,87.9,,,,3.632,0.159,166.3,359.05,98.92430146969562
2019-07-07 14:00:00,7/7/2019 14:00,-13.23,-13.6,87.2,,,,,,,359.14,99.18873293727391
2019-07-07 15:00:00,7/7/2019 15:00,-13.95,-14.08,86.7,,,,,,,359.37,99.31003818610202
2019-07-07 16:00:00,7/7/2019 16:00,-14.32,-14.38,86.4,,,,8.73,3.931,214.7,359.37,99.3213906420261
2019-07-07 17:00:00,7/7/2019 17:00,-14.93,-14.96,85.9,,,,8.56,5.53,205.2,359.53,99.33082552339383
2019-07-07 18:00:00,7/7/2019 18:00,-15.29,-15.22,85.8,,,,6.997,4.489,199.0,359.36,99.5609346008317
2019-07-07 19:00:00,7/7/2019 19:00,-15.59,-15.36,85.4,,,,8.83,5.827,208.1,359.03,99.38432511114135
2019-07-07 20:00:00,7/7/2019 20:00,-15.38,-15.12,85.6,,,,7.797,4.557,209.1,358.87,99.4152498248667
2019-07-07 21:00:00,7/7/2019 21:00,-15.94,-15.88,85.6,,,,8.66,6.233,216.7,358.62,99.95420862579819
2019-07-07 22:00:00,7/7/2019 22:00,-15.88,-15.79,86.2,,,,7.53,5.52,225.8,358.56,100.0
2019-07-07 23:00:00,7/7/2019 23:00,-15.87,-16.25,84.6,,,,5.531,1.583,232.0,358.7,98.71980557770438
2019-07-08 00:00:00,7/8/2019 0:00,-16.49,-16.23,84.9,,,,2.732,0.669,277.7,358.78,99.66416357822642
2019-07-08 01:00:00,7/8/2019 1:00,-15.11,-13.77,84.6,,,,3.798,1.691,217.8,359.04,97.99789498076201
2019-07-08 02:00:00,7/8/2019 2:00,-12.94,-8.7,84.8,,,,2.599,0.423,53.65,359.22,96.18807167496166
2019-07-08 03:00:00,7/8/2019 3:00,-12.58,-6.834,86.1,6.364,0.041,197.5,7.097,1.017,95.4,359.23,97.32240074812005
2019-07-08 04:00:00,7/8/2019 4:00,-12.74,-8.01,84.7,6.697,2.909,132.8,7.53,3.012,112.7,359.35,95.88856089882692
2019-07-08 05:00:00,7/8/2019 5:00,-12.64,-5.613,87.5,6.031,2.71,88.1,5.864,2.727,64.09,359.59,98.96243631836943
2019-07-08 06:00:00,7/8/2019 6:00,-10.81,-2.161,83.5,9.26,2.465,121.2,9.73,2.226,109.9,359.53,92.77584367102205
2019-07-08 07:00:00,7/8/2019 7:00,-11.04,-2.647,87.8,10.26,2.993,133.7,11.36,3.034,111.0,359.55,97.77172490132624
2019-07-08 08:00:00,7/8/2019 8:00,-10.34,-1.026,84.7,6.931,2.889,107.4,7.564,2.945,82.7,359.29,93.68031546308993
2019-07-08 09:00:00,7/8/2019 9:00,-12.69,-1.799,86.0,6.297,3.536,57.92,6.231,3.441,32.44,359.27,97.31310177567032
2019-07-08 10:00:00,7/8/2019 10:00,-12.06,-1.427,87.6,6.597,2.188,88.7,6.564,2.138,57.84,359.09,98.519743482268
2019-07-08 11:00:00,7/8/2019 11:00,-11.79,-8.37,87.8,6.631,3.059,194.0,6.931,3.065,167.6,359.04,98.48629447316513
2019-07-08 12:00:00,7/8/2019 12:00,-12.75,-10.7,87.9,6.597,2.248,226.9,7.064,2.231,199.9,359.19,99.52091703966886
2019-07-08 13:00:00,7/8/2019 13:00,-12.8,-12.28,88.0,5.165,2.27,225.4,5.298,2.159,195.2,359.31,99.6824439037679
2019-07-08 14:00:00,7/8/2019 14:00,-13.62,-13.78,87.0,7.497,4.302,217.2,7.83,4.281,190.3,359.49,99.33578831374453
2019-07-08 15:00:00,7/8/2019 15:00,-14.06,-14.0,87.3,8.33,5.077,215.0,8.96,5.141,187.6,359.56,100.0
2019-07-08 16:00:00,7/8/2019 16:00,-13.59,-13.51,87.4,6.264,3.466,229.3,7.064,3.76,203.2,359.63,99.76351676310787
2019-07-08 17:00:00,7/8/2019 17:00,-13.88,-13.94,86.7,6.431,2.947,243.3,6.964,3.047,213.7,359.61,99.24276824049068
2019-07-08 18:00:00,7/8/2019 18:00,-14.29,-14.28,86.5,8.6,4.036,243.2,7.697,3.833,215.5,359.36,99.40748951694621
2019-07-08 19:00:00,7/8/2019 19:00,-14.5,-14.55,86.7,8.43,4.773,216.4,8.03,4.414,187.2,359.04,99.83994565255047
2019-07-08 20:00:00,7/8/2019 20:00,-14.5,-14.49,86.5,9.66,5.249,219.8,10.86,5.374,192.1,358.69,99.60963435923432
2019-07-08 21:00:00,7/8/2019 21:00,-14.87,-14.96,86.3,10.76,6.444,222.5,10.76,6.369,193.5,358.52,99.73550621674049
2019-07-08 22:00:00,7/8/2019 22:00,-15.2,-15.1,86.4,8.1,5.427,211.0,8.7,5.173,180.1,358.4,100.0
2019-07-08 23:00:00,7/8/2019 23:00,-14.95,-14.85,86.1,8.2,5.263,204.6,8.7,4.975,174.5,358.5,99.58134493338707
2019-07-09 00:00:00,7/9/2019 0:00,-14.85,-14.71,86.4,5.531,3.657,204.3,5.531,3.162,173.2,358.6,99.83177154337682
2019-07-09 01:00:00,7/9/2019 1:00,-14.52,-14.07,86.6,9.33,5.393,195.0,10.3,5.092,165.6,358.66,99.7440823868604
2019-07-09 02:00:00,7/9/2019 2:00,-13.65,-11.74,87.2,12.83,8.85,205.2,14.23,9.6,176.0,358.85,99.59307517703715
2019-07-09 03:00:00,7/9/2019 3:00,-12.52,-10.57,87.3,15.16,8.87,214.3,16.16,9.24,188.1,358.84,98.62141384744783
2019-07-09 04:00:00,7/9/2019 4:00,-12.59,-11.04,86.6,17.06,11.48,212.6,17.56,11.99,185.4,358.59,97.89706371559504
2019-07-09 05:00:00,7/9/2019 5:00,-11.67,-10.26,86.7,14.83,9.55,219.4,16.13,10.17,192.0,359.02,97.13920484701106
2019-07-09 06:00:00,7/9/2019 6:00,-11.71,-10.18,83.5,12.23,9.09,217.1,12.76,9.8,189.2,358.9,93.59023572109707
2019-07-09 07:00:00,7/9/2019 7:00,-12.98,-9.7,84.1,11.5,6.988,215.1,12.23,7.325,187.2,358.69,95.43105653492574
2019-07-09 08:00:00,7/9/2019 8:00,-12.01,-10.93,85.8,12.5,8.32,216.9,13.39,9.24,189.6,358.62,96.44856280103156
2019-07-09 09:00:00,7/9/2019 9:00,-11.31,-10.52,87.6,11.46,6.229,230.7,12.53,6.475,204.1,358.68,97.80513551453312
2019-07-09 10:00:00,7/9/2019 10:00,-10.34,-9.38,88.6,9.23,4.098,224.4,9.66,4.071,195.8,358.7,97.99381286930067
2019-07-09 11:00:00,7/9/2019 11:00,-10.06,-9.81,88.3,5.165,2.383,220.6,5.864,2.472,195.5,358.58,97.39654904534378
2019-07-09 12:00:00,7/9/2019 12:00,-11.72,-12.39,86.6,6.931,3.796,225.7,7.197,3.813,200.0,358.56,97.07426506436724
2019-07-09 13:00:00,7/9/2019 13:00,-13.94,-13.94,86.7,8.4,5.97,217.7,8.76,6.017,191.6,358.89,99.30042580009639
2019-07-09 14:00:00,7/9/2019 14:00,-14.17,-14.15,86.6,10.2,7.104,235.3,10.5,7.284,211.0,358.92,99.40692376216239
2019-07-09 15:00:00,7/9/2019 15:00,-14.22,-14.18,86.9,9.53,7.366,242.2,9.13,6.945,217.4,359.0,99.79956217130835
2019-07-09 16:00:00,7/9/2019 16:00,-14.53,-14.59,86.4,8.33,5.181,247.8,7.797,4.736,223.7,359.23,99.52335163676544
2019-07-09 17:00:00,7/9/2019 17:00,-14.95,-14.79,86.6,9.3,5.914,241.1,10.06,5.972,216.2,358.99,100.0
2019-07-09 18:00:00,7/9/2019 18:00,-14.69,-14.59,86.4,10.5,6.88,244.5,11.6,7.482,220.3,358.81,99.67746061983661
2019-07-09 19:00:00,7/9/2019 19:00,-14.85,-14.76,86.5,7.097,4.593,260.2,8.13,4.793,234.3,358.55,99.94731757525572
2019-07-09 20:00:00,7/9/2019 20:00,-14.98,-14.84,86.2,7.164,4.644,256.9,8.26,4.94,231.6,358.2,99.72591498447042
2019-07-09 21:00:00,7/9/2019 21:00,-15.07,-14.91,86.0,6.697,4.57,260.2,7.13,4.656,235.1,358.08,99.58111018534761
2019-07-09 22:00:00,7/9/2019 22:00,-14.99,-14.85,86.3,7.097,3.352,276.3,7.297,3.294,250.6,358.0,99.85125647746132
2019-07-09 23:00:00,7/9/2019 23:00,-14.86,-14.77,86.3,6.264,3.9,261.1,6.531,4.0,236.0,357.96,99.72586547089746
2019-07-10 00:00:00,7/10/2019 0:00,-14.9,-14.64,86.6,5.664,2.997,260.6,5.998,3.023,235.1,358.22,100.0
2019-07-10 01:00:00,7/10/2019 1:00,-13.14,-12.43,88.2,4.265,1.394,274.1,4.498,1.235,247.3,358.29,100.0
2019-07-10 02:00:00,7/10/2019 2:00,-9.17,-6.51,94.7,3.632,0.492,227.0,3.832,0.291,211.6,358.46,100.0
2019-07-10 03:00:00,7/10/2019 3:00,-5.604,-4.27,90.8,2.499,0.4,197.5,2.532,0.093,176.0,358.51,95.90142604447429
2019-07-10 04:00:00,7/10/2019 4:00,-6.131,-3.708,92.3,4.198,0.998,213.3,3.998,0.612,194.5,358.57,97.98778547055522
2019-07-10 05:00:00,7/10/2019 5:00,-6.035,-1.123,93.4,4.332,0.827,220.8,3.299,0.472,193.8,358.59,99.06283284125041
2019-07-10 06:00:00,7/10/2019 6:00,-5.923,0.849,91.2,4.631,1.516,211.4,4.698,1.117,189.5,358.61,96.62390394131495
2019-07-10 07:00:00,7/10/2019 7:00,-7.269,-3.375,89.1,6.297,3.081,207.2,6.064,2.775,179.5,358.47,95.64533416440956
2019-07-10 08:00:00,7/10/2019 8:00,-8.08,-3.946,90.6,6.564,3.123,217.2,6.064,2.967,190.5,358.39,98.0267257659298
2019-07-10 09:00:00,7/10/2019 9:00,-8.07,-5.051,89.9,8.23,3.07,217.7,8.86,2.72,188.5,358.26,97.25987457494188
2019-07-10 10:00:00,7/10/2019 10:00,-10.12,-8.65,89.7,6.331,3.659,207.6,6.597,3.126,179.0,358.22,98.99850446742049
2019-07-10 11:00:00,7/10/2019 11:00,-10.65,-9.97,89.1,6.997,3.397,213.2,6.964,3.276,185.5,358.18,98.84415764657751
2019-07-10 12:00:00,7/10/2019 12:00,-11.35,-11.42,88.3,5.131,2.302,224.2,5.764,2.239,195.7,358.34,98.62498262857105
2019-07-10 13:00:00,7/10/2019 13:00,-12.53,-12.84,86.7,4.365,1.419,235.7,4.532,1.267,208.3,358.55,97.95310178760616
2019-07-10 14:00:00,7/10/2019 14:00,-14.8,-15.12,86.3,2.499,0.71,344.6,2.532,0.456,303.0,358.74,99.668037514213
2019-07-10 15:00:00,7/10/2019 15:00,-15.11,-14.72,86.5,4.631,2.115,260.9,5.031,2.15,234.2,358.97,100.0
2019-07-10 16:00:00,7/10/2019 16:00,-15.15,-14.84,86.2,3.399,2.015,264.3,3.732,2.128,238.2,358.99,99.88988450154132
2019-07-10 17:00:00,7/10/2019 17:00,-15.06,-14.86,86.0,3.965,2.44,267.0,4.365,2.619,240.9,358.87,99.57148729737409
2019-07-10 18:00:00,7/10/2019 18:00,-15.09,-14.85,86.2,4.432,3.004,240.7,5.165,3.455,216.2,358.61,99.83198704702271
2019-07-10 19:00:00,7/10/2019 19:00,-15.09,-14.9,86.0,4.332,2.614,255.3,4.998,2.951,230.5,358.43,99.6003583067744
2019-07-10 20:00:00,7/10/2019 20:00,-15.24,-14.96,86.2,4.098,2.159,270.5,4.598,2.32,245.2,358.22,99.9767835267304
2019-07-10 21:00:00,7/10/2019 21:00,-15.4,-15.1,85.9,3.565,2.124,272.0,4.132,2.092,241.8,358.11,99.78294182290253
2019-07-10 22:00:00,7/10/2019 22:00,-15.86,-15.54,85.7,3.399,1.226,280.1,3.732,1.009,252.1,358.05,99.99374506919607
2019-07-10 23:00:00,7/10/2019 23:00,-15.54,-15.25,86.1,5.131,3.523,263.0,5.431,3.814,237.3,358.07,100.0
2019-07-11 00:00:00,7/11/2019 0:00,-15.18,-15.0,86.2,6.997,4.838,239.6,7.864,5.358,214.8,358.12,99.91884379992203
2019-07-11 01:00:00,7/11/2019 1:00,-13.07,-13.58,87.2,6.397,3.72,251.6,7.164,4.142,225.9,358.3,99.03507233973362
2019-07-11 02:00:00,7/11/2019 2:00,-12.0,-12.73,85.8,9.06,5.351,235.6,10.46,5.775,208.9,358.45,96.43920473199233
2019-07-11 03:00:00,7/11/2019 3:00,-12.99,-12.35,86.7,11.6,8.41,211.3,12.66,8.15,181.6,358.58,98.39089813024522
2019-07-11 04:00:00,7/11/2019 4:00,-12.52,-12.11,85.9,10.83,7.706,211.2,11.96,6.959,180.1,358.73,97.03985623706494
2019-07-11 05:00:00,7/11/2019 5:00,-13.75,-11.27,87.0,14.19,9.11,215.3,17.13,11.03,187.7,358.79,99.46091079473986
2019-07-11 06:00:00,7/11/2019 6:00,-11.65,-9.2,88.7,9.8,6.146,217.5,12.16,6.993,190.1,359.04,99.3607255843378
2019-07-11 07:00:00,7/11/2019 7:00,-9.38,-8.1,89.0,7.797,5.023,211.5,8.4,5.233,183.2,358.92,97.52162904904968
2019-07-11 08:00:00,7/11/2019 8:00,-9.75,-9.04,88.4,6.897,4.115,214.9,7.297,4.301,186.5,358.86,97.21338678312569
2019-07-11 09:00:00,7/11/2019 9:00,-10.39,-10.03,87.3,8.4,5.347,218.3,9.96,5.63,190.4,358.58,96.60291470567428
2019-07-11 10:00:00,7/11/2019 10:00,-11.2,-10.97,88.5,10.63,6.413,218.4,11.3,6.841,191.1,358.56,98.70449007185992
2019-07-11 11:00:00,7/11/2019 11:00,-12.02,-12.14,87.0,9.4,5.713,215.0,10.23,5.935,186.2,358.35,97.80698351475753
2019-07-11 12:00:00,7/11/2019 12:00,-13.3,-13.24,86.8,11.2,6.602,217.4,12.59,7.118,189.5,358.57,98.80072163364922
2019-07-11 13:00:00,7/11/2019 13:00,-14.14,-14.02,87.0,11.8,7.585,219.6,14.43,9.02,193.0,358.59,99.83709082485987
2019-07-11 14:00:00,7/11/2019 14:00,-14.49,-14.47,86.5,7.33,5.384,239.6,11.33,6.937,212.6,358.9,99.60000049454528
2019-07-11 15:00:00,7/11/2019 15:00,-14.66,-14.62,86.7,7.797,6.112,239.2,12.5,7.89,211.5,358.95,99.99455170170403
2019-07-11 16:00:00,7/11/2019 16:00,-14.62,-14.46,86.6,7.397,6.259,214.9,12.99,8.96,184.2,359.08,99.84059180480516
2019-07-11 17:00:00,7/11/2019 17:00,-14.62,-14.61,86.6,6.164,4.106,226.3,6.131,4.487,198.2,359.19,99.84059180480516
2019-07-11 18:00:00,7/11/2019 18:00,-14.68,-14.66,86.2,5.864,4.126,249.2,6.497,4.666,222.8,358.92,99.43711033552898
2019-07-11 19:00:00,7/11/2019 19:00,-14.95,-14.97,86.4,5.598,3.398,252.0,5.664,4.246,225.2,358.69,99.92831826068112
2019-07-11 20:00:00,7/11/2019 20:00,-14.84,-14.81,86.4,6.164,4.116,246.0,5.664,4.477,220.3,358.37,99.82212120113064
2019-07-11 21:00:00,7/11/2019 21:00,-14.8,-14.78,86.1,5.031,3.664,241.6,5.031,3.886,215.6,358.24,99.43705712599929
2019-07-11 22:00:00,7/11/2019 22:00,-15.0,-14.96,86.5,4.565,2.843,238.4,4.565,3.138,210.9,358.42,100.0
2019-07-11 23:00:00,7/11/2019 23:00,-14.99,-14.94,86.5,2.132,0.118,226.0,,,,358.47,100.0
2019-07-12 00:00:00,7/12/2019 0:00,-14.79,-14.75,86.8,,,,,,,358.61,100.0
2019-07-12 01:00:00,7/12/2019 1:00,-14.18,-13.93,87.7,,,,0.033,,170.5,358.88,100.0
2019-07-12 02:00:00,7/12/2019 2:00,-13.53,-13.11,87.3,,,,4.165,0.584,171.8,358.73,99.59148332487455
2019-07-12 03:00:00,7/12/2019 3:00,-13.1,-13.11,87.8,,,,4.798,3.942,176.7,358.79,99.74550005370676
2019-07-12 04:00:00,7/12/2019 4:00,-11.84,-11.88,88.1,,,,5.031,4.414,179.1,358.78,98.87077423893022
2019-07-12 05:00:00,7/12/2019 5:00,-10.72,-10.62,90.2,,,,4.898,3.803,176.6,358.99,100.0
2019-07-12 06:00:00,7/12/2019 6:00,-9.67,-9.52,90.5,,,,4.232,3.47,178.0,358.99,99.44535689221584
2019-07-12 07:00:00,7/12/2019 7:00,-10.27,-10.75,89.0,9.66,5.615,211.2,10.33,5.681,178.5,358.92,98.36927069061034
2019-07-12 08:00:00,7/12/2019 8:00,-10.86,-11.25,87.9,9.2,6.828,212.2,8.96,6.107,178.3,358.75,97.7120827959622
2019-07-12 09:00:00,7/12/2019 9:00,-10.85,-10.88,87.3,7.264,5.942,209.5,6.997,5.011,174.4,358.6,97.03567882403716
2019-07-12 10:00:00,7/12/2019 10:00,-12.06,-11.58,88.1,7.264,5.408,213.3,6.797,4.733,179.3,358.43,99.08207078524899
2019-07-12 11:00:00,7/12/2019 11:00,-12.37,-11.6,86.8,6.031,3.596,216.2,6.297,3.522,180.6,358.31,97.91402947753494
2019-07-12 12:00:00,7/12/2019 12:00,-14.0,-13.53,86.5,12.83,6.112,242.3,12.93,6.245,213.9,358.38,99.1289122830464
2019-07-12 13:00:00,7/12/2019 13:00,-14.38,-14.29,86.4,10.63,6.411,238.1,10.76,6.491,211.3,358.57,99.37905817912146
2019-07-12 14:00:00,7/12/2019 14:00,-14.53,-14.49,87.5,10.23,3.034,226.6,9.4,2.297,201.0,358.74,100.0
2019-07-12 15:00:00,7/12/2019 15:00,-14.45,-14.41,86.5,8.6,1.682,237.5,7.897,1.012,196.1,359.03,99.56147295113628
2019-07-12 16:00:00,7/12/2019 16:00,-14.61,-14.59,86.9,5.298,0.411,93.8,3.165,0.013,85.5,359.2,100.0
2019-07-12 17:00:00,7/12/2019 17:00,-14.42,-14.36,87.0,10.53,2.301,215.5,11.4,1.847,195.5,359.03,100.0
2019-07-12 18:00:00,7/12/2019 18:00,-14.02,-13.99,87.4,14.99,8.49,231.6,16.66,9.02,205.3,358.84,100.0
2019-07-12 19:00:00,7/12/2019 19:00,-14.09,-14.16,87.2,12.13,6.156,235.2,13.53,6.721,210.3,358.44,100.0
2019-07-12 20:00:00,7/12/2019 20:00,-14.25,-14.29,86.7,7.464,3.823,233.4,11.23,5.019,203.3,358.27,99.59878034185631
2019-07-12 21:00:00,7/12/2019 21:00,-14.51,-14.57,86.5,7.33,2.287,246.4,12.16,2.992,220.5,358.2,99.61926901528946
2019-07-12 22:00:00,7/12/2019 22:00,-14.84,-14.94,86.5,,,,,,,358.22,99.93765606363193
2019-07-12 23:00:00,7/12/2019 23:00,-15.04,-15.08,86.5,,,,4.132,0.596,190.6,358.25,100.0
2019-07-13 00:00:00,7/13/2019 0:00,-14.85,-14.76,86.4,4.365,1.511,218.5,6.631,3.056,190.1,358.26,99.83177154337682
2019-07-13 01:00:00,7/13/2019 1:00,-14.02,-13.68,88.0,3.898,0.84,223.8,4.698,2.934,183.3,358.26,100.0
2019-07-13 02:00:00,7/13/2019 2:00,-10.51,-10.45,93.5,,,,4.298,0.29,178.4,358.41,100.0
2019-07-13 03:00:00,7/13/2019 3:00,-7.252,-8.65,93.7,,,,,,,358.49,100.0
2019-07-13 04:00:00,7/13/2019 4:00,-5.815,-5.181,96.6,,,,,,,358.52,100.0
2019-07-13 05:00:00,7/13/2019 5:00,-2.964,-2.634,97.8,0.3,0.001,190.8,0.466,0.001,144.8,358.45,100.0
2019-07-13 06:00:00,7/13/2019 6:00,-2.528,-2.388,93.4,,,,2.766,0.453,146.5,358.43,95.73202438912212
2019-07-13 07:00:00,7/13/2019 7:00,-4.767,-3.683,94.0,,,,4.065,0.949,151.8,358.36,98.47427587170034
2019-07-13 08:00:00,7/13/2019 8:00,-6.491,-5.676,94.0,0.2,0.001,202.2,4.831,1.63,155.9,358.32,100.0
2019-07-13 09:00:00,7/13/2019 9:00,-6.737,-6.499,92.0,,,,5.231,1.935,177.9,358.21,98.2478161434554
2019-07-13 10:00:00,7/13/2019 10:00,-8.69,-9.2,89.8,3.765,0.624,208.9,6.997,3.152,187.9,358.1,97.73981881123862
2019-07-13 11:00:00,7/13/2019 11:00,-10.84,-9.52,86.6,0.233,0.001,230.3,7.764,1.89,215.8,357.94,96.24826407272678
2019-07-13 12:00:00,7/13/2019 12:00,-13.57,-12.29,86.1,8.4,1.636,246.9,8.9,2.219,219.5,358.04,98.26058626892389
2019-07-13 13:00:00,7/13/2019 13:00,-15.55,-15.53,85.4,9.83,5.025,257.0,10.06,5.137,229.7,358.21,99.34594572291144
2019-07-13 14:00:00,7/13/2019 14:00,-16.54,-16.37,85.7,11.76,6.661,258.3,12.79,6.942,231.5,358.37,100.0
2019-07-13 15:00:00,7/13/2019 15:00,-16.22,-16.08,85.4,12.2,4.518,275.7,13.09,4.74,248.6,358.59,99.99042513385895
2019-07-13 16:00:00,7/13/2019 16:00,-16.5,-16.38,85.5,11.23,3.285,246.8,12.33,3.487,218.9,358.56,100.0
2019-07-13 17:00:00,7/13/2019 17:00,-15.99,-15.92,86.2,10.43,4.794,264.8,11.53,4.955,238.7,358.37,100.0
2019-07-13 18:00:00,7/13/2019 18:00,-15.89,-15.98,85.5,8.46,1.89,260.9,8.53,1.864,235.1,357.97,99.7892762601304
2019-07-13 19:00:00,7/13/2019 19:00,-16.2,-16.27,85.6,6.731,1.846,262.5,6.764,1.692,238.8,357.5,100.0
2019-07-13 20:00:00,7/13/2019 20:00,-16.74,-16.76,85.8,8.93,3.831,264.7,9.93,3.875,238.2,357.17,100.0
2019-07-13 21:00:00,7/13/2019 21:00,-17.67,-17.81,83.1,9.3,4.078,256.6,9.83,4.112,230.2,357.04,98.66608883631127
2019-07-13 22:00:00,7/13/2019 22:00,-18.9,-18.53,84.3,9.13,3.113,277.3,9.9,3.099,250.3,356.9,100.0
2019-07-13 23:00:00,7/13/2019 23:00,-18.63,-18.43,79.77,12.63,4.664,258.0,13.69,4.869,226.7,356.58,95.59025188207144
2019-07-14 00:00:00,7/14/2019 0:00,-18.56,-17.88,82.3,15.26,8.02,244.8,16.93,8.63,218.6,356.53,98.5557408162598
2019-07-14 01:00:00,7/14/2019 1:00,-16.52,-16.06,85.3,13.63,7.091,245.6,14.33,7.498,218.9,356.9,100.0
2019-07-14 02:00:00,7/14/2019 2:00,-15.13,-12.7,86.6,10.4,1.733,153.0,11.56,1.657,129.8,357.01,100.0
2019-07-14 03:00:00,7/14/2019 3:00,-14.22,-11.71,83.6,10.3,4.794,248.0,11.16,4.951,219.5,357.12,96.00970537999284
2019-07-14 04:00:00,7/14/2019 4:00,-14.74,-12.95,85.5,11.6,7.443,255.3,12.1,7.649,229.2,357.2,98.68685213734913
2019-07-14 05:00:00,7/14/2019 5:00,-14.52,-12.26,84.4,10.16,6.275,241.0,10.6,6.569,214.2,357.22,97.21016805370691
2019-07-14 06:00:00,7/14/2019 6:00,-13.65,-11.74,85.9,12.99,6.374,252.8,13.99,6.634,225.6,357.17,98.10831602875564
2019-07-14 07:00:00,7/14/2019 7:00,-12.12,-5.317,88.3,14.06,2.712,130.1,15.39,2.612,97.8,357.17,99.36482828556706
2019-07-14 08:00:00,7/14/2019 8:00,-11.31,-6.377,88.3,10.9,2.876,214.5,11.56,2.783,190.2,357.11,98.58668340106479
2019-07-14 09:00:00,7/14/2019 9:00,-11.46,-8.5,86.7,11.46,4.362,219.8,12.16,4.454,193.1,356.89,96.94137516458092
2019-07-14 10:00:00,7/14/2019 10:00,-12.55,-11.57,86.1,12.46,5.666,229.9,12.79,5.816,203.0,356.77,97.29409328247868
2019-07-14 11:00:00,7/14/2019 11:00,-12.68,-11.1,87.2,9.7,3.207,204.8,10.1,3.181,178.6,356.71,98.66139289145475
2019-07-14 12:00:00,7/14/2019 12:00,-13.88,-12.39,84.8,5.464,1.435,82.5,5.731,1.133,75.59,356.74,97.06789788689284
2019-07-14 13:00:00,7/14/2019 13:00,-16.87,-16.68,84.7,4.598,1.846,354.8,4.565,1.213,321.4,357.05,99.79420534192133
2019-07-14 14:00:00,7/14/2019 14:00,-17.66,-17.75,83.9,9.43,2.308,346.4,9.8,1.824,312.2,357.12,99.6063598571761
2019-07-14 15:00:00,7/14/2019 15:00,-17.95,-18.2,84.6,5.831,2.059,9.03,5.831,0.652,339.2,357.39,100.0
2019-07-14 16:00:00,7/14/2019 16:00,-17.66,-17.68,84.7,9.86,2.368,315.6,10.03,1.057,272.8,357.52,100.0
2019-07-14 17:00:00,7/14/2019 17:00,-16.74,-16.42,84.9,20.73,11.78,255.8,21.02,12.1,229.3,357.2,99.90462183188299
2019-07-14 18:00:00,7/14/2019 18:00,-17.03,-16.61,84.1,17.23,12.12,245.9,17.89,12.65,218.8,356.97,99.24012488565793
2019-07-14 19:00:00,7/14/2019 19:00,-19.55,-17.71,82.2,17.66,11.83,249.6,18.26,12.22,223.0,356.52,99.37530622280856
2019-07-14 20:00:00,7/14/2019 20:00,-19.61,-18.38,82.8,15.63,10.34,251.8,15.66,10.64,225.6,356.19,100.0
2019-07-14 21:00:00,7/14/2019 21:00,-19.85,-18.71,82.0,15.49,5.918,276.0,16.16,5.862,245.8,356.11,99.41882194231698
2019-07-14 22:00:00,7/14/2019 22:00,-19.28,-18.64,80.2,15.56,2.505,344.3,15.63,2.183,281.7,355.92,96.7068027858752
2019-07-14 23:00:00,7/14/2019 23:00,-19.99,-19.02,79.58,7.23,1.811,352.4,7.564,1.522,326.7,355.84,96.61417477934803
2019-07-15 00:00:00,7/15/2019 0:00,-18.35,-17.74,85.2,13.89,4.142,280.0,14.36,4.012,236.4,355.94,100.0
2019-07-15 01:00:00,7/15/2019 1:00,-16.86,-16.46,84.1,12.1,2.331,205.2,12.36,2.172,184.2,356.25,99.07773421068951
2019-07-15 02:00:00,7/15/2019 2:00,-16.36,-14.49,84.4,11.8,3.437,226.1,12.1,3.382,199.8,356.38,98.95309747528563
2019-07-15 03:00:00,7/15/2019 3:00,-15.31,-11.57,85.0,7.397,1.54,137.9,7.197,1.333,114.1,356.74,98.6516857790807
2019-07-15 04:00:00,7/15/2019 4:00,-13.94,-8.13,85.6,3.998,0.893,142.2,5.331,0.839,122.4,356.93,98.04055880609285
2019-07-15 05:00:00,7/15/2019 5:00,-13.23,-6.777,84.4,6.997,2.16,202.4,2.866,0.022,67.28,357.1,96.00377362277429
2019-07-15 06:00:00,7/15/2019 6:00,-12.91,-7.687,86.3,7.33,3.786,214.9,7.73,3.559,185.8,357.12,97.86105168342402
2019-07-15 07:00:00,7/15/2019 7:00,-12.96,-9.48,86.6,8.53,4.941,229.2,9.3,4.997,201.5,357.14,98.24884288170604
2019-07-15 08:00:00,7/15/2019 8:00,-12.98,-9.94,85.2,9.76,5.123,232.3,10.13,5.173,204.5,357.14,96.67926298187484
2019-07-15 09:00:00,7/15/2019 9:00,-13.9,-10.87,84.1,12.03,5.983,238.2,12.96,6.106,210.9,356.81,96.28526959799726
2019-07-15 10:00:00,7/15/2019 10:00,-15.15,-12.55,85.5,11.66,7.116,211.9,12.06,7.254,183.8,356.74,99.07871374572832
2019-07-15 11:00:00,7/15/2019 11:00,-15.62,-13.79,84.5,10.33,6.464,220.1,10.86,6.618,192.7,356.64,98.36543852821279
2019-07-15 12:00:00,7/15/2019 12:00,-17.91,-16.92,80.5,12.79,9.37,224.9,13.76,9.82,197.8,356.71,95.79994729777054
2019-07-15 13:00:00,7/15/2019 13:00,-20.3,-18.36,74.15,14.59,9.61,220.8,15.26,10.03,194.0,356.82,90.28933416141165
2019-07-15 14:00:00,7/15/2019 14:00,-19.81,-18.3,32.52,15.43,11.42,232.2,15.86,12.04,205.7,357.09,39.41294917355192
2019-07-15 15:00:00,7/15/2019 15:00,-18.53,-17.94,33.7,14.16,5.981,250.1,15.03,6.021,223.4,357.63,40.34473524576495
2019-07-15 16:00:00,7/15/2019 16:00,-18.28,-18.08,61.16,9.8,2.894,273.0,9.73,2.771,246.4,357.71,73.043480203144
2019-07-15 17:00:00,7/15/2019 17:00,-17.76,-17.93,85.2,12.5,4.506,213.3,13.59,4.517,186.6,357.55,100.0
2019-07-15 18:00:00,7/15/2019 18:00,-17.06,-17.07,84.9,13.83,2.72,192.3,14.39,2.558,165.4,357.61,100.0
2019-07-15 19:00:00,7/15/2019 19:00,-16.76,-16.79,85.5,9.03,2.035,167.7,9.76,1.844,150.4,357.38,100.0
2019-07-15 20:00:00,7/15/2019 20:00,-17.28,-17.29,83.3,6.564,1.722,166.1,6.597,1.477,127.9,357.19,98.53303041358444
2019-07-15 21:00:00,7/15/2019 21:00,-18.6,-18.86,82.8,7.897,1.847,119.3,8.56,1.458,97.0,356.94,99.19259368442741
2019-07-15 22:00:00,7/15/2019 22:00,-18.77,-19.18,82.6,5.564,1.534,0.374,5.731,0.934,334.4,356.93,99.11463317529822
2019-07-15 23:00:00,7/15/2019 23:00,-19.3,-19.64,71.17,6.031,1.493,336.7,6.098,1.0,316.5,356.99,85.8347023641819
2019-07-16 00:00:00,7/16/2019 0:00,-18.69,-18.42,60.01,8.9,2.555,329.5,8.73,2.336,296.5,357.18,71.95282105288746
2019-07-16 01:00:00,7/16/2019 1:00,-18.04,-14.99,51.04,4.132,1.49,5.32,4.165,1.106,333.1,357.52,60.816703989726086
2019-07-16 02:00:00,7/16/2019 2:00,-16.49,-11.47,58.43,5.065,1.441,31.32,5.198,1.176,355.0,357.68,68.59101387368398
2019-07-16 03:00:00,7/16/2019 3:00,-15.24,-7.769,70.81,5.598,0.915,75.29,5.764,0.745,60.17,358.04,82.12710024974221
2019-07-16 04:00:00,7/16/2019 4:00,-14.65,-5.895,68.67,6.997,0.969,115.1,7.164,0.696,95.8,358.21,79.19217886339618
2019-07-16 05:00:00,7/16/2019 5:00,-16.1,-9.73,78.69,7.464,2.953,237.6,7.63,2.927,209.3,358.38,92.02744129605355
2019-07-16 06:00:00,7/16/2019 6:00,-16.38,-11.2,76.27,7.364,4.664,247.6,7.397,4.72,220.3,358.42,89.43848894310673
2019-07-16 07:00:00,7/16/2019 7:00,-16.15,-10.79,88.7,9.16,4.583,239.6,9.6,4.61,212.2,358.51,100.0
2019-07-16 08:00:00,7/16/2019 8:00,-15.52,-9.88,85.7,6.831,3.235,234.4,6.997,3.13,208.3,358.51,99.66605864130226
2019-07-16 09:00:00,7/16/2019 9:00,-14.31,-5.665,85.6,6.031,1.482,204.2,6.297,1.031,187.4,358.46,98.39222861870905
2019-07-16 10:00:00,7/16/2019 10:00,-15.02,-7.098,79.15,5.998,2.196,233.5,5.964,1.955,209.1,358.37,91.60508409575667
2019-07-16 11:00:00,7/16/2019 11:00,-16.21,-12.12,70.71,7.564,4.337,240.8,7.73,4.404,214.3,358.39,82.782681537942
2019-07-16 12:00:00,7/16/2019 12:00,-16.34,-14.78,40.04,7.197,4.828,246.2,7.497,4.92,220.1,358.55,46.93504648141613
2019-07-16 13:00:00,7/16/2019 13:00,-16.08,-15.58,53.32,8.93,5.468,244.8,8.93,5.65,218.6,358.75,62.34536075785419
2019-07-16 14:00:00,7/16/2019 14:00,-16.71,-16.75,44.42,8.4,4.698,249.6,8.63,4.809,223.5,358.88,52.25536459076396
2019-07-16 15:00:00,7/16/2019 15:00,-17.15,-17.53,46.06,6.364,2.062,263.8,6.397,2.004,238.4,359.01,54.41481484142032
2019-07-16 16:00:00,7/16/2019 16:00,-17.15,-17.48,61.3,6.564,2.872,264.9,6.764,2.728,236.8,359.18,72.41919560961931
2019-07-16 17:00:00,7/16/2019 17:00,-16.92,-17.41,70.35,6.531,2.336,257.5,6.797,2.296,230.5,359.01,82.92686008654206
2019-07-16 18:00:00,7/16/2019 18:00,-17.27,-17.6,71.73,6.164,3.27,261.7,6.431,2.92,234.1,358.86,84.83906182461153
2019-07-16 19:00:00,7/16/2019 19:00,-17.59,-17.92,73.01,5.931,3.504,265.4,6.064,3.516,239.7,358.53,86.61935929195722
2019-07-16 20:00:00,7/16/2019 20:00,-17.68,-17.96,62.0,5.431,3.639,271.7,5.564,3.519,244.7,358.27,73.62077058070143
2019-07-16 21:00:00,7/16/2019 21:00,-17.86,-18.08,66.13,9.2,5.65,263.6,9.4,5.671,237.0,358.04,78.66093366480771
2019-07-16 22:00:00,7/16/2019 22:00,-17.77,-18.01,62.0,9.73,6.916,241.4,10.06,7.224,215.3,357.97,73.68453450216376
2019-07-16 23:00:00,7/16/2019 23:00,-18.05,-18.3,61.52,8.2,6.174,243.7,8.73,6.409,217.6,357.71,73.31119360829673
2019-07-17 00:00:00,7/17/2019 0:00,-17.9,-17.53,60.26,7.864,4.583,256.7,8.26,4.617,230.6,357.96,71.70620785334917
2019-07-17 01:00:00,7/17/2019 1:00,-17.86,-16.34,47.05,6.997,5.153,242.0,7.197,5.314,215.5,358.23,55.96547601586577
2019-07-17 02:00:00,7/17/2019 2:00,-18.07,-16.27,53.75,9.96,6.305,242.6,10.23,6.558,215.9,358.35,64.06427704590135
2019-07-17 03:00:00,7/17/2019 3:00,-17.96,-15.71,57.66,10.66,6.931,229.3,11.13,7.266,202.4,358.52,68.6519413560625
2019-07-17 04:00:00,7/17/2019 4:00,-17.31,-15.09,17.05,11.36,7.934,233.6,11.86,8.31,206.7,358.84,20.173750854320144
2019-07-17 05:00:00,7/17/2019 5:00,-17.04,-14.38,38.87,11.03,7.413,232.7,11.13,7.766,205.5,358.85,45.87200020047337
2019-07-17 06:00:00,7/17/2019 6:00,-17.56,-14.49,63.26,11.6,7.608,219.5,11.83,7.835,191.9,358.78,75.03025827791856
2019-07-17 07:00:00,7/17/2019 7:00,-17.35,-14.18,48.82,12.23,8.41,218.3,12.86,8.66,190.9,358.7,57.786617674051634
2019-07-17 08:00:00,7/17/2019 8:00,-16.84,-14.13,52.11,14.69,10.16,219.9,15.39,10.52,192.6,358.71,61.378667287546996
2019-07-17 09:00:00,7/17/2019 9:00,-16.78,-14.09,44.64,13.26,9.44,222.0,13.86,9.88,194.6,358.6,52.549608084664584
2019-07-17 10:00:00,7/17/2019 10:00,-17.01,-14.78,70.19,14.96,10.48,220.0,15.69,10.81,192.4,358.27,82.81001920415875
2019-07-17 11:00:00,7/17/2019 11:00,-16.97,-15.04,53.69,14.26,10.44,226.2,15.09,10.88,198.9,358.34,63.31895094848368
2019-07-17 12:00:00,7/17/2019 12:00,-17.19,-16.72,46.8,14.89,9.86,221.2,15.59,10.07,193.8,358.54,55.310343513395885
2019-07-17 13:00:00,7/17/2019 13:00,-17.47,-17.44,54.34,14.49,9.2,221.8,14.96,9.38,194.7,358.72,64.39479288175755
2019-07-17 14:00:00,7/17/2019 14:00,-18.0,-18.19,51.04,12.53,8.92,225.1,12.96,9.23,198.1,358.94,60.79332143076922
2019-07-17 15:00:00,7/17/2019 15:00,-17.94,-18.21,40.68,14.13,9.01,232.8,14.49,9.4,206.1,359.22,48.425667249523876
2019-07-17 16:00:00,7/17/2019 16:00,-18.12,-18.39,45.16,13.49,8.66,240.5,13.79,8.96,213.9,359.36,53.85178743880811
2019-07-17 17:00:00,7/17/2019 17:00,-18.73,-18.91,72.55,16.39,9.89,235.1,16.96,10.32,208.6,358.92,87.021865426021
2019-07-17 18:00:00,7/17/2019 18:00,-18.37,-18.45,79.09,16.79,12.01,244.5,17.19,12.46,218.3,358.96,94.53901941705193
2019-07-17 19:00:00,7/17/2019 19:00,-17.95,-17.91,85.1,15.96,11.11,237.6,16.49,11.63,211.3,358.48,100.0
2019-07-17 20:00:00,7/17/2019 20:00,-17.3,-17.26,83.6,12.4,8.68,234.6,12.53,8.86,208.0,358.31,98.90693355197567
2019-07-17 21:00:00,7/17/2019 21:00,-18.46,-18.37,82.9,12.33,5.701,235.4,12.59,5.83,209.8,358.46,99.17895240524902
2019-07-17 22:00:00,7/17/2019 22:00,-17.71,-17.62,84.1,11.6,5.551,245.6,11.5,5.623,219.9,358.29,99.89183724584
2019-07-17 23:00:00,7/17/2019 23:00,-16.98,-16.93,84.2,9.03,5.954,226.3,9.86,6.197,200.2,358.23,99.31028623744497
2019-07-18 00:00:00,7/18/2019 0:00,-17.06,-17.04,84.8,9.2,5.224,244.3,9.1,5.489,218.9,358.5,100.0
2019-07-18 01:00:00,7/18/2019 1:00,-16.35,-16.4,82.6,6.564,3.103,268.2,6.831,3.146,240.8,358.78,96.83338477823953
2019-07-18 02:00:00,7/18/2019 2:00,-17.58,-17.18,76.08,13.16,6.249,245.4,13.79,6.518,219.5,358.67,90.25293523202366
2019-07-18 03:00:00,7/18/2019 3:00,-17.68,-16.59,85.2,12.33,8.72,244.6,12.89,9.07,219.0,359.1,100.0
2019-07-18 04:00:00,7/18/2019 4:00,-15.44,-14.1,83.7,11.6,8.5,239.1,12.06,8.83,212.7,359.19,97.2649533249026
2019-07-18 05:00:00,7/18/2019 5:00,-15.44,-14.2,79.1,12.63,9.62,229.5,13.59,10.38,203.3,359.26,91.91944812425085
2019-07-18 06:00:00,7/18/2019 6:00,-14.09,-12.53,69.0,11.2,6.239,234.3,11.66,6.399,206.6,359.6,79.14283710085445
2019-07-18 07:00:00,7/18/2019 7:00,-13.54,-12.12,63.4,10.36,5.632,248.0,10.73,5.773,221.0,359.57,72.33346613184636
2019-07-18 08:00:00,7/18/2019 8:00,-12.15,-9.44,63.33,9.1,4.34,243.8,9.53,4.442,216.8,359.5,71.28659524376526
2019-07-18 09:00:00,7/18/2019 9:00,-13.01,-10.83,73.09,10.5,4.783,233.1,10.73,4.953,205.9,359.43,82.96176254466866
2019-07-18 10:00:00,7/18/2019 10:00,-13.33,-10.91,87.4,8.66,3.811,231.5,8.9,3.817,204.0,359.32,99.51259345539091
2019-07-18 11:00:00,7/18/2019 11:00,-14.01,-11.83,61.03,8.36,2.521,216.8,8.7,2.397,187.9,359.37,69.94708784553715
2019-07-18 12:00:00,7/18/2019 12:00,-15.06,-14.16,77.58,8.93,4.479,241.7,9.23,4.594,215.0,359.43,89.82274400616608
2019-07-18 13:00:00,7/18/2019 13:00,-16.58,-16.16,79.14,8.5,3.394,231.5,9.03,3.38,206.5,359.68,92.98313713360739
2019-07-18 14:00:00,7/18/2019 14:00,-17.47,-17.65,74.19,5.931,1.177,231.5,6.297,0.888,219.0,359.99,87.91773433746029
2019-07-18 15:00:00,7/18/2019 15:00,-17.76,-18.02,83.8,8.6,1.72,231.5,9.23,1.611,196.6,360.32,99.58338864474943
2019-07-18 16:00:00,7/18/2019 16:00,-17.87,-18.28,78.93,7.097,1.384,305.2,6.764,1.11,273.0,360.28,93.89542711252682
2019-07-18 17:00:00,7/18/2019 17:00,-17.78,-18.18,81.5,7.031,1.613,301.2,7.197,1.068,273.0,360.08,96.86882582770015
2019-07-18 18:00:00,7/18/2019 18:00,-18.69,-18.49,71.53,10.23,5.669,260.0,10.56,5.673,233.7,359.81,85.7654605884526
2019-07-18 19:00:00,7/18/2019 19:00,-18.63,-18.35,75.78,11.43,7.051,264.7,11.73,7.137,238.5,359.59,90.80894180297574
2019-07-18 20:00:00,7/18/2019 20:00,-18.34,-18.13,71.52,10.23,5.67,258.8,10.6,5.755,232.7,359.29,85.46569963231067
2019-07-18 21:00:00,7/18/2019 21:00,-18.53,-18.56,66.18,7.064,3.289,271.8,7.197,3.214,245.6,359.02,79.22891924524404
2019-07-18 22:00:00,7/18/2019 22:00,-18.63,-18.71,63.68,9.93,5.185,254.2,10.16,5.295,228.3,358.85,76.30922953303636
2019-07-18 23:00:00,7/18/2019 23:00,-17.96,-18.56,49.76,6.631,1.44,338.4,6.564,1.233,306.3,358.87,59.245934822713664
2019-07-19 00:00:00,7/19/2019 0:00,-17.52,-17.25,47.25,5.398,1.035,133.3,5.398,0.958,109.3,359.11,56.01984496179743
2019-07-19 01:00:00,7/19/2019 1:00,-16.18,-13.52,52.79,5.964,1.913,331.6,5.598,1.801,302.0,359.34,61.78522560697331
2019-07-19 02:00:00,7/19/2019 2:00,-14.75,-9.9,55.86,6.897,1.238,308.5,6.664,1.096,283.7,359.49,64.48164418325828
2019-07-19 03:00:00,7/19/2019 3:00,-13.68,-5.281,55.67,2.965,0.303,173.7,2.466,0.041,261.3,359.71,63.600428447583845
2019-07-19 04:00:00,7/19/2019 4:00,-13.83,-3.671,79.59,2.832,0.337,129.5,3.332,0.19,109.3,359.99,91.0600868944855
2019-07-19 05:00:00,7/19/2019 5:00,-15.05,-4.482,80.7,2.799,0.742,195.5,3.099,0.41,173.6,360.09,93.42607582490258
2019-07-19 06:00:00,7/19/2019 6:00,-14.78,-4.332,82.5,3.965,1.134,193.5,4.198,0.846,168.1,360.11,95.26098893899719
2019-07-19 07:00:00,7/19/2019 7:00,-15.24,-4.492,82.1,3.998,1.573,196.5,4.198,1.2,168.3,360.22,95.22150728009936
2019-07-19 08:00:00,7/19/2019 8:00,-13.59,-3.464,79.38,3.432,0.727,157.2,3.832,0.479,120.0,360.06,90.60901556814076
2019-07-19 09:00:00,7/19/2019 9:00,-14.23,-5.902,84.5,4.532,1.494,208.6,4.831,1.605,180.6,360.01,97.05269289936261
2019-07-19 10:00:00,7/19/2019 10:00,-14.64,-7.846,84.2,4.132,1.873,206.0,4.731,1.819,185.9,359.95,97.09242319032072
2019-07-19 11:00:00,7/19/2019 11:00,-14.67,-10.98,84.8,5.198,2.147,205.3,5.598,2.264,178.6,359.95,97.81266398413977
2019-07-19 12:00:00,7/19/2019 12:00,-15.38,-12.96,84.6,4.365,1.46,231.0,4.631,1.414,196.8,360.07,98.25385671943602
2019-07-19 13:00:00,7/19/2019 13:00,-16.0,-15.49,85.3,5.464,2.451,246.0,5.964,1.984,217.2,360.34,99.66158806499108
2019-07-19 14:00:00,7/19/2019 14:00,-16.32,-16.66,85.6,3.798,2.522,249.5,3.898,0.371,228.5,360.48,100.0
2019-07-19 15:00:00,7/19/2019 15:00,-16.69,-17.01,84.2,3.565,1.842,237.5,,,,360.6,99.03317614720119
2019-07-19 16:00:00,7/19/2019 16:00,-17.38,-17.96,83.3,2.166,0.576,253.2,0.3,0.001,182.4,360.64,98.62792958778617
2019-07-19 17:00:00,7/19/2019 17:00,-17.41,-17.91,84.1,5.798,2.302,230.3,6.064,1.953,216.3,360.58,99.6038942376585
2019-07-19 18:00:00,7/19/2019 18:00,-16.93,-17.09,84.7,6.198,4.265,245.7,6.731,4.503,220.4,360.39,99.85190829860053
2019-07-19 19:00:00,7/19/2019 19:00,-16.65,-16.71,81.0,5.498,3.491,265.5,5.664,3.497,240.2,360.14,95.23272309694367
2019-07-19 20:00:00,7/19/2019 20:00,-16.83,-16.78,80.3,6.864,4.753,252.1,7.031,4.873,226.5,359.86,94.57363478194806
2019-07-19 21:00:00,7/19/2019 21:00,-17.05,-17.01,79.94,6.964,3.564,271.5,7.031,3.457,245.1,359.75,94.34939302324112
2019-07-19 22:00:00,7/19/2019 22:00,-17.24,-17.23,77.68,5.165,3.735,247.9,5.398,3.842,223.0,359.51,91.84992431636019
2019-07-19 23:00:00,7/19/2019 23:00,-17.23,-17.36,77.96,7.164,4.688,261.8,7.33,4.703,236.2,359.5,92.17212523580152
2019-07-20 00:00:00,7/20/2019 0:00,-17.58,-16.88,69.39,5.331,3.116,275.3,5.265,2.99,250.2,359.62,82.31665583267772
2019-07-20 01:00:00,7/20/2019 1:00,-17.13,-14.83,69.11,5.564,3.216,267.1,5.698,3.154,240.7,359.83,81.63012661848298
2019-07-20 02:00:00,7/20/2019 2:00,-16.57,-13.3,60.35,5.165,2.997,262.0,5.198,2.99,235.8,360.0,70.89956294548959
2019-07-20 03:00:00,7/20/2019 3:00,-15.85,-8.49,70.31,5.065,1.508,239.8,5.265,1.642,213.4,360.18,82.02895779319637
2019-07-20 04:00:00,7/20/2019 4:00,-16.01,-9.74,74.86,5.631,3.371,237.0,6.098,3.487,211.7,360.32,87.47229092101371
2019-07-20 05:00:00,7/20/2019 5:00,-15.82,-7.312,84.1,5.964,3.291,208.3,6.098,3.286,181.1,360.38,98.08900690306548
2019-07-20 06:00:00,7/20/2019 6:00,-15.06,-6.771,85.0,8.16,4.063,215.1,8.5,4.271,188.1,360.44,98.41367930554416
2019-07-20 07:00:00,7/20/2019 7:00,-14.8,-9.64,83.8,10.03,7.167,216.0,10.8,7.518,188.9,360.43,96.7807826615417
2019-07-20 08:00:00,7/20/2019 8:00,-14.58,-9.5,84.9,9.8,5.488,210.5,9.83,5.622,183.3,360.48,97.84281729622523
2019-07-20 09:00:00,7/20/2019 9:00,-13.74,-9.25,84.4,7.864,4.159,209.8,8.33,3.998,182.1,360.44,96.4791739205303
2019-07-20 10:00:00,7/20/2019 10:00,-13.73,-10.65,86.5,8.3,4.352,218.3,8.8,4.382,191.6,360.35,98.87014860623587
2019-07-20 11:00:00,7/20/2019 11:00,-13.67,-12.25,86.6,6.664,3.805,239.8,7.23,3.875,212.8,360.3,98.92695883870933
2019-07-20 12:00:00,7/20/2019 12:00,-14.6,-13.93,85.5,6.597,3.134,242.9,6.864,3.15,217.4,360.4,98.55334580610412
2019-07-20 13:00:00,7/20/2019 13:00,-15.19,-14.74,84.7,5.731,1.468,244.4,6.198,1.225,214.6,360.55,98.18960347998522
2019-07-20 14:00:00,7/20/2019 14:00,-16.63,-16.92,83.9,4.532,0.959,326.6,4.865,0.306,285.6,360.69,98.62327590065864
2019-07-20 15:00:00,7/20/2019 15:00,-16.86,-17.03,84.0,4.065,1.213,306.0,4.065,0.594,275.3,360.89,98.95992477643186
2019-07-20 16:00:00,7/20/2019 16:00,-17.22,-16.89,83.3,6.664,3.201,259.6,6.897,2.925,231.1,360.87,98.47612622587279
2019-07-20 17:00:00,7/20/2019 17:00,-17.17,-16.95,84.5,7.397,4.208,273.2,7.63,4.132,247.2,360.8,99.84666715910656
2019-07-20 18:00:00,7/20/2019 18:00,-17.44,-17.23,82.8,6.997,4.288,266.1,7.364,3.929,238.2,360.47,98.09255800629778
2019-07-20 19:00:00,7/20/2019 19:00,-17.2,-16.95,73.56,6.797,4.456,253.5,7.097,4.603,227.7,360.28,86.94488580859672
2019-07-20 20:00:00,7/20/2019 20:00,-16.84,-16.75,68.4,6.264,3.711,263.3,6.564,3.566,236.8,360.16,80.56612631871454
2019-07-20 21:00:00,7/20/2019 21:00,-16.85,-16.87,74.21,7.83,4.403,265.9,7.963,4.451,239.5,359.93,87.41795804469632
2019-07-20 22:00:00,7/20/2019 22:00,-17.06,-17.17,83.1,8.46,5.607,249.6,8.76,5.789,222.8,359.81,98.08843816468175
2019-07-20 23:00:00,7/20/2019 23:00,-17.24,-17.36,78.09,9.13,3.069,278.4,9.46,2.885,252.8,359.67,92.33471408167568
2019-07-21 00:00:00,7/21/2019 0:00,-17.26,-16.76,79.0,6.731,2.354,291.0,6.964,2.002,263.5,359.64,93.42869979701948
2019-07-21 01:00:00,7/21/2019 1:00,-16.6,-14.59,81.5,7.064,3.183,277.1,7.23,3.108,250.4,359.82,95.774410047389
2019-07-21 02:00:00,7/21/2019 2:00,-16.6,-14.01,73.54,7.097,3.913,252.6,7.33,4.011,226.2,360.04,86.42024680840476
2019-07-21 03:00:00,7/21/2019 3:00,-17.0,-13.16,67.12,7.13,4.189,250.1,7.297,4.269,223.5,360.22,79.18041213464521
2019-07-21 04:00:00,7/21/2019 4:00,-15.51,-8.9,58.86,5.498,2.245,246.1,5.664,2.083,219.3,360.34,68.4454810484267
2019-07-21 05:00:00,7/21/2019 5:00,-15.5,-9.11,59.38,7.064,3.301,245.3,7.364,3.352,217.5,360.44,69.04349623489966
2019-07-21 06:00:00,7/21/2019 6:00,-15.1,-9.85,86.7,8.26,4.696,240.0,8.73,4.821,212.6,360.57,100.0
2019-07-21 07:00:00,7/21/2019 7:00,-13.64,-4.557,84.4,6.697,2.91,203.5,7.097,2.948,174.8,360.71,96.38579834215574
2019-07-21 08:00:00,7/21/2019 8:00,-14.47,-6.242,72.03,7.43,3.174,234.2,7.664,3.17,206.1,360.72,82.92254742318603
2019-07-21 09:00:00,7/21/2019 9:00,-14.57,-9.07,85.4,7.53,4.283,227.4,8.16,4.351,200.6,360.62,98.40952358959113
2019-07-21 10:00:00,7/21/2019 10:00,-14.95,-10.91,82.1,8.3,4.955,234.9,8.26,5.064,208.3,360.44,94.95503390279998
2019-07-21 11:00:00,7/21/2019 11:00,-15.42,-12.01,80.8,8.36,5.199,241.5,8.53,5.308,215.3,360.3,93.87682532352845
2019-07-21 12:00:00,7/21/2019 12:00,-16.03,-14.39,48.48,8.56,5.102,253.3,8.56,5.129,227.4,360.41,56.658764430551194
2019-07-21 13:00:00,7/21/2019 13:00,-16.14,-15.05,57.19,8.43,1.889,272.5,8.8,1.58,236.7,360.56,66.90914658932851
2019-07-21 14:00:00,7/21/2019 14:00,-15.67,-15.58,69.24,8.96,2.959,260.6,9.03,2.818,235.3,360.73,80.64037485493682
2019-07-21 15:00:00,7/21/2019 15:00,-15.89,-15.8,74.37,11.3,6.659,254.6,11.26,6.742,228.4,360.87,86.7991634557415
2019-07-21 16:00:00,7/21/2019 16:00,-15.84,-15.96,64.96,10.36,4.606,261.8,10.6,4.589,233.7,360.94,75.77992911630855
2019-07-21 17:00:00,7/21/2019 17:00,-15.85,-15.85,63.64,11.73,7.673,252.9,12.03,7.793,226.7,360.79,74.24723188677311
2019-07-21 18:00:00,7/21/2019 18:00,-16.16,-16.22,64.65,11.56,8.33,246.2,11.63,8.55,219.8,360.35,75.65152988170375
2019-07-21 19:00:00,7/21/2019 19:00,-16.59,-16.66,34.63,11.1,7.803,247.9,11.13,7.991,221.2,360.21,40.691388054325564
2019-07-21 20:00:00,7/21/2019 20:00,-16.3,-16.49,30.27,10.86,6.863,247.6,11.26,7.014,221.2,360.03,35.468928557089924
2019-07-21 21:00:00,7/21/2019 21:00,-16.74,-17.04,26.74,11.13,6.285,251.9,11.1,6.364,225.7,359.72,31.465837311949954
2019-07-21 22:00:00,7/21/2019 22:00,-16.77,-17.07,26.08,13.86,8.41,247.0,14.16,8.62,220.8,359.49,30.698067187885613
2019-07-21 23:00:00,7/21/2019 23:00,-16.71,-17.01,45.15,10.9,6.804,241.0,11.26,6.975,214.8,359.58,53.11413127584405
2019-07-22 00:00:00,7/22/2019 0:00,-16.25,-15.74,48.94,10.06,3.74,254.6,10.43,3.729,226.3,359.58,57.31788789844261
2019-07-22 01:00:00,7/22/2019 1:00,-15.78,-11.82,48.64,2.632,0.407,32.68,2.499,0.07,33.93,359.79,56.70876982925242
2019-07-22 02:00:00,7/22/2019 2:00,-14.85,-9.62,56.54,4.365,0.823,78.4,4.432,0.507,56.73,359.85,65.32972642433478
2019-07-22 03:00:00,7/22/2019 3:00,-14.35,-7.862,46.72,5.331,0.962,105.4,5.631,0.618,86.5,360.0,53.72271201404767
2019-07-22 04:00:00,7/22/2019 4:00,-13.71,-7.021,43.06,5.798,1.498,264.1,5.731,1.36,238.5,360.14,49.20837264596107
2019-07-22 05:00:00,7/22/2019 5:00,-13.78,-4.464,53.46,4.198,1.351,198.4,4.631,1.238,172.5,360.23,61.134769504714136
2019-07-22 06:00:00,7/22/2019 6:00,-14.97,-9.03,45.1,7.897,4.691,212.9,8.13,4.808,186.0,360.24,52.171741096776636
2019-07-22 07:00:00,7/22/2019 7:00,-14.95,-8.93,78.61,9.23,4.429,225.2,9.83,4.426,199.2,360.15,90.91857752861276
2019-07-22 08:00:00,7/22/2019 8:00,-14.12,-6.817,86.4,6.497,2.309,186.6,6.364,1.78,162.9,360.09,99.12937152632229
2019-07-22 09:00:00,7/22/2019 9:00,-13.72,-7.532,84.9,9.7,2.934,210.8,9.96,2.727,187.9,359.95,97.03194099289925
2019-07-22 10:00:00,7/22/2019 10:00,-13.36,-10.46,85.4,9.33,3.665,209.2,9.8,3.365,181.0,359.87,97.26368031429169
2019-07-22 11:00:00,7/22/2019 11:00,-13.63,-10.24,86.3,7.73,2.669,195.1,6.997,2.181,171.9,359.95,98.54607743235613
2019-07-22 12:00:00,7/22/2019 12:00,-13.82,-12.45,87.3,6.364,3.281,195.6,6.397,2.71,166.6,359.96,99.87154176745894
2019-07-22 13:00:00,7/22/2019 13:00,-14.28,-13.71,86.5,5.831,2.269,191.4,6.731,2.108,160.4,360.19,99.39787229030027
2019-07-22 14:00:00,7/22/2019 14:00,-15.1,-15.11,85.4,4.798,0.927,150.2,5.031,0.73,189.2,360.54,98.91503016651374
2019-07-22 15:00:00,7/22/2019 15:00,-16.44,-16.48,84.5,2.399,0.479,320.3,2.699,0.271,287.3,360.56,99.1467948157687
2019-07-22 16:00:00,7/22/2019 16:00,-16.33,-16.19,85.6,2.466,0.452,309.2,2.632,0.286,286.6,360.69,100.0
2019-07-22 17:00:00,7/22/2019 17:00,-16.79,-16.77,84.8,2.432,0.547,312.1,2.699,0.126,247.6,360.49,99.83504022052071
2019-07-22 18:00:00,7/22/2019 18:00,-17.38,-17.71,83.9,3.499,0.601,341.5,3.898,0.286,280.5,360.12,99.33833484292029
2019-07-22 19:00:00,7/22/2019 19:00,-16.54,-16.36,82.6,3.465,1.087,246.2,4.132,0.768,217.7,359.92,97.01094409869445
2019-07-22 20:00:00,7/22/2019 20:00,-17.32,-17.17,69.4,4.998,2.297,307.9,5.198,2.269,279.6,359.6,82.12276229689273
2019-07-22 21:00:00,7/22/2019 21:00,-17.08,-17.2,66.84,3.998,0.872,322.6,4.298,0.657,286.2,359.45,78.91088109079656
2019-07-22 22:00:00,7/22/2019 22:00,-17.58,-17.48,66.05,2.965,0.834,287.6,3.199,0.475,275.1,359.23,78.3544475824811
2019-07-22 23:00:00,7/22/2019 23:00,-18.05,-18.02,79.17,1.666,0.497,254.1,1.533,0.009,304.5,359.14,94.34407018805025
2019-07-23 00:00:00,7/23/2019 0:00,-17.14,-16.99,76.45,2.099,0.38,339.1,,,,359.16,90.30855426260555
2019-07-23 01:00:00,7/23/2019 1:00,-14.9,-11.52,74.91,1.433,0.082,318.3,1.0,0.004,261.2,359.28,86.59737762362181
2019-07-23 02:00:00,7/23/2019 2:00,-13.47,-8.22,78.39,2.299,0.202,236.1,1.866,0.299,214.8,359.49,89.37503837077298
2019-07-23 03:00:00,7/23/2019 3:00,-11.36,-2.082,73.75,3.232,0.149,164.2,3.132,0.065,88.2,359.74,82.38163945651156
2019-07-23 04:00:00,7/23/2019 4:00,-11.2,-0.151,65.23,2.066,0.176,158.5,1.166,0.01,75.17,359.87,72.75134336030987
2019-07-23 05:00:00,7/23/2019 5:00,-12.91,-2.769,84.4,3.132,1.198,181.3,3.365,1.057,160.2,359.79,95.7065209974622
2019-07-23 06:00:00,7/23/2019 6:00,-12.82,-3.233,88.5,3.532,1.345,188.4,3.699,1.056,162.4,359.87,100.0
2019-07-23 07:00:00,7/23/2019 7:00,-12.64,-4.613,84.5,5.564,1.478,174.4,5.631,0.701,171.5,359.76,95.56943850173961
2019-07-23 08:00:00,7/23/2019 8:00,-12.57,-3.952,85.0,4.532,1.524,161.9,0.267,,126.1,359.82,96.06970906544508
2019-07-23 09:00:00,7/23/2019 9:00,-12.54,-4.393,86.1,3.299,1.179,185.1,,,,359.82,97.28465906533351
2019-07-23 10:00:00,7/23/2019 10:00,-12.69,-8.6,79.23,5.098,1.633,240.5,4.998,0.885,213.8,359.92,89.65252388007396
2019-07-23 11:00:00,7/23/2019 11:00,-12.8,-4.875,84.6,5.331,1.374,251.2,5.631,0.904,214.8,359.82,95.83107675294049
2019-07-23 12:00:00,7/23/2019 12:00,-14.09,-11.3,82.9,4.698,1.196,239.6,4.798,0.918,209.8,359.74,95.08610428493962
2019-07-23 13:00:00,7/23/2019 13:00,-14.61,-13.99,87.0,4.532,1.142,230.8,4.631,0.687,201.7,359.87,100.0
2019-07-23 14:00:00,7/23/2019 14:00,-14.17,-14.12,87.5,6.198,1.032,70.97,6.098,0.882,54.64,360.08,100.0
2019-07-23 15:00:00,7/23/2019 15:00,-13.92,-13.91,86.8,5.998,0.647,283.0,5.098,0.44,38.06,360.19,99.395714613494
2019-07-23 16:00:00,7/23/2019 16:00,-14.39,-14.44,86.3,7.264,0.902,286.7,8.1,0.675,275.1,360.11,99.27363902046413
2019-07-23 17:00:00,7/23/2019 17:00,-14.62,-14.61,86.2,8.33,0.534,251.9,9.36,0.323,266.6,359.91,99.3794343368846
2019-07-23 18:00:00,7/23/2019 18:00,-15.41,-15.41,85.4,18.09,4.965,65.89,17.69,4.297,37.14,359.07,99.21171518010895
2019-07-23 19:00:00,7/23/2019 19:00,-16.34,-16.34,85.5,20.03,3.636,346.9,18.23,1.639,268.6,359.06,100.0
2019-07-23 20:00:00,7/23/2019 20:00,-16.63,-16.64,84.4,16.19,2.495,250.4,16.06,1.288,21.14,359.29,99.2110189036423
2019-07-23 21:00:00,7/23/2019 21:00,-17.39,-17.5,84.2,6.531,0.95,272.2,0.067,,299.6,359.15,99.70313400706715
2019-07-23 22:00:00,7/23/2019 22:00,-17.01,-17.41,84.4,5.598,1.567,320.8,,,,359.16,99.57494829507051
2019-07-23 23:00:00,7/23/2019 23:00,-16.96,-17.65,77.45,4.898,2.908,7.731,,,,359.17,91.33135337844638
2019-07-24 00:00:00,7/24/2019 0:00,-16.38,-16.79,69.11,2.999,1.541,348.3,,,,359.23,81.04227049768069
2019-07-24 01:00:00,7/24/2019 1:00,-15.18,-11.93,76.37,2.632,0.445,11.31,,,,359.45,88.52438632250633
2019-07-24 02:00:00,7/24/2019 2:00,-12.95,-5.503,69.73,2.666,0.453,57.52,,,,359.61,79.10193813489602
2019-07-24 03:00:00,7/24/2019 3:00,-11.93,-1.914,62.19,1.733,0.244,137.1,,,,359.81,69.85409898454145
2019-07-24 04:00:00,7/24/2019 4:00,-12.81,-2.719,77.01,2.266,0.764,125.9,2.099,0.044,103.4,359.89,87.24192280718135
2019-07-24 05:00:00,7/24/2019 5:00,-12.45,-1.39,80.8,2.232,0.781,133.4,,,,359.88,91.21652506658933
2019-07-24 06:00:00,7/24/2019 6:00,-12.37,0.704,81.9,2.732,0.896,152.5,2.666,0.151,154.4,359.75,92.3866245876741
2019-07-24 07:00:00,7/24/2019 7:00,-12.53,1.888,70.17,2.566,0.946,159.8,2.799,0.312,139.6,359.77,79.27761421495184
2019-07-24 08:00:00,7/24/2019 8:00,-13.21,-1.414,73.9,2.866,1.267,155.1,3.099,0.474,134.3,359.69,84.04388862428468
2019-07-24 09:00:00,7/24/2019 9:00,-12.29,-0.71,82.2,2.366,0.579,218.7,2.532,0.164,190.7,359.63,92.65311395321413
2019-07-24 10:00:00,7/24/2019 10:00,-12.96,-3.542,86.1,3.099,1.36,182.3,3.132,0.466,162.0,359.6,97.68158628308187
2019-07-24 11:00:00,7/24/2019 11:00,-13.65,-8.83,85.6,4.465,1.52,195.0,4.565,0.964,174.3,359.58,97.76567930222913
2019-07-24 12:00:00,7/24/2019 12:00,-14.08,-10.56,86.1,3.798,1.177,246.6,3.932,0.772,219.2,,98.74693978243025
2019-07-24 13:00:00,7/24/2019 13:00,-14.32,-13.34,85.5,1.866,0.469,239.7,1.766,0.164,222.8,360.0,98.28679282283834
2019-07-24 14:00:00,7/24/2019 14:00,-15.21,-15.32,86.1,1.333,0.244,350.1,,,,360.14,99.83186140680311
2019-07-24 15:00:00,7/24/2019 15:00,-15.38,-15.96,85.8,1.166,0.163,7.835,,,,360.32,99.64752844595284
2019-07-24 16:00:00,7/24/2019 16:00,-15.17,-15.55,86.4,2.399,0.481,195.3,2.499,0.081,192.5,360.45,100.0
2019-07-24 17:00:00,7/24/2019 17:00,-14.98,-15.08,86.2,1.833,0.29,182.5,,,,360.43,99.72591498447042
2019-07-24 18:00:00,7/24/2019 18:00,-15.53,-15.64,86.8,3.565,1.234,220.9,3.665,1.0,194.5,360.28,100.0
2019-07-24 19:00:00,7/24/2019 19:00,-15.54,-15.6,86.5,3.832,1.129,212.6,3.965,0.878,215.0,360.05,100.0
2019-07-24 20:00:00,7/24/2019 20:00,-15.72,-15.88,86.8,4.865,2.12,14.69,4.798,1.691,341.3,359.78,100.0
2019-07-24 21:00:00,7/24/2019 21:00,-16.06,-16.44,85.1,5.431,2.322,16.57,5.265,2.072,346.8,359.51,99.48549347151669
2019-07-24 22:00:00,7/24/2019 22:00,-16.42,-16.96,84.3,5.898,2.431,22.17,5.798,2.258,350.4,359.35,98.89305497832135
2019-07-24 23:00:00,7/24/2019 23:00,-16.27,-16.83,84.7,5.165,2.12,255.1,5.331,1.901,226.8,359.33,99.21866977545201
2019-07-25 00:00:00,7/25/2019 0:00,-16.16,-16.25,81.0,4.998,1.632,253.9,5.298,1.407,226.3,359.35,94.78381934134576
2019-07-25 01:00:00,7/25/2019 1:00,-15.6,-13.04,82.7,5.531,3.005,243.6,5.731,3.02,218.3,359.65,96.25149110192567
2019-07-25 02:00:00,7/25/2019 2:00,-13.89,-6.431,81.2,2.866,0.687,187.0,3.099,0.261,212.2,359.85,92.9560890206477
2019-07-25 03:00:00,7/25/2019 3:00,-12.53,-1.897,83.4,1.866,0.339,134.7,,,,360.08,94.22478303444468
2019-07-25 04:00:00,7/25/2019 4:00,-12.2,-0.606,86.2,3.499,1.149,79.61,3.965,0.729,46.49,360.15,97.07699191129663
2019-07-25 05:00:00,7/25/2019 5:00,-12.95,-1.796,84.7,5.398,2.333,86.5,5.398,2.588,61.66,360.09,96.08395468271466
2019-07-25 06:00:00,7/25/2019 6:00,-12.51,-0.476,86.4,5.398,1.93,73.25,5.065,1.764,50.94,360.09,97.59523356781894
2019-07-25 07:00:00,7/25/2019 7:00,-12.85,-0.326,85.4,4.598,1.81,70.2,4.532,1.572,44.79,360.07,96.78417966636438
2019-07-25 08:00:00,7/25/2019 8:00,-13.67,-3.022,84.5,4.731,2.956,65.52,4.731,2.748,42.63,359.89,96.5280372040524
2019-07-25 09:00:00,7/25/2019 9:00,-12.7,-3.567,86.3,4.598,1.233,114.3,4.298,0.654,91.3,359.78,97.66203427293989
2019-07-25 10:00:00,7/25/2019 10:00,-12.27,-3.535,86.1,3.732,0.954,158.8,3.065,0.238,136.7,359.66,97.03023875711781
2019-07-25 11:00:00,7/25/2019 11:00,-13.16,-9.84,87.1,4.298,1.233,180.0,4.365,0.926,150.4,359.54,99.00780953774364
2019-07-25 12:00:00,7/25/2019 12:00,-13.39,-11.5,86.3,3.365,0.689,113.3,3.332,0.302,49.06,359.52,98.31727534040867
2019-07-25 13:00:00,7/25/2019 13:00,-14.21,-13.79,87.0,4.865,2.651,69.15,4.765,2.431,45.08,359.65,99.90473908519267
2019-07-25 14:00:00,7/25/2019 14:00,-14.15,-14.13,86.8,5.464,3.924,63.7,5.498,3.868,38.47,359.74,99.61721970159937
2019-07-25 15:00:00,7/25/2019 15:00,-14.64,-14.83,86.0,3.532,0.293,35.96,3.165,0.082,31.38,359.92,99.16803318726343
2019-07-25 16:00:00,7/25/2019 16:00,-14.72,-14.68,86.6,3.232,1.757,59.97,3.099,0.491,28.84,359.91,99.93718034864925
2019-07-25 17:00:00,7/25/2019 17:00,-15.47,-15.76,84.7,3.898,2.403,27.94,3.798,2.035,357.7,359.75,98.45554184629566
2019-07-25 18:00:00,7/25/2019 18:00,-16.43,-16.64,85.7,4.332,2.169,0.044,4.332,1.879,328.9,359.52,100.0
2019-07-25 19:00:00,7/25/2019 19:00,-16.35,-16.92,85.3,3.932,2.499,28.55,3.898,2.007,357.8,359.28,99.99864069714083
2019-07-25 20:00:00,7/25/2019 20:00,-16.36,-16.99,84.8,6.098,2.723,3.821,5.831,2.203,339.6,359.14,99.42206950123483
2019-07-25 21:00:00,7/25/2019 21:00,-16.6,-17.07,85.2,3.199,1.103,203.8,,,,358.87,100.0
2019-07-25 22:00:00,7/25/2019 22:00,-16.39,-16.85,85.1,4.665,1.992,219.5,,,,358.7,99.80266676413345
2019-07-25 23:00:00,7/25/2019 23:00,-16.28,-16.53,85.7,6.164,3.72,225.8,6.331,3.513,198.4,358.66,100.0
2019-07-26 00:00:00,7/26/2019 0:00,-16.06,-16.35,85.4,5.731,2.439,240.6,6.064,2.348,212.5,358.74,99.83620613945389
2019-07-26 01:00:00,7/26/2019 1:00,-15.95,-14.77,84.4,5.598,3.329,241.4,6.031,3.353,214.7,359.0,98.5624924372456
2019-07-26 02:00:00,7/26/2019 2:00,-15.34,-12.94,85.4,5.931,4.162,218.2,6.531,4.379,190.1,359.2,99.14465673296885
2019-07-26 03:00:00,7/26/2019 3:00,-12.77,-7.649,86.4,6.098,1.237,54.74,6.098,0.358,46.98,359.42,97.84157664716295
2019-07-26 04:00:00,7/26/2019 4:00,-12.92,-5.452,86.4,8.56,2.402,9.96,8.43,1.881,345.4,359.54,97.98394487152217
2019-07-26 05:00:00,7/26/2019 5:00,-13.21,-4.363,86.1,7.164,2.652,93.5,7.031,2.611,71.38,359.53,97.91852247024235
2019-07-26 06:00:00,7/26/2019 6:00,-13.27,-3.278,84.7,7.297,2.879,202.2,7.73,2.895,175.9,359.49,96.38236446020709
2019-07-26 07:00:00,7/26/2019 7:00,-12.33,-0.85,87.2,7.031,1.942,194.0,7.364,1.889,176.3,359.42,98.32709065616402
2019-07-26 08:00:00,7/26/2019 8:00,-11.8,-0.352,84.4,6.697,2.453,208.9,7.33,2.518,185.9,359.24,94.68166318307833
2019-07-26 09:00:00,7/26/2019 9:00,-13.55,-6.081,86.1,6.831,3.82,221.5,7.264,4.026,194.0,359.16,98.24155565770332
2019-07-26 10:00:00,7/26/2019 10:00,-12.74,-5.054,85.7,5.631,2.203,234.7,5.964,2.249,207.4,359.09,97.02065724946243
2019-07-26 11:00:00,7/26/2019 11:00,-13.54,-9.55,86.5,5.065,1.806,230.1,5.298,1.734,200.2,359.02,98.68840410732982
2019-07-26 12:00:00,7/26/2019 12:00,-13.35,-11.97,86.7,6.564,3.58,208.7,7.097,3.585,181.2,359.04,98.73470979641725
2019-07-26 13:00:00,7/26/2019 13:00,-14.23,-14.01,86.4,5.365,3.353,224.4,5.864,3.452,198.5,359.22,99.23494279887491
2019-07-26 14:00:00,7/26/2019 14:00,-15.45,-15.61,85.7,5.498,4.184,238.3,5.964,4.452,212.6,359.33,99.59870488415814
2019-07-26 15:00:00,7/26/2019 15:00,-15.61,-15.63,85.7,6.064,4.627,217.4,6.531,4.967,191.2,359.53,99.75271212685595
2019-07-26 16:00:00,7/26/2019 16:00,-15.91,-16.13,85.0,4.998,3.015,227.1,5.298,2.988,206.7,359.72,99.22486365523456
2019-07-26 17:00:00,7/26/2019 17:00,-16.73,-16.93,85.3,4.032,1.043,291.1,3.565,0.282,325.6,359.58,100.0
2019-07-26 18:00:00,7/26/2019 18:00,-16.62,-16.68,85.2,3.532,1.409,239.1,,,,359.35,100.0
2019-07-26 19:00:00,7/26/2019 19:00,-16.38,-16.45,85.3,5.031,3.176,237.6,5.265,1.346,197.9,359.14,100.0
2019-07-26 20:00:00,7/26/2019 20:00,-16.31,-16.44,85.2,5.998,3.339,233.7,6.331,3.528,208.9,358.89,99.84288649938085
2019-07-26 21:00:00,7/26/2019 21:00,-15.88,-16.05,85.6,6.364,3.054,236.6,6.764,2.991,213.8,358.6,99.8963472230414
2019-07-26 22:00:00,7/26/2019 22:00,-16.04,-16.33,85.4,5.564,2.62,243.8,5.864,1.641,215.3,358.56,99.81694256585952
2019-07-26 23:00:00,7/26/2019 23:00,-16.5,-16.88,85.2,1.566,0.107,259.6,,,,358.59,100.0
2019-07-27 00:00:00,7/27/2019 0:00,-16.86,-17.13,85.0,2.732,0.603,265.2,,,,358.71,100.0
2019-07-27 01:00:00,7/27/2019 1:00,-15.58,-13.44,85.9,3.699,1.287,1.868,3.199,0.497,10.1,359.08,99.95654836341316
2019-07-27 02:00:00,7/27/2019 2:00,-11.56,-7.246,87.5,1.832,0.152,153.1,,,,359.41,97.93090324913352
2019-07-27 03:00:00,7/27/2019 3:00,-10.65,-5.602,86.1,3.332,0.922,81.9,3.132,0.522,52.73,359.66,95.51607153053114
2019-07-27 04:00:00,7/27/2019 4:00,-11.28,-3.774,86.3,2.532,0.646,137.5,2.766,0.4,119.7,359.94,96.32562415424864
2019-07-27 05:00:00,7/27/2019 5:00,-12.36,-3.613,85.7,3.032,1.256,108.1,3.099,1.275,81.8,359.97,96.66380748146716
2019-07-27 06:00:00,7/27/2019 6:00,-11.99,-1.182,84.7,3.199,1.031,129.1,3.832,1.013,102.3,359.88,95.19356737039988
2019-07-27 07:00:00,7/27/2019 7:00,-10.95,1.614,89.2,3.165,0.862,143.5,3.432,0.725,120.1,359.86,99.24392906194494
2019-07-27 08:00:00,7/27/2019 8:00,-9.73,3.486,86.8,5.431,1.015,96.5,5.564,0.791,81.5,359.83,95.43530518322852
2019-07-27 09:00:00,7/27/2019 9:00,-9.89,3.917,88.9,4.098,0.666,327.4,3.898,0.447,312.4,359.81,97.89641762938147
2019-07-27 10:00:00,7/27/2019 10:00,-10.35,3.986,88.8,3.199,0.561,342.0,3.365,0.371,293.4,359.73,98.22456433032909
2019-07-27 11:00:00,7/27/2019 11:00,-12.32,-1.41,84.8,2.332,0.599,340.4,2.199,0.482,310.2,359.74,95.61156608518117
2019-07-27 12:00:00,7/27/2019 12:00,-15.56,-11.17,84.2,3.532,1.563,353.2,3.465,1.197,319.6,359.85,97.95944283960603
2019-07-27 13:00:00,7/27/2019 13:00,-15.66,-14.61,85.2,5.365,2.553,18.21,5.298,2.168,352.6,360.01,99.21861120805359
2019-07-27 14:00:00,7/27/2019 14:00,-15.2,-15.12,86.2,10.23,2.5,28.16,10.43,2.1,3.365,360.32,99.93815391241809
2019-07-27 15:00:00,7/27/2019 15:00,-16.49,-16.67,85.5,6.731,3.812,19.99,6.897,3.407,349.6,360.48,100.0
2019-07-27 16:00:00,7/27/2019 16:00,-16.53,-16.81,86.2,6.231,2.955,19.48,6.198,2.481,347.6,360.6,100.0
2019-07-27 17:00:00,7/27/2019 17:00,-15.47,-15.56,85.8,7.23,3.361,42.61,7.264,2.919,13.48,360.55,99.7341852468969
2019-07-27 18:00:00,7/27/2019 18:00,-15.96,-16.1,86.0,4.865,2.478,26.66,4.898,2.092,357.4,360.34,100.0
2019-07-27 19:00:00,7/27/2019 19:00,-15.46,-15.59,86.2,5.498,1.755,24.75,5.231,1.493,5.075,360.06,100.0
2019-07-27 20:00:00,7/27/2019 20:00,-15.3,-15.43,85.0,3.732,1.026,58.17,3.232,0.487,24.92,359.75,98.64215626333767
2019-07-27 21:00:00,7/27/2019 21:00,-15.73,-16.12,83.9,2.999,0.558,353.4,2.632,0.231,342.8,359.55,97.77076274552219
2019-07-27 22:00:00,7/27/2019 22:00,-16.81,-17.07,85.2,4.198,2.239,5.253,4.098,2.014,334.5,359.51,100.0
2019-07-27 23:00:00,7/27/2019 23:00,-16.61,-16.78,85.0,5.798,2.747,3.654,5.798,2.427,333.5,359.6,99.89705042559667
2019-07-28 00:00:00,7/28/2019 0:00,-16.48,-16.41,85.2,3.399,0.628,308.5,3.499,0.529,298.8,359.94,100.0
2019-07-28 01:00:00,7/28/2019 1:00,-15.96,-14.89,84.4,2.999,0.594,261.5,3.199,0.415,253.8,360.33,98.57200423166127
2019-07-28 02:00:00,7/28/2019 2:00,-15.06,-11.17,85.5,6.797,1.204,339.1,6.664,1.103,313.0,360.61,98.99258330145913
2019-07-28 03:00:00,7/28/2019 3:00,-13.7,-8.35,85.8,7.664,2.651,38.72,7.764,2.247,21.24,360.83,98.04156008264539
2019-07-28 04:00:00,7/28/2019 4:00,-12.2,-4.913,87.1,6.797,1.714,359.5,6.631,1.392,15.7,361.02,98.09055679204103
2019-07-28 05:00:00,7/28/2019 5:00,-12.63,-5.572,84.8,8.06,4.263,59.28,7.897,3.984,36.54,361.05,95.8994394005957
2019-07-28 06:00:00,7/28/2019 6:00,-12.27,-1.94,86.7,6.997,2.753,73.07,7.164,2.595,51.66,361.06,97.70640766831725
2019-07-28 07:00:00,7/28/2019 7:00,-12.98,-3.734,85.1,8.26,3.725,52.91,8.56,3.326,27.68,360.85,96.56578966851583
2019-07-28 08:00:00,7/28/2019 8:00,-13.18,-3.357,85.6,8.4,3.425,56.73,7.764,3.124,29.47,360.82,97.32159650870096
2019-07-28 09:00:00,7/28/2019 9:00,-12.13,-2.816,89.4,7.597,2.048,83.0,7.63,1.856,60.03,360.69,100.0
2019-07-28 10:00:00,7/28/2019 10:00,-13.99,-5.95,86.4,5.265,2.887,25.11,4.465,2.245,352.3,360.67,99.00472928532933
2019-07-28 11:00:00,7/28/2019 11:00,-15.82,-7.204,83.3,7.164,3.153,11.24,7.13,2.802,337.0,360.58,97.1559366828223
2019-07-28 12:00:00,7/28/2019 12:00,-16.45,-12.95,84.5,8.4,3.72,353.6,8.6,3.682,323.8,360.73,99.15635500753024
2019-07-28 13:00:00,7/28/2019 13:00,-16.15,-15.05,83.6,6.797,2.726,356.0,6.897,2.586,322.1,361.0,97.81682626907609
2019-07-28 14:00:00,7/28/2019 14:00,-15.99,-15.93,85.8,6.064,3.184,3.049,6.098,3.047,332.2,361.29,100.0
2019-07-28 15:00:00,7/28/2019 15:00,-15.78,-16.12,83.8,6.131,3.053,1.573,6.064,2.898,333.2,361.45,97.70137565154918
2019-07-28 16:00:00,7/28/2019 16:00,-17.06,-17.09,81.7,6.531,3.663,358.0,6.531,3.492,326.4,361.49,96.43592536768351
2019-07-28 17:00:00,7/28/2019 17:00,-17.67,-17.36,83.8,6.697,3.574,14.14,6.731,3.264,343.9,361.48,99.49721112494447
2019-07-28 18:00:00,7/28/2019 18:00,-17.18,-16.9,81.0,6.364,3.266,13.33,6.198,2.884,344.9,361.18,95.72022318441594
2019-07-28 19:00:00,7/28/2019 19:00,-18.12,-17.69,80.8,6.364,3.197,8.78,6.364,2.935,337.0,360.86,96.35129373462567
2019-07-28 20:00:00,7/28/2019 20:00,-17.63,-17.23,80.3,6.331,2.828,15.91,6.331,2.54,345.2,360.65,95.30491658347769
2019-07-28 21:00:00,7/28/2019 21:00,-16.61,-16.59,81.2,4.065,2.729,6.694,3.998,2.587,335.8,360.38,95.43106464186413
2019-07-28 22:00:00,7/28/2019 22:00,-17.15,-17.09,80.6,6.431,3.646,354.8,6.431,3.569,324.6,360.22,95.22001902341462
2019-07-28 23:00:00,7/28/2019 23:00,-17.87,-17.78,79.18,8.4,3.574,347.4,8.3,3.42,317.2,360.27,94.1928280599249
2019-07-29 00:00:00,7/29/2019 0:00,-17.65,-17.36,76.26,6.864,4.146,6.683,6.897,3.97,336.7,360.53,90.52741665741993
2019-07-29 01:00:00,7/29/2019 1:00,-16.33,-13.22,78.54,6.697,2.317,4.085,6.631,2.039,325.2,360.79,92.05602070794924
2019-07-29 02:00:00,7/29/2019 2:00,-15.04,-10.7,78.78,7.53,3.683,33.06,7.464,2.978,8.05,361.04,91.194485719419
2019-07-29 03:00:00,7/29/2019 3:00,-14.53,-10.05,75.47,7.53,4.682,51.07,7.464,4.01,25.11,361.27,86.93318689845702
2019-07-29 04:00:00,7/29/2019 4:00,-14.64,-9.23,82.0,9.16,4.316,44.14,9.03,4.069,17.5,361.46,94.55556652739071
2019-07-29 05:00:00,7/29/2019 5:00,-13.55,-6.044,88.7,8.66,3.763,48.84,8.63,3.404,23.66,361.56,100.0
2019-07-29 06:00:00,7/29/2019 6:00,-13.75,-6.096,84.3,8.6,4.031,35.64,8.56,3.788,9.97,361.5,96.3741928735238
2019-07-29 07:00:00,7/29/2019 7:00,-12.83,-4.433,85.3,7.031,3.861,58.73,7.064,3.636,34.64,361.39,96.65210928146017
2019-07-29 08:00:00,7/29/2019 8:00,-12.58,0.098,85.1,4.965,0.849,72.63,5.964,0.655,330.1,,96.19205927601645
2019-07-29 09:00:00,7/29/2019 9:00,-11.95,1.152,79.13,4.765,0.993,44.95,4.532,0.629,31.42,361.11,88.8989825622818
2019-07-29 10:00:00,7/29/2019 10:00,-13.86,-6.22,77.31,3.099,1.163,350.4,3.132,0.731,324.2,360.92,88.47719805085482
2019-07-29 11:00:00,7/29/2019 11:00,-13.7,-8.09,83.9,2.766,1.083,315.1,2.699,0.461,288.2,360.86,95.87047658431176
2019-07-29 12:00:00,7/29/2019 12:00,-14.58,-11.8,89.1,3.065,1.088,333.3,3.032,0.745,301.7,360.99,100.0
2019-07-29 13:00:00,7/29/2019 13:00,-13.54,-12.77,87.9,5.464,1.462,42.43,5.464,1.079,36.42,361.19,100.0
2019-07-29 14:00:00,7/29/2019 14:00,-13.88,-13.93,87.6,4.532,1.414,32.73,4.398,0.963,20.04,361.32,100.0
2019-07-29 15:00:00,7/29/2019 15:00,-13.92,-13.98,87.1,3.765,0.5,31.72,3.565,0.113,6.924,,99.73924818934708
2019-07-29 16:00:00,7/29/2019 16:00,-14.3,-14.51,87.4,4.198,0.476,303.1,4.198,0.123,295.9,361.57,100.0
2019-07-29 17:00:00,7/29/2019 17:00,-14.48,-14.75,86.4,2.832,0.407,288.6,,,,361.43,99.47523404856528
2019-07-29 18:00:00,7/29/2019 18:00,-14.6,-14.86,86.9,2.066,0.515,301.5,,,,361.21,100.0
2019-07-29 19:00:00,7/29/2019 19:00,-15.05,-15.33,86.7,2.965,0.551,349.0,0.833,0.003,312.9,360.89,100.0
2019-07-29 20:00:00,7/29/2019 20:00,-15.2,-15.21,86.0,3.599,0.742,341.0,3.365,0.181,317.6,360.53,99.70627884533592
2019-07-29 21:00:00,7/29/2019 21:00,-14.7,-14.69,86.9,2.699,0.587,250.1,,,,360.29,100.0
2019-07-29 22:00:00,7/29/2019 22:00,-14.74,-14.91,86.0,3.599,0.705,302.6,3.365,0.094,320.1,360.15,99.26396823171959
2019-07-29 23:00:00,7/29/2019 23:00,-15.42,-15.75,86.1,2.466,0.304,299.4,,,,360.14,100.0
2019-07-30 00:00:00,7/30/2019 0:00,-15.1,-15.35,86.4,3.399,0.601,293.6,,,,360.2,100.0
2019-07-30 01:00:00,7/30/2019 1:00,-14.77,-14.0,85.8,2.965,0.884,288.3,,,,360.36,99.06185064682407
2019-07-30 02:00:00,7/30/2019 2:00,-14.31,-11.65,87.6,2.466,0.46,17.3,,,,360.53,100.0
2019-07-30 03:00:00,7/30/2019 3:00,-12.39,-4.587,85.7,2.399,0.135,239.7,,,,360.75,96.6919378821727
2019-07-30 04:00:00,7/30/2019 4:00,-10.66,3.457,86.0,2.432,0.505,114.4,2.399,0.128,96.5,360.96,95.41440599670506
2019-07-30 05:00:00,7/30/2019 5:00,-10.8,2.879,84.0,2.666,0.458,159.4,2.499,0.106,113.3,361.01,93.32232067048298
2019-07-30 06:00:00,7/30/2019 6:00,-10.9,4.874,85.5,3.432,0.938,203.4,3.798,0.403,176.8,360.89,95.08111584826726
2019-07-30 07:00:00,7/30/2019 7:00,-10.65,2.872,86.4,4.232,1.452,159.4,4.631,1.063,134.4,360.76,95.84888014213578
2019-07-30 08:00:00,7/30/2019 8:00,-10.24,2.417,85.7,3.199,0.997,168.9,3.665,0.43,148.1,360.57,94.69425308263838
2019-07-30 09:00:00,7/30/2019 9:00,-10.53,4.049,87.1,2.532,0.484,182.9,2.432,0.045,209.3,360.49,96.51282680867448
2019-07-30 10:00:00,7/30/2019 10:00,-10.61,2.519,82.0,3.065,0.494,236.0,3.099,0.237,219.4,360.43,90.93233701752249
2019-07-30 11:00:00,7/30/2019 11:00,-12.64,-0.783,73.77,2.499,0.36,340.1,2.532,0.085,189.5,360.3,83.43381631092699
2019-07-30 12:00:00,7/30/2019 12:00,-15.44,-11.19,69.91,3.998,1.984,2.736,3.798,1.45,332.0,360.29,81.24005838642701
2019-07-30 13:00:00,7/30/2019 13:00,-15.87,-14.34,77.65,3.632,1.435,351.5,3.399,0.671,340.9,360.58,90.60984519041071
2019-07-30 14:00:00,7/30/2019 14:00,-16.21,-15.98,77.25,4.032,1.67,347.4,3.965,0.959,337.4,360.88,90.43928933398415
2019-07-30 15:00:00,7/30/2019 15:00,-16.02,-15.88,78.52,5.098,0.892,346.3,5.131,0.365,359.0,360.93,91.75777512278052
2019-07-30 16:00:00,7/30/2019 16:00,-15.96,-15.79,77.2,5.298,1.917,5.136,4.831,1.529,345.4,361.05,90.16301808867594
2019-07-30 17:00:00,7/30/2019 17:00,-16.61,-16.52,74.7,4.798,3.312,14.64,4.698,3.11,344.7,360.97,87.79187843284791
2019-07-30 18:00:00,7/30/2019 18:00,-17.01,-17.09,77.54,4.998,3.787,18.41,4.898,3.586,348.7,360.65,91.48153425118208
2019-07-30 19:00:00,7/30/2019 19:00,-16.87,-17.09,61.31,4.998,3.166,9.19,4.865,2.98,338.9,360.3,72.2359236070035
2019-07-30 20:00:00,7/30/2019 20:00,-16.47,-16.56,59.73,4.265,2.851,359.9,4.198,2.639,329.8,359.95,70.10356544887563
2019-07-30 21:00:00,7/30/2019 21:00,-16.13,-16.34,52.64,4.565,2.058,349.8,4.432,1.691,320.6,359.69,61.57995648467501
2019-07-30 22:00:00,7/30/2019 22:00,-17.36,-17.57,58.79,6.331,4.107,0.898,6.297,3.922,330.5,359.54,69.59447551220414
2019-07-30 23:00:00,7/30/2019 23:00,-17.72,-17.96,57.82,7.764,2.908,344.2,7.397,2.716,315.6,359.44,68.68372953958392
2019-07-31 00:00:00,7/31/2019 0:00,-17.52,-17.5,58.51,6.764,4.574,7.237,6.731,4.414,337.8,359.54,69.36975933787869
2019-07-31 01:00:00,7/31/2019 1:00,-16.7,-14.26,65.65,6.164,3.56,16.03,6.064,3.291,347.1,359.78,77.22273925780894
2019-07-31 02:00:00,7/31/2019 2:00,-14.47,-9.41,55.15,5.964,1.806,46.01,5.664,1.425,21.99,360.04,63.489913791319026
2019-07-31 03:00:00,7/31/2019 3:00,-14.35,-8.96,75.41,5.931,3.06,49.66,5.798,2.639,27.13,360.22,86.71296474698919
2019-07-31 04:00:00,7/31/2019 4:00,-13.16,-3.089,79.27,4.499,0.895,59.11,4.165,0.659,24.78,360.35,90.10733710742754
2019-07-31 05:00:00,7/31/2019 5:00,-13.43,-2.387,79.63,3.932,0.951,123.1,3.998,0.559,96.7,360.36,90.75363476045443
2019-07-31 06:00:00,7/31/2019 6:00,-13.29,-2.949,79.07,4.731,1.942,65.07,4.332,1.489,37.99,360.25,89.99327476239284
2019-07-31 07:00:00,7/31/2019 7:00,-13.47,-4.829,69.43,5.764,2.682,74.8,5.764,2.522,48.95,360.09,79.15944526193097
2019-07-31 08:00:00,7/31/2019 8:00,-13.33,-4.716,65.91,6.198,2.118,40.97,5.898,1.727,21.93,360.03,75.04433678083312
2019-07-31 09:00:00,7/31/2019 9:00,-12.81,-3.976,64.55,4.931,1.718,59.64,5.065,1.355,33.87,359.9,73.12642666151872
2019-07-31 10:00:00,7/31/2019 10:00,-13.27,-4.644,58.84,2.866,0.957,84.1,2.799,0.193,4.002,359.77,66.95558825075071
2019-07-31 11:00:00,7/31/2019 11:00,-14.19,-7.434,82.9,3.632,1.169,9.02,3.399,0.897,336.0,359.66,95.17816369852807
2019-07-31 12:00:00,7/31/2019 12:00,-14.36,-11.22,88.1,4.298,1.008,314.3,4.265,0.609,251.7,359.76,100.0
2019-07-31 13:00:00,7/31/2019 13:00,-14.68,-13.98,60.75,1.699,0.601,316.5,1.499,0.043,295.3,359.89,70.07893796848475
2019-07-31 14:00:00,7/31/2019 14:00,-14.84,-15.38,73.78,1.833,0.385,311.2,0.9,0.013,296.7,360.07,85.24162155346549
2019-07-31 15:00:00,7/31/2019 15:00,-14.72,-15.14,57.43,4.132,1.336,301.4,4.032,1.092,273.9,360.28,66.27473749911002
2019-07-31 16:00:00,7/31/2019 16:00,-15.0,-15.43,60.39,4.898,1.484,314.2,4.898,1.085,279.7,360.28,69.87949247097283
2019-07-31 17:00:00,7/31/2019 17:00,-15.2,-15.58,53.87,6.131,2.635,321.6,6.064,2.405,294.6,360.15,62.45554931858425
2019-07-31 18:00:00,7/31/2019 18:00,-15.78,-16.23,60.61,5.231,1.462,309.8,5.131,1.134,283.2,359.99,70.66444365442001
2019-07-31 19:00:00,7/31/2019 19:00,-15.72,-16.21,56.86,5.331,1.098,201.2,5.298,0.733,150.2,359.62,66.25397999418327
2019-07-31 20:00:00,7/31/2019 20:00,-15.52,-15.87,57.51,6.931,2.417,288.1,6.797,1.959,259.6,359.37,66.88208906022511
2019-07-31 21:00:00,7/31/2019 21:00,-15.46,-15.9,54.96,7.397,1.701,309.1,7.364,1.19,297.7,359.13,63.87950426829493
2019-07-31 22:00:00,7/31/2019 22:00,-15.82,-16.43,82.2,6.231,1.032,249.7,6.264,0.559,225.7,359.01,95.87296512998792
2019-07-31 23:00:00,7/31/2019 23:00,-16.3,-16.62,85.9,3.099,0.695,144.7,2.999,0.14,21.21,359.0,100.0
2019-08-01 00:00:00,8/1/2019 0:00,-16.41,-16.47,86.2,5.131,0.886,348.6,5.331,0.216,232.6,359.03,100.0
2019-08-01 01:00:00,8/1/2019 1:00,-15.94,-15.47,83.2,6.164,4.189,257.8,6.198,4.077,231.6,359.17,97.15175417834591
2019-08-01 02:00:00,8/1/2019 2:00,-15.82,-14.24,78.6,6.364,4.333,253.0,6.797,4.39,227.0,359.42,91.67414913889354
2019-08-01 03:00:00,8/1/2019 3:00,-14.22,-7.599,70.98,2.499,0.901,239.5,2.366,0.334,221.9,359.7,81.51637425684082
2019-08-01 04:00:00,8/1/2019 4:00,-13.32,-4.749,78.56,2.866,0.981,207.0,2.799,0.517,187.6,359.9,89.43881035142745
2019-08-01 05:00:00,8/1/2019 5:00,-12.74,-3.22,79.75,3.898,0.633,147.5,3.865,0.284,106.9,359.91,90.2846839631812
2019-08-01 06:00:00,8/1/2019 6:00,-11.86,2.216,72.09,2.632,0.536,187.8,2.932,0.204,215.8,359.84,80.91915647938964
2019-08-01 07:00:00,8/1/2019 7:00,-12.56,-0.619,80.1,3.565,0.875,187.3,3.632,0.429,164.1,359.69,90.52279462245183
2019-08-01 08:00:00,8/1/2019 8:00,-13.64,-5.291,87.6,6.731,1.925,224.7,7.031,1.771,199.6,359.57,100.0
2019-08-01 09:00:00,8/1/2019 9:00,-13.23,-6.152,86.1,6.198,2.661,210.1,6.631,2.578,183.1,359.35,97.93749892086333
2019-08-01 10:00:00,8/1/2019 10:00,-13.49,-9.32,86.1,7.897,3.352,224.7,8.1,3.268,198.0,359.22,98.1844829133114
2019-08-01 11:00:00,8/1/2019 11:00,-13.2,-10.65,86.1,7.564,4.193,217.0,8.23,4.033,189.4,359.11,97.90903544160261
2019-08-01 12:00:00,8/1/2019 12:00,-14.41,-12.49,84.8,6.431,1.672,203.4,6.364,1.489,178.2,359.19,97.56701554765243
2019-08-01 13:00:00,8/1/2019 13:00,-15.24,-14.5,82.5,6.364,0.898,143.9,6.431,0.635,9.91,359.37,95.68543667001458
2019-08-01 14:00:00,8/1/2019 14:00,-14.96,-15.03,86.5,4.631,0.837,246.2,4.565,0.532,252.2,359.5,100.0
2019-08-01 15:00:00,8/1/2019 15:00,-14.62,-14.53,85.9,4.698,1.731,254.0,4.998,1.278,226.6,359.74,99.03356623594416
2019-08-01 16:00:00,8/1/2019 16:00,-15.28,-15.33,85.9,6.431,1.759,306.8,6.664,1.244,280.6,359.66,99.66734412748526
2019-08-01 17:00:00,8/1/2019 17:00,-15.45,-15.44,86.5,5.331,1.422,309.4,5.198,0.804,263.7,359.57,100.0
2019-08-01 18:00:00,8/1/2019 18:00,-15.09,-15.06,86.8,7.897,2.638,249.9,8.33,2.578,217.0,,100.0
2019-08-01 19:00:00,8/1/2019 19:00,-14.92,-14.85,86.6,8.43,5.212,241.4,9.03,5.427,215.1,358.97,100.0
2019-08-01 20:00:00,8/1/2019 20:00,-15.44,-15.39,86.1,6.364,2.837,235.7,6.664,2.755,207.8,358.72,100.0
2019-08-01 21:00:00,8/1/2019 21:00,-15.57,-15.55,86.2,4.232,0.903,217.3,4.532,0.493,207.0,358.54,100.0
2019-08-01 22:00:00,8/1/2019 22:00,-15.3,-15.27,86.0,5.964,3.416,242.0,6.397,3.494,216.2,358.4,99.80265221937694
2019-08-01 23:00:00,8/1/2019 23:00,-15.41,-15.38,85.6,6.231,3.772,251.3,6.397,3.831,225.3,358.41,99.44406111729889
2019-08-02 00:00:00,8/2/2019 0:00,-15.72,-15.67,85.7,6.098,3.233,255.2,6.397,3.18,228.3,358.58,99.85870709640356
2019-08-02 01:00:00,8/2/2019 1:00,-15.57,-14.96,85.9,2.799,0.251,281.9,2.732,0.052,220.6,358.78,99.94689695220296
2019-08-02 02:00:00,8/2/2019 2:00,-14.37,-11.43,88.3,1.399,0.099,59.73,,,,359.03,100.0
2019-08-02 03:00:00,8/2/2019 3:00,-13.04,-7.517,87.5,2.166,0.338,80.0,,,,,99.34690197537431
2019-08-02 04:00:00,8/2/2019 4:00,-11.49,-4.121,88.3,3.532,0.701,137.9,0.033,,62.64,359.5,98.75913455083978
2019-08-02 05:00:00,8/2/2019 5:00,-10.44,-2.932,90.5,2.799,0.613,170.1,2.866,0.362,167.9,359.54,100.0
2019-08-02 06:00:00,8/2/2019 6:00,-8.17,-3.184,77.4,4.565,2.278,223.5,4.898,2.427,195.8,359.56,83.81810132150862
2019-08-02 07:00:00,8/2/2019 7:00,-8.53,-3.96,71.15,6.264,3.075,224.7,6.431,3.304,197.7,359.57,77.32034274997295
2019-08-02 08:00:00,8/2/2019 8:00,-10.42,-6.174,75.68,7.997,5.324,228.4,8.56,5.647,201.6,359.49,83.76907821721704
2019-08-02 09:00:00,8/2/2019 9:00,-11.1,-7.086,76.55,9.46,4.013,247.1,9.66,4.118,221.4,359.41,85.29371839754948
2019-08-02 10:00:00,8/2/2019 10:00,-11.9,-9.95,87.1,7.897,4.402,239.2,8.16,4.527,212.7,359.29,97.8054510778978
2019-08-02 11:00:00,8/2/2019 11:00,-12.94,-10.85,75.91,8.86,4.674,243.2,9.26,4.772,216.7,359.29,86.10420425526344
2019-08-02 12:00:00,8/2/2019 12:00,-15.06,-13.66,80.4,10.13,3.351,243.4,10.73,3.273,214.4,359.46,93.08776254312649
2019-08-02 13:00:00,8/2/2019 13:00,-15.33,-14.78,71.03,7.897,3.028,280.8,7.897,2.714,253.1,359.61,82.45391962470408
2019-08-02 14:00:00,8/2/2019 14:00,-15.37,-15.49,68.17,6.831,2.61,283.7,6.964,2.298,256.1,359.74,79.16452100084179
2019-08-02 15:00:00,8/2/2019 15:00,-15.23,-15.38,70.41,7.864,1.675,270.6,8.3,1.337,248.7,359.92,81.65528152795109
2019-08-02 16:00:00,8/2/2019 16:00,-15.27,-15.61,76.13,5.098,1.058,152.3,5.298,0.711,112.2,359.94,88.32295602706563
2019-08-02 17:00:00,8/2/2019 17:00,-15.83,-16.18,85.0,6.131,1.447,344.4,6.297,0.927,272.2,359.87,99.14828036683305
2019-08-02 18:00:00,8/2/2019 18:00,-15.02,-15.11,87.0,7.664,2.29,248.1,7.897,2.015,217.6,359.67,100.0
2019-08-02 19:00:00,8/2/2019 19:00,-14.57,-14.58,86.2,7.23,3.775,235.8,7.53,3.866,209.1,359.3,99.33139266302992
2019-08-02 20:00:00,8/2/2019 20:00,-14.98,-15.11,85.2,5.464,1.623,265.6,5.698,1.391,229.6,359.02,98.56900181759721
2019-08-02 21:00:00,8/2/2019 21:00,-15.79,-15.93,86.1,6.697,1.475,312.7,6.931,1.05,271.0,358.81,100.0
2019-08-02 22:00:00,8/2/2019 22:00,-15.56,-15.71,86.1,3.665,0.871,323.6,3.732,0.523,270.3,358.77,100.0
2019-08-02 23:00:00,8/2/2019 23:00,-16.24,-16.83,83.4,4.965,1.43,315.6,4.731,1.092,275.1,358.81,97.6675683743594
2019-08-03 00:00:00,8/3/2019 0:00,-16.84,-17.2,83.4,5.498,3.657,312.2,5.564,3.514,285.2,358.93,98.23413647632738
2019-08-03 01:00:00,8/3/2019 1:00,-16.41,-14.54,83.6,9.16,2.865,292.5,9.0,2.729,264.2,359.17,98.06242283323648
2019-08-03 02:00:00,8/3/2019 2:00,-15.3,-10.97,83.6,9.66,2.552,233.6,10.13,2.367,212.2,359.39,97.0174619248827
2019-08-03 03:00:00,8/3/2019 3:00,-13.62,-4.55,83.8,3.765,0.621,142.5,4.132,0.301,110.0,359.69,95.68205816887117
2019-08-03 04:00:00,8/3/2019 4:00,-12.64,-0.741,82.9,2.866,0.875,155.9,3.032,0.612,119.8,359.98,93.75983966620372
2019-08-03 05:00:00,8/3/2019 5:00,-11.9,1.901,85.0,3.798,1.087,132.1,4.298,1.088,102.1,360.01,95.44734031712186
2019-08-03 06:00:00,8/3/2019 6:00,-12.24,0.886,85.2,6.997,2.028,100.3,5.798,1.631,68.43,360.06,95.9880477511484
2019-08-03 07:00:00,8/3/2019 7:00,-11.24,2.721,85.9,4.665,1.292,123.9,4.698,0.787,86.6,360.04,95.8419198248941
2019-08-03 08:00:00,8/3/2019 8:00,-10.86,3.613,88.1,4.998,1.077,85.1,4.965,0.542,39.05,359.97,97.93440835408724
2019-08-03 09:00:00,8/3/2019 9:00,-10.93,0.827,85.4,2.832,0.774,290.9,2.632,0.252,295.9,359.85,94.99759073460015
2019-08-03 10:00:00,8/3/2019 10:00,-13.57,-4.468,86.1,4.931,1.28,300.3,4.798,0.676,297.0,359.91,98.26058626892389
2019-08-03 11:00:00,8/3/2019 11:00,-14.22,-7.223,84.9,3.465,1.366,307.6,3.499,0.67,273.9,359.78,97.50267926748077
2019-08-03 12:00:00,8/3/2019 12:00,-14.63,-12.36,85.6,4.998,2.532,257.2,4.965,2.346,228.8,359.85,98.69724193712089
2019-08-03 13:00:00,8/3/2019 13:00,-15.82,-15.03,85.2,6.131,1.926,294.4,6.164,1.63,264.8,360.01,99.37197845589988
2019-08-03 14:00:00,8/3/2019 14:00,-16.15,-15.66,85.5,5.531,1.785,276.0,5.531,1.443,250.2,360.12,100.0
2019-08-03 15:00:00,8/3/2019 15:00,-15.63,-15.29,85.7,4.698,2.061,289.6,4.698,1.647,254.5,360.33,99.77197697547241
2019-08-03 16:00:00,8/3/2019 16:00,-15.54,-15.12,85.9,4.532,1.58,275.0,4.332,0.697,248.9,360.44,99.91794737718297
2019-08-03 17:00:00,8/3/2019 17:00,-15.24,-15.07,85.1,3.732,1.057,306.1,3.732,0.12,157.0,360.31,98.70097770446353
2019-08-03 18:00:00,8/3/2019 18:00,-15.79,-15.73,85.0,4.165,1.527,288.0,4.432,1.103,255.6,360.1,99.11000709855632
2019-08-03 19:00:00,8/3/2019 19:00,-16.02,-16.04,85.2,2.399,1.121,308.8,2.399,0.737,271.7,359.79,99.56396383674097
2019-08-03 20:00:00,8/3/2019 20:00,-16.18,-16.39,84.4,5.398,1.386,307.0,5.398,1.153,284.9,359.54,98.78145560198045
2019-08-03 21:00:00,8/3/2019 21:00,-16.03,-16.35,85.6,2.666,0.484,318.4,2.499,0.153,254.1,359.32,100.0
2019-08-03 22:00:00,8/3/2019 22:00,-16.1,-16.32,85.8,4.165,1.969,319.2,3.898,1.519,282.3,359.13,100.0
2019-08-03 23:00:00,8/3/2019 23:00,-16.03,-15.95,84.6,2.699,0.666,321.5,2.532,0.343,294.8,359.1,98.87234882064008
2019-08-04 00:00:00,8/4/2019 0:00,-16.45,-15.99,84.8,5.931,2.083,315.0,5.898,1.709,286.1,359.25,99.50838940400666
2019-08-04 01:00:00,8/4/2019 1:00,-15.63,-12.04,82.4,4.232,1.767,297.2,4.032,1.626,273.2,359.49,95.93011555167942
2019-08-04 02:00:00,8/4/2019 2:00,-13.51,-5.601,84.9,2.432,0.352,76.12,2.033,0.167,29.99,359.6,96.83481402836303
2019-08-04 03:00:00,8/4/2019 3:00,-13.99,-6.272,83.7,5.698,1.594,296.9,5.498,1.474,270.8,359.86,95.9108314951628
2019-08-04 04:00:00,8/4/2019 4:00,-13.36,-3.694,82.6,4.232,0.823,250.5,3.865,0.763,235.5,359.98,94.07470718923292
2019-08-04 05:00:00,8/4/2019 5:00,-11.95,-0.112,82.1,4.098,0.683,84.6,3.932,0.502,53.13,359.98,92.23564347735797
2019-08-04 06:00:00,8/4/2019 6:00,-12.31,0.145,84.7,4.731,0.779,124.5,4.798,0.513,84.3,359.98,95.48955395505283
2019-08-04 07:00:00,8/4/2019 7:00,-12.27,-0.2,86.6,6.564,1.299,138.1,6.464,1.083,99.0,359.95,97.593712849784
2019-08-04 08:00:00,8/4/2019 8:00,-12.71,-3.486,85.2,9.53,2.22,180.0,9.43,2.379,155.6,359.71,96.42655942263761
2019-08-04 09:00:00,8/4/2019 9:00,-12.58,-3.883,85.1,6.764,2.52,211.3,7.097,2.592,183.7,359.48,96.19205927601645
2019-08-04 10:00:00,8/4/2019 10:00,-12.65,-4.428,84.6,5.031,1.819,206.9,5.165,1.905,179.6,359.3,95.69181616827706
2019-08-04 11:00:00,8/4/2019 11:00,-13.59,-9.44,86.0,7.197,1.892,218.3,6.864,1.783,187.5,359.38,98.16547416049515
2019-08-04 12:00:00,8/4/2019 12:00,-14.97,-11.66,85.7,5.464,1.213,41.62,5.798,0.998,336.6,359.25,99.13787609742256
2019-08-04 13:00:00,8/4/2019 13:00,-14.87,-13.61,86.6,4.498,1.04,243.6,4.498,0.931,226.3,359.57,100.0
2019-08-04 14:00:00,8/4/2019 14:00,-15.41,-15.1,86.4,8.23,2.794,244.7,8.8,2.713,219.2,359.64,100.0
2019-08-04 15:00:00,8/4/2019 15:00,-15.03,-15.07,86.5,5.531,1.151,287.1,5.498,0.735,215.8,359.79,100.0
2019-08-04 16:00:00,8/4/2019 16:00,-15.77,-15.49,85.1,5.131,1.49,137.9,5.198,1.189,111.7,359.75,99.2074525611398
2019-08-04 17:00:00,8/4/2019 17:00,-16.34,-15.6,84.8,7.63,2.563,302.2,7.764,2.372,269.2,359.57,99.40289564495724
2019-08-04 18:00:00,8/4/2019 18:00,-16.31,-16.43,85.1,4.165,0.952,7.509,4.065,0.31,321.5,359.45,99.72570001287922
2019-08-04 19:00:00,8/4/2019 19:00,-15.85,-15.97,86.8,4.698,1.029,4.315,4.698,0.38,320.5,359.12,100.0
2019-08-04 20:00:00,8/4/2019 20:00,-15.09,-15.09,86.8,2.965,0.371,326.7,2.332,0.047,286.1,358.88,100.0
2019-08-04 21:00:00,8/4/2019 21:00,-15.2,-15.38,86.5,2.932,0.737,1.849,2.899,0.483,335.3,358.64,100.0
2019-08-04 22:00:00,8/4/2019 22:00,-15.31,-15.65,86.3,2.266,0.766,319.8,1.433,0.011,347.4,358.43,100.0
2019-08-04 23:00:00,8/4/2019 23:00,-15.92,-16.71,84.7,3.065,0.766,335.5,2.732,0.148,296.4,358.41,98.88420080986975
2019-08-05 00:00:00,8/5/2019 0:00,-16.32,-16.8,85.7,4.532,1.659,315.9,4.332,1.226,283.1,358.43,100.0
2019-08-05 01:00:00,8/5/2019 1:00,-15.2,-11.24,85.1,4.798,1.102,334.1,4.731,0.616,275.0,358.74,98.6628410434661
2019-08-05 02:00:00,8/5/2019 2:00,-13.88,-7.917,84.2,4.265,1.143,272.7,4.332,0.965,239.9,358.91,96.38109672259878
2019-08-05 03:00:00,8/5/2019 3:00,-13.5,-6.93,80.3,5.065,1.685,266.4,4.998,1.432,241.1,359.18,91.57929897551986
2019-08-05 04:00:00,8/5/2019 4:00,-13.01,-4.511,80.1,4.631,1.512,246.1,5.065,1.483,217.7,359.34,90.91855492992146
2019-08-05 05:00:00,8/5/2019 5:00,-12.45,-1.286,83.2,3.965,0.905,207.5,4.165,0.744,184.5,359.38,93.9259268012405
2019-08-05 06:00:00,8/5/2019 6:00,-12.78,-1.276,85.7,4.232,1.562,197.5,4.731,1.482,168.6,359.45,97.05828742895157
2019-08-05 07:00:00,8/5/2019 7:00,-12.22,-0.557,86.0,4.398,1.969,196.5,4.765,1.909,167.5,359.35,96.8705480153576
2019-08-05 08:00:00,8/5/2019 8:00,-11.82,-1.481,85.9,4.965,1.474,204.9,4.898,1.307,176.5,359.27,96.38310073325762
2019-08-05 09:00:00,8/5/2019 9:00,-12.06,-3.428,87.1,6.664,2.943,212.0,7.23,2.976,184.5,359.2,97.95741617928702
2019-08-05 10:00:00,8/5/2019 10:00,-12.81,-7.893,87.8,7.364,3.484,231.5,7.797,3.667,204.4,359.15,99.46553463797588
2019-08-05 11:00:00,8/5/2019 11:00,-12.26,-9.14,88.1,5.198,1.819,191.1,5.698,1.534,161.8,359.12,99.27450478202118
2019-08-05 12:00:00,8/5/2019 12:00,-11.62,-7.628,88.2,2.932,0.887,158.7,2.965,0.632,128.7,359.2,98.77186357415627
2019-08-05 13:00:00,8/5/2019 13:00,-12.03,-10.09,87.4,2.965,0.581,174.2,3.499,0.249,138.0,359.33,98.26620500986712
2019-08-05 14:00:00,8/5/2019 14:00,-13.09,-12.98,87.5,5.931,3.012,200.8,6.731,2.89,173.5,359.52,99.39505162842713
2019-08-05 15:00:00,8/5/2019 15:00,-13.54,-13.67,87.0,5.498,2.267,224.3,6.231,2.024,188.6,359.64,99.25885731026236
2019-08-05 16:00:00,8/5/2019 16:00,-14.59,-14.87,85.8,4.032,1.952,276.3,4.098,1.774,247.0,359.68,98.8895832708435
2019-08-05 17:00:00,8/5/2019 17:00,-15.93,-16.15,85.4,4.065,1.73,274.3,4.365,1.405,241.6,359.55,99.71104779834836
2019-08-05 18:00:00,8/5/2019 18:00,-15.76,-15.44,85.6,5.365,3.429,250.0,5.931,3.697,224.7,359.28,99.78070767552566
2019-08-05 19:00:00,8/5/2019 19:00,-15.95,-15.94,84.9,4.898,3.447,265.9,5.198,3.584,240.6,359.02,99.14639345879326
2019-08-05 20:00:00,8/5/2019 20:00,-16.35,-16.06,86.0,6.531,4.678,249.3,7.097,5.089,223.6,358.72,100.0
2019-08-05 21:00:00,8/5/2019 21:00,-15.22,-14.98,86.6,6.597,3.65,242.9,7.264,3.932,217.4,358.64,100.0
2019-08-05 22:00:00,8/5/2019 22:00,-15.05,-15.34,84.9,4.865,2.541,246.2,5.131,2.616,218.3,358.62,98.28839947378228
2019-08-05 23:00:00,8/5/2019 23:00,-16.53,-16.59,84.6,4.798,2.84,263.5,5.165,2.806,238.5,358.55,99.35029906284484
2019-08-06 00:00:00,8/6/2019 0:00,-16.64,-16.51,84.9,4.598,2.433,277.1,4.931,2.39,244.7,358.71,99.80838175346867
2019-08-06 01:00:00,8/6/2019 1:00,-14.66,-13.58,84.8,3.199,0.586,301.3,3.199,0.4,261.9,358.78,97.80320627802192
2019-08-06 02:00:00,8/6/2019 2:00,-10.73,-8.54,88.9,2.166,0.202,101.1,2.199,0.03,111.9,358.91,98.69897504388132
2019-08-06 03:00:00,8/6/2019 3:00,-6.963,-5.698,89.0,0.067,,315.5,0.033,,192.7,359.22,95.253603922446
2019-08-06 04:00:00,8/6/2019 4:00,-4.885,-2.553,86.4,1.699,0.314,177.7,,,,359.51,90.61673565749138
2019-08-06 05:00:00,8/6/2019 5:00,-10.25,-4.447,88.0,2.932,1.425,181.4,3.532,1.096,148.7,359.48,97.24509123151063
2019-08-06 06:00:00,8/6/2019 6:00,-8.86,-3.822,88.0,5.431,2.617,221.0,5.898,2.742,196.8,359.47,95.93926291211687
2019-08-06 07:00:00,8/6/2019 7:00,-8.01,-3.75,89.3,5.231,2.501,220.5,5.864,2.732,193.2,359.49,96.55432951720736
2019-08-06 08:00:00,8/6/2019 8:00,-8.55,-1.762,86.4,6.597,2.072,202.8,6.964,2.196,176.4,359.37,93.91114887943978
2019-08-06 09:00:00,8/6/2019 9:00,-9.01,1.184,86.1,4.165,1.314,192.3,4.731,1.241,170.4,359.35,94.0049589110002
2019-08-06 10:00:00,8/6/2019 10:00,-11.24,-6.857,86.2,5.664,2.931,225.8,5.998,3.116,199.2,359.16,96.17664131438733
2019-08-06 11:00:00,8/6/2019 11:00,-13.97,-7.147,84.3,5.265,2.232,236.1,5.598,2.208,210.2,359.16,96.5796663103102
2019-08-06 12:00:00,8/6/2019 12:00,-14.54,-9.51,86.4,4.432,1.045,268.4,4.465,0.776,237.6,359.31,99.5329775253367
2019-08-06 13:00:00,8/6/2019 13:00,-15.39,-14.15,84.1,5.464,0.938,249.2,5.664,0.782,211.3,359.49,97.68259487889216
2019-08-06 14:00:00,8/6/2019 14:00,-16.55,-15.53,85.0,5.731,3.942,260.6,5.931,3.962,234.7,359.76,99.83928837736316
2019-08-06 15:00:00,8/6/2019 15:00,-16.63,-15.77,84.0,3.765,2.056,279.5,3.865,1.825,253.5,359.8,98.74082450125536
2019-08-06 16:00:00,8/6/2019 16:00,-16.63,-16.1,83.3,4.265,1.575,276.1,4.198,1.381,248.6,359.81,97.91798429707823
2019-08-06 17:00:00,8/6/2019 17:00,-17.12,-17.11,83.9,4.098,1.515,356.0,4.065,1.325,323.7,359.65,99.08997398331543
2019-08-06 18:00:00,8/6/2019 18:00,-17.17,-17.24,84.4,4.232,1.384,300.5,3.932,0.8,299.2,359.42,99.72850542282359
2019-08-06 19:00:00,8/6/2019 19:00,-17.96,-17.9,83.6,6.731,2.483,15.72,6.497,1.502,343.4,359.21,99.53698053012182
2019-08-06 20:00:00,8/6/2019 20:00,-16.18,-16.36,86.4,6.064,2.394,48.78,6.131,1.884,23.47,359.1,100.0
2019-08-06 21:00:00,8/6/2019 21:00,-15.24,-15.32,86.2,6.231,2.713,138.5,6.997,2.411,120.1,358.72,99.9767835267304
2019-08-06 22:00:00,8/6/2019 22:00,-15.71,-15.86,86.4,5.231,1.258,165.0,5.564,0.686,246.2,358.53,100.0
2019-08-06 23:00:00,8/6/2019 23:00,-16.09,-16.33,85.4,6.631,2.886,214.0,6.997,2.761,185.9,358.52,99.86510725333987
2019-08-07 00:00:00,8/7/2019 0:00,-17.45,-17.6,80.7,6.164,2.244,154.7,6.297,1.998,133.9,358.56,95.61390517407045
2019-08-07 01:00:00,8/7/2019 1:00,-17.87,-14.44,80.7,7.764,2.81,151.2,8.43,2.653,127.2,358.98,96.00102582010533
2019-08-07 02:00:00,8/7/2019 2:00,-16.17,-13.02,85.1,8.33,3.056,98.1,8.23,2.88,72.33,359.33,99.59112557641666
2019-08-07 03:00:00,8/7/2019 3:00,-15.03,-11.89,85.5,11.8,4.485,147.3,12.3,4.583,122.4,359.64,98.96388714335777
2019-08-07 04:00:00,8/7/2019 4:00,-14.57,-10.2,84.3,9.23,4.723,130.1,9.4,4.871,106.0,359.55,97.14195361361277
2019-08-07 05:00:00,8/7/2019 5:00,-15.03,-12.21,84.3,18.73,11.71,190.8,19.79,11.51,163.8,359.11,97.574920306258
2019-08-07 06:00:00,8/7/2019 6:00,-15.47,-11.04,84.2,15.73,7.741,177.0,15.73,7.658,150.5,359.51,97.87434030056782
2019-08-07 07:00:00,8/7/2019 7:00,-14.1,-4.074,83.0,5.198,1.727,124.6,5.165,1.596,95.9,359.38,95.21001766469558
2019-08-07 08:00:00,8/7/2019 8:00,-14.0,-3.003,84.4,4.765,1.323,128.4,4.765,1.127,122.9,359.14,96.72231441259095
2019-08-07 09:00:00,8/7/2019 9:00,-15.14,-7.193,78.68,7.63,3.778,198.0,8.26,3.874,170.8,359.02,91.1667834096547
2019-08-07 10:00:00,8/7/2019 10:00,-15.41,-9.5,66.89,9.36,5.031,208.8,9.7,5.383,181.3,358.88,77.70809869317901
2019-08-07 11:00:00,8/7/2019 11:00,-14.88,-10.96,27.82,7.764,4.574,207.8,8.26,4.81,180.9,358.77,32.15422955243912
2019-08-07 12:00:00,8/7/2019 12:00,-14.71,-13.66,86.1,8.63,5.539,201.5,9.33,5.887,175.0,358.88,99.35056921817083
2019-08-07 13:00:00,8/7/2019 13:00,-15.5,-15.19,63.05,7.031,2.357,197.6,7.53,2.164,167.8,359.26,73.31075172803004
2019-08-07 14:00:00,8/7/2019 14:00,-15.77,-16.24,62.4,3.998,1.917,214.8,4.432,1.834,193.3,359.45,72.74436004483107
2019-08-07 15:00:00,8/7/2019 15:00,-15.35,-16.0,57.88,3.265,1.379,206.0,3.465,1.037,179.1,359.58,67.2019563807212
2019-08-07 16:00:00,8/7/2019 16:00,-15.39,-16.22,42.44,4.398,1.014,29.29,4.165,0.232,293.5,359.53,49.29428450249921
2019-08-07 17:00:00,8/7/2019 17:00,-15.77,-16.65,56.87,3.732,0.974,16.27,3.699,0.623,338.8,359.55,66.29762429085805
2019-08-07 18:00:00,8/7/2019 18:00,-15.87,-16.23,87.0,5.231,1.811,77.34,5.365,0.936,48.99,359.26,100.0
2019-08-07 19:00:00,8/7/2019 19:00,-14.78,-14.79,85.6,6.364,2.502,166.2,6.697,1.997,158.9,358.86,98.84049276579586
2019-08-07 20:00:00,8/7/2019 20:00,-15.82,-15.82,86.5,7.664,1.005,0.015,7.497,0.654,320.0,358.66,100.0
2019-08-07 21:00:00,8/7/2019 21:00,-15.41,-15.41,86.2,8.26,3.954,40.59,8.46,3.525,14.38,358.45,100.0
2019-08-07 22:00:00,8/7/2019 22:00,-15.56,-15.58,86.0,7.83,1.648,19.68,7.73,1.121,3.062,358.49,100.0
2019-08-07 23:00:00,8/7/2019 23:00,-15.2,-15.22,86.4,7.464,2.417,25.04,7.597,2.234,13.24,358.48,100.0
2019-08-08 00:00:00,8/8/2019 0:00,-15.73,-15.69,85.8,11.1,2.357,19.48,10.9,1.664,273.3,358.6,99.98488013785224
2019-08-08 01:00:00,8/8/2019 1:00,-16.18,-15.78,85.4,8.86,3.413,53.11,8.93,2.908,27.25,359.07,99.95185199536884
2019-08-08 02:00:00,8/8/2019 2:00,-16.34,-15.19,85.4,13.39,6.351,55.49,13.06,5.956,29.79,359.11,100.0
2019-08-08 03:00:00,8/8/2019 3:00,-15.28,-12.48,85.5,12.73,8.03,62.15,12.89,7.825,36.77,359.18,99.20323542374842
2019-08-08 04:00:00,8/8/2019 4:00,-15.14,-11.52,84.0,12.86,7.437,53.52,12.66,6.821,29.58,359.59,97.33108549073455
2019-08-08 05:00:00,8/8/2019 5:00,-16.66,-10.39,83.2,7.963,3.932,117.8,8.06,3.932,93.0,359.6,97.82871959135177
2019-08-08 06:00:00,8/8/2019 6:00,-15.91,-7.279,82.5,6.264,3.444,110.5,6.231,3.39,88.2,359.59,96.30648531243354
2019-08-08 07:00:00,8/8/2019 7:00,-16.27,-6.226,73.21,8.93,4.331,70.97,8.76,4.153,46.28,359.47,85.75913594168644
2019-08-08 08:00:00,8/8/2019 8:00,-15.36,-6.34,27.63,8.46,3.491,152.2,8.63,3.65,128.4,359.44,32.08309294129305
2019-08-08 09:00:00,8/8/2019 9:00,-14.97,-7.637,77.84,11.73,4.389,105.3,11.93,4.293,81.9,359.3,90.04541744951428
2019-08-08 10:00:00,8/8/2019 10:00,-15.55,-8.71,84.6,10.7,5.364,75.32,10.33,5.293,49.88,359.18,98.41530454517924
2019-08-08 11:00:00,8/8/2019 11:00,-15.37,-9.89,31.9,12.2,4.951,25.95,12.36,4.578,355.9,359.24,37.04486166828301
2019-08-08 12:00:00,8/8/2019 12:00,-14.72,-12.37,20.26,5.831,2.116,144.2,6.697,1.892,129.3,359.46,23.38022256193573
2019-08-08 13:00:00,8/8/2019 13:00,-14.99,-15.12,41.6,8.2,2.347,112.1,8.56,2.285,84.2,359.61,48.132239507096074
2019-08-08 14:00:00,8/8/2019 14:00,-17.24,-17.71,40.27,11.53,5.051,16.57,11.7,4.475,347.0,359.66,47.6158142664756
2019-08-08 15:00:00,8/8/2019 15:00,-16.11,-16.47,86.0,8.9,4.391,30.88,9.3,3.891,4.867,359.84,100.0
2019-08-08 16:00:00,8/8/2019 16:00,-15.11,-15.29,86.0,10.3,4.174,46.02,10.0,3.642,20.31,360.1,99.61960955491173
2019-08-08 17:00:00,8/8/2019 17:00,-15.21,-15.25,86.6,8.46,3.788,43.69,7.93,3.245,18.89,360.0,100.0
2019-08-08 18:00:00,8/8/2019 18:00,-15.29,-15.39,85.7,9.5,3.203,60.85,9.63,2.764,22.84,359.94,99.44489621551605
2019-08-08 19:00:00,8/8/2019 19:00,-16.82,-17.03,81.7,5.398,2.011,69.1,5.198,1.544,19.39,359.76,96.21321910038417
2019-08-08 20:00:00,8/8/2019 20:00,-17.37,-18.55,32.5,7.497,2.152,53.4,7.397,1.858,15.47,359.58,38.476580813444194
2019-08-08 21:00:00,8/8/2019 21:00,-17.23,-18.67,61.19,5.065,2.254,35.36,4.998,2.205,4.347,359.53,72.34495052820286
2019-08-08 22:00:00,8/8/2019 22:00,-17.53,-18.63,57.03,8.6,3.68,52.72,8.63,3.34,27.63,359.28,67.62157058736281
2019-08-08 23:00:00,8/8/2019 23:00,-17.69,-18.59,63.35,7.364,2.774,51.2,7.33,2.636,24.34,359.39,75.23104041203966
2019-08-09 00:00:00,8/9/2019 0:00,-16.97,-17.57,74.99,9.33,4.421,35.86,9.4,3.846,8.58,359.4,88.43896687701232
2019-08-09 01:00:00,8/9/2019 1:00,-16.08,-14.84,67.47,7.963,5.836,60.08,8.1,5.583,34.03,359.66,78.89050056887514
2019-08-09 02:00:00,8/9/2019 2:00,-15.26,-12.26,36.05,8.46,3.812,33.12,8.2,3.533,4.229,359.95,41.81971594114498
2019-08-09 03:00:00,8/9/2019 3:00,-14.82,-9.89,42.75,8.03,4.35,54.85,8.16,4.137,29.45,360.09,49.38160507049479
2019-08-09 04:00:00,8/9/2019 4:00,-15.18,-9.56,45.35,7.597,4.565,38.79,7.33,4.253,13.24,360.19,52.56751237037662
2019-08-09 05:00:00,8/9/2019 5:00,-14.16,-4.518,43.76,5.165,1.502,38.44,5.198,1.219,357.1,360.24,50.22662892272069
2019-08-09 06:00:00,8/9/2019 6:00,-14.4,-5.337,43.77,4.065,1.774,174.8,4.731,1.54,157.0,360.33,50.354896100019424
2019-08-09 07:00:00,8/9/2019 7:00,-13.9,-2.209,85.9,5.165,1.536,166.3,5.464,1.412,142.4,360.29,98.3460720388581
2019-08-09 08:00:00,8/9/2019 8:00,-14.34,-6.784,85.1,9.06,5.381,212.1,9.86,5.737,184.6,360.11,97.84590173533016
2019-08-09 09:00:00,8/9/2019 9:00,-13.76,-3.575,86.0,6.231,2.933,211.2,6.531,2.951,182.9,360.07,98.32720166330286
2019-08-09 10:00:00,8/9/2019 10:00,-12.84,-2.91,86.8,3.699,1.105,178.8,3.865,1.061,153.5,360.05,98.36127040611295
2019-08-09 11:00:00,8/9/2019 11:00,-13.49,-8.06,86.3,4.798,1.66,210.3,5.131,1.629,181.8,360.02,98.4125537214724
2019-08-09 12:00:00,8/9/2019 12:00,-15.2,-14.08,85.0,3.965,1.349,4.84,4.498,1.202,335.5,360.2,98.54690350992503
2019-08-09 13:00:00,8/9/2019 13:00,-16.06,-15.83,86.9,3.465,1.287,357.0,3.399,0.912,327.8,360.48,100.0
2019-08-09 14:00:00,8/9/2019 14:00,-16.22,-16.51,85.7,2.832,1.435,12.45,2.566,0.959,342.5,360.69,100.0
2019-08-09 15:00:00,8/9/2019 15:00,-15.9,-16.27,84.3,2.232,0.946,5.106,2.066,0.31,330.4,360.9,98.39822098740218
2019-08-09 16:00:00,8/9/2019 16:00,-15.94,-16.36,85.5,2.832,1.224,342.3,2.732,0.887,328.2,360.97,99.83743969048768
2019-08-09 17:00:00,8/9/2019 17:00,-15.97,-16.62,85.6,2.033,0.28,319.2,,,,360.92,99.9831497252976
2019-08-09 18:00:00,8/9/2019 18:00,-16.95,-17.49,86.6,3.365,1.847,3.107,3.132,1.468,333.7,360.65,100.0
2019-08-09 19:00:00,8/9/2019 19:00,-16.55,-17.28,84.2,2.699,1.205,350.4,,,,360.24,98.89962448675269
2019-08-09 20:00:00,8/9/2019 20:00,-16.7,-17.45,85.4,1.866,0.557,333.3,,,,359.96,100.0
2019-08-09 21:00:00,8/9/2019 21:00,-17.01,-17.62,85.3,2.965,0.854,344.6,2.832,0.215,308.0,359.69,100.0
2019-08-09 22:00:00,8/9/2019 22:00,-17.13,-17.65,85.3,2.532,1.173,343.6,2.432,0.128,327.2,359.54,100.0
2019-08-09 23:00:00,8/9/2019 23:00,-16.77,-17.4,85.1,1.699,0.3,352.1,,,,359.61,100.0
2019-08-10 00:00:00,8/10/2019 0:00,-16.54,-16.97,85.3,1.899,0.385,237.2,,,,359.65,100.0
2019-08-10 01:00:00,8/10/2019 1:00,-15.92,-15.08,84.4,3.699,2.143,255.0,3.632,1.283,228.6,359.93,98.53396160983479
2019-08-10 02:00:00,8/10/2019 2:00,-14.93,-9.67,85.4,3.465,0.865,282.2,3.365,0.496,248.4,360.18,98.75264842488745
2019-08-10 03:00:00,8/10/2019 3:00,-13.5,-4.464,84.7,3.465,0.895,109.6,3.399,0.874,84.9,360.36,96.5973427550004
2019-08-10 04:00:00,8/10/2019 4:00,-13.72,-4.057,86.1,5.065,0.715,128.1,5.098,0.718,100.8,360.53,98.40341719067874
2019-08-10 05:00:00,8/10/2019 5:00,-13.25,-2.451,86.2,3.065,0.947,152.3,3.465,1.025,117.5,360.6,98.0702491527859
2019-08-10 06:00:00,8/10/2019 6:00,-12.23,-0.568,86.3,2.965,0.825,134.9,2.999,0.828,105.3,360.45,97.21789889155052
2019-08-10 07:00:00,8/10/2019 7:00,-11.31,3.22,80.4,2.599,0.493,164.2,2.499,0.475,137.0,360.4,89.76635725306467
2019-08-10 08:00:00,8/10/2019 8:00,-12.6,-0.875,84.1,3.632,1.603,196.2,2.566,1.292,168.4,360.19,95.08015499995689
2019-08-10 09:00:00,8/10/2019 9:00,-11.58,-1.656,85.9,4.398,1.408,162.1,3.998,1.296,132.1,360.08,96.15883461424423
2019-08-10 10:00:00,8/10/2019 10:00,-12.35,-6.396,86.0,5.998,2.093,205.8,6.331,2.008,178.4,360.04,96.99277918515418
2019-08-10 11:00:00,8/10/2019 11:00,-11.81,-6.702,85.5,4.665,0.767,219.8,5.165,0.662,199.5,360.13,95.92497523195188
2019-08-10 12:00:00,8/10/2019 12:00,-13.22,-10.99,86.8,3.332,1.212,211.1,3.632,1.266,181.1,360.35,98.72417298202576
2019-08-10 13:00:00,8/10/2019 13:00,-14.29,-13.88,86.1,2.199,0.318,261.5,,,,360.54,98.94780170415109
2019-08-10 14:00:00,8/10/2019 14:00,-15.36,-15.86,86.5,3.299,0.672,264.6,3.399,0.569,236.3,360.65,100.0
2019-08-10 15:00:00,8/10/2019 15:00,-15.63,-16.04,86.0,4.132,1.916,281.0,4.098,1.817,256.0,360.77,100.0
2019-08-10 16:00:00,8/10/2019 16:00,-15.74,-16.21,86.3,5.231,1.712,298.9,5.198,1.276,268.9,360.86,100.0
2019-08-10 17:00:00,8/10/2019 17:00,-16.01,-16.55,84.8,5.098,1.759,304.2,5.031,1.318,277.0,360.78,99.08696593777667
2019-08-10 18:00:00,8/10/2019 18:00,-16.62,-17.02,84.4,6.331,2.166,304.1,5.631,1.601,272.8,360.42,99.20145646328639
2019-08-10 19:00:00,8/10/2019 19:00,-16.36,-16.58,86.0,8.73,2.966,306.5,8.86,2.669,281.5,360.18,100.0
2019-08-10 20:00:00,8/10/2019 20:00,-15.46,-15.64,85.8,7.93,3.518,329.3,8.33,3.4,301.9,359.89,99.72455360661763
2019-08-10 21:00:00,8/10/2019 21:00,-15.6,-15.72,86.2,11.0,2.78,313.9,10.96,2.577,290.3,359.56,100.0
2019-08-10 22:00:00,8/10/2019 22:00,-15.48,-15.53,85.7,5.298,1.667,194.2,5.531,1.112,181.4,359.44,99.6275661278394
2019-08-10 23:00:00,8/10/2019 23:00,-16.11,-16.24,86.0,2.866,1.122,263.0,,,,359.37,100.0
2019-08-11 00:00:00,8/11/2019 0:00,-15.86,-15.76,86.0,4.965,0.966,224.8,4.831,0.249,183.5,359.45,100.0
2019-08-11 01:00:00,8/11/2019 1:00,-15.03,-13.7,85.2,4.198,1.196,198.9,4.532,0.261,185.5,359.6,98.61664543408283
2019-08-11 02:00:00,8/11/2019 2:00,-13.44,-8.37,89.5,3.898,1.482,218.2,4.164,1.265,194.7,359.77,100.0
2019-08-11 03:00:00,8/11/2019 3:00,-9.1,-1.626,83.1,5.365,0.801,199.7,5.531,0.713,163.6,360.0,90.80901110224623
2019-08-11 04:00:00,8/11/2019 4:00,-9.9,-0.566,89.5,2.999,0.507,104.8,2.932,0.517,81.1,360.16,98.56671939257852
2019-08-11 05:00:00,8/11/2019 5:00,-7.864,2.255,85.3,2.432,0.379,111.7,2.466,0.313,70.36,360.2,92.0983605262161
2019-08-11 06:00:00,8/11/2019 6:00,-10.07,0.499,85.4,5.031,0.776,144.3,5.231,0.619,122.8,360.16,94.20695317428167
2019-08-11 07:00:00,8/11/2019 7:00,-11.89,-2.531,88.1,5.231,1.59,170.8,5.165,1.429,143.3,360.04,98.91876111277574
2019-08-11 08:00:00,8/11/2019 8:00,-10.73,-0.747,87.9,4.165,1.021,178.5,4.232,0.682,139.3,359.88,97.58875035272405
2019-08-11 09:00:00,8/11/2019 9:00,-11.12,-1.775,88.8,4.332,0.767,121.2,4.332,0.335,70.61,359.74,98.96216304944907
2019-08-11 10:00:00,8/11/2019 10:00,-10.51,-2.254,87.5,3.265,0.989,150.0,3.165,0.446,124.0,359.66,96.93721208653184
2019-08-11 11:00:00,8/11/2019 11:00,-11.5,-5.879,87.6,3.332,0.751,163.3,3.332,0.416,140.0,359.65,97.98573204641973
2019-08-11 12:00:00,8/11/2019 12:00,-13.41,-11.86,84.3,3.699,0.657,188.0,4.098,0.61,164.7,359.68,96.0573831576603
2019-08-11 13:00:00,8/11/2019 13:00,-15.51,-15.82,85.7,4.498,0.569,308.3,4.465,0.574,283.5,359.82,99.65643435015578
2019-08-11 14:00:00,8/11/2019 14:00,-16.0,-16.24,85.7,5.365,0.794,40.5,5.365,0.78,352.5,360.14,100.0
2019-08-11 15:00:00,8/11/2019 15:00,-16.29,-16.5,85.0,4.365,0.639,337.4,4.365,0.655,302.9,360.25,99.58930205825624
2019-08-11 16:00:00,8/11/2019 16:00,-17.22,-17.56,84.5,4.265,0.592,308.0,4.432,0.501,288.4,360.4,99.89474989299221
2019-08-11 17:00:00,8/11/2019 17:00,-17.12,-17.11,84.3,6.264,0.908,348.3,6.031,0.632,307.9,360.27,99.56239340635864
2019-08-11 18:00:00,8/11/2019 18:00,-16.65,-16.88,82.9,8.9,2.245,39.2,8.63,1.912,9.2,360.0,97.46657709551397
2019-08-11 19:00:00,8/11/2019 19:00,-18.71,-19.25,83.2,4.731,0.442,331.8,4.332,0.414,309.9,359.71,99.77710838806824
2019-08-11 20:00:00,8/11/2019 20:00,-19.52,-19.97,83.2,5.664,1.141,332.3,5.631,1.026,307.2,359.53,100.0
2019-08-11 21:00:00,8/11/2019 21:00,-19.33,-19.61,83.3,6.164,0.361,336.0,6.164,0.42,297.4,,100.0
2019-08-11 22:00:00,8/11/2019 22:00,-19.32,-19.57,83.4,4.665,0.382,322.9,5.065,0.486,302.9,359.3,100.0
2019-08-11 23:00:00,8/11/2019 23:00,-18.82,-19.07,84.1,7.697,1.267,332.0,7.664,1.25,309.8,359.34,100.0
2019-08-12 00:00:00,8/12/2019 0:00,-18.77,-18.96,84.1,5.365,0.443,309.4,5.131,0.402,299.2,359.68,100.0
2019-08-12 01:00:00,8/12/2019 1:00,-17.03,-15.43,84.2,8.56,1.689,313.9,8.5,1.614,310.3,359.85,99.35812741227585
2019-08-12 02:00:00,8/12/2019 2:00,-16.23,-12.58,85.2,11.3,2.741,316.1,11.26,2.599,307.9,,99.765878130506
2019-08-12 03:00:00,8/12/2019 3:00,-16.85,-11.05,83.9,11.53,6.651,47.09,11.33,6.316,21.23,360.28,98.8325923723221
2019-08-12 04:00:00,8/12/2019 4:00,-16.95,-9.59,84.5,11.66,5.656,29.25,11.73,5.468,2.494,360.61,99.6353253796482
2019-08-12 05:00:00,8/12/2019 5:00,-16.69,-8.66,63.63,10.03,6.004,35.21,10.2,5.662,9.58,360.72,74.8394417843992
2019-08-12 06:00:00,8/12/2019 6:00,-15.85,-8.53,53.85,11.46,6.089,23.52,11.6,5.792,355.8,360.52,62.82547826999893
2019-08-12 07:00:00,8/12/2019 7:00,-14.67,-7.823,39.24,9.86,5.446,0.689,9.66,5.273,333.7,360.33,45.26142611718921
2019-08-12 08:00:00,8/12/2019 8:00,-14.02,-5.727,86.5,9.43,4.337,57.92,9.5,4.064,34.9,360.22,99.14810305073797
2019-08-12 09:00:00,8/12/2019 9:00,-13.99,-7.072,88.0,12.13,5.295,32.09,11.16,5.097,5.596,359.94,100.0
2019-08-12 10:00:00,8/12/2019 10:00,-13.99,-8.63,51.81,12.73,5.584,15.54,12.96,5.329,347.9,359.98,59.36846092908464
2019-08-12 11:00:00,8/12/2019 11:00,-15.12,-10.58,56.04,11.16,4.005,331.5,11.03,4.051,299.2,359.79,64.92119075727143
2019-08-12 12:00:00,8/12/2019 12:00,-15.93,-14.13,53.19,12.89,4.042,353.1,12.96,3.811,308.9,359.95,62.10340318962704
2019-08-12 13:00:00,8/12/2019 13:00,-16.86,-16.96,65.81,11.5,4.011,345.3,11.56,4.222,316.0,360.16,77.53038868496405
2019-08-12 14:00:00,8/12/2019 14:00,-17.17,-17.78,69.49,10.43,3.933,337.2,10.43,4.267,318.1,360.42,82.1105905430333
2019-08-12 15:00:00,8/12/2019 15:00,-17.99,-18.55,69.22,10.56,3.479,310.1,10.9,3.542,297.3,,82.43944262193904
2019-08-12 16:00:00,8/12/2019 16:00,-17.95,-18.37,82.2,12.03,4.947,348.7,12.33,4.966,321.9,,97.86068355412888
2019-08-12 17:00:00,8/12/2019 17:00,-17.55,-18.12,60.57,10.13,6.396,3.898,10.03,6.332,333.0,360.41,71.83284008871166
2019-08-12 18:00:00,8/12/2019 18:00,-17.8,-18.35,66.18,8.63,5.146,351.4,8.56,5.266,322.6,360.15,78.67499634457931
2019-08-12 19:00:00,8/12/2019 19:00,-17.84,-18.31,70.38,11.2,4.134,18.92,11.26,3.661,342.1,359.93,83.70016320168764
2019-08-12 20:00:00,8/12/2019 20:00,-17.29,-17.83,58.78,13.09,6.469,7.582,13.16,6.247,339.0,359.6,69.5357641117075
2019-08-12 21:00:00,8/12/2019 21:00,-17.86,-18.5,56.92,7.497,3.433,348.6,7.464,3.464,321.4,359.4,67.7057363405543
2019-08-12 22:00:00,8/12/2019 22:00,-17.53,-18.11,50.1,8.76,2.79,338.5,8.5,2.79,310.4,359.41,59.4045359710131
2019-08-12 23:00:00,8/12/2019 23:00,-17.2,-17.66,44.37,9.23,2.969,314.9,9.16,3.121,296.0,359.55,52.44350983316254
2019-08-13 00:00:00,8/13/2019 0:00,-17.24,-17.65,40.72,11.7,3.481,342.0,11.43,3.328,308.5,359.72,48.147900594260896
2019-08-13 01:00:00,8/13/2019 1:00,-16.49,-14.43,66.67,10.3,1.552,278.9,10.26,1.283,251.2,359.99,78.26395507373799
2019-08-13 02:00:00,8/13/2019 2:00,-15.01,-11.7,71.4,11.1,3.522,1.556,11.2,3.064,316.5,360.37,82.62755418158963
2019-08-13 03:00:00,8/13/2019 3:00,-14.64,-10.65,80.1,9.36,5.404,34.25,9.4,4.968,7.215,360.68,92.36464486395117
2019-08-13 04:00:00,8/13/2019 4:00,-14.86,-9.61,68.76,9.46,5.688,46.8,9.63,5.543,21.13,360.87,79.45713221064786
2019-08-13 05:00:00,8/13/2019 5:00,-14.19,-7.464,84.7,9.63,4.667,54.6,9.5,4.594,29.25,360.82,97.24475832648163
2019-08-13 06:00:00,8/13/2019 6:00,-13.69,-8.27,84.9,10.6,6.705,52.11,10.63,6.463,28.25,360.81,97.00375884274946
2019-08-13 07:00:00,8/13/2019 7:00,-12.75,-5.943,83.5,9.4,4.684,58.9,9.0,4.527,36.71,360.84,94.53921015713708
2019-08-13 08:00:00,8/13/2019 8:00,-14.23,-5.185,83.8,6.931,4.252,58.29,6.964,4.145,34.44,360.73,96.24870609427913
2019-08-13 09:00:00,8/13/2019 9:00,-14.09,-4.525,55.28,8.23,4.306,36.92,8.3,4.076,13.62,360.63,63.406029491814984
2019-08-13 10:00:00,8/13/2019 10:00,-13.63,-7.166,50.41,8.23,3.995,14.2,8.4,3.801,343.9,360.54,57.56324175394058
2019-08-13 11:00:00,8/13/2019 11:00,-13.48,-8.77,82.9,8.6,3.427,42.03,8.6,2.97,16.74,360.61,94.5261940682391
2019-08-13 12:00:00,8/13/2019 12:00,-14.97,-12.83,87.7,7.33,2.859,346.0,7.364,2.743,316.7,360.73,100.0
2019-08-13 13:00:00,8/13/2019 13:00,-15.24,-15.03,75.96,8.66,3.6,19.59,8.46,3.018,348.6,360.88,88.10019114490069
2019-08-13 14:00:00,8/13/2019 14:00,-15.75,-16.1,86.3,8.96,3.139,0.837,8.86,2.618,322.2,361.11,100.0
2019-08-13 15:00:00,8/13/2019 15:00,-15.6,-15.68,85.9,7.464,3.039,356.3,7.264,2.63,330.9,361.37,99.97585351457576
2019-08-13 16:00:00,8/13/2019 16:00,-15.38,-15.54,87.5,7.664,1.95,18.89,7.397,1.216,346.9,361.42,100.0
2019-08-13 17:00:00,8/13/2019 17:00,-14.34,-14.35,87.1,7.097,4.208,54.23,7.097,3.462,28.74,361.3,100.0
2019-08-13 18:00:00,8/13/2019 18:00,-14.26,-14.28,87.0,7.397,1.851,36.39,7.164,1.616,19.79,361.08,99.95308322372914
2019-08-13 19:00:00,8/13/2019 19:00,-14.68,-14.7,86.3,6.864,2.834,38.16,6.631,2.402,15.73,360.86,99.55246661202031
2019-08-13 20:00:00,8/13/2019 20:00,-14.96,-15.01,86.5,7.33,2.989,49.08,7.164,2.435,28.64,360.55,100.0
2019-08-13 21:00:00,8/13/2019 21:00,-16.12,-16.4,84.8,7.864,2.926,355.1,7.797,2.535,327.1,360.36,99.19218378005202
2019-08-13 22:00:00,8/13/2019 22:00,-16.61,-16.91,86.1,11.76,5.874,35.51,10.9,5.042,6.381,360.28,100.0
2019-08-13 23:00:00,8/13/2019 23:00,-17.55,-18.01,82.8,10.83,6.869,18.95,11.56,6.499,349.5,360.21,98.19645301874402
2019-08-14 00:00:00,8/14/2019 0:00,-18.0,-18.06,83.6,9.03,4.892,20.81,9.13,4.646,353.5,360.43,99.57526786074267
2019-08-14 01:00:00,8/14/2019 1:00,-16.53,-12.79,83.9,5.931,2.247,59.43,6.031,1.473,11.76,360.77,98.52825167107191
2019-08-14 02:00:00,8/14/2019 2:00,-15.09,-9.45,82.9,4.365,1.866,86.6,4.465,0.864,33.55,361.07,96.01011283292556
2019-08-14 03:00:00,8/14/2019 3:00,-14.91,-8.57,83.5,7.33,3.654,54.62,7.597,3.417,29.24,361.28,96.5369111789489
2019-08-14 04:00:00,8/14/2019 4:00,-15.03,-7.956,83.5,8.53,4.757,41.92,8.4,4.482,15.66,361.42,96.64894241485817
2019-08-14 05:00:00,8/14/2019 5:00,-15.15,-7.214,82.7,9.7,4.962,47.44,8.93,4.666,21.61,361.41,95.83403072247641
2019-08-14 06:00:00,8/14/2019 6:00,-15.37,-6.548,81.9,6.664,4.401,51.18,6.864,4.07,26.35,361.4,95.10890817029401
2019-08-14 07:00:00,8/14/2019 7:00,-14.39,-5.938,87.5,8.6,3.855,53.05,8.33,3.53,26.87,361.27,100.0
2019-08-14 08:00:00,8/14/2019 8:00,-12.93,-1.376,84.1,7.33,3.557,61.15,7.364,2.766,35.11,361.2,95.38482077689517
2019-08-14 09:00:00,8/14/2019 9:00,-14.11,-3.984,83.5,5.598,2.491,24.43,5.731,2.181,3.589,361.07,95.79284187463857
2019-08-14 10:00:00,8/14/2019 10:00,-13.62,-5.238,86.7,7.697,2.931,48.16,7.564,2.622,19.09,360.89,98.99325111266266
2019-08-14 11:00:00,8/14/2019 11:00,-15.35,-12.36,86.4,7.497,3.818,17.13,7.364,3.601,349.4,360.82,100.0
2019-08-14 12:00:00,8/14/2019 12:00,-16.43,-14.3,84.4,8.73,2.692,356.0,8.7,2.511,326.4,360.9,99.01991320728429
2019-08-14 13:00:00,8/14/2019 13:00,-15.77,-14.55,85.2,8.96,1.939,14.03,9.06,1.43,332.4,360.97,99.32403006121166
2019-08-14 14:00:00,8/14/2019 14:00,-16.7,-16.86,85.6,9.9,2.961,329.7,10.0,2.742,282.0,361.37,100.0
2019-08-14 15:00:00,8/14/2019 15:00,-16.04,-16.15,85.3,11.46,3.021,14.82,11.5,2.711,315.1,361.43,99.70006090009153
2019-08-14 16:00:00,8/14/2019 16:00,-15.67,-15.72,86.3,12.69,4.127,37.81,12.83,3.161,2.926,361.7,100.0
2019-08-14 17:00:00,8/14/2019 17:00,-16.01,-16.11,86.7,8.16,2.993,5.541,8.26,2.736,335.9,361.69,100.0
2019-08-14 18:00:00,8/14/2019 18:00,-15.77,-15.87,85.7,6.564,1.879,359.6,6.597,1.698,325.1,361.41,99.90691756157088
2019-08-14 19:00:00,8/14/2019 19:00,-16.29,-16.57,85.2,6.731,2.901,21.52,6.797,2.831,352.1,361.18,99.82362982780508
2019-08-14 20:00:00,8/14/2019 20:00,-15.88,-16.05,84.8,7.664,4.263,43.55,7.897,4.217,17.29,360.89,98.96273650133074
2019-08-14 21:00:00,8/14/2019 21:00,-17.21,-17.78,83.5,3.632,1.941,1.949,3.765,1.957,334.6,360.78,98.70305928516164
2019-08-14 22:00:00,8/14/2019 22:00,-18.51,-19.11,82.8,7.297,3.507,26.99,6.764,3.023,357.4,360.55,99.10689874248227
2019-08-14 23:00:00,8/14/2019 23:00,-18.25,-18.87,83.8,7.264,5.31,26.7,7.297,5.068,358.0,360.56,100.0
2019-08-15 00:00:00,8/15/2019 0:00,-17.77,-18.2,84.8,4.731,2.275,36.72,4.731,2.199,4.873,360.68,100.0
2019-08-15 01:00:00,8/15/2019 1:00,-16.52,-14.45,83.7,2.666,1.231,114.7,2.666,0.848,112.2,360.91,98.28390532485773
2019-08-15 02:00:00,8/15/2019 2:00,-15.27,-10.1,84.0,2.832,1.154,56.0,2.232,0.307,27.63,361.14,97.45341266614362
2019-08-15 03:00:00,8/15/2019 3:00,-13.75,-4.473,83.7,3.265,0.983,44.84,2.999,0.46,21.57,361.31,95.68825555769801
2019-08-15 04:00:00,8/15/2019 4:00,-12.56,-0.606,84.3,4.965,0.885,36.63,4.865,0.562,19.55,361.47,95.26930819816091
2019-08-15 05:00:00,8/15/2019 5:00,-13.4,-2.845,84.2,5.365,2.178,58.62,5.265,1.769,35.25,361.59,95.93414281860844
2019-08-15 06:00:00,8/15/2019 6:00,-14.35,-4.859,84.3,5.098,3.081,51.13,4.931,2.787,26.77,361.51,96.93545853562111
2019-08-15 07:00:00,8/15/2019 7:00,-13.74,-3.567,86.3,7.997,3.234,61.86,7.63,3.06,34.92,361.4,98.65109845191664
2019-08-15 08:00:00,8/15/2019 8:00,-13.78,-5.228,84.6,9.9,4.847,57.55,9.66,4.537,31.2,361.25,96.74525813877321
2019-08-15 09:00:00,8/15/2019 9:00,-14.98,-5.523,83.9,7.497,4.682,35.15,7.664,4.477,9.52,360.98,97.06501470066205
2019-08-15 10:00:00,8/15/2019 10:00,-14.94,-7.381,84.2,10.26,5.006,45.72,10.43,4.581,20.66,360.84,97.37443490785523
2019-08-15 11:00:00,8/15/2019 11:00,-15.5,-8.4,85.1,9.46,4.364,26.43,9.5,3.928,357.6,360.79,98.94916688430382
2019-08-15 12:00:00,8/15/2019 12:00,-16.6,-13.57,75.37,7.83,4.798,19.9,7.83,4.575,351.8,360.81,88.5707642364627
2019-08-15 13:00:00,8/15/2019 13:00,-16.59,-15.87,83.5,9.5,6.558,16.29,9.9,6.379,348.2,360.88,98.1152440813221
2019-08-15 14:00:00,8/15/2019 14:00,-16.42,-16.32,84.4,13.66,9.18,6.814,13.86,9.24,338.8,361.02,99.01036583831937
2019-08-15 15:00:00,8/15/2019 15:00,-16.69,-16.3,83.0,12.1,8.19,48.34,12.33,7.898,22.54,361.44,97.62177696220544
2019-08-15 16:00:00,8/15/2019 16:00,-16.37,-16.47,87.4,12.0,8.31,50.93,12.13,8.11,24.56,361.51,100.0
2019-08-15 17:00:00,8/15/2019 17:00,-16.88,-17.17,83.6,11.6,6.759,59.04,11.03,6.556,33.25,361.17,98.5076671057367
2019-08-15 18:00:00,8/15/2019 18:00,-17.1,-17.3,83.1,11.5,6.603,31.48,11.7,5.974,4.942,361.13,98.12623320186027
2019-08-15 19:00:00,8/15/2019 19:00,-17.98,-18.32,76.62,8.56,4.022,6.755,8.63,3.902,337.3,360.91,91.24390100327045
2019-08-15 20:00:00,8/15/2019 20:00,-18.77,-18.5,70.73,8.76,3.997,23.0,8.9,3.702,354.7,360.53,84.87140441269787
2019-08-15 21:00:00,8/15/2019 21:00,-18.55,-18.41,73.33,10.8,6.909,28.47,11.06,6.453,0.857,360.37,87.80557068053524
2019-08-15 22:00:00,8/15/2019 22:00,-18.51,-18.72,72.56,10.96,6.837,38.64,10.96,5.887,11.88,360.37,86.85020015404002
2019-08-15 23:00:00,8/15/2019 23:00,-18.31,-18.68,67.28,9.8,6.462,26.14,10.06,5.943,358.8,360.24,80.37577065876371
2019-08-16 00:00:00,8/16/2019 0:00,-18.38,-18.81,57.87,10.3,5.829,17.36,10.4,5.639,349.1,360.31,69.18066339998182
2019-08-16 01:00:00,8/16/2019 1:00,-17.7,-16.28,53.65,7.031,4.109,13.88,7.297,4.155,344.8,360.51,63.717973305382
2019-08-16 02:00:00,8/16/2019 2:00,-15.91,-12.56,46.8,9.46,4.443,27.59,9.6,4.225,1.059,360.61,54.63204257723502
2019-08-16 03:00:00,8/16/2019 3:00,-15.4,-11.24,50.55,9.83,5.944,23.29,10.2,5.87,355.9,360.88,58.71976378518885
2019-08-16 04:00:00,8/16/2019 4:00,-15.19,-9.57,51.26,8.26,4.807,19.94,8.33,4.721,353.8,360.9,59.423837950224815
2019-08-16 05:00:00,8/16/2019 5:00,-15.01,-8.32,88.0,9.6,4.311,50.93,9.63,4.312,25.29,361.04,100.0
2019-08-16 06:00:00,8/16/2019 6:00,-14.7,-7.613,62.87,11.13,5.218,61.34,9.93,5.009,37.22,360.97,72.53851762652073
2019-08-16 07:00:00,8/16/2019 7:00,-14.92,-8.69,76.75,14.43,6.376,56.23,13.79,6.137,32.74,360.93,88.74160652965885
2019-08-16 08:00:00,8/16/2019 8:00,-14.66,-5.652,62.36,9.63,3.429,79.1,9.9,3.411,53.92,360.86,71.92226348463971
2019-08-16 09:00:00,8/16/2019 9:00,-14.47,-3.394,59.14,5.831,2.307,49.73,5.998,2.176,15.76,360.52,68.08329105382788
2019-08-16 10:00:00,8/16/2019 10:00,-14.67,-8.34,71.37,8.56,4.02,25.05,8.86,3.933,357.6,360.31,82.32181401589689
2019-08-16 11:00:00,8/16/2019 11:00,-15.28,-12.49,74.52,9.63,5.445,43.65,9.76,5.399,17.52,359.97,86.4634515061723
2019-08-16 12:00:00,8/16/2019 12:00,-15.42,-13.85,67.16,10.63,3.744,67.59,10.96,3.427,36.3,360.22,78.02930184069518
2019-08-16 13:00:00,8/16/2019 13:00,-16.01,-15.88,72.55,6.931,2.011,111.0,7.63,1.593,95.4,360.5,84.77310588190682
2019-08-16 14:00:00,8/16/2019 14:00,-15.99,-16.32,83.9,6.098,2.941,168.5,6.464,2.975,147.8,360.62,98.01641772290117
2019-08-16 15:00:00,8/16/2019 15:00,-16.15,-16.27,84.3,9.5,3.988,174.3,9.73,4.18,149.8,360.46,98.63586668042004
2019-08-16 16:00:00,8/16/2019 16:00,-15.47,-15.51,85.5,10.46,4.335,159.8,10.96,4.284,141.0,360.74,99.3854643194602
2019-08-16 17:00:00,8/16/2019 17:00,-14.85,-14.9,86.5,5.864,1.568,179.1,6.231,1.141,167.3,360.61,99.94731757525572
2019-08-16 18:00:00,8/16/2019 18:00,-14.88,-14.82,84.9,8.33,3.399,220.3,8.73,3.317,193.1,360.33,98.12703411222434
2019-08-16 19:00:00,8/16/2019 19:00,-16.0,-15.99,85.3,9.5,5.607,232.2,10.06,5.675,204.7,360.06,99.66158806499108
2019-08-16 20:00:00,8/16/2019 20:00,-16.05,-16.03,85.6,10.13,5.986,220.6,10.86,6.24,192.8,359.81,100.0
2019-08-16 21:00:00,8/16/2019 21:00,-15.97,-15.97,85.3,7.397,3.49,232.9,7.963,3.428,208.3,359.84,99.63274149027903
2019-08-16 22:00:00,8/16/2019 22:00,-16.13,-16.21,85.4,8.73,3.862,235.3,8.7,3.805,212.6,359.81,99.90365280758446
2019-08-16 23:00:00,8/16/2019 23:00,-16.51,-16.7,85.2,7.13,3.44,51.23,6.764,2.541,27.51,359.91,100.0
2019-08-17 00:00:00,8/17/2019 0:00,-17.28,-17.55,81.5,6.764,2.37,41.01,6.431,1.893,16.7,360.09,96.40386529060183
2019-08-17 01:00:00,8/17/2019 1:00,-17.65,-16.2,82.7,5.265,2.447,59.22,5.398,1.937,35.51,360.16,98.17227062114645
2019-08-17 02:00:00,8/17/2019 2:00,-17.97,-13.92,82.9,6.331,3.241,62.84,6.098,2.547,38.38,360.38,98.71302751196525
2019-08-17 03:00:00,8/17/2019 3:00,-17.57,-12.19,71.51,8.8,4.609,55.96,8.8,4.389,30.3,360.52,84.82342822509129
2019-08-17 04:00:00,8/17/2019 4:00,-16.87,-9.58,70.81,8.13,3.889,44.65,7.93,3.507,17.51,360.7,83.42889823213045
2019-08-17 05:00:00,8/17/2019 5:00,-16.09,-5.259,52.34,4.065,1.417,148.4,4.298,1.037,131.7,360.83,61.205383063697994
2019-08-17 06:00:00,8/17/2019 6:00,-15.98,-4.015,71.98,8.16,1.344,148.0,7.697,0.976,129.7,360.64,84.082729223249
2019-08-17 07:00:00,8/17/2019 7:00,-15.8,-5.497,76.87,8.4,2.675,136.9,8.36,2.42,57.3,360.71,89.63907851616439
2019-08-17 08:00:00,8/17/2019 8:00,-13.87,-1.74,85.1,7.297,2.015,90.4,7.564,1.673,60.4,360.7,97.40186895736632
2019-08-17 09:00:00,8/17/2019 9:00,-14.37,-3.598,79.36,6.697,2.074,136.1,7.664,1.847,126.3,360.5,91.27267535579777
2019-08-17 10:00:00,8/17/2019 10:00,-15.39,-8.78,81.7,8.56,3.808,193.2,9.3,3.911,169.2,360.51,94.89498218318062
2019-08-17 11:00:00,8/17/2019 11:00,-16.13,-8.37,88.3,5.231,2.41,127.6,5.598,2.251,105.5,360.46,100.0
2019-08-17 12:00:00,8/17/2019 12:00,-16.62,-14.09,84.8,7.43,2.309,156.2,6.931,2.07,140.6,360.51,99.67160554605077
2019-08-17 13:00:00,8/17/2019 13:00,-17.0,-16.62,85.4,10.36,4.428,55.97,9.66,3.951,30.47,360.61,100.0
2019-08-17 14:00:00,8/17/2019 14:00,-17.67,-17.76,73.26,11.76,3.917,68.68,12.1,3.728,39.64,360.91,86.98288409323905
2019-08-17 15:00:00,8/17/2019 15:00,-18.4,-18.4,78.55,10.13,3.786,173.1,9.73,3.716,149.1,360.98,93.92060273609806
2019-08-17 16:00:00,8/17/2019 16:00,-17.96,-18.2,86.4,13.19,6.219,161.7,13.06,5.94,137.6,361.08,100.0
2019-08-17 17:00:00,8/17/2019 17:00,-18.17,-18.5,69.39,12.13,4.164,158.9,12.16,4.011,141.7,360.93,82.78502511880279
2019-08-17 18:00:00,8/17/2019 18:00,-18.09,-18.43,65.14,13.63,4.615,184.0,13.73,4.484,159.9,360.81,77.65487217849105
2019-08-17 19:00:00,8/17/2019 19:00,-18.24,-18.61,42.08,8.56,5.559,186.1,8.66,5.564,160.6,360.6,50.2368944336341
2019-08-17 20:00:00,8/17/2019 20:00,-17.8,-18.28,58.62,7.83,4.179,141.4,8.26,4.293,115.2,360.18,69.68764408762827
2019-08-17 21:00:00,8/17/2019 21:00,-18.33,-18.89,38.31,8.73,5.622,182.9,8.6,5.823,157.6,360.14,45.77567666401215
2019-08-17 22:00:00,8/17/2019 22:00,-17.74,-18.24,43.99,10.86,7.392,190.4,12.13,7.462,165.4,360.14,52.265281705121495
2019-08-17 23:00:00,8/17/2019 23:00,-17.7,-18.24,41.53,8.66,5.471,177.4,8.73,5.785,152.6,360.28,49.32353087367222
2019-08-18 00:00:00,8/18/2019 0:00,-18.25,-18.73,47.93,9.73,7.219,195.6,9.5,7.156,169.7,360.25,57.22637219483872
2019-08-18 01:00:00,8/18/2019 1:00,-18.82,-17.25,44.82,7.097,4.052,195.7,7.064,4.005,170.0,360.44,53.80690494297095
2019-08-18 02:00:00,8/18/2019 2:00,-18.31,-15.45,48.2,7.464,4.103,192.7,7.23,4.033,167.1,360.85,57.58192844459588
2019-08-18 03:00:00,8/18/2019 3:00,-16.89,-13.62,40.88,7.13,4.642,184.0,7.597,4.891,158.7,361.03,48.17441901183033
2019-08-18 04:00:00,8/18/2019 4:00,-16.24,-10.64,38.4,9.43,3.241,178.2,9.33,3.284,153.4,361.21,44.969240114812955
2019-08-18 05:00:00,8/18/2019 5:00,-15.83,-10.09,45.65,6.764,3.228,156.1,7.464,3.354,132.1,361.23,53.24845880877563
2019-08-18 06:00:00,8/18/2019 6:00,-15.9,-10.07,54.48,8.46,3.834,176.3,9.76,4.122,151.6,361.17,63.59116345662718
2019-08-18 07:00:00,8/18/2019 7:00,-15.46,-6.142,62.75,6.531,2.67,86.2,6.397,2.508,59.21,361.01,72.93374986964169
2019-08-18 08:00:00,8/18/2019 8:00,-15.86,-6.977,80.3,10.5,3.448,86.3,10.53,3.211,62.97,360.75,93.69308902049526
2019-08-18 09:00:00,8/18/2019 9:00,-15.8,-6.579,38.08,8.03,2.42,81.2,8.03,2.046,61.2,360.69,44.40556927143931
2019-08-18 10:00:00,8/18/2019 10:00,-15.81,-8.92,51.71,8.8,2.717,74.93,8.8,2.307,56.4,360.59,60.30550521411565
2019-08-18 11:00:00,8/18/2019 11:00,-16.54,-10.84,75.41,10.13,4.124,12.04,10.16,3.812,339.7,360.2,88.56652898889284
2019-08-18 12:00:00,8/18/2019 12:00,-15.39,-12.97,85.9,9.7,2.943,62.07,9.26,2.375,48.33,360.25,99.77330440067583
2019-08-18 13:00:00,8/18/2019 13:00,-16.35,-16.29,84.5,8.06,1.345,348.5,7.997,0.968,311.3,360.43,99.06078709154045
2019-08-18 14:00:00,8/18/2019 14:00,-17.53,-18.02,84.8,6.331,2.543,21.12,6.064,2.041,348.9,360.71,100.0
2019-08-18 15:00:00,8/18/2019 15:00,-17.13,-17.64,84.7,5.464,2.187,20.48,5.598,1.889,345.2,360.94,100.0
2019-08-18 16:00:00,8/18/2019 16:00,-17.45,-17.97,85.5,8.33,3.083,12.85,8.3,2.494,343.0,361.04,100.0
2019-08-18 17:00:00,8/18/2019 17:00,-17.23,-17.44,84.0,6.331,2.492,44.63,6.131,1.839,14.47,361.11,99.31321857115607
2019-08-18 18:00:00,8/18/2019 18:00,-17.64,-17.7,82.4,10.3,4.824,27.19,10.06,4.187,359.0,360.69,97.80673363759531
2019-08-18 19:00:00,8/18/2019 19:00,-19.47,-19.74,82.2,9.73,4.473,43.27,9.86,3.932,16.91,360.52,99.29914555215106
2019-08-18 20:00:00,8/18/2019 20:00,-20.74,-21.1,73.99,10.93,4.653,31.88,10.66,3.798,2.379,360.06,90.47432777452246
2019-08-18 21:00:00,8/18/2019 21:00,-20.17,-21.27,31.41,11.06,4.023,30.68,11.23,2.807,2.39,359.79,38.199093460483034
2019-08-18 22:00:00,8/18/2019 22:00,-20.42,-21.04,37.72,11.03,3.381,36.54,10.66,2.355,13.82,360.0,45.98280441801995
2019-08-18 23:00:00,8/18/2019 23:00,-20.15,-21.07,36.35,10.33,3.865,28.92,10.3,2.996,355.5,359.71,44.19838663530749
2019-08-19 00:00:00,8/19/2019 0:00,-20.0,-20.57,60.76,10.76,3.788,10.51,10.83,3.266,335.8,359.78,73.77279782441727
2019-08-19 01:00:00,8/19/2019 1:00,-18.14,-15.91,65.64,7.93,2.95,16.5,8.13,2.696,340.2,360.02,78.288549670025
2019-08-19 02:00:00,8/19/2019 2:00,-17.06,-13.86,68.37,9.93,5.119,22.0,9.63,4.841,352.7,360.26,80.70164280769305
2019-08-19 03:00:00,8/19/2019 3:00,-16.81,-13.42,67.56,11.96,7.35,34.65,12.33,7.113,5.439,360.36,79.55371820284834
2019-08-19 04:00:00,8/19/2019 4:00,-16.05,-12.11,69.29,13.93,8.32,30.27,13.93,7.723,3.181,360.4,80.99512072966913
2019-08-19 05:00:00,8/19/2019 5:00,-15.39,-11.17,62.82,14.76,8.91,30.16,14.76,7.949,2.054,360.49,72.96576231024977
2019-08-19 06:00:00,8/19/2019 6:00,-16.06,-11.1,67.45,15.19,8.56,49.19,14.99,7.522,25.2,360.45,78.85189817454525
2019-08-19 07:00:00,8/19/2019 7:00,-15.87,-7.81,83.8,10.13,5.316,46.22,10.13,4.934,21.89,360.62,97.78628495758426
2019-08-19 08:00:00,8/19/2019 8:00,-15.71,-7.073,63.37,11.2,4.85,46.48,11.13,4.267,20.07,360.62,73.83238502010339
2019-08-19 09:00:00,8/19/2019 9:00,-16.33,-8.61,81.6,7.598,4.252,14.78,7.665,3.887,346.4,360.42,95.64261891734985
2019-08-19 10:00:00,8/19/2019 10:00,-16.4,-8.4,83.4,7.097,3.612,14.27,7.264,3.351,344.2,360.46,97.81839097854828
2019-08-19 11:00:00,8/19/2019 11:00,-16.15,-9.63,88.4,7.497,3.155,76.5,7.397,2.824,52.53,360.27,100.0
2019-08-19 12:00:00,8/19/2019 12:00,-16.34,-14.23,84.7,9.86,3.807,19.96,9.2,3.395,348.6,360.45,99.28567524914952
2019-08-19 13:00:00,8/19/2019 13:00,-17.26,-16.68,41.82,6.131,2.26,23.08,6.098,2.133,349.8,360.53,49.4580788039412
2019-08-19 14:00:00,8/19/2019 14:00,-18.11,-19.09,24.43,6.797,3.115,61.5,6.964,2.882,33.03,360.82,29.129156749202703
2019-08-19 15:00:00,8/19/2019 15:00,-17.0,-18.05,13.32,7.164,3.637,162.2,7.33,3.669,139.0,360.86,15.71339525675617
2019-08-19 16:00:00,8/19/2019 16:00,-16.53,-17.44,27.56,10.36,5.535,217.9,11.16,5.923,192.0,360.66,32.36518016751778
2019-08-19 17:00:00,8/19/2019 17:00,-16.64,-17.16,39.32,11.23,9.45,229.2,11.96,10.25,203.1,360.5,46.224565024103505
2019-08-19 18:00:00,8/19/2019 18:00,-17.14,-17.58,43.67,13.13,10.25,220.5,14.16,11.18,193.2,360.25,51.58632524065382
2019-08-19 19:00:00,8/19/2019 19:00,-17.65,-17.97,71.28,13.13,10.7,217.9,14.16,11.5,190.5,359.99,84.61571281590471
2019-08-19 20:00:00,8/19/2019 20:00,-17.98,-18.26,67.29,13.13,10.11,228.2,13.83,10.87,200.9,359.8,80.1331518991134
2019-08-19 21:00:00,8/19/2019 21:00,-17.82,-18.06,76.01,13.66,10.2,227.0,14.83,10.99,199.6,359.59,90.37831488715845
2019-08-19 22:00:00,8/19/2019 22:00,-17.98,-18.21,66.49,11.73,8.72,223.0,12.46,9.37,195.6,359.56,79.18046172941075
2019-08-19 23:00:00,8/19/2019 23:00,-17.85,-18.13,73.53,9.8,7.299,215.9,10.06,7.59,188.8,359.55,87.45474436488674
2019-08-20 00:00:00,8/20/2019 0:00,-18.15,-18.27,71.35,9.8,7.388,222.6,10.2,7.826,195.2,359.79,85.10702199693823
2019-08-20 01:00:00,8/20/2019 1:00,-17.69,-16.63,66.9,9.63,6.845,233.6,9.8,7.285,206.6,360.01,79.4468287855636
2019-08-20 02:00:00,8/20/2019 2:00,-17.22,-15.57,57.07,9.33,7.399,238.2,9.9,7.787,211.1,360.22,67.46737723542088
2019-08-20 03:00:00,8/20/2019 3:00,-16.84,-14.27,39.53,8.16,6.144,228.3,8.53,6.514,200.9,360.6,46.56109610202903
2019-08-20 04:00:00,8/20/2019 4:00,-15.95,-13.13,37.61,9.46,7.211,222.6,10.4,7.738,195.5,360.7,43.921034840815246
2019-08-20 05:00:00,8/20/2019 5:00,-15.57,-12.7,42.68,10.93,8.06,229.8,11.7,8.68,202.3,360.91,49.659296413504336
2019-08-20 06:00:00,8/20/2019 6:00,-15.53,-12.48,38.92,11.73,8.56,228.0,12.53,9.22,200.6,360.74,45.26694994043352
2019-08-20 07:00:00,8/20/2019 7:00,-15.13,-11.54,39.25,11.06,7.525,232.6,11.7,8.04,205.3,360.61,45.474714060639016
2019-08-20 08:00:00,8/20/2019 8:00,-14.92,-11.66,34.02,10.46,7.86,235.8,11.26,8.31,208.1,360.7,39.33536748063836
2019-08-20 09:00:00,8/20/2019 9:00,-14.71,-12.07,24.67,11.23,8.32,255.6,11.6,8.53,228.5,360.47,28.466649739979964
2019-08-20 10:00:00,8/20/2019 10:00,-14.87,-12.48,28.73,10.8,8.35,256.6,11.1,8.54,229.6,360.4,33.202793668678495
2019-08-20 11:00:00,8/20/2019 11:00,-14.96,-12.05,23.5,9.93,6.544,251.5,10.2,6.709,224.7,360.42,27.182204463067457
2019-08-20 12:00:00,8/20/2019 12:00,-15.25,-14.45,18.93,8.53,5.772,252.5,8.7,5.924,226.3,360.39,21.957579626796292
2019-08-20 13:00:00,8/20/2019 13:00,-15.21,-15.48,17.85,6.997,4.849,252.7,7.297,4.943,226.7,360.45,20.69684931604455
2019-08-20 14:00:00,8/20/2019 14:00,-15.54,-16.14,13.16,5.198,3.197,261.3,5.365,3.244,236.1,360.7,15.307569120881581
2019-08-20 15:00:00,8/20/2019 15:00,-15.62,-16.25,14.53,5.464,3.978,256.7,5.698,4.097,231.3,360.98,16.91419907473292
2019-08-20 16:00:00,8/20/2019 16:00,-15.44,-16.18,17.33,5.698,3.217,256.2,5.864,3.36,230.7,360.96,20.138609810281505
2019-08-20 17:00:00,8/20/2019 17:00,-15.83,-17.51,17.47,1.966,0.368,4.423,2.066,0.297,333.2,360.78,20.377887741277334
2019-08-20 18:00:00,8/20/2019 18:00,-16.46,-17.8,18.24,4.831,1.603,5.151,4.931,1.611,331.8,360.59,21.4057551125485
2019-08-20 19:00:00,8/20/2019 19:00,-17.13,-18.52,12.17,4.265,1.137,34.58,4.332,1.06,0.099,360.27,14.374745202531296
2019-08-20 20:00:00,8/20/2019 20:00,-16.44,-17.85,22.3,3.232,0.578,231.9,3.465,0.449,221.5,360.03,26.165367152563814
2019-08-20 21:00:00,8/20/2019 21:00,-16.68,-17.48,34.67,7.53,2.547,237.2,7.864,2.667,214.0,359.79,40.77374485416846
2019-08-20 22:00:00,8/20/2019 22:00,-17.23,-17.99,32.41,6.831,1.756,235.3,7.364,1.889,211.7,359.64,38.31835016537105
2019-08-20 23:00:00,8/20/2019 23:00,-17.49,-18.53,27.09,3.232,0.967,185.4,3.765,0.918,166.2,359.64,32.10877325468353
2019-08-21 00:00:00,8/21/2019 0:00,-17.1,-17.86,57.73,2.832,1.09,133.7,2.799,0.856,100.0,359.69,68.16880195840426
2019-08-21 01:00:00,8/21/2019 1:00,-16.73,-13.46,75.2,3.165,0.794,20.57,3.165,0.549,346.1,360.02,88.48178540011675
2019-08-21 02:00:00,8/21/2019 2:00,-15.78,-11.21,84.9,5.431,2.723,65.95,5.431,2.332,42.13,,98.98385194291798
2019-08-21 03:00:00,8/21/2019 3:00,-15.84,-10.66,78.13,6.131,3.242,78.14,6.098,3.076,53.31,360.53,91.14356314435325
2019-08-21 04:00:00,8/21/2019 4:00,-14.64,-7.653,61.83,4.398,2.199,83.8,4.731,2.131,60.13,360.61,71.29720339498253
2019-08-21 05:00:00,8/21/2019 5:00,-14.22,-6.019,82.7,4.798,2.123,89.8,4.665,1.964,66.29,360.61,94.97610807327044
2019-08-21 06:00:00,8/21/2019 6:00,-13.95,-5.01,83.3,9.33,2.834,85.3,8.06,2.526,62.95,360.49,95.41552688468624
2019-08-21 07:00:00,8/21/2019 7:00,-13.71,-5.276,86.9,8.66,4.133,79.02,8.8,3.872,62.46,360.55,99.30811850752478
2019-08-21 08:00:00,8/21/2019 8:00,-13.73,-5.072,85.2,8.2,2.438,89.8,8.16,2.297,75.76,360.46,97.3842388583965
2019-08-21 09:00:00,8/21/2019 9:00,-14.71,-4.778,76.61,8.23,2.789,68.28,8.26,2.5,48.61,360.31,88.40008255289278
2019-08-21 10:00:00,8/21/2019 10:00,-16.04,-5.601,37.44,6.697,2.486,70.74,6.897,2.313,46.52,360.25,43.760495663533725
2019-08-21 11:00:00,8/21/2019 11:00,-16.14,-6.588,47.72,6.031,1.889,111.8,6.198,1.697,74.0,360.07,55.82976875752328
2019-08-21 12:00:00,8/21/2019 12:00,-16.31,-13.23,64.58,4.731,1.52,234.1,5.031,1.276,212.3,360.21,75.67903298274665
2019-08-21 13:00:00,8/21/2019 13:00,-16.98,-17.0,61.5,5.731,1.04,142.8,5.464,0.689,58.26,360.29,72.53661049409578
2019-08-21 14:00:00,8/21/2019 14:00,-17.55,-18.23,87.1,8.3,3.989,37.6,8.43,3.659,8.28,360.51,100.0
2019-08-21 15:00:00,8/21/2019 15:00,-17.25,-17.69,85.3,5.864,2.848,61.28,5.998,2.677,29.35,360.69,100.0
2019-08-21 16:00:00,8/21/2019 16:00,-17.1,-17.5,84.7,4.898,2.158,121.0,5.065,1.847,100.5,360.76,100.0
2019-08-21 17:00:00,8/21/2019 17:00,-16.94,-17.32,85.0,4.998,1.536,146.9,5.431,1.271,138.7,360.58,100.0
2019-08-21 18:00:00,8/21/2019 18:00,-16.47,-16.66,85.6,8.33,3.561,187.6,9.06,3.516,172.3,360.16,100.0
2019-08-21 19:00:00,8/21/2019 19:00,-16.49,-16.52,84.7,7.564,4.671,234.7,8.63,5.04,207.9,359.94,99.42938345201152
2019-08-21 20:00:00,8/21/2019 20:00,-17.5,-17.76,82.3,5.365,1.356,32.03,5.798,1.012,247.9,359.72,97.55652856688093
2019-08-21 21:00:00,8/21/2019 21:00,-19.05,-19.42,82.2,6.464,2.253,25.24,5.864,1.476,351.4,359.39,98.90003905620367
2019-08-21 22:00:00,8/21/2019 22:00,-19.35,-19.73,81.5,6.231,2.392,0.146,5.798,2.003,330.8,359.42,98.34034760190337
2019-08-21 23:00:00,8/21/2019 23:00,-20.28,-20.42,82.0,7.264,1.778,344.2,7.43,1.425,300.2,359.3,99.82884680219038
2019-08-22 00:00:00,8/22/2019 0:00,-21.08,-21.09,80.8,9.5,2.054,0.757,9.53,1.496,304.7,359.35,99.12293722169547
2019-08-22 01:00:00,8/22/2019 1:00,-19.65,-18.26,82.5,9.86,2.817,14.8,9.16,2.017,343.9,359.61,99.83360128059424
2019-08-22 02:00:00,8/22/2019 2:00,-18.26,-15.4,67.7,10.1,4.969,35.79,10.06,4.112,9.14,359.94,80.83867511397932
2019-08-22 03:00:00,8/22/2019 3:00,-17.26,-13.59,59.02,10.9,6.53,43.19,10.9,5.49,18.8,360.14,69.79951724076064
2019-08-22 04:00:00,8/22/2019 4:00,-17.0,-11.68,56.5,11.03,4.937,40.03,11.1,4.203,15.45,360.24,66.65216456506934
2019-08-22 05:00:00,8/22/2019 5:00,-17.68,-13.19,32.42,10.33,7.627,58.93,10.53,7.201,34.33,360.28,38.4965384230055
2019-08-22 06:00:00,8/22/2019 6:00,-17.43,-11.21,63.56,10.76,5.052,53.08,10.86,4.398,28.63,360.34,75.29182295622073
2019-08-22 07:00:00,8/22/2019 7:00,-16.8,-8.97,65.13,10.8,4.357,30.54,10.66,3.882,0.688,360.23,76.68493819785485
2019-08-22 08:00:00,8/22/2019 8:00,-17.41,-10.22,81.6,9.93,5.167,52.64,9.83,4.557,26.34,360.05,96.64301747672928
2019-08-22 09:00:00,8/22/2019 9:00,-17.75,-10.94,80.0,9.86,5.633,51.07,9.76,5.015,27.47,359.73,95.05853023694796
2019-08-22 10:00:00,8/22/2019 10:00,-17.17,-10.88,64.53,9.0,4.308,36.84,9.2,3.421,9.09,359.72,76.24976842339818
2019-08-22 11:00:00,8/22/2019 11:00,-17.02,-10.77,77.67,8.43,4.253,51.21,8.06,3.85,21.79,359.65,91.64373486104252
2019-08-22 12:00:00,8/22/2019 12:00,-17.09,-14.54,83.0,8.9,4.561,43.61,8.9,3.849,16.93,359.8,97.99871260014017
2019-08-22 13:00:00,8/22/2019 13:00,-17.41,-17.02,84.1,9.5,4.19,46.85,9.5,3.264,22.07,359.96,99.6038942376585
2019-08-22 14:00:00,8/22/2019 14:00,-18.07,-18.23,84.7,10.13,4.072,49.09,9.8,3.26,21.94,360.22,100.0
2019-08-22 15:00:00,8/22/2019 15:00,-17.51,-17.62,84.0,10.43,4.997,38.98,10.16,4.054,10.83,360.55,99.58125212262402
2019-08-22 16:00:00,8/22/2019 16:00,-16.76,-16.84,84.7,15.19,6.952,48.96,14.49,6.262,21.4,360.1,99.68848697979563
2019-08-22 17:00:00,8/22/2019 17:00,-16.57,-16.6,84.2,12.4,4.195,64.26,12.33,3.461,51.92,360.29,98.91869428351654
2019-08-22 18:00:00,8/22/2019 18:00,-17.2,-17.21,84.0,8.43,3.37,75.0,8.53,2.976,53.04,360.14,99.28453518110555
2019-08-22 19:00:00,8/22/2019 19:00,-17.76,-17.94,84.8,8.4,4.266,44.84,8.36,3.332,18.7,360.07,100.0
2019-08-22 20:00:00,8/22/2019 20:00,-16.92,-17.13,84.9,8.33,3.263,88.6,8.56,2.999,64.26,359.76,100.0
2019-08-22 21:00:00,8/22/2019 21:00,-17.56,-17.65,84.5,7.43,2.927,90.0,6.997,2.768,67.07,359.62,100.0
2019-08-22 22:00:00,8/22/2019 22:00,-17.7,-17.79,82.7,4.398,2.14,75.99,4.532,1.948,50.87,,98.21950405135307
2019-08-22 23:00:00,8/22/2019 23:00,-18.22,-18.61,83.9,5.265,2.316,157.8,6.098,2.347,135.9,,100.0
2019-08-23 00:00:00,8/23/2019 0:00,-17.75,-17.97,83.3,6.098,3.053,165.0,7.23,3.214,141.6,,98.97969460922205
2019-08-23 01:00:00,8/23/2019 1:00,-17.49,-16.46,83.8,6.464,3.81,192.1,8.1,4.208,167.6,,99.32503502187079
2019-08-23 02:00:00,8/23/2019 2:00,-16.66,-14.28,85.9,5.231,2.483,69.0,5.331,2.044,42.86,,100.0
2019-08-23 03:00:00,8/23/2019 3:00,-16.46,-12.44,84.0,6.931,4.051,194.0,7.764,4.029,171.1,,98.57913538673654
2019-08-23 04:00:00,8/23/2019 4:00,-16.05,-9.72,82.9,6.264,3.1,173.3,6.664,3.167,155.1,,96.904250375084
2019-08-23 05:00:00,8/23/2019 5:00,-16.05,-6.921,80.9,4.432,2.558,113.7,4.498,2.559,91.0,,94.56639149993119
2019-08-23 06:00:00,8/23/2019 6:00,-16.25,-6.569,82.1,5.731,2.272,121.3,6.031,1.904,101.6,,96.15444618843765
2019-08-23 07:00:00,8/23/2019 7:00,-16.7,-7.428,82.7,5.931,2.971,169.4,6.564,2.94,145.7,,97.27830215720944
2019-08-23 08:00:00,8/23/2019 8:00,-15.87,-6.11,84.8,5.931,2.447,159.8,6.297,2.196,130.9,,98.95318573273443
2019-08-23 09:00:00,8/23/2019 9:00,-14.99,-5.942,82.6,9.96,3.513,158.0,10.13,3.458,137.1,,95.57026402130133
2019-08-23 10:00:00,8/23/2019 10:00,-15.55,-9.85,78.97,10.1,5.833,203.3,10.96,6.086,176.3,,91.86591725688895
2019-08-23 11:00:00,8/23/2019 11:00,-15.47,-7.755,79.38,7.564,1.538,167.4,7.664,1.267,161.4,,92.27155739975147
2019-08-23 12:00:00,8/23/2019 12:00,-15.85,-13.59,81.9,5.898,2.179,71.97,5.831,1.753,47.4,,95.55072739671147
2019-08-23 13:00:00,8/23/2019 13:00,-16.96,-16.45,77.78,7.397,2.781,7.976,7.597,2.486,335.1,,91.72049923532033
2019-08-23 14:00:00,8/23/2019 14:00,-16.93,-17.23,69.24,7.164,3.151,14.57,7.53,2.552,343.1,,81.62628253359033
2019-08-23 15:00:00,8/23/2019 15:00,-17.33,-17.74,64.92,12.4,4.833,39.68,12.16,3.778,12.34,,76.82886152329492
2019-08-23 16:00:00,8/23/2019 16:00,-17.87,-18.17,54.01,15.06,7.464,21.63,15.49,6.512,355.4,,64.25050067588461
2019-08-23 17:00:00,8/23/2019 17:00,-17.91,-18.2,67.5,12.93,6.487,43.9,12.5,5.685,16.36,,80.32914835527343
2019-08-23 18:00:00,8/23/2019 18:00,-18.98,-19.31,63.69,13.09,3.716,24.6,11.53,2.688,334.7,,76.57803729192365
2019-08-23 19:00:00,8/23/2019 19:00,-18.79,-18.99,78.06,14.29,5.732,22.67,13.96,4.554,351.4,,93.68491167731773
2019-08-23 20:00:00,8/23/2019 20:00,-18.07,-18.31,63.16,13.56,8.66,44.56,12.83,7.049,18.54,,75.2799951296582
2019-08-23 21:00:00,8/23/2019 21:00,-19.06,-19.31,62.68,12.89,4.252,37.65,12.36,3.011,355.4,,75.42152265661737
2019-08-23 22:00:00,8/23/2019 22:00,-17.67,-17.87,84.0,10.56,6.068,45.68,10.53,5.357,20.57,,99.73467463598253
2019-08-23 23:00:00,8/23/2019 23:00,-17.72,-17.95,83.7,9.53,5.746,16.17,9.83,4.955,346.9,,99.42629129130361
2019-08-24 00:00:00,8/24/2019 0:00,-17.62,-17.96,84.6,8.76,4.683,30.84,9.23,3.992,1.585,,100.0
2019-08-24 01:00:00,8/24/2019 1:00,-16.07,-14.57,84.9,8.7,3.904,79.3,8.93,3.758,52.94,360.29,99.26126156488738
2019-08-24 02:00:00,8/24/2019 2:00,-15.65,-11.75,84.6,8.63,4.717,53.51,8.73,4.372,26.78,360.54,98.51037713232162
2019-08-24 03:00:00,8/24/2019 3:00,-15.0,-8.72,85.7,6.997,3.088,51.79,6.497,2.644,28.03,360.6,99.16662534794456
2019-08-24 04:00:00,8/24/2019 4:00,-14.52,-7.094,84.9,8.06,3.73,45.41,7.93,3.145,21.09,360.72,97.78605767487817
2019-08-24 05:00:00,8/24/2019 5:00,-14.23,-5.566,84.2,6.198,3.391,51.42,5.898,2.884,26.54,360.93,96.70812712575541
2019-08-24 06:00:00,8/24/2019 6:00,-13.57,-2.743,78.84,5.131,2.21,45.36,4.898,1.747,26.49,360.97,89.97519885530733
2019-08-24 07:00:00,8/24/2019 7:00,-14.51,-6.3,72.75,6.497,3.776,61.19,6.664,3.641,38.87,360.82,83.78383607933306
2019-08-24 08:00:00,8/24/2019 8:00,-13.75,-5.353,79.49,7.897,3.112,60.67,6.864,2.631,37.92,360.62,90.87526205832036
2019-08-24 09:00:00,8/24/2019 9:00,-13.37,-3.587,77.89,8.26,1.842,54.74,8.33,1.602,30.81,360.41,88.71899276529454
2019-08-24 10:00:00,8/24/2019 10:00,-14.14,-7.004,89.9,7.83,2.077,2.027,7.33,1.784,334.7,360.11,100.0
2019-08-24 11:00:00,8/24/2019 11:00,-15.0,-10.84,70.04,5.231,0.764,255.1,4.765,0.512,257.2,360.15,81.04586276977874
2019-08-24 12:00:00,8/24/2019 12:00,-15.87,-13.72,90.9,5.664,1.403,332.6,5.598,1.083,305.7,360.15,100.0
2019-08-24 13:00:00,8/24/2019 13:00,-16.49,-16.37,90.1,5.564,2.01,25.21,5.731,1.322,356.2,360.31,100.0
2019-08-24 14:00:00,8/24/2019 14:00,-15.65,-15.67,87.0,6.664,2.59,45.64,6.364,1.856,22.43,360.53,100.0
2019-08-24 15:00:00,8/24/2019 15:00,-15.18,-15.24,85.7,4.831,1.321,39.05,4.698,0.949,37.02,360.67,99.33926813982968
2019-08-24 16:00:00,8/24/2019 16:00,-15.7,-15.74,85.8,2.132,0.516,22.24,1.466,0.039,35.73,360.61,99.95592707121607
2019-08-24 17:00:00,8/24/2019 17:00,-15.99,-16.04,85.6,2.132,0.405,14.41,1.999,0.029,321.2,360.46,100.0
2019-08-24 18:00:00,8/24/2019 18:00,-16.25,-16.24,84.6,2.232,0.177,338.7,2.099,0.024,337.3,360.24,99.08241349015621
2019-08-24 19:00:00,8/24/2019 19:00,-16.26,-16.33,85.2,3.232,0.579,349.1,3.265,0.241,317.5,359.86,99.7947505438885
2019-08-24 20:00:00,8/24/2019 20:00,-16.05,-16.08,85.5,4.332,0.757,348.3,3.898,0.302,321.2,359.49,99.94346691278264
2019-08-24 21:00:00,8/24/2019 21:00,-15.97,-16.09,85.4,1.233,0.025,262.2,0.3,0.001,258.6,359.23,99.74954423528523
2019-08-24 22:00:00,8/24/2019 22:00,-16.07,-16.16,85.4,0.133,,244.3,,,,359.22,99.84583907704807
2019-08-24 23:00:00,8/24/2019 23:00,-16.43,-16.48,85.1,4.998,0.876,292.7,4.965,0.716,258.4,359.17,99.8411684116101
2019-08-25 00:00:00,8/25/2019 0:00,-17.03,-17.01,84.1,4.232,0.767,272.9,4.332,0.523,239.1,359.14,99.24012488565793
2019-08-25 01:00:00,8/25/2019 1:00,-17.98,-16.27,83.4,13.46,2.173,304.1,11.76,1.625,253.1,359.05,99.31795019150033
2019-08-25 02:00:00,8/25/2019 2:00,-18.22,-15.51,83.1,17.49,4.347,356.3,17.69,3.505,281.4,359.48,99.18925034917524
2019-08-25 03:00:00,8/25/2019 3:00,-16.9,-11.94,81.0,14.29,3.603,313.9,14.56,2.964,281.5,359.68,95.46242418187734
2019-08-25 04:00:00,8/25/2019 4:00,-18.23,-14.11,72.36,14.96,9.66,50.96,14.66,8.41,25.99,359.76,86.37814579870879
2019-08-25 05:00:00,8/25/2019 5:00,-17.32,-12.33,72.04,14.36,7.672,43.31,13.96,7.268,17.21,359.96,85.24674057446904
2019-08-25 06:00:00,8/25/2019 6:00,-17.33,-12.57,75.8,16.26,9.16,40.58,16.23,8.7,13.15,359.96,89.70467811869615
2019-08-25 07:00:00,8/25/2019 7:00,-16.73,-10.34,76.11,11.96,6.905,32.18,12.26,6.504,3.789,359.94,89.5525091330171
2019-08-25 08:00:00,8/25/2019 8:00,-16.99,-10.55,82.0,13.13,6.998,41.0,13.39,6.358,13.57,359.83,96.72479743766651
2019-08-25 09:00:00,8/25/2019 9:00,-16.56,-8.74,83.0,9.8,4.807,53.64,9.8,4.202,19.8,359.69,97.49952728957007
2019-08-25 10:00:00,8/25/2019 10:00,-17.33,-12.34,78.0,10.83,7.472,56.5,10.3,6.947,30.65,359.61,92.3082439743839
2019-08-25 11:00:00,8/25/2019 11:00,-17.64,-13.41,85.0,11.26,6.56,37.81,10.96,5.353,11.33,359.58,100.0
2019-08-25 12:00:00,8/25/2019 12:00,-17.31,-15.31,83.6,9.93,4.609,41.83,9.86,4.105,12.95,359.65,98.9164558018278
2019-08-25 13:00:00,8/25/2019 13:00,-18.69,-18.51,74.4,11.36,5.632,13.28,11.53,5.187,342.3,360.04,89.20663033385814
2019-08-25 14:00:00,8/25/2019 14:00,-18.29,-18.78,75.77,10.6,5.594,58.44,10.46,5.044,31.36,360.22,90.50092071238588
2019-08-25 15:00:00,8/25/2019 15:00,-18.52,-19.19,82.6,7.264,3.432,65.7,7.23,3.218,37.77,360.52,98.87700589746433
2019-08-25 16:00:00,8/25/2019 16:00,-19.4,-19.96,84.5,5.831,1.977,73.44,5.864,1.42,50.38,360.46,100.0
2019-08-25 17:00:00,8/25/2019 17:00,-19.39,-20.11,59.8,7.897,3.812,46.58,7.73,3.509,18.6,360.38,72.184150569184
2019-08-25 18:00:00,8/25/2019 18:00,-20.12,-20.62,89.1,5.065,1.91,97.0,4.831,1.162,75.61,360.14,100.0
2019-08-25 19:00:00,8/25/2019 19:00,-20.27,-20.52,81.8,8.6,4.006,46.54,8.5,3.48,18.42,359.8,99.57583515096118
2019-08-25 20:00:00,8/25/2019 20:00,-20.25,-21.03,66.93,6.764,3.536,64.82,6.497,3.152,38.81,359.61,81.45886975448106
2019-08-25 21:00:00,8/25/2019 21:00,-19.94,-20.8,63.85,6.198,2.911,14.97,6.397,2.494,345.6,359.49,77.48005584249664
2019-08-25 22:00:00,8/25/2019 22:00,-19.84,-20.96,54.11,7.464,2.508,16.7,7.597,2.182,343.6,359.45,65.59801603830095
2019-08-25 23:00:00,8/25/2019 23:00,-19.73,-20.43,66.31,10.43,7.04,28.75,10.83,6.391,358.3,359.41,80.3035326458441
2019-08-26 00:00:00,8/26/2019 0:00,-19.42,-19.85,74.85,10.46,7.302,18.34,10.33,7.007,349.0,359.52,90.37688390381629
2019-08-26 01:00:00,8/26/2019 1:00,-18.3,-16.24,63.03,11.0,4.4,5.189,10.86,4.1,335.4,359.9,75.29129141311797
2019-08-26 02:00:00,8/26/2019 2:00,-17.33,-13.89,61.46,9.96,4.731,12.85,9.93,4.39,342.7,360.02,72.73416249571326
2019-08-26 03:00:00,8/26/2019 3:00,-16.58,-12.69,41.95,11.3,6.005,27.29,11.46,5.289,358.2,360.19,49.287877214491154
2019-08-26 04:00:00,8/26/2019 4:00,-16.55,-10.91,52.06,7.697,3.696,41.3,7.897,3.064,15.45,360.35,61.148627681476775
2019-08-26 05:00:00,8/26/2019 5:00,-15.88,-9.42,38.74,7.53,2.988,42.9,7.297,2.577,20.88,360.31,45.210099198839075
2019-08-26 06:00:00,8/26/2019 6:00,-15.94,-8.15,84.8,9.3,2.686,18.63,8.9,2.071,0.907,360.08,99.0200571433141
2019-08-26 07:00:00,8/26/2019 7:00,-16.61,-9.83,84.4,11.9,5.324,33.43,11.6,4.697,7.307,360.05,99.19189477553365
2019-08-26 08:00:00,8/26/2019 8:00,-16.0,-7.454,82.9,8.43,4.597,66.51,8.56,4.263,41.36,360.08,96.857510557887
2019-08-26 09:00:00,8/26/2019 9:00,-16.34,-5.945,60.21,6.064,3.207,7.865,6.098,2.954,336.2,360.02,70.57840031583581
2019-08-26 10:00:00,8/26/2019 10:00,-16.83,-7.305,52.56,5.998,3.171,5.416,5.898,3.052,334.9,359.95,61.902742766366
2019-08-26 11:00:00,8/26/2019 11:00,-17.58,-12.46,75.57,9.76,4.848,4.277,9.7,4.572,332.9,359.77,89.64792738543674
2019-08-26 12:00:00,8/26/2019 12:00,-18.34,-17.21,77.73,9.33,4.956,4.817,9.23,4.776,333.2,359.74,92.8865888201833
2019-08-26 13:00:00,8/26/2019 13:00,-18.75,-18.72,82.1,9.96,2.317,299.5,8.5,2.029,276.4,359.73,98.49575423584128
2019-08-26 14:00:00,8/26/2019 14:00,-18.74,-18.95,84.1,11.5,3.805,355.0,11.1,3.204,322.9,359.97,100.0
2019-08-26 15:00:00,8/26/2019 15:00,-19.14,-19.41,57.84,13.29,4.86,4.761,13.79,4.179,329.4,360.05,69.65108096089882
2019-08-26 16:00:00,8/26/2019 16:00,-20.42,-20.94,53.89,12.03,4.393,5.024,11.73,3.705,327.4,360.13,65.69494512426022
2019-08-26 17:00:00,8/26/2019 17:00,-19.53,-20.16,52.1,12.43,7.497,30.38,12.43,7.016,2.539,360.17,62.973981054643964
2019-08-26 18:00:00,8/26/2019 18:00,-19.78,-20.41,59.35,10.73,6.891,35.13,10.96,6.347,6.517,359.88,71.90918004816844
2019-08-26 19:00:00,8/26/2019 19:00,-20.96,-21.41,57.8,11.53,5.6,11.7,11.63,4.879,336.4,359.49,70.82604075313768
2019-08-26 20:00:00,8/26/2019 20:00,-21.11,-21.72,50.8,12.59,6.466,30.29,12.86,5.553,0.835,359.31,62.33771938479827
2019-08-26 21:00:00,8/26/2019 21:00,-19.65,-20.23,47.3,12.06,8.42,49.31,11.53,7.794,22.5,359.16,57.237931400874025
2019-08-26 22:00:00,8/26/2019 22:00,-20.93,-21.55,53.4,13.19,6.485,23.51,12.83,5.832,353.0,359.14,65.41569224269772
2019-08-26 23:00:00,8/26/2019 23:00,-20.77,-21.42,60.45,12.26,8.1,31.78,12.1,7.473,2.748,358.95,73.93892688499842
2019-08-27 00:00:00,8/27/2019 0:00,-20.8,-21.2,71.05,12.93,6.907,38.52,12.96,6.093,4.76,359.06,86.92914564824109
2019-08-27 01:00:00,8/27/2019 1:00,-19.35,-17.54,72.04,10.86,6.872,33.77,11.0,5.909,5.225,359.44,86.92562749989104
2019-08-27 02:00:00,8/27/2019 2:00,-18.75,-15.99,47.61,11.23,6.662,46.55,10.5,6.194,20.85,359.94,57.11793981934718
2019-08-27 03:00:00,8/27/2019 3:00,-18.12,-13.53,14.88,8.2,4.278,110.7,8.56,4.301,87.1,360.1,17.74390161845582
2019-08-27 04:00:00,8/27/2019 4:00,-17.94,-14.76,21.52,10.46,7.068,203.4,10.36,7.247,177.0,360.2,25.617511288342033
2019-08-27 05:00:00,8/27/2019 5:00,-17.89,-14.35,36.54,11.23,7.244,195.3,11.13,6.951,168.6,360.18,43.476483417647415
2019-08-27 06:00:00,8/27/2019 6:00,-17.66,-14.9,23.88,13.23,9.78,205.5,13.66,9.94,178.1,360.15,28.35041565422366
2019-08-27 07:00:00,8/27/2019 7:00,-17.67,-14.72,56.34,13.36,10.2,207.5,13.96,10.23,179.4,360.04,66.89347105941971
2019-08-27 08:00:00,8/27/2019 8:00,-17.45,-12.36,69.19,12.16,6.199,226.6,13.09,6.4,198.8,360.31,81.97677941752086
2019-08-27 09:00:00,8/27/2019 9:00,-17.09,-12.95,66.26,10.56,6.844,205.7,10.26,6.868,177.9,360.28,78.2336710468107
2019-08-27 10:00:00,8/27/2019 10:00,-15.51,-4.903,58.27,5.065,1.161,165.3,5.431,1.047,149.5,360.38,67.75939824484921
2019-08-27 11:00:00,8/27/2019 11:00,-16.89,-9.09,49.6,6.464,1.792,207.2,6.831,1.505,183.2,360.44,58.450371403786306
2019-08-27 12:00:00,8/27/2019 12:00,-18.37,-16.3,55.48,11.23,4.147,341.7,11.73,3.999,313.5,360.6,66.3171677488689
2019-08-27 13:00:00,8/27/2019 13:00,-18.06,-18.3,46.3,6.264,2.497,199.1,6.431,2.297,182.6,360.83,55.1793656896268
2019-08-27 14:00:00,8/27/2019 14:00,-17.43,-18.19,42.44,5.464,2.501,202.8,5.831,2.487,185.1,361.16,50.273520551636366
2019-08-27 15:00:00,8/27/2019 15:00,-18.19,-18.93,39.12,4.398,2.521,128.5,4.332,2.292,103.1,361.41,46.68068504591236
2019-08-27 16:00:00,8/27/2019 16:00,-18.74,-19.35,40.58,5.464,2.859,130.8,5.365,2.71,107.3,361.47,48.67934271842449
2019-08-27 17:00:00,8/27/2019 17:00,-19.28,-19.79,57.5,5.864,2.559,123.6,5.098,2.356,101.6,361.38,69.33467780782823
2019-08-27 18:00:00,8/27/2019 18:00,-19.21,-19.85,70.32,6.831,1.957,113.4,6.797,1.781,89.6,361.32,84.73639843536041
2019-08-27 19:00:00,8/27/2019 19:00,-19.57,-20.3,69.07,9.53,2.815,29.35,9.7,2.648,355.9,360.97,83.51785874057136
2019-08-27 20:00:00,8/27/2019 20:00,-19.58,-20.22,50.78,7.597,3.252,23.79,7.63,3.075,353.4,360.71,61.40789447432198
2019-08-27 21:00:00,8/27/2019 21:00,-19.38,-20.07,39.44,12.56,4.306,31.28,12.43,3.984,3.044,360.48,47.603177192297046
2019-08-27 22:00:00,8/27/2019 22:00,-19.55,-20.16,26.47,11.06,4.931,35.78,11.03,4.522,8.19,360.34,32.00078291627424
2019-08-27 23:00:00,8/27/2019 23:00,-19.22,-19.97,31.66,10.63,6.708,33.81,10.53,6.219,5.528,360.22,38.15431824098608
2019-08-28 00:00:00,8/28/2019 0:00,-19.08,-19.65,26.89,12.99,7.074,32.05,13.06,6.068,2.53,360.38,32.36237849707064
2019-08-28 01:00:00,8/28/2019 1:00,-18.02,-17.04,29.4,14.69,9.3,44.42,15.09,8.01,17.63,360.72,35.02483047540319
2019-08-28 02:00:00,8/28/2019 2:00,-17.81,-16.29,28.27,18.06,10.93,44.94,17.49,9.14,18.29,361.03,33.61069916732725
2019-08-28 03:00:00,8/28/2019 3:00,-17.62,-15.37,33.69,17.46,10.69,49.36,17.79,9.7,25.37,361.31,39.98149110500612
2019-08-28 04:00:00,8/28/2019 4:00,-17.95,-15.08,38.38,17.63,11.54,29.33,17.16,9.83,3.048,361.42,45.69212937721979
2019-08-28 05:00:00,8/28/2019 5:00,-17.03,-14.37,30.84,17.49,12.7,55.64,16.83,11.98,28.25,361.85,36.39197920896184
2019-08-28 06:00:00,8/28/2019 6:00,-17.19,-13.27,48.97,13.86,9.11,59.97,13.46,8.86,33.3,361.51,57.874947048098214
2019-08-28 07:00:00,8/28/2019 7:00,-17.55,-13.2,54.23,13.53,9.04,52.23,13.63,8.32,25.67,361.54,64.31393293727642
2019-08-28 08:00:00,8/28/2019 8:00,-17.08,-12.42,51.05,13.79,8.02,33.93,14.36,7.251,5.63,361.14,60.269306997085046
2019-08-28 09:00:00,8/28/2019 9:00,-16.76,-11.74,31.79,12.93,7.116,30.3,13.09,5.878,3.898,360.93,37.415549009299916
2019-08-28 10:00:00,8/28/2019 10:00,-16.41,-11.51,50.42,13.93,8.04,20.81,14.06,7.076,352.3,360.97,59.14243252693521
2019-08-28 11:00:00,8/28/2019 11:00,-16.61,-12.58,76.54,14.16,9.37,43.72,13.69,7.933,18.99,361.1,89.95435575970788
2019-08-28 12:00:00,8/28/2019 12:00,-17.09,-16.04,72.87,16.76,8.59,29.68,16.59,6.342,2.232,360.58,86.03814683340016
2019-08-28 13:00:00,8/28/2019 13:00,-16.53,-16.74,72.17,17.96,9.65,27.59,18.36,7.661,357.2,360.92,84.75308609179093
2019-08-28 14:00:00,8/28/2019 14:00,-17.45,-17.56,84.4,19.53,6.996,31.23,19.66,4.563,2.927,360.8,99.9976901696598
2019-08-28 15:00:00,8/28/2019 15:00,-17.86,-18.05,66.97,24.16,10.35,43.51,23.59,7.893,18.04,361.36,79.66010475627058
2019-08-28 16:00:00,8/28/2019 16:00,-17.4,-17.46,84.5,22.26,11.26,43.94,20.89,7.88,14.18,361.08,100.0
2019-08-28 17:00:00,8/28/2019 17:00,-17.13,-17.12,84.1,21.66,3.731,312.1,21.02,2.805,253.3,361.36,99.33574950968627
2019-08-28 18:00:00,8/28/2019 18:00,-17.14,-17.14,84.4,16.39,2.437,287.0,16.79,1.915,231.0,361.25,99.69969888507403
2019-08-28 19:00:00,8/28/2019 19:00,-18.17,-18.18,81.3,17.06,2.666,263.0,16.19,1.976,215.3,361.18,96.99412800343949
2019-08-28 20:00:00,8/28/2019 20:00,-18.34,-18.4,84.9,17.43,5.055,19.03,16.99,3.876,313.3,361.01,100.0
2019-08-28 21:00:00,8/28/2019 21:00,-17.01,-17.11,84.6,14.96,7.853,39.36,15.13,5.546,9.89,360.66,99.81090788818679
2019-08-28 22:00:00,8/28/2019 22:00,-16.52,-16.52,84.8,15.79,4.008,13.81,15.76,2.575,311.4,360.53,99.57556955254402
2019-08-28 23:00:00,8/28/2019 23:00,-16.68,-16.71,85.2,13.43,1.645,261.8,11.63,1.343,227.3,360.5,100.0
2019-08-29 00:00:00,8/29/2019 0:00,-16.1,-16.08,85.8,14.53,4.864,55.98,14.16,4.077,13.45,360.55,100.0
2019-08-29 01:00:00,8/29/2019 1:00,-15.94,-15.64,84.8,13.53,5.125,56.35,14.33,4.556,29.31,361.02,99.0200571433141
2019-08-29 02:00:00,8/29/2019 2:00,-16.24,-15.25,84.9,12.03,3.349,30.53,11.7,2.909,327.5,361.09,99.42417931634428
2019-08-29 03:00:00,8/29/2019 3:00,-16.97,-14.25,82.7,11.8,5.596,47.46,12.0,5.159,22.06,361.67,97.5317050370572
2019-08-29 04:00:00,8/29/2019 4:00,-16.54,-12.27,83.3,13.29,7.933,59.39,13.19,7.284,34.39,361.49,97.83307074359864
2019-08-29 05:00:00,8/29/2019 5:00,-15.64,-9.86,85.3,12.73,4.304,24.58,12.69,3.574,352.4,361.78,99.31588542402308
2019-08-29 06:00:00,8/29/2019 6:00,-14.35,-6.053,84.8,10.9,1.89,297.0,10.93,1.401,264.0,361.57,97.5104019433057
2019-08-29 07:00:00,8/29/2019 7:00,-14.96,-6.69,85.0,11.2,4.865,16.62,11.26,4.255,349.1,361.72,98.3186118876908
2019-08-29 08:00:00,8/29/2019 8:00,-15.91,-8.06,82.7,11.3,6.301,20.94,11.06,5.757,354.6,361.43,96.53995557985762
2019-08-29 09:00:00,8/29/2019 9:00,-17.1,-9.47,81.1,11.3,5.849,43.94,11.13,5.15,17.92,361.28,95.76459100686965
2019-08-29 10:00:00,8/29/2019 10:00,-17.76,-10.17,81.9,10.8,5.991,23.73,10.56,5.2,355.3,361.23,97.32553138430764
2019-08-29 11:00:00,8/29/2019 11:00,-18.33,-11.16,80.5,13.53,4.233,29.88,12.86,2.906,358.4,361.15,96.18746988914063
2019-08-29 12:00:00,8/29/2019 12:00,-19.12,-15.26,80.5,11.86,5.593,42.23,11.86,4.252,15.42,361.26,96.91971877102897
2019-08-29 13:00:00,8/29/2019 13:00,-19.62,-17.74,80.2,13.96,6.702,46.08,13.33,5.251,17.46,361.07,97.02247055135062
2019-08-29 14:00:00,8/29/2019 14:00,-20.72,-19.52,80.0,12.76,4.345,27.09,12.59,2.811,357.7,361.42,97.80460858991952
2019-08-29 15:00:00,8/29/2019 15:00,-20.52,-19.36,79.72,12.46,4.943,34.17,12.33,3.576,3.158,361.61,97.27614423068219
2019-08-29 16:00:00,8/29/2019 16:00,-20.57,-19.76,79.69,14.73,3.57,20.54,13.93,2.759,352.2,361.68,97.28603218972373
2019-08-29 17:00:00,8/29/2019 17:00,-20.19,-19.1,78.02,14.19,5.569,37.7,14.49,4.357,11.64,361.53,94.90174117245003
2019-08-29 18:00:00,8/29/2019 18:00,-20.58,-19.55,75.78,13.83,4.145,25.37,12.93,3.225,346.5,361.3,92.52152520010924
2019-08-29 19:00:00,8/29/2019 19:00,-19.77,-18.56,67.58,13.36,8.51,44.96,13.53,7.205,16.9,361.04,81.87290583156478
2019-08-29 20:00:00,8/29/2019 20:00,-18.93,-18.46,56.89,12.06,7.574,55.7,11.6,6.776,30.11,360.82,68.36920945663198
2019-08-29 21:00:00,8/29/2019 21:00,-18.75,-18.75,54.12,14.06,8.56,51.7,13.43,7.54,27.16,360.46,64.92801728676893
2019-08-29 22:00:00,8/29/2019 22:00,-18.14,-18.5,41.43,15.66,10.71,61.57,14.76,10.27,33.9,360.01,49.41338532646459
2019-08-29 23:00:00,8/29/2019 23:00,-18.4,-18.88,44.16,13.96,10.5,60.27,14.09,9.98,31.41,359.92,52.80119435806608
2019-08-30 00:00:00,8/30/2019 0:00,-18.81,-19.23,31.83,13.59,6.382,40.91,12.23,5.207,11.7,360.21,38.20859902517074
2019-08-30 01:00:00,8/30/2019 1:00,-17.42,-15.98,38.33,12.76,6.37,36.27,12.46,5.133,9.87,360.38,45.40053210228261
2019-08-30 02:00:00,8/30/2019 2:00,-16.49,-14.5,36.25,12.3,7.191,38.49,12.33,6.437,13.25,,42.55389787645121
2019-08-30 03:00:00,8/30/2019 3:00,-15.77,-13.05,39.63,10.8,7.452,52.86,10.9,7.08,27.22,360.7,46.199663278472045
2019-08-30 04:00:00,8/30/2019 4:00,-15.9,-12.55,49.47,11.43,8.42,56.86,11.3,8.18,29.8,360.98,57.74329765417303
2019-08-30 05:00:00,8/30/2019 5:00,-15.0,-11.1,39.31,11.8,7.646,54.11,11.9,7.231,27.52,361.03,45.48704833637924
2019-08-30 06:00:00,8/30/2019 6:00,-15.45,-10.75,40.28,10.43,6.959,56.51,10.5,6.52,29.17,360.97,46.81255347414107
2019-08-30 07:00:00,8/30/2019 7:00,-14.7,-8.82,20.28,10.73,5.779,31.33,10.8,5.336,5.19,360.89,23.398777437026254
2019-08-30 08:00:00,8/30/2019 8:00,-14.13,-5.594,67.35,8.9,3.58,32.93,8.86,3.104,5.974,360.58,77.28020010735094
2019-08-30 09:00:00,8/30/2019 9:00,-14.67,-7.321,55.48,8.63,3.179,22.94,9.0,2.506,351.9,360.32,63.993474031132955
2019-08-30 10:00:00,8/30/2019 10:00,-15.43,-9.25,35.81,9.26,3.888,15.14,9.36,3.216,342.7,360.31,41.609576974226435
2019-08-30 11:00:00,8/30/2019 11:00,-16.08,-11.25,46.26,9.23,2.731,6.156,9.0,2.253,331.0,360.48,54.09032986981123
2019-08-30 12:00:00,8/30/2019 12:00,-17.13,-15.57,62.49,7.297,2.726,6.572,6.931,2.248,333.6,360.57,73.8108321862104
2019-08-30 13:00:00,8/30/2019 13:00,-16.83,-16.94,73.07,7.297,3.487,36.01,6.931,2.833,7.285,360.71,86.0584743899993
2019-08-30 14:00:00,8/30/2019 14:00,-17.66,-18.11,81.0,6.497,2.678,355.9,6.564,2.4,325.2,361.06,96.16347018392447
2019-08-30 15:00:00,8/30/2019 15:00,-18.04,-18.29,76.56,5.431,1.689,345.1,5.365,1.335,315.0,361.13,91.22505598458913
2019-08-30 16:00:00,8/30/2019 16:00,-17.71,-18.18,66.16,4.465,1.974,345.0,4.265,1.708,317.0,361.22,78.58316233275593
2019-08-30 17:00:00,8/30/2019 17:00,-17.03,-17.69,69.67,4.365,1.268,351.9,4.332,0.651,318.7,361.04,82.21236029469428
2019-08-30 18:00:00,8/30/2019 18:00,-16.3,-16.9,76.52,1.566,0.136,331.2,,,,360.8,89.66245170758246
2019-08-30 19:00:00,8/30/2019 19:00,-16.26,-16.73,73.77,1.899,0.56,334.0,0.466,0.002,287.0,360.46,86.40679281247246
2019-08-30 20:00:00,8/30/2019 20:00,-16.82,-17.19,84.2,2.866,0.916,315.4,2.866,0.315,299.7,360.08,99.1573200520483
2019-08-30 21:00:00,8/30/2019 21:00,-16.67,-17.15,79.17,3.265,0.593,309.6,3.365,0.335,286.5,359.7,93.09911369534194
2019-08-30 22:00:00,8/30/2019 22:00,-17.43,-17.72,84.1,4.998,0.987,303.4,5.231,0.771,281.5,359.49,99.62306970764888
2019-08-30 23:00:00,8/30/2019 23:00,-16.48,-16.62,86.0,4.332,0.551,285.6,4.465,0.411,274.2,359.35,100.0
2019-08-31 00:00:00,8/31/2019 0:00,-16.37,-16.43,85.4,5.131,0.618,251.4,5.398,0.338,256.7,359.23,100.0
2019-08-31 01:00:00,8/31/2019 1:00,-16.31,-15.8,84.5,8.7,1.127,252.5,7.164,0.926,223.1,358.92,99.0225810938695
2019-08-31 02:00:00,8/31/2019 2:00,-15.97,-14.74,84.7,14.26,2.46,254.6,13.76,2.009,231.3,359.26,98.9319250202419
2019-08-31 03:00:00,8/31/2019 3:00,-15.45,-13.66,84.3,13.19,3.24,19.43,12.99,2.727,319.1,359.58,97.97165486271331
2019-08-31 04:00:00,8/31/2019 4:00,-15.25,-10.97,83.7,13.09,3.718,6.811,13.03,3.17,348.4,359.91,97.0866040550898
2019-08-31 05:00:00,8/31/2019 5:00,-15.22,-9.82,83.0,12.66,3.277,19.38,12.79,2.55,319.9,359.94,96.24674911669553
2019-08-31 06:00:00,8/31/2019 6:00,-15.13,-9.41,81.7,13.33,5.149,44.0,13.23,4.345,16.08,360.23,94.65692073259129
2019-08-31 07:00:00,8/31/2019 7:00,-14.4,-6.987,78.51,9.6,3.768,36.93,9.4,3.128,15.21,360.09,90.32129067426376
2019-08-31 08:00:00,8/31/2019 8:00,-13.59,-4.584,83.7,8.36,3.021,52.01,8.36,2.578,33.58,359.96,95.54011845620285
2019-08-31 09:00:00,8/31/2019 9:00,-13.48,-3.138,75.29,6.597,1.925,7.001,6.364,1.584,344.8,359.8,85.84894030636578
2019-08-31 10:00:00,8/31/2019 10:00,-15.41,-9.38,57.98,6.464,2.231,339.4,6.264,1.943,307.8,359.74,67.3570871913667
2019-08-31 11:00:00,8/31/2019 11:00,-17.1,-14.64,45.08,7.23,3.195,355.1,7.164,2.826,322.7,,53.23141507508858
2019-08-31 12:00:00,8/31/2019 12:00,-16.5,-15.43,54.88,6.198,3.19,0.352,6.497,3.027,327.9,359.9,64.42987811859592
2019-08-31 13:00:00,8/31/2019 13:00,-16.9,-17.0,73.54,6.564,2.854,4.911,6.531,2.698,335.3,360.13,86.67045276957111
2019-08-31 14:00:00,8/31/2019 14:00,-17.3,-17.79,87.0,7.73,3.019,18.16,7.464,2.605,348.3,360.42,100.0
2019-08-31 15:00:00,8/31/2019 15:00,-16.84,-17.21,84.5,7.83,3.839,36.9,7.997,3.299,9.82,360.67,99.52979055455232
2019-08-31 16:00:00,8/31/2019 16:00,-16.56,-16.88,85.6,5.998,3.662,56.35,6.098,3.138,31.32,360.81,100.0
2019-08-31 17:00:00,8/31/2019 17:00,-16.92,-17.19,85.6,5.898,2.507,20.46,5.931,2.178,349.0,360.71,100.0
2019-08-31 18:00:00,8/31/2019 18:00,-16.93,-17.17,85.7,7.197,3.578,19.77,7.264,3.135,351.3,360.57,100.0
2019-08-31 19:00:00,8/31/2019 19:00,-16.57,-16.85,84.3,5.331,3.056,23.28,5.664,2.625,350.9,360.43,99.03617491805753
2019-08-31 20:00:00,8/31/2019 20:00,-16.91,-17.23,84.6,5.398,2.152,29.49,5.031,1.62,351.6,360.11,99.7148047709055
2019-08-31 21:00:00,8/31/2019 21:00,-16.94,-17.37,84.4,5.065,2.056,357.3,5.331,1.952,327.8,359.78,99.50782728294504
2019-08-31 22:00:00,8/31/2019 22:00,-17.61,-18.18,84.9,4.665,2.135,357.8,4.465,1.982,323.1,359.71,100.0
2019-08-31 23:00:00,8/31/2019 23:00,-16.47,-17.06,85.0,2.866,0.565,13.5,2.832,0.211,305.0,359.73,99.76231480251847
2019-09-01 00:00:00,9/1/2019 0:00,-16.9,-17.15,86.5,4.598,2.193,26.39,4.465,1.809,349.1,359.95,100.0
2019-09-01 01:00:00,9/1/2019 1:00,-16.32,-14.89,83.4,3.832,2.251,20.17,3.798,1.828,351.7,360.13,97.74295578280662
2019-09-01 02:00:00,9/1/2019 2:00,-13.95,-7.818,84.4,2.699,0.659,51.55,2.532,0.339,0.523,360.4,96.6755158351443
2019-09-01 03:00:00,9/1/2019 3:00,-13.05,-4.139,87.2,3.332,1.006,61.53,2.999,0.73,40.06,360.73,99.01587932126857
2019-09-01 04:00:00,9/1/2019 4:00,-12.66,-2.312,83.7,4.532,1.498,77.35,4.498,1.321,53.87,360.93,94.68299794328547
2019-09-01 05:00:00,9/1/2019 5:00,-11.84,-0.903,87.2,3.932,1.136,76.34,4.132,0.854,57.48,360.94,97.86074362808985
2019-09-01 06:00:00,9/1/2019 6:00,-12.84,-2.941,84.3,4.465,2.017,100.3,4.698,1.862,76.35,360.88,95.52828450731937
2019-09-01 07:00:00,9/1/2019 7:00,-11.78,1.677,82.5,4.332,1.239,88.6,4.032,0.89,64.71,360.77,92.5322408882034
2019-09-01 08:00:00,9/1/2019 8:00,-12.2,-1.06,83.0,5.698,1.526,82.6,5.631,1.269,58.04,360.57,93.47320566864988
2019-09-01 09:00:00,9/1/2019 9:00,-12.56,-0.016,75.77,5.498,1.781,39.37,5.664,1.462,10.33,360.46,85.62936515035175
2019-09-01 10:00:00,9/1/2019 10:00,-16.85,-8.49,77.93,6.464,2.86,3.896,6.531,2.513,327.6,360.26,91.80004676489942
2019-09-01 11:00:00,9/1/2019 11:00,-17.49,-11.13,77.71,5.631,2.545,347.4,5.564,2.534,318.1,360.23,92.1067836700427
2019-09-01 12:00:00,9/1/2019 12:00,-18.02,-15.11,77.03,6.164,2.506,340.8,6.297,2.735,317.0,360.33,91.7674384870853
2019-09-01 13:00:00,9/1/2019 13:00,-17.58,-16.38,72.88,9.46,5.335,349.3,9.3,5.377,321.1,360.73,86.45680756716462
2019-09-01 14:00:00,9/1/2019 14:00,-17.53,-17.11,63.31,7.864,4.855,353.1,7.864,4.851,321.7,361.01,75.06788767115448
2019-09-01 15:00:00,9/1/2019 15:00,-16.99,-17.09,68.95,7.864,4.547,348.5,7.797,4.516,318.4,361.32,81.33139979667202
2019-09-01 16:00:00,9/1/2019 16:00,-17.91,-18.13,78.24,7.697,2.422,355.2,7.664,2.112,320.0,361.24,93.11040840469026
2019-09-01 17:00:00,9/1/2019 17:00,-18.2,-18.67,75.13,7.297,3.353,13.46,7.064,2.966,344.5,361.14,89.65891951170057
2019-09-01 18:00:00,9/1/2019 18:00,-17.55,-17.97,53.35,6.931,5.053,10.09,6.964,4.936,340.6,360.8,63.27029913707722
2019-09-01 19:00:00,9/1/2019 19:00,-18.05,-18.35,61.97,6.797,3.302,23.23,6.731,2.73,351.5,360.41,73.84744258625078
2019-09-01 20:00:00,9/1/2019 20:00,-18.3,-18.66,48.37,6.864,3.974,4.113,6.764,3.709,330.5,359.94,57.77946637557538
2019-09-01 21:00:00,9/1/2019 21:00,-18.75,-18.91,42.47,5.265,2.485,341.6,5.198,2.585,311.7,359.86,50.951457763656265
2019-09-01 22:00:00,9/1/2019 22:00,-16.79,-17.36,18.05,7.597,4.987,6.396,7.697,4.835,336.5,359.72,21.250265046938665
2019-09-01 23:00:00,9/1/2019 23:00,-16.73,-17.44,13.9,7.464,4.2,356.0,7.464,4.135,328.0,359.76,16.355010865181153
2019-09-02 00:00:00,9/2/2019 0:00,-16.82,-17.55,45.19,6.264,3.705,353.3,6.098,3.627,323.2,359.89,53.21756880228103
2019-09-02 01:00:00,9/2/2019 1:00,-16.99,-14.73,33.41,5.798,2.226,353.3,5.331,1.988,324.5,360.16,39.4094571023468
2019-09-02 02:00:00,9/2/2019 2:00,-14.06,-7.305,36.83,2.599,0.209,267.2,2.599,0.15,278.9,360.42,42.231659870294024
2019-09-02 03:00:00,9/2/2019 3:00,-13.41,-6.403,78.08,4.598,0.614,313.3,3.832,0.526,287.6,360.61,88.969875171413
2019-09-02 04:00:00,9/2/2019 4:00,-12.93,-5.107,62.93,5.864,0.912,228.1,5.731,0.722,100.1,360.98,71.374158995125
2019-09-02 05:00:00,9/2/2019 5:00,-12.48,-3.846,47.11,5.898,2.358,47.45,5.798,2.101,22.75,361.11,53.19877359768487
2019-09-02 06:00:00,9/2/2019 6:00,-12.34,-3.768,39.12,5.131,2.754,52.18,5.065,2.465,26.29,361.0,44.11615710954606
2019-09-02 07:00:00,9/2/2019 7:00,-12.15,-3.276,66.85,6.864,2.478,49.93,6.831,2.139,22.82,360.93,75.24883770796949
2019-09-02 08:00:00,9/2/2019 8:00,-11.4,1.926,67.8,3.532,0.968,38.63,3.832,0.545,6.312,360.79,75.76467665617912
2019-09-02 09:00:00,9/2/2019 9:00,-12.37,-1.419,62.16,3.832,1.364,196.5,4.198,0.669,177.2,360.5,70.1190791742347
2019-09-02 10:00:00,9/2/2019 10:00,-13.16,-6.914,48.58,3.965,2.781,219.7,4.265,2.891,192.8,360.41,55.22157735182074
2019-09-02 11:00:00,9/2/2019 11:00,-13.8,-8.28,47.47,5.365,1.997,245.5,5.431,1.982,216.2,360.36,54.29535168891513
2019-09-02 12:00:00,9/2/2019 12:00,-13.88,-11.45,20.24,5.464,1.84,256.5,5.698,1.626,223.8,360.52,23.16809260885272
2019-09-02 13:00:00,9/2/2019 13:00,-14.66,-14.92,26.77,4.931,1.777,266.9,4.998,1.589,217.2,360.71,30.874903679984044
2019-09-02 14:00:00,9/2/2019 14:00,-14.79,-15.62,16.65,4.265,0.969,181.7,4.365,0.553,201.2,360.9,19.22725837640675
2019-09-02 15:00:00,9/2/2019 15:00,-15.11,-15.93,29.91,4.232,0.712,223.1,4.032,0.488,260.0,360.97,34.646773509155935
2019-09-02 16:00:00,9/2/2019 16:00,-14.99,-15.85,15.3,4.765,1.198,249.6,4.898,0.975,207.1,360.95,17.702482318715624
2019-09-02 17:00:00,9/2/2019 17:00,-15.68,-16.13,77.42,4.631,0.786,137.0,4.865,0.504,93.1,360.76,90.17591852297139
2019-09-02 18:00:00,9/2/2019 18:00,-16.1,-16.13,85.1,6.831,2.664,243.9,7.23,2.699,216.2,360.4,99.52389445030063
2019-09-02 19:00:00,9/2/2019 19:00,-15.45,-15.45,84.8,8.6,4.611,238.1,9.3,4.842,209.5,360.19,98.55274415608646
2019-09-02 20:00:00,9/2/2019 20:00,-15.53,-15.53,85.1,4.432,0.569,272.3,4.365,0.29,244.9,359.97,98.97783761384615
2019-09-02 21:00:00,9/2/2019 21:00,-15.5,-15.57,85.5,3.332,1.141,39.66,3.332,0.437,15.05,359.75,99.41426285085755
2019-09-02 22:00:00,9/2/2019 22:00,-15.6,-15.64,86.0,4.765,1.029,37.44,4.598,0.328,35.9,359.67,100.0
2019-09-02 23:00:00,9/2/2019 23:00,-15.4,-15.43,85.6,4.398,0.547,10.86,4.498,0.223,308.3,359.72,99.43445657788656
2019-09-03 00:00:00,9/3/2019 0:00,-15.78,-15.87,86.1,2.232,0.401,12.25,0.233,,48.26,359.73,100.0
2019-09-03 01:00:00,9/3/2019 1:00,-15.48,-14.41,86.3,2.832,0.307,33.45,2.499,0.035,20.13,359.94,100.0
2019-09-03 02:00:00,9/3/2019 2:00,-14.11,-9.13,84.7,2.799,0.667,102.2,2.866,0.297,93.3,360.16,97.16950547044175
2019-09-03 03:00:00,9/3/2019 3:00,-14.12,-7.161,85.6,5.331,1.492,121.6,3.299,0.098,85.8,360.38,98.21150697515262
2019-09-03 04:00:00,9/3/2019 4:00,-13.32,0.233,85.1,4.465,1.135,141.3,4.565,0.977,108.1,360.49,96.88445469585635
2019-09-03 05:00:00,9/3/2019 5:00,-11.94,0.021,84.3,5.564,1.776,103.0,4.998,1.485,85.4,360.5,94.6980544244237
2019-09-03 06:00:00,9/3/2019 6:00,-11.82,-0.427,85.2,6.531,1.401,55.92,6.064,1.102,20.73,360.51,95.59767383554772
2019-09-03 07:00:00,9/3/2019 7:00,-11.22,2.827,81.3,6.297,1.237,94.4,6.098,0.981,70.06,360.32,90.69190743020097
2019-09-03 08:00:00,9/3/2019 8:00,-12.65,-2.451,82.8,7.264,1.526,319.1,6.897,1.395,278.1,360.16,93.65582007959031
2019-09-03 09:00:00,9/3/2019 9:00,-11.99,0.426,84.9,5.531,0.873,303.9,5.431,0.864,282.7,359.98,95.41834556962161
2019-09-03 10:00:00,9/3/2019 10:00,-13.61,-4.648,84.8,5.798,1.816,0.43,5.698,1.626,330.5,359.98,96.81447289599326
2019-09-03 11:00:00,9/3/2019 11:00,-13.63,-9.29,86.3,3.765,1.422,228.1,3.865,1.164,197.6,360.13,98.54607743235613
2019-09-03 12:00:00,9/3/2019 12:00,-14.41,-11.77,86.1,3.332,0.841,310.8,3.265,0.585,288.0,360.21,99.06273630486879
2019-09-03 13:00:00,9/3/2019 13:00,-15.67,-15.78,84.6,2.999,1.16,349.1,3.032,0.933,320.9,360.49,98.52940081929022
2019-09-03 14:00:00,9/3/2019 14:00,-16.27,-16.37,86.0,2.099,0.715,330.3,1.866,0.407,298.7,360.69,100.0
2019-09-03 15:00:00,9/3/2019 15:00,-15.54,-15.62,84.2,2.033,0.758,312.9,2.099,0.291,285.5,360.82,97.94052583421194
2019-09-03 16:00:00,9/3/2019 16:00,-15.6,-15.72,85.3,1.399,0.117,344.1,,,,360.85,99.27753556220385
2019-09-03 17:00:00,9/3/2019 17:00,-15.09,-15.14,86.5,1.433,0.18,235.0,,,,360.72,100.0
2019-09-03 18:00:00,9/3/2019 18:00,-15.36,-15.34,87.3,1.866,0.326,315.9,,,,360.52,100.0
2019-09-03 19:00:00,9/3/2019 19:00,-14.58,-14.64,85.3,2.399,0.97,240.8,2.066,0.07,185.4,360.26,98.30379641187292
2019-09-03 20:00:00,9/3/2019 20:00,-15.08,-15.07,86.1,1.733,0.303,354.1,,,,359.94,99.70653703407883
2019-09-03 21:00:00,9/3/2019 21:00,-14.98,-14.95,86.2,4.298,0.194,44.25,3.565,0.075,66.24,359.6,99.72591498447042
2019-09-03 22:00:00,9/3/2019 22:00,-14.93,-15.01,86.5,7.13,0.8,275.8,6.331,0.513,290.3,359.4,100.0
2019-09-03 23:00:00,9/3/2019 23:00,-14.91,-15.1,85.3,9.3,0.775,254.0,9.53,0.31,274.0,359.35,98.61794638999211
2019-09-04 00:00:00,9/4/2019 0:00,-16.75,-17.13,85.3,5.764,0.413,232.0,2.199,0.052,265.9,359.38,100.0
2019-09-04 01:00:00,9/4/2019 1:00,-15.91,-14.95,84.7,4.565,0.412,242.1,3.832,0.127,233.7,359.54,98.87465825409843
2019-09-04 02:00:00,9/4/2019 2:00,-14.8,-12.0,83.6,10.93,1.82,286.7,8.86,1.016,278.3,359.73,96.549802273328
2019-09-04 03:00:00,9/4/2019 3:00,-14.35,-9.04,87.0,12.13,2.358,316.9,9.96,1.503,303.0,360.02,100.0
2019-09-04 04:00:00,9/4/2019 4:00,-8.92,4.147,82.7,2.199,0.205,248.4,2.532,0.167,222.3,360.23,90.21376045219807
2019-09-04 05:00:00,9/4/2019 5:00,-9.51,1.717,86.3,6.031,0.908,322.4,5.964,0.656,241.0,360.32,94.68275930177647
2019-09-04 06:00:00,9/4/2019 6:00,-8.84,6.243,86.2,3.232,1.016,120.9,3.299,0.761,106.5,360.26,93.95858006203126
2019-09-04 07:00:00,9/4/2019 7:00,-10.1,3.424,88.4,4.198,1.065,98.2,3.299,0.304,72.4,360.17,97.54477597326904
2019-09-04 08:00:00,9/4/2019 8:00,-9.93,3.558,83.5,3.132,0.752,10.34,3.265,0.299,331.1,359.99,91.98572257208026
2019-09-04 09:00:00,9/4/2019 9:00,-13.24,-4.967,86.5,2.965,0.918,354.5,2.399,0.299,336.9,359.87,98.40202661606827
2019-09-04 10:00:00,9/4/2019 10:00,-12.46,-4.641,87.8,3.765,0.797,224.8,4.098,0.385,186.5,359.88,99.12855991617745
2019-09-04 11:00:00,9/4/2019 11:00,-12.78,-8.08,87.1,2.866,0.571,181.7,2.632,0.078,178.9,359.91,98.64383704856104
2019-09-04 12:00:00,9/4/2019 12:00,-14.16,-12.75,85.1,4.098,1.42,13.4,4.065,1.259,323.5,360.08,97.67564262622328
2019-09-04 13:00:00,9/4/2019 13:00,-17.32,-17.79,84.1,4.631,2.082,348.0,4.465,1.809,315.1,360.15,99.51764134248815
2019-09-04 14:00:00,9/4/2019 14:00,-17.16,-17.46,84.4,4.198,2.023,353.4,4.065,1.187,327.4,360.56,99.71890249660825
2019-09-04 15:00:00,9/4/2019 15:00,-16.78,-17.31,86.1,3.865,1.44,5.175,3.932,1.088,333.3,360.88,100.0
2019-09-04 16:00:00,9/4/2019 16:00,-16.26,-16.47,85.8,1.866,0.434,235.8,0.7,0.006,183.4,360.83,100.0
2019-09-04 17:00:00,9/4/2019 17:00,-15.89,-16.13,85.4,3.499,1.436,242.5,3.365,1.192,218.7,360.74,99.6725636563174
2019-09-04 18:00:00,9/4/2019 18:00,-16.15,-16.56,84.0,2.666,1.102,271.1,2.566,0.922,265.8,360.52,98.28484936127263
2019-09-04 19:00:00,9/4/2019 19:00,-16.94,-17.61,84.8,3.665,1.321,355.8,3.765,0.918,327.0,360.29,99.97942836011538
2019-09-04 20:00:00,9/4/2019 20:00,-16.69,-17.43,84.0,3.599,1.642,354.1,3.665,1.319,326.5,359.91,98.7979429497019
2019-09-04 21:00:00,9/4/2019 21:00,-17.41,-17.94,84.6,5.265,3.368,2.904,5.398,3.317,332.1,359.66,100.0
2019-09-04 22:00:00,9/4/2019 22:00,-17.84,-18.14,83.1,6.731,4.299,6.469,6.764,3.938,337.1,359.45,98.82755842654508
2019-09-04 23:00:00,9/4/2019 23:00,-18.49,-18.73,81.6,7.13,5.201,14.93,7.297,4.808,344.3,359.54,97.65180732220125
2019-09-05 00:00:00,9/5/2019 0:00,-18.09,-18.02,81.9,7.164,5.028,8.8,7.064,4.949,339.2,359.67,97.6348485019714
2019-09-05 01:00:00,9/5/2019 1:00,-16.97,-13.51,83.0,6.264,3.09,35.16,6.664,2.393,12.24,359.92,97.88550807830407
2019-09-05 02:00:00,9/5/2019 2:00,-16.11,-10.35,81.0,9.1,4.795,40.82,8.3,4.455,14.12,360.16,94.73811075253255
2019-09-05 03:00:00,9/5/2019 3:00,-15.56,-6.568,71.42,5.564,3.363,40.74,5.764,3.121,13.58,360.33,83.09101434209813
2019-09-05 04:00:00,9/5/2019 4:00,-14.7,-3.076,72.31,5.165,2.463,45.71,4.898,2.272,18.91,360.57,83.43025623626077
2019-09-05 05:00:00,9/5/2019 5:00,-14.24,-3.547,54.24,5.698,3.27,48.38,5.964,3.139,22.5,360.66,62.30351988219774
2019-09-05 06:00:00,9/5/2019 6:00,-13.45,-1.533,57.66,4.731,2.321,52.91,4.831,2.094,28.35,360.56,65.72734408912522
2019-09-05 07:00:00,9/5/2019 7:00,-13.9,-3.102,35.62,4.865,2.889,46.29,4.865,2.813,19.57,360.45,40.78099052414581
2019-09-05 08:00:00,9/5/2019 8:00,-12.83,1.75,38.83,2.832,0.944,86.4,2.899,0.465,40.53,360.23,43.997671786624835
2019-09-05 09:00:00,9/5/2019 9:00,-12.82,1.816,36.11,2.166,0.557,164.9,2.332,0.269,153.8,360.08,40.91171581551164
2019-09-05 10:00:00,9/5/2019 10:00,-13.64,-1.81,30.46,3.165,0.851,192.9,3.265,0.546,171.9,359.96,34.785680302157154
2019-09-05 11:00:00,9/5/2019 11:00,-13.67,-3.286,25.4,4.798,1.672,349.7,5.065,1.727,320.9,359.93,29.015528342993264
2019-09-05 12:00:00,9/5/2019 12:00,-16.38,-15.81,21.52,5.131,3.31,16.2,5.331,3.252,346.3,360.09,25.235561584576594
2019-09-05 13:00:00,9/5/2019 13:00,-15.99,-16.86,28.42,2.932,1.093,14.37,2.899,0.722,341.7,360.3,33.201747219128144
2019-09-05 14:00:00,9/5/2019 14:00,-15.85,-17.04,6.948,3.199,1.792,0.957,2.965,1.617,328.9,360.57,8.106061708819917
2019-09-05 15:00:00,9/5/2019 15:00,-15.46,-16.71,6.799,2.799,1.021,1.141,2.732,0.75,331.3,360.7,7.902415384281973
2019-09-05 16:00:00,9/5/2019 16:00,-15.03,-16.67,6.104,1.999,0.485,2.871,1.466,0.11,322.3,360.68,7.06521131138077
2019-09-05 17:00:00,9/5/2019 17:00,-15.77,-17.06,5.878,2.932,0.887,33.8,2.932,0.613,338.4,360.52,6.852425454223029
2019-09-05 18:00:00,9/5/2019 18:00,-15.89,-16.86,9.94,4.098,1.073,289.3,4.232,0.765,224.6,360.28,11.60123281901399
2019-09-05 19:00:00,9/5/2019 19:00,-15.7,-16.65,20.19,3.232,1.75,273.8,3.365,1.738,246.5,359.88,23.521097524100846
2019-09-05 20:00:00,9/5/2019 20:00,-16.79,-17.98,54.18,2.266,0.468,317.1,2.166,0.296,291.0,359.51,63.78611414089401
2019-09-05 21:00:00,9/5/2019 21:00,-16.94,-18.2,46.2,3.565,1.365,328.5,3.699,1.145,300.3,359.3,54.469924413176074
2019-09-05 22:00:00,9/5/2019 22:00,-16.8,-18.29,50.06,1.599,0.332,343.6,,,,359.24,58.94131746022745
2019-09-05 23:00:00,9/5/2019 23:00,-16.36,-17.67,12.46,3.932,0.927,310.1,3.998,0.612,272.8,359.33,14.608478608318233
2019-09-06 00:00:00,9/6/2019 0:00,-16.03,-17.31,7.207,3.898,1.53,326.2,3.765,1.217,299.6,359.47,8.422848911942708
2019-09-06 01:00:00,9/6/2019 1:00,-14.78,-11.72,22.93,3.499,0.825,339.1,3.399,0.555,308.9,359.59,26.476781531772186
2019-09-06 02:00:00,9/6/2019 2:00,-13.65,-7.625,31.05,4.665,0.968,358.7,4.765,0.797,311.9,359.81,35.46290119549316
2019-09-06 03:00:00,9/6/2019 3:00,-13.03,-3.374,48.63,1.999,0.406,208.7,2.066,0.119,189.2,360.02,55.20881894843712
2019-09-06 04:00:00,9/6/2019 4:00,-11.88,-0.335,68.81,3.332,0.563,99.4,3.265,0.308,76.44,360.12,77.25243408858178
2019-09-06 05:00:00,9/6/2019 5:00,-11.69,0.23,81.1,3.332,0.578,104.3,3.632,0.302,88.0,360.14,90.88257243642728
2019-09-06 06:00:00,9/6/2019 6:00,-11.48,0.81,84.3,3.065,0.642,135.2,2.832,0.381,105.0,360.1,94.2761812186138
2019-09-06 07:00:00,9/6/2019 7:00,-12.74,-0.35,85.4,3.632,0.989,227.7,4.032,0.814,202.5,359.99,96.68102834427178
2019-09-06 08:00:00,9/6/2019 8:00,-12.56,-1.062,82.7,4.532,1.345,221.8,4.831,1.152,196.4,359.73,93.46111255027174
2019-09-06 09:00:00,9/6/2019 9:00,-13.01,-4.594,85.9,6.764,2.57,204.9,6.864,2.566,177.0,359.57,97.50192095480966
2019-09-06 10:00:00,9/6/2019 10:00,-12.76,-5.863,86.6,6.631,1.86,213.4,7.164,1.706,188.7,359.55,98.05855503487783
2019-09-06 11:00:00,9/6/2019 11:00,-13.37,-10.13,86.3,6.131,2.88,211.4,6.264,2.731,185.0,359.66,98.29822924181434
2019-09-06 12:00:00,9/6/2019 12:00,-14.49,-12.75,84.6,3.732,0.949,285.5,3.965,0.781,240.2,359.79,97.41225481894254
2019-09-06 13:00:00,9/6/2019 13:00,-15.9,-16.02,84.1,2.965,0.732,286.2,2.899,0.472,282.1,359.96,98.16477325077726
2019-09-06 14:00:00,9/6/2019 14:00,-15.72,-15.95,86.7,3.765,0.962,350.7,3.832,0.771,311.6,360.25,100.0
2019-09-06 15:00:00,9/6/2019 15:00,-14.61,-14.71,84.7,4.065,0.352,49.14,3.065,0.143,359.8,360.37,97.64065114767864
2019-09-06 16:00:00,9/6/2019 16:00,-15.08,-15.17,86.7,2.099,0.359,32.05,1.866,0.067,333.8,360.28,100.0
2019-09-06 17:00:00,9/6/2019 17:00,-15.07,-15.11,83.9,3.232,0.519,16.76,3.365,0.196,64.91,360.09,97.14947842500774
2019-09-06 18:00:00,9/6/2019 18:00,-16.41,-16.66,85.1,3.699,1.127,271.5,3.965,0.709,225.7,359.85,99.82191606589024
2019-09-06 19:00:00,9/6/2019 19:00,-17.33,-17.88,85.2,2.366,0.765,293.3,2.399,0.066,261.2,359.59,100.0
2019-09-06 20:00:00,9/6/2019 20:00,-17.35,-17.96,82.0,2.666,0.597,337.9,2.499,0.285,321.9,359.32,97.06068515510516
2019-09-06 21:00:00,9/6/2019 21:00,-17.66,-18.3,84.3,2.532,0.945,297.0,2.399,0.314,300.2,359.06,100.0
2019-09-06 22:00:00,9/6/2019 22:00,-18.47,-19.26,76.6,2.632,1.281,344.4,2.632,0.862,316.9,359.08,91.65063328135783
2019-09-06 23:00:00,9/6/2019 23:00,-19.16,-19.85,64.26,3.132,1.66,330.8,3.032,1.177,302.8,359.13,77.39690709720504
2019-09-07 00:00:00,9/7/2019 0:00,-18.99,-19.75,66.08,3.065,1.464,319.5,3.132,0.618,303.3,359.32,79.45929096412796
2019-09-07 01:00:00,9/7/2019 1:00,-17.13,-14.18,65.29,2.099,0.521,350.3,1.533,0.068,295.9,359.57,77.11808662886347
2019-09-07 02:00:00,9/7/2019 2:00,-14.8,-8.16,64.7,2.532,0.667,95.1,2.399,0.197,63.04,359.83,74.72215558713305
2019-09-07 03:00:00,9/7/2019 3:00,-14.07,-5.365,73.03,4.532,1.078,86.0,4.298,0.809,63.42,360.02,83.74902585590816
2019-09-07 04:00:00,9/7/2019 4:00,-13.85,-3.854,64.43,4.865,1.272,65.62,4.865,0.946,39.82,360.34,73.72958262654157
2019-09-07 05:00:00,9/7/2019 5:00,-13.31,-1.219,62.8,2.932,1.049,69.34,3.065,0.675,49.97,360.35,71.48947526108884
2019-09-07 06:00:00,9/7/2019 6:00,-13.97,-2.268,65.55,4.198,1.399,195.1,4.498,1.348,171.1,360.3,75.09842380356861
2019-09-07 07:00:00,9/7/2019 7:00,-14.01,-4.244,84.5,4.565,2.24,209.4,4.965,2.349,181.7,360.23,96.84628744794182
2019-09-07 08:00:00,9/7/2019 8:00,-14.34,-8.64,78.1,6.031,2.951,235.2,6.231,3.045,207.3,360.04,89.7974726854205
2019-09-07 09:00:00,9/7/2019 9:00,-13.13,-2.084,84.4,4.798,1.761,199.8,5.131,1.623,178.2,359.85,95.91079605849751
2019-09-07 10:00:00,9/7/2019 10:00,-13.27,-6.835,84.0,3.965,0.952,227.0,4.232,0.785,198.5,359.83,95.5858159935938
2019-09-07 11:00:00,9/7/2019 11:00,-13.88,-10.91,86.4,6.731,2.111,204.2,7.164,1.896,184.9,359.97,98.89936765834365
2019-09-07 12:00:00,9/7/2019 12:00,-15.3,-14.01,83.0,6.431,4.403,238.9,6.631,4.55,212.2,360.19,96.32116435125914
2019-09-07 13:00:00,9/7/2019 13:00,-16.4,-16.11,85.2,5.065,2.366,284.0,5.365,2.198,250.5,360.55,99.92957927304931
2019-09-07 14:00:00,9/7/2019 14:00,-16.68,-17.29,82.9,2.566,0.65,309.9,2.432,0.157,274.7,360.89,97.4947634384357
2019-09-07 15:00:00,9/7/2019 15:00,-16.99,-17.51,83.2,2.899,0.916,261.9,2.965,0.709,232.5,361.04,98.14028227821773
2019-09-07 16:00:00,9/7/2019 16:00,-16.87,-17.13,83.4,2.566,1.255,267.4,2.666,0.507,234.5,360.97,98.26253513006185
2019-09-07 17:00:00,9/7/2019 17:00,-17.41,-17.78,80.9,2.832,1.615,307.9,2.799,1.028,282.6,360.75,95.81397198366912
2019-09-07 18:00:00,9/7/2019 18:00,-17.35,-18.0,84.1,2.432,0.571,290.5,2.232,0.048,277.9,360.61,99.54638562858955
2019-09-07 19:00:00,9/7/2019 19:00,-17.53,-18.34,83.5,4.465,1.209,251.6,4.665,1.191,226.8,360.47,99.00755995168849
2019-09-07 20:00:00,9/7/2019 20:00,-17.8,-17.73,79.69,8.3,5.745,247.8,9.16,6.059,221.7,360.16,94.7357276926492
2019-09-07 21:00:00,9/7/2019 21:00,-18.18,-18.06,74.63,8.2,6.251,233.5,9.0,6.739,207.6,359.98,89.04511068037795
2019-09-07 22:00:00,9/7/2019 22:00,-17.61,-17.67,73.54,7.264,4.957,255.2,7.83,4.912,228.6,359.89,87.26494445060881
2019-09-07 23:00:00,9/7/2019 23:00,-17.93,-17.83,65.04,6.464,4.293,269.0,6.897,4.39,243.2,360.01,77.41648393383127
2019-09-08 00:00:00,9/8/2019 0:00,-18.03,-17.87,46.73,4.565,2.657,274.8,4.631,2.626,248.5,360.05,55.67577154082718
2019-09-08 01:00:00,9/8/2019 1:00,-17.82,-15.78,56.22,5.531,2.917,258.2,5.698,2.958,232.5,360.28,66.84737354237663
2019-09-08 02:00:00,9/8/2019 2:00,-17.38,-14.19,64.13,6.864,4.46,238.0,7.064,4.72,211.7,360.64,75.93048168625123
2019-09-08 03:00:00,9/8/2019 3:00,-15.95,-9.99,51.75,5.864,2.366,259.0,5.964,2.344,231.2,360.75,60.433755730183165
2019-09-08 04:00:00,9/8/2019 4:00,-15.14,-5.886,56.22,3.399,1.475,217.6,3.765,1.226,191.0,360.81,65.1423050748702
2019-09-08 05:00:00,9/8/2019 5:00,-15.29,-7.204,52.57,3.898,2.24,213.0,4.198,2.087,185.9,360.77,61.00137916043966
2019-09-08 06:00:00,9/8/2019 6:00,-15.39,-7.27,36.11,4.731,2.494,219.1,5.098,2.417,192.0,360.73,41.94195601756
2019-09-08 07:00:00,9/8/2019 7:00,-15.5,-7.395,55.66,5.398,2.811,218.4,6.064,2.864,190.8,360.52,64.71810374595007
2019-09-08 08:00:00,9/8/2019 8:00,-14.66,-5.25,45.08,4.898,1.995,217.0,5.198,1.925,190.2,360.4,51.99255352609939
2019-09-08 09:00:00,9/8/2019 9:00,-14.53,-6.896,65.28,5.231,2.69,229.6,5.631,2.783,202.0,360.23,75.19542123666722
2019-09-08 10:00:00,9/8/2019 10:00,-14.56,-8.0,76.89,6.231,3.141,227.4,6.697,3.223,199.3,360.11,88.59457283931118
2019-09-08 11:00:00,9/8/2019 11:00,-14.83,-9.59,32.69,6.697,3.586,249.1,7.064,3.707,222.7,360.19,37.76469558010751
2019-09-08 12:00:00,9/8/2019 12:00,-15.33,-13.17,42.48,6.731,1.381,284.0,7.064,1.196,249.2,360.29,49.312156914788524
2019-09-08 13:00:00,9/8/2019 13:00,-16.3,-17.22,41.69,2.466,0.368,345.3,2.632,0.138,316.6,360.5,48.85033470581695
2019-09-08 14:00:00,9/8/2019 14:00,-16.28,-17.43,37.59,5.931,1.063,314.9,5.931,0.903,279.3,360.73,44.03765679706621
2019-09-08 15:00:00,9/8/2019 15:00,-16.87,-18.09,44.02,3.065,0.997,326.5,2.999,0.704,309.9,360.91,51.86470978927245
2019-09-08 16:00:00,9/8/2019 16:00,-16.04,-17.16,35.89,3.299,1.624,302.1,3.499,1.258,277.5,360.94,41.94882984412995
2019-09-08 17:00:00,9/8/2019 17:00,-16.19,-17.16,53.02,3.499,1.241,282.9,3.632,0.954,242.0,360.77,62.060403030910834
2019-09-08 18:00:00,9/8/2019 18:00,-16.53,-17.22,58.79,4.432,2.719,276.7,4.532,2.591,247.3,360.69,69.04023737475944
2019-09-08 19:00:00,9/8/2019 19:00,-16.86,-17.95,59.21,3.465,1.688,307.9,3.199,0.853,250.0,360.29,69.7549660239587
2019-09-08 20:00:00,9/8/2019 20:00,-16.97,-18.1,57.64,3.499,1.09,275.1,,,,360.07,67.9773576582343
2019-09-08 21:00:00,9/8/2019 21:00,-17.22,-17.94,62.06,4.631,2.939,272.5,4.798,1.956,244.0,359.81,73.36648731785913
2019-09-08 22:00:00,9/8/2019 22:00,-17.34,-18.12,58.85,5.031,2.535,291.7,5.165,2.396,264.5,359.72,69.65209136118318
2019-09-08 23:00:00,9/8/2019 23:00,-17.4,-18.23,73.31,6.597,3.143,259.2,6.931,3.244,231.0,359.72,86.8163934750491
2019-09-09 00:00:00,9/9/2019 0:00,-17.02,-17.44,61.19,5.431,4.038,274.2,5.598,4.065,248.1,359.83,72.1987915044057
2019-09-09 01:00:00,9/9/2019 1:00,-15.94,-13.18,46.3,4.831,1.586,297.4,4.731,1.527,261.8,360.05,54.06401704876701
2019-09-09 02:00:00,9/9/2019 2:00,-12.66,-3.733,34.82,0.933,0.092,19.52,0.6,0.016,343.0,360.29,39.38903211929749
2019-09-09 03:00:00,9/9/2019 3:00,-13.18,-3.819,45.05,2.099,0.613,220.0,2.166,0.351,202.6,360.51,51.21890096631984
2019-09-09 04:00:00,9/9/2019 4:00,-12.74,-1.981,48.86,2.732,0.406,173.9,2.965,0.121,53.97,360.6,55.31422769205057
2019-09-09 05:00:00,9/9/2019 5:00,-12.87,-1.231,33.49,2.099,0.408,173.6,1.933,0.071,116.0,360.52,37.96171686786082
2019-09-09 06:00:00,9/9/2019 6:00,-13.59,-3.851,44.61,2.932,1.289,213.8,3.232,1.274,188.7,360.46,50.92048607325219
2019-09-09 07:00:00,9/9/2019 7:00,-14.43,-4.958,66.36,3.898,1.614,219.0,4.132,1.621,191.5,360.22,76.3655643512456
2019-09-09 08:00:00,9/9/2019 8:00,-14.55,-5.322,77.63,6.364,1.607,222.5,6.631,1.502,196.9,360.06,89.43856903192301
2019-09-09 09:00:00,9/9/2019 9:00,-14.95,-6.777,54.21,6.531,2.671,216.7,6.997,2.773,189.3,359.91,62.69808024203152
2019-09-09 10:00:00,9/9/2019 10:00,-15.07,-8.77,80.7,5.998,3.284,220.8,6.231,3.409,193.7,359.77,93.4441347902041
2019-09-09 11:00:00,9/9/2019 11:00,-15.17,-10.23,77.58,5.564,3.196,239.6,5.698,3.391,212.2,359.85,89.91827092589062
2019-09-09 12:00:00,9/9/2019 12:00,-15.69,-14.18,63.5,4.465,1.216,282.7,4.598,0.945,245.6,359.95,73.96956442228914
2019-09-09 13:00:00,9/9/2019 13:00,-16.39,-17.24,57.85,2.866,0.813,308.3,2.866,0.44,301.7,360.16,67.84470355235159
2019-09-09 14:00:00,9/9/2019 14:00,-15.94,-16.95,56.09,4.065,0.906,273.5,4.065,0.694,253.4,360.57,65.49569581566614
2019-09-09 15:00:00,9/9/2019 15:00,-17.02,-18.2,66.32,3.699,1.428,3.58,3.732,1.256,332.8,360.75,78.25173807112577
2019-09-09 16:00:00,9/9/2019 16:00,-16.34,-17.22,50.94,2.666,1.466,242.6,2.899,1.427,219.8,360.68,59.712069624458984
2019-09-09 17:00:00,9/9/2019 17:00,-16.4,-17.31,64.11,2.899,1.377,295.6,2.799,1.059,276.0,360.57,75.19348975581211
2019-09-09 18:00:00,9/9/2019 18:00,-16.51,-17.61,70.57,2.766,0.885,282.8,2.932,0.704,252.3,360.37,82.85814281947259
2019-09-09 19:00:00,9/9/2019 19:00,-17.68,-18.76,56.38,3.965,2.735,355.9,3.932,2.683,323.6,359.95,66.94740395709591
2019-09-09 20:00:00,9/9/2019 20:00,-17.34,-18.63,53.95,3.565,1.654,355.8,3.665,1.345,320.7,359.73,63.852681885060875
2019-09-09 21:00:00,9/9/2019 21:00,-17.1,-18.52,51.05,4.298,1.323,3.979,4.332,1.274,330.8,359.53,60.28091702713558
2019-09-09 22:00:00,9/9/2019 22:00,-17.45,-18.71,56.2,2.432,1.126,9.79,2.466,0.759,340.4,359.45,66.58613966273555
2019-09-09 23:00:00,9/9/2019 23:00,-17.1,-18.54,52.32,2.632,0.433,348.3,,,,359.54,61.78055982095463
2019-09-10 00:00:00,9/10/2019 0:00,-16.98,-18.62,44.18,2.399,0.296,267.5,2.532,0.012,220.1,359.59,52.10841384762848
2019-09-10 01:00:00,9/10/2019 1:00,-16.1,-14.78,50.59,5.864,3.155,249.7,6.098,3.297,223.9,359.67,59.16467473843372
2019-09-10 02:00:00,9/10/2019 2:00,-15.92,-13.06,49.92,4.998,3.74,245.2,5.265,3.949,219.3,359.95,58.27980288581698
2019-09-10 03:00:00,9/10/2019 3:00,-15.04,-10.89,45.19,4.998,3.696,241.3,5.231,3.847,214.2,360.29,52.311231399600715
2019-09-10 04:00:00,9/10/2019 4:00,-14.39,-8.88,49.1,4.965,2.815,235.8,5.498,2.961,208.2,360.51,56.48129404292919
2019-09-10 05:00:00,9/10/2019 5:00,-14.02,-8.64,56.57,6.531,4.023,226.4,6.997,4.312,199.0,360.5,64.84171317433811
2019-09-10 06:00:00,9/10/2019 6:00,-14.0,-8.41,51.66,5.798,3.946,226.1,6.397,4.229,198.5,360.42,59.20230761320436
2019-09-10 07:00:00,9/10/2019 7:00,-13.95,-7.952,61.89,6.497,3.806,225.1,7.13,4.066,197.3,360.34,70.8915601307711
2019-09-10 08:00:00,9/10/2019 8:00,-14.18,-7.02,72.27,5.231,2.379,219.3,5.564,2.308,192.7,360.15,82.96574583308004
2019-09-10 09:00:00,9/10/2019 9:00,-14.25,-7.446,65.14,4.365,2.232,225.1,4.631,2.203,198.7,360.1,74.83119436526552
2019-09-10 10:00:00,9/10/2019 10:00,-14.39,-9.2,75.81,4.831,1.744,244.9,5.198,1.371,223.3,360.02,87.20665786954098
2019-09-10 11:00:00,9/10/2019 11:00,-14.43,-9.78,75.32,7.097,2.954,227.0,7.464,3.018,203.2,360.05,86.67652662651925
2019-09-10 12:00:00,9/10/2019 12:00,-15.51,-13.88,83.4,5.431,4.027,242.5,5.831,4.284,216.2,360.22,96.98187426841297
2019-09-10 13:00:00,9/10/2019 13:00,-15.65,-15.82,84.8,4.765,1.206,291.0,4.965,0.941,240.5,360.44,98.74326218464391
2019-09-10 14:00:00,9/10/2019 14:00,-16.26,-16.63,84.3,2.732,1.151,346.4,,,,360.81,98.740580643777
2019-09-10 15:00:00,9/10/2019 15:00,-16.31,-16.86,90.8,2.599,1.153,334.7,,,,361.07,100.0
2019-09-10 16:00:00,9/10/2019 16:00,-15.88,-16.09,86.1,3.265,1.072,348.2,2.799,0.094,354.5,361.07,100.0
2019-09-10 17:00:00,9/10/2019 17:00,-15.96,-16.18,85.6,5.098,1.997,13.18,4.931,1.407,345.1,360.94,99.9735019221588
2019-09-10 18:00:00,9/10/2019 18:00,-16.5,-17.34,85.4,2.499,0.916,335.7,2.399,0.555,318.6,360.74,100.0
2019-09-10 19:00:00,9/10/2019 19:00,-16.83,-17.87,84.9,2.566,1.228,348.7,2.666,0.641,321.3,360.47,99.9913025278629
2019-09-10 20:00:00,9/10/2019 20:00,-16.75,-17.7,84.5,3.165,1.786,2.543,3.232,0.942,327.7,360.2,99.44351148254856
2019-09-10 21:00:00,9/10/2019 21:00,-16.2,-17.04,85.7,2.732,0.924,338.1,2.866,0.362,321.5,360.0,100.0
2019-09-10 22:00:00,9/10/2019 22:00,-16.45,-17.32,85.3,2.932,1.338,353.7,,,,359.89,100.0
2019-09-10 23:00:00,9/10/2019 23:00,-16.6,-17.43,85.6,3.798,1.081,322.5,4.132,0.165,198.2,359.95,100.0
2019-09-11 00:00:00,9/11/2019 0:00,-16.42,-17.0,85.3,3.032,1.094,220.6,3.265,0.606,209.2,360.16,100.0
2019-09-11 01:00:00,9/11/2019 1:00,-16.5,-15.74,84.6,4.032,1.611,54.35,3.898,0.935,324.5,360.37,99.32156867407461
2019-09-11 02:00:00,9/11/2019 2:00,-15.39,-11.15,84.4,2.666,1.12,230.1,2.466,0.058,358.7,360.83,98.03104646585612
2019-09-11 03:00:00,9/11/2019 3:00,-14.81,-7.874,79.66,4.865,2.287,220.4,5.165,2.133,195.5,361.14,92.00838324684922
2019-09-11 04:00:00,9/11/2019 4:00,-14.96,-9.83,61.79,7.73,3.892,230.3,8.03,4.003,202.0,361.31,71.47184739459311
2019-09-11 05:00:00,9/11/2019 5:00,-14.71,-9.43,73.34,8.66,4.355,235.6,9.3,4.561,207.6,361.32,84.62683793798664
2019-09-11 06:00:00,9/11/2019 6:00,-14.89,-9.49,65.77,6.897,4.997,218.2,7.364,5.194,190.4,361.22,76.02401555890297
2019-09-11 07:00:00,9/11/2019 7:00,-13.95,-6.312,58.91,5.498,3.305,219.5,5.964,3.351,191.3,361.21,67.47813551953021
2019-09-11 08:00:00,9/11/2019 8:00,-13.42,-4.153,82.0,5.231,2.553,207.7,5.531,2.471,181.2,361.04,93.44565166860477
2019-09-11 09:00:00,9/11/2019 9:00,-13.69,-4.449,87.6,4.465,2.402,209.0,4.665,2.424,181.6,360.87,100.0
2019-09-11 10:00:00,9/11/2019 10:00,-13.26,-5.333,88.6,4.298,1.544,199.5,4.631,0.985,171.9,360.84,100.0
2019-09-11 11:00:00,9/11/2019 11:00,-12.55,-4.462,85.6,2.999,0.769,176.5,2.832,0.259,155.5,360.85,96.72908693356766
2019-09-11 12:00:00,9/11/2019 12:00,-13.79,-9.82,86.1,8.43,2.227,205.3,8.9,2.132,180.2,360.82,98.47013277366446
2019-09-11 13:00:00,9/11/2019 13:00,-14.96,-14.79,87.4,9.96,4.473,216.8,10.73,4.515,189.7,361.07,100.0
2019-09-11 14:00:00,9/11/2019 14:00,-14.44,-14.36,86.7,4.165,1.162,216.4,4.598,0.584,186.8,361.44,99.78202071632103
2019-09-11 15:00:00,9/11/2019 15:00,-15.06,-15.24,86.8,2.366,0.536,10.71,0.233,0.001,246.8,361.68,100.0
2019-09-11 16:00:00,9/11/2019 16:00,-15.12,-15.3,86.1,3.832,0.705,210.7,3.932,0.251,189.3,361.67,99.74508430051874
2019-09-11 17:00:00,9/11/2019 17:00,-15.31,-15.31,85.2,3.432,1.388,247.5,3.532,0.209,199.5,361.54,98.88380739267853
2019-09-11 18:00:00,9/11/2019 18:00,-16.35,-16.45,84.9,2.266,0.655,277.1,,,,361.37,99.52971389434065
2019-09-11 19:00:00,9/11/2019 19:00,-16.62,-16.4,85.4,3.365,2.247,250.0,,,,361.05,100.0
2019-09-11 20:00:00,9/11/2019 20:00,-16.67,-16.85,84.2,2.932,0.46,284.4,,,,360.76,99.01408833077922
2019-09-11 21:00:00,9/11/2019 21:00,-17.92,-17.52,83.5,1.699,0.491,247.7,,,,,99.37968730564363
2019-09-11 22:00:00,9/11/2019 22:00,-17.03,-17.9,84.4,2.166,1.012,356.9,,,,360.5,99.59413246551166
2019-09-11 23:00:00,9/11/2019 23:00,-16.8,-17.9,82.7,2.332,0.631,344.0,,,,360.6,97.37209256813445
2019-09-12 00:00:00,9/12/2019 0:00,-17.28,-17.84,85.1,3.165,0.872,295.2,3.032,0.453,194.1,360.64,100.0
2019-09-12 01:00:00,9/12/2019 1:00,-15.51,-13.68,83.8,4.132,1.28,177.4,3.965,0.371,115.9,360.83,97.44701515219431
2019-09-12 02:00:00,9/12/2019 2:00,-15.06,-10.4,87.0,5.798,1.768,351.8,5.931,1.405,325.3,361.13,100.0
2019-09-12 03:00:00,9/12/2019 3:00,-15.01,-9.26,86.1,6.264,3.035,222.2,6.964,3.061,193.4,361.38,99.63910945426983
2019-09-12 04:00:00,9/12/2019 4:00,-13.93,-6.63,81.8,7.997,3.226,222.1,7.697,3.057,193.0,361.38,93.67922263589469
2019-09-12 05:00:00,9/12/2019 5:00,-15.27,-10.62,81.2,10.3,6.932,211.6,11.1,7.053,185.0,361.36,94.20496557727216
2019-09-12 06:00:00,9/12/2019 6:00,-13.51,-2.597,85.0,6.064,2.045,186.7,6.464,1.892,160.6,361.28,96.94887152427393
2019-09-12 07:00:00,9/12/2019 7:00,-13.88,-3.434,83.6,6.764,2.962,213.8,7.364,3.022,186.3,361.12,95.69429555830472
2019-09-12 08:00:00,9/12/2019 8:00,-13.99,-4.083,80.0,5.798,2.749,224.8,5.898,2.729,196.3,360.94,91.6710456345642
2019-09-12 09:00:00,9/12/2019 9:00,-14.4,-6.967,62.67,6.831,4.233,216.8,7.33,4.405,189.2,360.67,72.09827138652541
2019-09-12 10:00:00,9/12/2019 10:00,-14.82,-9.08,63.62,6.297,4.191,214.3,6.797,4.34,186.4,360.58,73.4890693470147
2019-09-12 11:00:00,9/12/2019 11:00,-14.97,-10.61,73.18,8.06,5.003,222.7,8.6,5.24,195.4,360.66,84.65472313663226
2019-09-12 12:00:00,9/12/2019 12:00,-15.68,-14.35,82.9,9.16,5.81,223.9,9.56,6.138,196.9,360.7,96.55881743159814
2019-09-12 13:00:00,9/12/2019 13:00,-15.99,-16.21,60.58,8.66,6.446,246.3,9.16,6.734,219.8,360.83,70.77276025808524
2019-09-12 14:00:00,9/12/2019 14:00,-15.68,-15.99,66.44,9.5,6.711,246.7,9.93,7.047,220.2,361.18,77.38682545422654
2019-09-12 15:00:00,9/12/2019 15:00,-16.42,-16.77,84.3,7.164,4.218,247.1,7.53,4.264,220.1,361.42,98.89305497832135
2019-09-12 16:00:00,9/12/2019 16:00,-16.44,-16.71,85.9,5.798,3.197,241.7,6.297,3.334,217.7,361.52,100.0
2019-09-12 17:00:00,9/12/2019 17:00,-16.85,-17.21,85.0,4.998,1.824,241.0,5.331,1.199,229.2,361.27,100.0
2019-09-12 18:00:00,9/12/2019 18:00,-17.24,-17.77,84.6,4.765,1.496,242.6,5.165,1.159,231.2,361.12,100.0
2019-09-12 19:00:00,9/12/2019 19:00,-17.13,-17.75,70.5,6.497,2.324,241.2,6.997,1.976,212.6,360.72,83.27194221680003
2019-09-12 20:00:00,9/12/2019 20:00,-16.34,-17.12,53.7,6.597,4.606,225.3,6.964,4.858,199.0,360.49,62.94735254875241
2019-09-12 21:00:00,9/12/2019 21:00,-16.16,-16.86,66.17,6.864,3.145,227.1,7.43,3.206,201.2,360.36,77.43018920761543
2019-09-12 22:00:00,9/12/2019 22:00,-17.11,-18.01,79.66,3.099,0.763,164.4,3.132,0.147,135.2,360.19,94.07326801002253
2019-09-12 23:00:00,9/12/2019 23:00,-17.16,-18.53,77.67,2.732,0.472,336.0,2.632,0.214,311.1,360.28,91.76738337572942
2019-09-13 00:00:00,9/13/2019 0:00,-17.95,-18.75,89.9,6.297,1.966,316.3,6.664,1.341,294.8,360.39,100.0
2019-09-13 01:00:00,9/13/2019 1:00,-17.04,-15.89,85.1,7.83,4.731,251.7,7.997,4.799,225.8,360.58,100.0
2019-09-13 02:00:00,9/13/2019 2:00,-16.59,-13.38,84.4,9.66,4.961,226.1,9.96,5.128,199.0,360.9,99.17277365824654
2019-09-13 03:00:00,9/13/2019 3:00,-15.7,-9.66,84.8,7.43,3.5,225.8,7.43,3.412,198.9,361.2,98.79093957621355
2019-09-13 04:00:00,9/13/2019 4:00,-14.51,-6.644,84.6,6.764,3.203,202.2,6.964,3.01,177.0,361.3,97.43110010050276
2019-09-13 05:00:00,9/13/2019 5:00,-14.76,-7.542,84.6,9.66,4.267,216.0,10.06,4.319,188.2,361.3,97.66692709612501
2019-09-13 06:00:00,9/13/2019 6:00,-14.89,-9.84,85.0,8.7,5.209,229.5,9.3,5.463,202.0,361.18,98.25211072687782
2019-09-13 07:00:00,9/13/2019 7:00,-14.61,-9.18,83.8,8.3,5.026,232.0,8.76,5.301,204.4,361.01,96.60314718034792
2019-09-13 08:00:00,9/13/2019 8:00,-14.06,-7.007,84.9,6.564,4.041,216.6,7.097,4.114,189.2,360.78,97.35183065403103
2019-09-13 09:00:00,9/13/2019 9:00,-13.48,-5.26,85.3,7.697,3.051,222.4,8.26,2.885,194.2,360.5,97.26277869747642
2019-09-13 10:00:00,9/13/2019 10:00,-13.72,-8.65,86.1,9.66,4.561,213.4,10.26,4.564,186.0,360.44,98.40341719067874
2019-09-13 11:00:00,9/13/2019 11:00,-13.33,-9.76,86.1,6.931,2.933,217.3,7.097,2.788,189.8,360.53,98.0324290218439
2019-09-13 12:00:00,9/13/2019 12:00,-14.1,-13.13,86.3,5.464,2.255,227.2,5.864,2.106,197.5,360.61,98.99547619835216
2019-09-13 13:00:00,9/13/2019 13:00,-15.62,-15.53,84.0,4.365,1.029,254.0,4.565,0.92,221.1,360.84,97.78339451325296
2019-09-13 14:00:00,9/13/2019 14:00,-17.58,-17.53,84.7,3.532,0.66,277.5,3.599,0.534,262.4,361.13,100.0
2019-09-13 15:00:00,9/13/2019 15:00,-17.4,-18.0,83.1,1.733,0.583,335.4,1.566,0.294,305.1,361.35,98.41007090133105
2019-09-13 16:00:00,9/13/2019 16:00,-17.51,-18.15,77.37,2.066,0.379,333.4,2.199,0.198,303.1,361.21,91.72144615151693
2019-09-13 17:00:00,9/13/2019 17:00,-18.25,-18.66,82.4,2.466,0.934,326.9,1.833,0.016,288.4,361.1,98.38207946702923
2019-09-13 18:00:00,9/13/2019 18:00,-18.02,-18.45,71.6,1.966,0.623,334.7,,,,360.87,85.29856673601593
2019-09-13 19:00:00,9/13/2019 19:00,-17.86,-18.27,69.31,2.332,0.879,308.1,,,,360.51,82.44350993963138
2019-09-13 20:00:00,9/13/2019 20:00,-17.48,-17.95,69.4,3.365,0.963,307.6,2.932,0.389,274.5,360.36,82.24933272265133
2019-09-13 21:00:00,9/13/2019 21:00,-18.47,-18.37,79.78,2.899,1.793,294.9,2.866,1.674,266.4,360.13,95.45545069434371
2019-09-13 22:00:00,9/13/2019 22:00,-18.03,-17.76,77.03,5.831,3.196,274.8,6.131,3.264,248.4,360.08,91.77626111255977
2019-09-13 23:00:00,9/13/2019 23:00,-18.69,-19.19,77.06,2.999,1.457,335.0,2.965,0.75,297.0,360.1,92.39600717106329
2019-09-14 00:00:00,9/14/2019 0:00,-17.93,-17.92,80.8,4.232,2.53,269.9,4.265,1.416,243.8,360.34,96.17545974559604
2019-09-14 01:00:00,9/14/2019 1:00,-16.83,-15.1,73.66,4.198,2.439,275.3,4.298,2.414,247.5,360.59,86.75334916610578
2019-09-14 02:00:00,9/14/2019 2:00,-13.93,-8.08,81.4,3.365,0.412,281.6,3.432,0.319,245.0,360.85,93.22113352765072
2019-09-14 03:00:00,9/14/2019 3:00,-11.73,-1.948,73.04,1.899,0.177,125.1,1.733,0.102,100.6,361.06,81.88213102940907
2019-09-14 04:00:00,9/14/2019 4:00,-11.04,0.393,70.41,1.299,0.138,131.0,1.633,0.161,107.4,361.21,78.40668736107494
2019-09-14 05:00:00,9/14/2019 5:00,-11.47,0.32,62.84,2.066,0.447,205.7,2.532,0.366,177.1,361.21,70.26975184915702
2019-09-14 06:00:00,9/14/2019 6:00,-12.73,-0.976,80.3,3.365,0.814,213.8,3.632,0.832,184.4,361.13,90.89852405301365
2019-09-14 07:00:00,9/14/2019 7:00,-12.82,-0.412,77.77,4.665,1.389,213.1,4.865,1.409,186.8,360.91,88.11144112357631
2019-09-14 08:00:00,9/14/2019 8:00,-13.81,-3.981,81.0,4.798,2.317,223.6,5.198,2.392,196.1,360.7,92.65534636922145
2019-09-14 09:00:00,9/14/2019 9:00,-13.66,-4.048,86.3,5.631,1.656,226.1,6.164,1.606,199.9,360.55,98.57470997460358
2019-09-14 10:00:00,9/14/2019 10:00,-14.78,-7.06,79.66,5.864,2.312,245.2,6.331,2.322,218.7,360.51,91.98170156218806
2019-09-14 11:00:00,9/14/2019 11:00,-15.39,-9.14,80.1,5.031,2.594,253.9,5.398,2.562,227.5,360.64,93.03657371937291
2019-09-14 12:00:00,9/14/2019 12:00,-15.83,-13.84,68.5,5.231,2.434,262.1,5.564,2.404,234.2,360.74,79.90184947209487
2019-09-14 13:00:00,9/14/2019 13:00,-16.73,-17.06,71.63,2.466,0.793,289.1,2.499,0.564,258.2,360.9,84.2812538325846
2019-09-14 14:00:00,9/14/2019 14:00,-17.01,-17.94,71.92,2.066,0.516,322.1,2.166,0.375,296.0,361.17,84.85106968461459
2019-09-14 15:00:00,9/14/2019 15:00,-17.23,-18.08,66.01,2.332,0.913,317.3,2.399,0.527,268.1,361.41,78.0436375938335
2019-09-14 16:00:00,9/14/2019 16:00,-18.01,-18.99,70.04,2.699,1.06,339.8,2.732,0.798,311.0,361.45,83.4320849289508
2019-09-14 17:00:00,9/14/2019 17:00,-17.6,-18.53,70.53,2.199,0.737,276.5,2.199,0.23,231.0,361.21,83.68512882993585
2019-09-14 18:00:00,9/14/2019 18:00,-17.2,-17.65,48.53,4.298,2.287,283.5,4.398,2.063,257.1,360.94,57.36045824213158
2019-09-14 19:00:00,9/14/2019 19:00,-17.54,-18.11,51.45,4.032,1.855,296.1,4.065,1.664,269.7,360.54,61.01112771701739
2019-09-14 20:00:00,9/14/2019 20:00,-17.99,-18.66,52.91,3.232,1.589,303.8,3.199,1.537,276.1,360.18,63.01460429249919
2019-09-14 21:00:00,9/14/2019 21:00,-18.02,-19.11,47.75,3.898,1.112,313.2,3.932,1.004,272.9,359.93,56.885566503418445
2019-09-14 22:00:00,9/14/2019 22:00,-17.71,-18.49,45.73,4.265,1.668,297.3,4.365,1.529,270.7,359.89,54.31692886150134
2019-09-14 23:00:00,9/14/2019 23:00,-18.41,-19.35,44.45,4.098,1.359,326.3,4.165,1.041,292.1,359.91,53.15304711856329
2019-09-15 00:00:00,9/15/2019 0:00,-17.06,-17.82,45.84,4.565,2.103,281.4,4.731,1.973,253.8,360.06,54.107990438856945
2019-09-15 01:00:00,9/15/2019 1:00,-17.08,-16.03,46.37,5.898,4.494,259.7,6.231,4.616,233.6,360.31,54.74412860832191
2019-09-15 02:00:00,9/15/2019 2:00,-16.62,-13.73,50.44,6.231,3.888,253.0,6.631,3.984,226.7,360.47,59.28579933658963
2019-09-15 03:00:00,9/15/2019 3:00,-15.58,-9.28,45.38,5.131,2.102,260.8,5.265,1.957,231.8,360.68,52.80591577103247
2019-09-15 04:00:00,9/15/2019 4:00,-14.86,-7.995,57.43,4.665,2.053,243.5,5.031,2.0,216.5,360.83,66.36450120502481
2019-09-15 05:00:00,9/15/2019 5:00,-15.32,-9.79,61.45,6.497,3.963,239.5,6.831,4.149,211.6,360.77,71.32625561437182
2019-09-15 06:00:00,9/15/2019 6:00,-15.12,-8.84,85.9,7.164,3.454,237.3,7.53,3.618,209.7,360.66,99.51338840202742
2019-09-15 07:00:00,9/15/2019 7:00,-15.03,-8.38,58.32,7.73,3.947,236.1,7.997,4.124,208.5,360.42,67.50378828304824
2019-09-15 08:00:00,9/15/2019 8:00,-14.36,-5.805,74.47,6.597,3.06,231.2,6.797,3.168,204.2,360.19,85.64035562821965
2019-09-15 09:00:00,9/15/2019 9:00,-14.69,-7.815,85.4,6.564,3.355,233.1,7.13,3.495,205.6,360.01,98.52378630710702
2019-09-15 10:00:00,9/15/2019 10:00,-14.62,-9.42,85.3,6.897,3.705,226.6,7.197,3.832,199.8,359.94,98.34183003406329
2019-09-15 11:00:00,9/15/2019 11:00,-14.91,-13.21,84.6,7.43,3.19,213.0,7.797,3.069,190.4,359.96,97.80865491903086
2019-09-15 12:00:00,9/15/2019 12:00,-15.83,-14.42,84.2,7.031,2.787,239.0,7.264,2.647,212.0,360.04,98.21512008102756
2019-09-15 13:00:00,9/15/2019 13:00,-18.13,-18.29,84.3,3.432,0.796,306.6,3.365,0.212,271.9,360.3,100.0
2019-09-15 14:00:00,9/15/2019 14:00,-17.17,-17.58,84.5,6.098,2.747,280.1,5.498,1.477,247.6,360.62,99.84666715910656
2019-09-15 15:00:00,9/15/2019 15:00,-17.67,-17.83,72.9,6.331,3.226,271.8,6.464,2.409,245.6,360.81,86.55544977337055
2019-09-15 16:00:00,9/15/2019 16:00,-17.97,-18.19,67.01,8.3,5.803,258.7,8.36,5.917,232.3,360.5,79.79203828198783
2019-09-15 17:00:00,9/15/2019 17:00,-18.03,-18.27,57.91,9.26,6.662,247.8,9.7,6.949,221.6,360.28,68.99601818808692
2019-09-15 18:00:00,9/15/2019 18:00,-17.77,-18.17,58.61,8.33,4.599,273.8,8.63,4.616,247.4,360.18,69.65565430922287
2019-09-15 19:00:00,9/15/2019 19:00,-17.75,-18.12,65.51,9.66,5.812,265.9,10.0,5.91,239.9,359.8,77.84105394778076
2019-09-15 20:00:00,9/15/2019 20:00,-17.71,-18.06,57.07,10.9,6.681,245.5,11.8,6.993,219.5,359.28,67.78629193365147
2019-09-15 21:00:00,9/15/2019 21:00,-17.41,-17.79,52.69,11.86,7.423,253.3,12.33,7.647,227.0,359.27,62.40343861334395
2019-09-15 22:00:00,9/15/2019 22:00,-17.03,-17.42,53.11,11.03,7.621,245.1,11.46,7.926,218.2,359.09,62.67114188676924
2019-09-15 23:00:00,9/15/2019 23:00,-17.11,-17.78,42.89,10.03,2.689,264.2,10.53,2.575,234.8,359.17,50.65029456376935
2019-09-16 00:00:00,9/16/2019 0:00,-17.67,-18.4,57.81,8.06,2.319,271.9,8.33,2.196,241.9,359.24,68.6388278655494
2019-09-16 01:00:00,9/16/2019 1:00,-16.5,-13.92,38.79,6.597,1.286,258.4,6.831,1.092,240.4,359.43,45.53999584949592
2019-09-16 02:00:00,9/16/2019 2:00,-15.11,-8.91,48.48,4.698,0.898,284.0,4.865,0.66,245.0,359.65,56.15765896769908
2019-09-16 03:00:00,9/16/2019 3:00,-15.46,-9.73,49.6,6.731,2.367,280.6,6.897,2.284,252.8,359.77,57.64962539496777
2019-09-16 04:00:00,9/16/2019 4:00,-15.85,-11.1,45.61,8.36,3.803,260.8,8.9,3.832,233.3,359.75,53.21207175291831
2019-09-16 05:00:00,9/16/2019 5:00,-16.19,-11.92,48.98,8.93,5.146,249.6,9.4,5.303,222.8,359.74,57.33154546310849
2019-09-16 06:00:00,9/16/2019 6:00,-16.03,-11.67,49.02,9.26,5.715,250.1,9.93,5.925,222.7,359.53,57.28986452940635
2019-09-16 07:00:00,9/16/2019 7:00,-16.4,-12.48,80.7,11.06,7.42,248.0,11.46,7.726,221.2,359.38,94.65160853679672
2019-09-16 08:00:00,9/16/2019 8:00,-16.59,-12.51,60.09,11.93,7.163,245.6,12.4,7.442,218.1,358.99,70.60772475265443
2019-09-16 09:00:00,9/16/2019 9:00,-16.54,-11.52,53.58,10.76,5.388,240.5,11.5,5.585,213.2,358.74,62.92792233423788
2019-09-16 10:00:00,9/16/2019 10:00,-16.45,-13.08,84.5,11.5,5.586,237.9,11.76,5.782,210.7,358.6,99.15635500753024
2019-09-16 11:00:00,9/16/2019 11:00,-16.74,-14.29,83.7,12.2,6.287,238.0,12.63,6.535,211.5,358.67,98.49254237136168
2019-09-16 12:00:00,9/16/2019 12:00,-16.92,-15.31,85.0,10.16,2.971,222.1,10.5,2.801,195.8,358.76,100.0
2019-09-16 13:00:00,9/16/2019 13:00,-16.32,-16.33,85.3,9.9,3.241,249.0,10.36,3.211,223.8,359.04,99.96971376826623
2019-09-16 14:00:00,9/16/2019 14:00,-16.06,-16.05,84.7,6.397,3.471,227.1,6.631,3.317,196.4,359.39,99.01787658093377
2019-09-16 15:00:00,9/16/2019 15:00,-16.25,-16.29,85.0,5.798,2.176,239.4,6.098,2.134,206.0,359.45,99.55088825843119
2019-09-16 16:00:00,9/16/2019 16:00,-16.59,-16.7,85.0,7.63,4.92,244.2,8.13,5.103,217.6,359.34,99.87779337619615
2019-09-16 17:00:00,9/16/2019 17:00,-16.7,-16.71,84.6,8.66,5.166,244.4,9.13,5.373,217.8,359.45,99.51323292019246
2019-09-16 18:00:00,9/16/2019 18:00,-16.73,-16.78,84.4,7.197,5.14,257.8,7.397,5.275,231.6,359.23,99.30668467779061
2019-09-16 19:00:00,9/16/2019 19:00,-17.03,-17.0,84.7,12.43,7.924,249.5,13.29,8.33,222.9,358.8,99.94814004536536
2019-09-16 20:00:00,9/16/2019 20:00,-16.64,-16.63,84.6,12.69,9.05,230.8,13.29,9.78,204.0,358.45,99.45570195928678
2019-09-16 21:00:00,9/16/2019 21:00,-17.12,-17.07,83.4,12.13,8.32,231.0,13.36,8.85,204.3,358.32,98.4994497045114
2019-09-16 22:00:00,9/16/2019 22:00,-18.13,-17.98,83.4,7.73,5.23,250.1,8.36,5.415,224.4,358.25,99.46126614387674
2019-09-16 23:00:00,9/16/2019 23:00,-18.27,-18.17,84.2,6.597,3.927,275.2,7.097,3.85,249.6,358.56,100.0
2019-09-17 00:00:00,9/17/2019 0:00,-18.37,-18.36,82.8,6.697,2.672,280.0,6.597,2.369,255.4,358.73,98.97371105995575
2019-09-17 01:00:00,9/17/2019 1:00,-16.78,-16.43,87.8,3.699,1.103,281.5,3.665,0.645,255.2,358.98,100.0
2019-09-17 02:00:00,9/17/2019 2:00,-13.66,-13.86,83.7,7.63,3.057,265.5,8.03,2.403,235.8,359.12,95.60490411210104
2019-09-17 03:00:00,9/17/2019 3:00,-14.56,-12.72,82.7,7.464,4.78,258.1,7.597,4.688,230.7,359.51,95.28899952934107
2019-09-17 04:00:00,9/17/2019 4:00,-15.94,-12.8,81.7,9.8,7.486,241.8,10.23,7.962,215.0,359.45,95.40022014868823
2019-09-17 05:00:00,9/17/2019 5:00,-17.44,-12.96,80.6,12.56,8.83,233.0,13.23,9.48,206.1,359.32,95.48623400129952
2019-09-17 06:00:00,9/17/2019 6:00,-16.59,-12.72,82.6,12.56,9.21,231.6,13.33,9.57,204.7,359.31,97.05771450439767
2019-09-17 07:00:00,9/17/2019 7:00,-15.96,-11.95,83.5,11.46,7.865,232.6,12.4,8.28,205.0,359.07,97.52088096378809
2019-09-17 08:00:00,9/17/2019 8:00,-16.64,-13.7,82.9,13.43,8.35,239.2,14.19,8.74,211.8,358.71,97.45718312558955
2019-09-17 09:00:00,9/17/2019 9:00,-16.26,-13.76,83.6,13.46,9.91,221.7,14.63,10.36,194.1,358.5,97.92067072146804
2019-09-17 10:00:00,9/17/2019 10:00,-17.04,-15.24,83.4,14.39,10.57,227.1,15.43,11.26,199.4,358.41,98.4235867434906
2019-09-17 11:00:00,9/17/2019 11:00,-16.93,-15.57,83.6,13.79,8.48,213.1,14.76,8.5,186.1,358.6,98.55513026874857
2019-09-17 12:00:00,9/17/2019 12:00,-17.66,-16.91,82.1,14.99,8.39,224.0,15.03,8.68,196.5,358.56,97.46939385308887
2019-09-17 13:00:00,9/17/2019 13:00,-18.74,-18.69,83.4,13.96,9.92,235.1,14.59,10.62,207.4,358.38,100.0
2019-09-17 14:00:00,9/17/2019 14:00,-18.93,-18.85,83.5,16.73,11.76,237.9,17.49,12.76,210.7,358.65,100.0
2019-09-17 15:00:00,9/17/2019 15:00,-18.21,-18.01,83.4,14.26,9.89,225.0,15.39,10.63,197.2,359.09,99.53776825217906
2019-09-17 16:00:00,9/17/2019 16:00,-18.16,-18.08,83.8,13.23,8.58,255.0,13.09,8.74,228.7,359.39,99.96711900227776
2019-09-17 17:00:00,9/17/2019 17:00,-18.15,-18.06,83.6,12.66,8.18,247.6,13.46,8.51,220.7,359.14,99.718949389545
2019-09-17 18:00:00,9/17/2019 18:00,-18.01,-17.94,83.7,14.66,7.923,220.6,16.86,8.34,191.7,358.75,99.7039621438204
2019-09-17 19:00:00,9/17/2019 19:00,-18.2,-18.13,83.5,11.93,7.355,219.8,14.09,7.985,191.8,358.64,99.64754131807531
2019-09-17 20:00:00,9/17/2019 20:00,-18.3,-18.22,83.5,11.6,7.25,223.5,14.96,9.81,196.0,357.99,99.74334178955023
2019-09-17 21:00:00,9/17/2019 21:00,-18.11,-18.05,83.4,9.03,5.566,223.3,15.66,9.47,196.5,358.09,99.44214788716765
2019-09-17 22:00:00,9/17/2019 22:00,-18.11,-18.05,83.4,12.5,7.757,220.8,14.73,9.79,193.4,358.01,99.44214788716765
2019-09-17 23:00:00,9/17/2019 23:00,-18.38,-18.32,83.4,10.9,6.659,232.1,14.13,8.42,204.3,358.33,99.70048950334345
2019-09-18 00:00:00,9/18/2019 0:00,-18.38,-18.28,83.5,9.9,6.461,236.9,12.59,8.35,210.3,358.2,99.8200344547863
2019-09-18 01:00:00,9/18/2019 1:00,-18.23,-18.15,83.3,12.1,6.38,223.2,13.83,10.25,194.1,358.19,99.43752826191877
2019-09-18 02:00:00,9/18/2019 2:00,-18.08,-17.61,82.7,15.93,11.57,215.1,18.36,13.34,186.6,358.21,98.57907028515017
2019-09-18 03:00:00,9/18/2019 3:00,-18.0,-17.32,82.8,19.76,16.6,216.6,21.92,18.08,187.4,358.61,98.62239448408485
2019-09-18 04:00:00,9/18/2019 4:00,-17.94,-17.23,82.7,16.79,14.16,219.1,18.43,14.88,189.6,359.08,98.44647693057091
2019-09-18 05:00:00,9/18/2019 5:00,-17.9,-17.24,82.5,17.93,13.97,218.0,20.86,15.81,187.4,358.24,98.17062973616505
2019-09-18 06:00:00,9/18/2019 6:00,-17.79,-16.91,82.5,18.09,11.97,210.7,21.76,14.77,180.6,358.61,98.06683218162283
2019-09-18 07:00:00,9/18/2019 7:00,-17.45,-16.49,82.9,12.73,10.05,209.8,16.49,10.65,181.3,358.51,98.22048003631276
2019-09-18 08:00:00,9/18/2019 8:00,-17.15,-16.46,82.9,11.66,8.45,218.6,15.66,10.33,189.8,358.46,97.93721559604309
2019-09-18 09:00:00,9/18/2019 9:00,-16.81,-16.35,83.3,8.8,5.488,232.0,11.23,6.642,205.7,358.78,98.08799180428163
2019-09-18 10:00:00,9/18/2019 10:00,-16.79,-16.38,83.4,6.331,4.385,231.3,8.56,5.104,204.6,358.86,98.18682021688005
2019-09-18 11:00:00,9/18/2019 11:00,-16.99,-16.6,83.6,5.398,3.875,226.3,5.731,4.731,199.2,358.96,98.61211055840145
2019-09-18 12:00:00,9/18/2019 12:00,-17.83,-17.61,82.9,3.898,3.188,223.5,5.198,3.919,196.3,359.06,98.58022513371688
2019-09-18 13:00:00,9/18/2019 13:00,-18.54,-18.44,83.0,3.865,2.807,228.9,5.331,3.687,202.6,359.25,99.3749148955782
2019-09-18 14:00:00,9/18/2019 14:00,-18.51,-18.48,83.4,3.732,3.069,222.6,4.731,3.679,195.7,359.73,99.82506467539882
2019-09-18 15:00:00,9/18/2019 15:00,-18.46,-18.41,83.3,3.265,2.35,221.6,3.765,3.181,195.2,359.93,99.65749982336843
2019-09-18 16:00:00,9/18/2019 16:00,-18.79,-18.68,82.7,4.365,2.954,220.0,4.665,3.546,192.6,359.54,99.25367916620775
2019-09-18 17:00:00,9/18/2019 17:00,-19.22,-19.13,82.7,4.365,3.199,228.9,4.798,3.352,204.1,359.19,99.66399616328329
2019-09-18 18:00:00,9/18/2019 18:00,-19.33,-19.3,82.7,4.432,3.169,223.5,4.098,3.19,198.7,359.26,99.7691716367501
2019-09-18 19:00:00,9/18/2019 19:00,-19.53,-19.45,82.2,3.965,2.983,212.0,3.599,3.011,187.3,358.93,99.35626185588741
2019-09-18 20:00:00,9/18/2019 20:00,-19.67,-19.6,82.5,3.032,2.718,210.3,3.365,2.84,185.0,358.83,99.85273198472403
2019-09-18 21:00:00,9/18/2019 21:00,-19.5,-19.51,82.2,2.932,2.586,219.0,3.099,2.71,195.3,358.63,99.32770055360533
2019-09-18 22:00:00,9/18/2019 22:00,-19.82,-19.73,82.0,2.899,2.516,220.6,3.132,2.695,198.0,358.23,99.39026330583023
2019-09-18 23:00:00,9/18/2019 23:00,-19.99,-19.9,81.7,2.866,1.989,226.9,3.032,2.492,209.2,358.35,99.1879627980992
2019-09-19 00:00:00,9/19/2019 0:00,-20.55,-20.39,81.6,0.233,0.001,248.0,2.965,2.467,221.5,358.38,99.59872605038942
2019-09-19 01:00:00,9/19/2019 1:00,-20.17,-20.04,81.9,0.167,0.001,218.4,2.932,2.289,225.5,358.67,99.602220770887
2019-09-19 02:00:00,9/19/2019 2:00,-19.45,-19.14,84.8,,,,2.766,2.109,204.0,358.88,100.0
2019-09-19 03:00:00,9/19/2019 3:00,-16.51,-15.66,86.8,,,,2.766,1.982,206.0,359.25,100.0
2019-09-19 04:00:00,9/19/2019 4:00,-15.19,-12.62,84.0,,,,2.499,0.889,201.1,359.31,97.37811915370435
2019-09-19 05:00:00,9/19/2019 5:00,-15.58,-11.08,83.9,,,,4.565,2.329,216.5,359.34,97.62927133516139
2019-09-19 06:00:00,9/19/2019 6:00,-14.0,-9.31,84.5,,,,4.132,1.038,206.8,359.25,96.83691431118406
2019-09-19 07:00:00,9/19/2019 7:00,-14.89,-9.06,83.5,0.566,0.007,245.2,10.23,5.79,217.5,359.04,96.51824994934468
2019-09-19 08:00:00,9/19/2019 8:00,-15.83,-11.0,82.4,3.365,0.635,241.2,12.2,6.382,214.4,358.89,96.11550943796522
2019-09-19 09:00:00,9/19/2019 9:00,-16.64,-13.51,83.1,3.499,2.669,246.6,12.86,7.772,223.8,358.75,97.69230298837745
2019-09-19 10:00:00,9/19/2019 10:00,-17.36,-14.55,82.5,3.499,1.629,246.5,13.39,6.665,220.7,358.74,97.6619191998102
2019-09-19 11:00:00,9/19/2019 11:00,-17.82,-15.8,81.9,3.465,0.431,248.0,10.33,2.547,204.4,358.97,97.38171279118903
2019-09-19 12:00:00,9/19/2019 12:00,-18.51,-17.23,82.4,0.267,0.001,227.5,7.73,0.489,166.7,359.13,98.62812145387126
2019-09-19 13:00:00,9/19/2019 13:00,-19.27,-18.82,82.5,,,,5.431,0.299,175.8,359.4,99.47065161398429
2019-09-19 14:00:00,9/19/2019 14:00,-19.69,-19.69,82.3,0.367,0.002,244.6,10.0,0.471,168.5,359.5,99.62975187723852
2019-09-19 15:00:00,9/19/2019 15:00,-20.23,-20.28,82.0,0.133,,252.4,6.497,0.28,164.2,359.61,99.7811039268226
2019-09-19 16:00:00,9/19/2019 16:00,-20.17,-20.37,81.9,0.133,,286.6,6.731,0.766,194.2,359.56,99.602220770887
2019-09-19 17:00:00,9/19/2019 17:00,-20.27,-20.53,81.8,0.167,0.001,288.6,6.697,0.369,162.0,359.28,99.57583515096118
2019-09-19 18:00:00,9/19/2019 18:00,-20.4,-20.4,81.2,,,,3.998,0.056,164.9,358.89,98.96844130956185
2019-09-19 19:00:00,9/19/2019 19:00,-21.19,-21.11,81.3,,,,4.765,0.107,81.8,358.57,99.84111408613694
2019-09-19 20:00:00,9/19/2019 20:00,-21.17,-21.19,80.9,0.167,0.001,242.7,5.964,0.621,145.4,358.18,99.33092548121066
2019-09-19 21:00:00,9/19/2019 21:00,-21.59,-21.63,80.4,0.9,0.008,242.0,9.6,1.408,204.8,357.81,99.11338017972793
2019-09-19 22:00:00,9/19/2019 22:00,-22.34,-22.45,80.6,3.465,0.36,240.6,13.59,2.012,190.8,357.55,100.0
2019-09-19 23:00:00,9/19/2019 23:00,-21.82,-21.96,81.1,5.065,2.324,247.5,15.66,7.965,222.3,357.48,100.0
2019-09-20 00:00:00,9/20/2019 0:00,-21.84,-21.79,80.5,5.898,4.092,247.5,16.59,10.88,222.7,357.63,99.47343209768789
2019-09-20 01:00:00,9/20/2019 1:00,-22.19,-21.63,79.93,5.998,3.581,248.9,16.49,8.95,224.5,357.73,99.09890624097316
2019-09-20 02:00:00,9/20/2019 2:00,-20.93,-19.46,78.89,6.164,3.794,243.2,15.46,9.29,218.7,358.14,96.64127267839743
2019-09-20 03:00:00,9/20/2019 3:00,-19.76,-17.71,80.4,6.331,2.863,255.3,15.76,7.119,227.8,358.35,97.39495668662973
2019-09-20 04:00:00,9/20/2019 4:00,-18.47,-16.85,78.53,6.564,2.909,244.2,16.23,7.142,217.4,358.35,93.95984636533983
2019-09-20 05:00:00,9/20/2019 5:00,-18.18,-16.47,79.95,6.264,2.471,230.6,14.86,6.109,200.3,358.37,95.39269193214817
2019-09-20 06:00:00,9/20/2019 6:00,-17.4,-16.28,79.52,6.864,2.985,238.5,16.69,6.935,206.5,358.2,94.1705034665926
2019-09-20 07:00:00,9/20/2019 7:00,-17.61,-16.53,82.2,6.797,2.486,241.8,15.99,5.983,209.9,358.15,97.54118077019368
2019-09-20 08:00:00,9/20/2019 8:00,-16.18,-13.34,84.8,5.864,0.2,97.8,12.26,2.344,86.8,358.05,99.24961415933579
2019-09-20 09:00:00,9/20/2019 9:00,-14.59,-10.46,85.8,0.267,0.015,62.59,8.23,1.469,63.2,357.76,98.8895832708435
2019-09-20 10:00:00,9/20/2019 10:00,-15.1,-11.75,84.0,0.333,0.026,64.77,7.464,1.974,59.25,357.61,97.29347229493155
2019-09-20 11:00:00,9/20/2019 11:00,-17.48,-15.13,83.0,0.3,0.038,61.41,7.797,1.83,56.61,357.68,98.3673575789634
2019-09-20 12:00:00,9/20/2019 12:00,-19.62,-18.39,81.3,5.831,0.242,162.4,11.16,2.731,105.5,357.73,98.35320269108234
2019-09-20 13:00:00,9/20/2019 13:00,-21.78,-21.9,79.94,3.399,0.304,147.5,7.93,2.769,125.7,358.15,98.72497489567331
2019-09-20 14:00:00,9/20/2019 14:00,-23.44,-23.83,78.9,5.831,0.145,249.1,10.46,3.122,235.3,358.64,98.99093908508826
2019-09-20 15:00:00,9/20/2019 15:00,-24.01,-24.48,78.65,0.233,0.002,264.6,5.698,1.804,309.1,358.89,99.21187255024776
2019-09-20 16:00:00,9/20/2019 16:00,-24.14,-24.58,79.12,0.233,0.002,289.0,7.864,1.235,14.71,358.8,99.92767735908396
2019-09-20 17:00:00,9/20/2019 17:00,-24.11,-24.71,78.87,0.067,,222.4,5.065,0.949,312.8,358.66,99.58364221117083
2019-09-20 18:00:00,9/20/2019 18:00,-23.99,-24.69,78.78,0.033,,294.2,5.431,1.163,335.2,358.44,99.35703707804836
2019-09-20 19:00:00,9/20/2019 19:00,-23.89,-24.46,79.24,3.465,0.133,293.7,8.23,2.352,277.7,358.15,99.84256410295794
2019-09-20 20:00:00,9/20/2019 20:00,-23.65,-24.06,79.36,3.465,0.031,324.2,7.497,2.248,312.7,357.87,99.7665739648315
2019-09-20 21:00:00,9/20/2019 21:00,-23.9,-24.41,78.45,0.233,0.01,358.7,4.698,2.115,320.4,357.54,98.85652774191438
2019-09-20 22:00:00,9/20/2019 22:00,-24.46,-25.31,78.81,0.133,0.002,0.352,4.898,1.714,322.9,357.33,99.83799513659079
2019-09-20 23:00:00,9/20/2019 23:00,-24.27,-25.06,78.62,0.133,0.001,351.5,5.065,1.995,311.3,357.4,99.41843778637124
2019-09-21 00:00:00,9/21/2019 0:00,-24.33,-25.28,78.29,0.233,0.002,323.7,6.697,1.368,298.0,357.41,99.05736074122943
2019-09-21 01:00:00,9/21/2019 1:00,-23.54,-20.7,79.26,0.1,,354.3,3.399,0.955,326.7,357.72,99.53698028682223
2019-09-21 02:00:00,9/21/2019 2:00,-20.48,-16.78,79.34,6.464,1.607,254.1,9.63,3.326,232.9,357.97,96.77543922765597
2019-09-21 03:00:00,9/21/2019 3:00,-20.49,-20.02,79.05,6.764,4.288,258.6,10.9,6.504,235.0,358.13,96.43093028041281
2019-09-21 04:00:00,9/21/2019 4:00,-21.13,-20.54,79.51,8.23,4.891,264.6,12.76,6.973,240.4,358.16,97.58697949356
2019-09-21 05:00:00,9/21/2019 5:00,-20.28,-19.64,80.3,8.06,4.049,251.6,12.5,6.105,228.1,358.13,97.75922436848643
2019-09-21 06:00:00,9/21/2019 6:00,-18.75,-17.6,80.4,7.197,1.752,264.7,11.4,3.522,237.8,357.99,96.45625627967893
2019-09-21 07:00:00,9/21/2019 7:00,-17.06,-14.54,82.7,5.831,0.415,247.7,8.36,1.607,193.1,358.05,97.61629165125369
2019-09-21 08:00:00,9/21/2019 8:00,-16.31,-12.49,82.8,4.998,0.137,221.3,8.06,1.326,165.1,357.68,97.03041082334195
2019-09-21 09:00:00,9/21/2019 9:00,-16.9,-11.92,81.3,2.299,0.011,43.5,4.965,0.996,315.5,357.45,95.81598871588429
2019-09-21 10:00:00,9/21/2019 10:00,-20.17,-14.47,80.8,0.333,0.007,347.2,5.098,1.797,306.3,357.48,98.26446200595444
2019-09-21 11:00:00,9/21/2019 11:00,-21.36,-16.34,79.37,4.098,0.113,0.531,6.831,2.325,320.5,357.66,97.629224803561
2019-09-21 12:00:00,9/21/2019 12:00,-22.85,-20.83,79.18,4.498,0.343,359.8,5.664,2.31,322.2,357.87,98.78726835356309
2019-09-21 13:00:00,9/21/2019 13:00,-23.64,-24.01,78.92,4.198,0.184,2.042,5.831,2.28,327.6,358.1,99.20402651611312
2019-09-21 14:00:00,9/21/2019 14:00,-23.95,-24.43,78.64,4.365,0.319,359.5,5.631,2.17,322.8,358.42,99.14289966553326
2019-09-21 15:00:00,9/21/2019 15:00,-23.88,-24.33,79.03,4.432,1.007,6.475,5.798,2.36,334.5,358.69,99.56852976088985
2019-09-21 16:00:00,9/21/2019 16:00,-22.9,-23.25,80.6,6.031,0.241,324.8,8.06,1.253,314.2,358.77,100.0
2019-09-21 17:00:00,9/21/2019 17:00,-21.6,-21.8,80.7,5.464,0.098,324.8,6.964,1.289,308.8,358.69,99.49269293420916
2019-09-21 18:00:00,9/21/2019 18:00,-22.08,-22.32,80.2,0.267,0.005,354.1,4.032,1.13,323.3,358.36,99.32956456998951
2019-09-21 19:00:00,9/21/2019 19:00,-22.96,-23.39,79.89,3.965,0.065,17.41,5.131,1.386,322.4,357.99,99.77731582059302
2019-09-21 20:00:00,9/21/2019 20:00,-23.08,-23.39,79.6,3.399,0.063,19.32,4.831,1.282,344.7,357.87,99.52850529739652
2019-09-21 21:00:00,9/21/2019 21:00,-23.02,-23.37,79.95,7.597,0.543,332.0,9.56,2.103,314.5,357.53,99.90917990583792
2019-09-21 22:00:00,9/21/2019 22:00,-22.78,-23.24,79.91,7.23,0.928,300.5,8.76,1.743,289.3,357.46,99.63173205203971
2019-09-21 23:00:00,9/21/2019 23:00,-22.42,-22.7,80.9,9.43,2.346,264.1,12.4,3.03,250.7,357.54,100.0
2019-09-22 00:00:00,9/22/2019 0:00,-22.3,-22.38,79.73,9.63,4.145,259.0,12.43,5.175,236.0,357.54,98.95450296565
2019-09-22 01:00:00,9/22/2019 1:00,-21.98,-21.69,81.2,13.23,7.348,256.1,15.46,9.36,231.6,357.78,100.0
2019-09-22 02:00:00,9/22/2019 2:00,-20.28,-19.33,80.3,13.96,6.696,251.9,14.26,6.741,227.6,358.21,97.75922436848643
2019-09-22 03:00:00,9/22/2019 3:00,-19.23,-17.13,82.3,12.89,1.278,265.2,13.13,1.254,239.4,358.59,99.19145703621982
2019-09-22 04:00:00,9/22/2019 4:00,-18.98,-17.74,80.1,12.46,5.444,250.5,12.59,5.608,225.8,358.83,96.30869503977209
2019-09-22 05:00:00,9/22/2019 5:00,-18.74,-17.78,81.3,11.43,7.494,255.8,11.5,7.58,232.1,358.9,97.52662796963803
2019-09-22 06:00:00,9/22/2019 6:00,-17.26,-16.26,81.7,12.26,7.578,257.0,12.46,7.603,232.6,358.87,96.62183257489231
2019-09-22 07:00:00,9/22/2019 7:00,-16.54,-15.51,82.1,11.63,6.593,244.5,11.9,6.743,219.6,358.78,96.42371078090574
2019-09-22 08:00:00,9/22/2019 8:00,-15.74,-13.45,84.4,11.6,4.009,225.7,11.96,3.867,200.2,358.53,98.36292028629332
2019-09-22 09:00:00,9/22/2019 9:00,-14.93,-11.36,83.2,10.46,2.307,194.1,10.63,2.164,166.3,358.37,96.20866919145944
2019-09-22 10:00:00,9/22/2019 10:00,-15.86,-11.96,83.7,6.797,0.874,46.27,7.297,0.594,21.26,358.53,97.66016875486244
2019-09-22 11:00:00,9/22/2019 11:00,-16.6,-12.83,83.3,7.597,1.109,288.7,7.497,0.898,251.5,358.73,97.88967309138042
2019-09-22 12:00:00,9/22/2019 12:00,-17.8,-16.43,82.7,5.498,1.044,290.9,5.098,0.787,240.0,358.93,98.31402535050935
2019-09-22 13:00:00,9/22/2019 13:00,-19.55,-19.35,82.1,3.565,0.758,9.79,3.099,0.428,343.0,359.16,99.25441168969077
2019-09-22 14:00:00,9/22/2019 14:00,-19.77,-19.79,82.3,6.697,1.479,261.7,6.897,0.972,230.5,359.51,99.70612829147353
2019-09-22 15:00:00,9/22/2019 15:00,-19.72,-19.81,82.3,5.531,0.99,2.336,5.831,0.544,218.2,359.7,99.65838779773235
2019-09-22 16:00:00,9/22/2019 16:00,-19.94,-19.98,82.1,4.232,0.873,41.36,4.398,0.199,10.23,359.6,99.6258822970865
2019-09-22 17:00:00,9/22/2019 17:00,-19.83,-19.86,82.3,4.098,0.818,68.21,3.699,0.111,29.94,359.37,99.76343989690017
2019-09-22 18:00:00,9/22/2019 18:00,-19.91,-19.95,82.1,4.265,0.625,52.3,3.865,0.182,29.41,358.99,99.59727008824188
2019-09-22 19:00:00,9/22/2019 19:00,-20.28,-20.32,81.9,5.198,0.983,50.0,5.098,0.306,30.43,358.79,99.70710430609016
2019-09-22 20:00:00,9/22/2019 20:00,-20.12,-20.12,82.0,5.398,1.157,78.78,5.265,0.556,55.4,358.58,99.67613022823572
2019-09-22 21:00:00,9/22/2019 21:00,-20.06,-20.06,81.9,5.531,1.313,133.0,5.598,0.576,165.9,358.39,99.49742056249298
2019-09-22 22:00:00,9/22/2019 22:00,-20.08,-20.05,81.8,10.0,3.279,235.0,10.26,2.952,209.7,358.3,99.39495920972463
2019-09-22 23:00:00,9/22/2019 23:00,-20.13,-20.1,82.1,13.99,3.162,224.4,13.96,2.235,222.0,358.38,99.80723773364973
2019-09-23 00:00:00,9/23/2019 0:00,-20.07,-20.04,81.8,11.8,6.621,247.3,11.93,6.422,222.8,358.52,99.38544630552828
2019-09-23 01:00:00,9/23/2019 1:00,-20.13,-20.0,81.6,12.26,7.536,247.1,12.4,7.702,222.6,358.68,99.1993982833839
2019-09-23 02:00:00,9/23/2019 2:00,-19.49,-18.41,82.8,10.06,3.86,243.2,9.96,3.535,218.8,359.13,100.0
2019-09-23 03:00:00,9/23/2019 3:00,-18.21,-16.48,84.2,8.26,2.585,228.4,8.4,1.223,213.9,359.42,100.0
2019-09-23 04:00:00,9/23/2019 4:00,-14.53,-9.65,85.6,6.397,1.381,178.6,7.097,0.495,126.9,359.59,98.6018391216102
2019-09-23 05:00:00,9/23/2019 5:00,-14.94,-9.23,86.0,6.731,1.852,113.4,6.098,1.594,93.9,359.52,99.4560736588545
2019-09-23 06:00:00,9/23/2019 6:00,-14.68,-9.21,86.3,6.164,2.034,110.7,5.898,1.827,90.9,359.41,99.55246661202031
2019-09-23 07:00:00,9/23/2019 7:00,-14.3,-9.44,86.5,6.897,2.252,139.6,7.33,2.024,118.0,359.28,99.41710753671136
2019-09-23 08:00:00,9/23/2019 8:00,-13.32,-10.91,85.6,9.03,3.626,220.5,9.56,3.406,193.7,359.16,97.45369356010933
2019-09-23 09:00:00,9/23/2019 9:00,-12.9,-10.04,86.8,7.864,2.004,222.3,7.83,1.731,199.9,359.08,98.41849344629644
2019-09-23 10:00:00,9/23/2019 10:00,-13.35,-11.34,84.6,7.464,2.556,228.4,8.93,2.204,200.7,359.02,96.34321163525834
2019-09-23 11:00:00,9/23/2019 11:00,-16.4,-15.16,84.3,7.364,2.26,217.4,6.964,1.95,184.8,359.1,98.8739851257988
2019-09-23 12:00:00,9/23/2019 12:00,-17.42,-16.14,83.2,5.231,0.874,334.1,4.731,0.643,309.3,359.22,98.5474633683776
2019-09-23 13:00:00,9/23/2019 13:00,-19.36,-19.49,82.7,9.26,1.184,357.0,9.3,0.902,308.8,359.43,99.79787070144536
2019-09-23 14:00:00,9/23/2019 14:00,-19.88,-20.0,82.2,7.064,1.198,335.7,6.964,0.787,283.6,359.78,99.68994142504785
2019-09-23 15:00:00,9/23/2019 15:00,-19.74,-19.9,82.0,5.998,1.781,297.7,6.098,1.58,264.6,360.07,99.31413749647653
2019-09-23 16:00:00,9/23/2019 16:00,-20.31,-20.55,81.6,6.031,2.189,291.7,5.964,1.199,266.6,360.11,99.3703910244052
2019-09-23 17:00:00,9/23/2019 17:00,-20.62,-20.91,81.4,4.132,1.333,296.3,3.965,0.332,276.3,359.86,99.42111979253487
2019-09-23 18:00:00,9/23/2019 18:00,-20.87,-21.27,81.1,3.365,0.668,296.1,3.232,0.176,243.7,359.56,99.29162695372325
2019-09-23 19:00:00,9/23/2019 19:00,-21.04,-21.02,81.8,4.265,2.407,232.7,4.465,1.204,212.9,359.36,100.0
2019-09-23 20:00:00,9/23/2019 20:00,-20.47,-20.36,81.6,5.564,3.157,226.6,5.998,2.175,197.1,359.16,99.52257070317832
2019-09-23 21:00:00,9/23/2019 21:00,-20.55,-20.57,81.6,5.664,3.353,241.5,5.698,1.47,219.3,358.94,99.59872605038942
2019-09-23 22:00:00,9/23/2019 22:00,-20.36,-20.26,82.2,6.931,2.101,210.0,7.197,1.046,187.3,358.71,100.0
2019-09-23 23:00:00,9/23/2019 23:00,-19.87,-19.74,82.4,8.2,5.278,223.6,8.86,5.515,200.3,358.74,99.92292725622112
2019-09-24 00:00:00,9/24/2019 0:00,-19.75,-19.76,82.1,11.0,7.794,221.1,11.93,8.25,197.4,358.73,99.44477719402555
2019-09-24 01:00:00,9/24/2019 1:00,-19.78,-19.64,82.2,10.6,7.573,217.5,11.3,7.957,193.3,358.99,99.59451726974635
2019-09-24 02:00:00,9/24/2019 2:00,-19.16,-18.6,82.9,9.56,6.371,217.3,10.1,6.298,192.2,359.4,99.84755055023807
2019-09-24 03:00:00,9/24/2019 3:00,-18.09,-17.44,83.3,8.56,5.153,231.7,9.2,4.71,205.7,359.69,99.30382027123586
2019-09-24 04:00:00,9/24/2019 4:00,-15.48,-14.72,84.4,9.73,4.683,251.0,11.03,4.296,226.3,359.79,98.11629616323974
2019-09-24 05:00:00,9/24/2019 5:00,-15.21,-15.43,84.0,11.46,6.841,250.3,11.83,6.923,225.7,359.73,97.39693795785671
2019-09-24 06:00:00,9/24/2019 6:00,-14.73,-14.75,84.9,10.6,6.775,250.0,10.66,6.864,225.4,359.58,97.9848385396668
2019-09-24 07:00:00,9/24/2019 7:00,-14.51,-15.69,84.5,12.59,7.726,254.1,12.69,7.786,229.9,359.39,97.31593331551399
2019-09-24 08:00:00,9/24/2019 8:00,-15.06,-15.51,84.1,13.29,7.306,248.4,13.59,7.43,224.3,359.25,97.37165211289722
2019-09-24 09:00:00,9/24/2019 9:00,-14.81,-14.15,84.9,13.23,4.283,239.8,13.49,4.193,213.0,359.01,98.06065450235374
2019-09-24 10:00:00,9/24/2019 10:00,-15.35,-14.03,86.1,11.8,2.576,203.7,12.23,2.491,178.3,359.14,99.96697381444531
2019-09-24 11:00:00,9/24/2019 11:00,-15.75,-13.33,85.3,5.131,0.983,111.8,5.031,0.777,95.9,359.3,99.42141107522218
2019-09-24 12:00:00,9/24/2019 12:00,-16.96,-16.08,83.2,4.598,0.795,111.3,4.432,0.569,99.1,359.6,98.11192512700761
2019-09-24 13:00:00,9/24/2019 13:00,-19.76,-20.03,81.7,3.532,0.41,312.7,3.699,0.247,273.3,359.81,98.96975076240857
2019-09-24 14:00:00,9/24/2019 14:00,-20.74,-20.98,81.3,3.432,0.557,28.69,2.899,0.207,26.71,360.18,99.41293212689115
2019-09-24 15:00:00,9/24/2019 15:00,-20.43,-20.37,81.8,4.532,0.315,84.6,4.298,0.035,39.21,360.4,99.72834397504045
2019-09-24 16:00:00,9/24/2019 16:00,-20.24,-20.29,81.9,2.799,0.35,55.02,1.999,0.058,31.09,360.52,99.66895520909493
2019-09-24 17:00:00,9/24/2019 17:00,-20.19,-20.07,82.1,5.964,2.0,227.3,6.064,1.695,197.1,360.28,99.86455973158354
2019-09-24 18:00:00,9/24/2019 18:00,-19.86,-19.77,82.2,6.164,3.604,217.5,6.198,3.648,194.2,360.05,99.67085102895312
2019-09-24 19:00:00,9/24/2019 19:00,-20.25,-20.51,81.4,6.797,1.876,267.6,7.164,1.643,234.9,359.91,99.06995365329087
2019-09-24 20:00:00,9/24/2019 20:00,-21.14,-21.42,81.2,4.165,0.659,292.9,3.532,0.07,243.2,359.68,99.67072395202162
2019-09-24 21:00:00,9/24/2019 21:00,-20.98,-20.84,81.4,5.365,2.96,251.9,5.031,0.682,228.7,359.48,99.76368620173655
2019-09-24 22:00:00,9/24/2019 22:00,-20.8,-20.78,81.2,5.731,4.125,232.7,5.564,2.311,206.6,359.44,99.34759502656125
2019-09-24 23:00:00,9/24/2019 23:00,-20.97,-20.83,81.5,5.798,3.823,229.2,5.531,2.69,206.2,359.5,99.87670676435104
2019-09-25 00:00:00,9/25/2019 0:00,-20.74,-20.72,81.3,5.998,3.934,231.0,6.131,2.517,206.8,359.71,99.41293212689115
2019-09-25 01:00:00,9/25/2019 1:00,-20.31,-18.6,82.2,5.698,3.819,237.4,5.564,2.678,214.9,359.97,100.0
2019-09-25 02:00:00,9/25/2019 2:00,-16.35,-13.71,82.9,9.13,4.704,246.0,9.36,3.384,216.5,360.14,97.18507988033969
2019-09-25 03:00:00,9/25/2019 3:00,-16.35,-13.94,83.7,9.23,6.317,216.4,10.1,6.423,191.0,360.46,98.12293348594007
2019-09-25 04:00:00,9/25/2019 4:00,-16.4,-13.56,84.6,7.93,5.487,215.7,8.43,5.664,192.1,360.66,99.22584984154896
2019-09-25 05:00:00,9/25/2019 5:00,-13.43,-9.75,86.2,6.831,4.119,222.3,7.297,4.2,198.1,360.64,98.24140796623348
2019-09-25 06:00:00,9/25/2019 6:00,-12.85,-9.21,86.0,7.364,4.468,217.8,7.963,4.583,194.1,360.53,97.46416219329433
2019-09-25 07:00:00,9/25/2019 7:00,-13.32,-11.19,84.9,9.33,5.54,233.8,9.33,5.757,210.7,360.28,96.65675915015518
2019-09-25 08:00:00,9/25/2019 8:00,-14.75,-12.59,85.0,10.16,6.141,221.5,10.4,6.335,198.0,360.15,98.1192222623873
2019-09-25 09:00:00,9/25/2019 9:00,-15.9,-15.03,84.6,8.8,5.431,221.5,9.53,5.61,196.8,360.02,98.74839259233956
2019-09-25 10:00:00,9/25/2019 10:00,-15.6,-15.56,84.4,8.36,4.192,231.8,8.53,4.246,207.4,360.05,98.23005863364602
2019-09-25 11:00:00,9/25/2019 11:00,-15.67,-14.38,85.5,6.864,1.433,184.0,7.164,1.115,166.8,360.18,99.57758593438906
2019-09-25 12:00:00,9/25/2019 12:00,-16.14,-15.42,84.3,4.665,1.761,211.3,5.031,1.523,185.6,360.36,98.62635176570018
2019-09-25 13:00:00,9/25/2019 13:00,-18.27,-18.79,82.4,5.298,2.066,245.7,5.231,1.992,221.6,360.55,98.40098858803364
2019-09-25 14:00:00,9/25/2019 14:00,-20.28,-20.73,81.1,2.766,0.453,275.5,2.766,0.127,245.1,360.77,98.73316433728829
2019-09-25 15:00:00,9/25/2019 15:00,-21.08,-21.07,81.3,4.498,1.905,242.5,4.698,0.782,221.0,361.04,99.73632173420596
2019-09-25 16:00:00,9/25/2019 16:00,-21.58,-22.05,80.5,2.899,0.484,293.6,2.632,0.116,258.5,361.09,99.22719298693497
2019-09-25 17:00:00,9/25/2019 17:00,-21.76,-21.89,80.9,3.399,0.726,264.0,3.299,0.173,249.1,360.93,99.89152029607605
2019-09-25 18:00:00,9/25/2019 18:00,-21.22,-21.1,81.2,4.865,2.078,249.0,4.965,1.765,220.8,360.67,99.74686691101111
2019-09-25 19:00:00,9/25/2019 19:00,-21.66,-22.26,80.2,3.299,0.694,327.0,2.932,0.101,259.3,360.43,98.93283873370034
2019-09-25 20:00:00,9/25/2019 20:00,-22.41,-23.11,80.1,4.432,0.434,294.6,3.599,0.083,238.1,360.18,99.51783668692752
2019-09-25 21:00:00,9/25/2019 21:00,-22.57,-22.89,80.4,6.831,2.062,252.7,6.964,1.773,222.7,359.93,100.0
2019-09-25 22:00:00,9/25/2019 22:00,-21.5,-21.15,81.4,5.864,3.406,242.2,6.031,2.943,219.7,359.84,100.0
2019-09-25 23:00:00,9/25/2019 23:00,-20.81,-20.72,81.5,8.4,3.03,241.5,8.66,2.954,219.3,359.9,99.72417056106555
2019-09-26 00:00:00,9/26/2019 0:00,-20.85,-20.85,81.3,6.431,3.007,228.1,6.797,2.902,205.2,359.9,99.51747297021842
2019-09-26 01:00:00,9/26/2019 1:00,-20.07,-17.95,82.8,6.897,2.23,201.2,7.197,1.904,192.4,360.16,100.0
2019-09-26 02:00:00,9/26/2019 2:00,-17.85,-10.83,83.8,4.265,0.885,140.3,3.998,0.426,116.8,360.52,99.66962570076849
2019-09-26 03:00:00,9/26/2019 3:00,-15.82,-8.09,86.1,5.664,1.251,175.9,5.531,0.77,171.9,360.73,100.0
2019-09-26 04:00:00,9/26/2019 4:00,-13.48,-7.117,89.9,5.231,0.963,150.6,5.331,0.708,133.4,360.69,100.0
2019-09-26 05:00:00,9/26/2019 5:00,-10.29,-4.701,92.9,2.732,0.763,167.0,3.065,0.47,143.3,360.62,100.0
2019-09-26 06:00:00,9/26/2019 6:00,-10.0,-6.386,90.2,4.332,1.284,180.5,4.332,0.887,160.6,360.41,99.43426425991032
2019-09-26 07:00:00,9/26/2019 7:00,-12.7,-7.978,87.7,5.031,1.703,152.8,4.865,1.356,125.3,360.05,99.2463546435322
2019-09-26 08:00:00,9/26/2019 8:00,-14.76,-9.8,87.1,6.897,2.506,182.1,7.264,2.215,156.6,359.76,100.0
2019-09-26 09:00:00,9/26/2019 9:00,-13.11,-8.83,88.2,7.33,1.76,221.6,7.897,1.426,193.9,359.56,100.0
2019-09-26 10:00:00,9/26/2019 10:00,-12.11,-8.2,88.8,6.797,1.056,229.6,6.697,0.659,215.2,359.61,99.91778861865855
2019-09-26 11:00:00,9/26/2019 11:00,-13.69,-10.68,86.5,4.132,0.602,206.7,3.432,0.255,200.4,359.66,98.8318626607518
2019-09-26 12:00:00,9/26/2019 12:00,-16.42,-15.1,83.5,4.232,0.583,198.4,4.598,0.157,192.4,359.73,97.95456809833728
2019-09-26 13:00:00,9/26/2019 13:00,-19.28,-19.24,82.4,4.465,1.635,219.8,4.532,1.397,190.9,359.89,99.3596078498269
2019-09-26 14:00:00,9/26/2019 14:00,-20.19,-20.23,82.0,4.965,2.892,239.0,5.098,2.83,216.5,360.13,99.74292202180087
2019-09-26 15:00:00,9/26/2019 15:00,-20.31,-20.33,81.8,5.898,3.486,233.9,6.031,3.523,210.9,360.27,99.61394590436697
2019-09-26 16:00:00,9/26/2019 16:00,-20.66,-20.72,81.6,6.331,3.147,237.8,6.564,3.081,215.0,360.32,99.7035107906581
2019-09-26 17:00:00,9/26/2019 17:00,-20.95,-20.9,81.7,6.864,4.131,241.7,6.897,3.491,218.7,360.11,100.0
2019-09-26 18:00:00,9/26/2019 18:00,-20.71,-20.64,81.6,6.864,3.226,239.4,6.997,2.674,214.9,359.94,99.7511674028295
2019-09-26 19:00:00,9/26/2019 19:00,-20.65,-20.61,81.5,8.26,3.516,232.3,8.2,3.263,209.2,359.71,99.57180750872669
2019-09-26 20:00:00,9/26/2019 20:00,-20.96,-20.99,81.4,5.898,0.62,112.8,5.664,0.173,210.8,359.43,99.74463178729079
2019-09-26 21:00:00,9/26/2019 21:00,-21.99,-22.33,80.2,2.332,0.333,326.2,1.666,0.019,278.2,359.17,99.24445545415254
2019-09-26 22:00:00,9/26/2019 22:00,-22.7,-22.94,80.6,7.031,1.561,237.7,7.33,0.985,215.2,359.07,100.0
2019-09-26 23:00:00,9/26/2019 23:00,-21.71,-21.64,81.0,3.599,0.655,98.2,3.532,0.163,69.23,359.19,99.96733954656764
2019-09-27 00:00:00,9/27/2019 0:00,-21.55,-21.55,80.8,2.965,0.442,128.4,1.833,0.045,94.3,359.26,99.5684943084816
2019-09-27 01:00:00,9/27/2019 1:00,-21.23,-20.77,81.6,2.799,0.51,108.6,1.966,0.034,74.26,359.43,100.0
2019-09-27 02:00:00,9/27/2019 2:00,-19.32,-16.75,83.4,3.099,0.615,127.5,2.766,0.095,92.3,359.71,100.0
2019-09-27 03:00:00,9/27/2019 3:00,-18.17,-14.13,84.1,4.731,0.895,113.8,3.798,0.273,86.1,359.84,100.0
2019-09-27 04:00:00,9/27/2019 4:00,-16.54,-10.75,85.9,4.965,1.191,137.6,4.898,0.623,117.7,360.01,100.0
2019-09-27 05:00:00,9/27/2019 5:00,-14.66,-7.617,87.3,6.631,1.437,182.8,6.997,1.136,146.0,359.96,100.0
2019-09-27 06:00:00,9/27/2019 6:00,-13.35,-6.745,88.1,6.497,2.571,202.8,6.198,2.159,173.2,359.79,100.0
2019-09-27 07:00:00,9/27/2019 7:00,-12.58,-6.289,87.5,6.897,2.922,221.4,7.33,2.546,192.9,359.52,98.9048788090651
2019-09-27 08:00:00,9/27/2019 8:00,-13.12,-8.3,86.9,9.16,3.466,218.7,9.66,3.163,191.5,359.2,98.7421869241865
2019-09-27 09:00:00,9/27/2019 9:00,-13.24,-8.57,86.7,9.83,2.738,216.7,10.0,2.241,184.5,358.97,98.62954575275282
2019-09-27 10:00:00,9/27/2019 10:00,-15.25,-11.34,85.7,7.764,2.274,182.4,8.4,1.898,155.5,358.83,99.40647511972755
2019-09-27 11:00:00,9/27/2019 11:00,-16.04,-13.36,84.9,5.798,1.232,227.7,6.264,0.791,210.0,358.85,99.23253423701959
2019-09-27 12:00:00,9/27/2019 12:00,-18.03,-16.46,82.4,4.198,0.749,338.0,3.898,0.345,311.9,358.86,98.17426867032228
2019-09-27 13:00:00,9/27/2019 13:00,-20.5,-20.51,81.5,3.765,0.399,298.9,3.232,0.09,288.4,359.07,99.42912492090767
2019-09-27 14:00:00,9/27/2019 14:00,-21.22,-21.35,81.2,2.999,0.592,313.7,0.6,0.002,299.5,359.31,99.74686691101111
2019-09-27 15:00:00,9/27/2019 15:00,-21.27,-21.42,81.1,3.399,0.566,334.5,0.433,0.001,86.4,359.31,99.6715783699819
2019-09-27 16:00:00,9/27/2019 16:00,-21.27,-21.53,81.0,3.965,1.044,114.9,2.499,0.027,81.4,359.13,99.5486787665664
2019-09-27 17:00:00,9/27/2019 17:00,-21.56,-21.86,80.9,3.299,0.528,312.8,0.966,0.004,142.4,358.93,99.70123022231583
2019-09-27 18:00:00,9/27/2019 18:00,-21.56,-21.82,80.6,6.597,0.857,1.927,5.964,0.556,331.1,358.75,99.33150996191168
2019-09-27 19:00:00,9/27/2019 19:00,-21.77,-21.8,80.9,12.0,5.054,245.8,12.5,5.081,220.6,358.4,99.90104171246567
2019-09-27 20:00:00,9/27/2019 20:00,-21.2,-21.08,81.3,13.19,6.104,246.1,13.26,6.129,220.3,358.1,99.85064468178157
2019-09-27 21:00:00,9/27/2019 21:00,-20.94,-20.84,81.5,13.73,7.94,249.9,13.83,8.11,223.8,357.72,99.84809306402352
2019-09-27 22:00:00,9/27/2019 22:00,-21.13,-21.15,81.3,13.86,6.704,248.4,14.03,6.875,222.6,357.67,99.78394457082665
2019-09-27 23:00:00,9/27/2019 23:00,-21.76,-21.9,80.3,12.33,2.852,246.2,12.56,2.602,223.1,357.73,99.15066847682208
2019-09-28 00:00:00,9/28/2019 0:00,-22.9,-23.43,79.39,4.132,1.003,332.2,3.732,0.422,291.6,357.89,99.09634218351789
2019-09-28 01:00:00,9/28/2019 1:00,-22.06,-18.05,81.6,4.831,0.946,324.7,4.931,0.538,302.7,357.97,100.0
2019-09-28 02:00:00,9/28/2019 2:00,-16.93,-7.665,84.7,4.298,0.631,95.2,3.932,0.172,78.51,358.27,99.85190829860053
2019-09-28 03:00:00,9/28/2019 3:00,-14.8,-5.924,86.4,10.4,1.28,156.3,10.56,0.865,147.2,358.36,99.78352770831987
2019-09-28 04:00:00,9/28/2019 4:00,-14.45,-9.5,84.0,12.53,5.886,243.3,12.53,5.999,216.5,358.46,96.68397373289535
2019-09-28 05:00:00,9/28/2019 5:00,-16.2,-14.33,83.8,12.36,8.37,247.2,12.59,8.64,220.8,358.57,98.09814149144509
2019-09-28 06:00:00,9/28/2019 6:00,-16.2,-12.74,83.6,9.83,6.152,226.2,9.8,6.445,199.4,358.5,97.86401704874474
2019-09-28 07:00:00,9/28/2019 7:00,-16.25,-11.95,83.6,12.83,8.17,219.6,13.93,8.75,192.8,357.98,97.91122656946878
2019-09-28 08:00:00,9/28/2019 8:00,-16.61,-12.14,83.9,14.23,11.16,216.2,15.19,11.83,187.5,357.73,98.6042650671478
2019-09-28 09:00:00,9/28/2019 9:00,-16.98,-12.49,83.9,13.79,9.79,214.2,14.39,10.07,184.8,357.6,98.95644911308352
2019-09-28 10:00:00,9/28/2019 10:00,-16.55,-12.31,84.9,9.53,6.315,215.7,9.83,1.578,186.6,357.64,99.72183039103685
2019-09-28 11:00:00,9/28/2019 11:00,-16.69,-13.94,84.0,7.83,5.153,217.4,,,,357.59,98.7979429497019
2019-09-28 12:00:00,9/28/2019 12:00,-18.32,-17.99,82.4,9.5,4.46,236.4,,,,357.79,98.44827393475752
2019-09-28 13:00:00,9/28/2019 13:00,-20.86,-21.26,80.8,3.932,0.191,326.4,,,,358.03,98.91488367849033
2019-09-28 14:00:00,9/28/2019 14:00,-21.68,-21.83,81.3,6.797,1.048,255.3,,,,358.32,100.0
2019-09-28 15:00:00,9/28/2019 15:00,-20.83,-20.76,81.8,8.43,2.36,225.3,,,,358.51,100.0
2019-09-28 16:00:00,9/28/2019 16:00,-21.12,-21.41,80.4,4.631,0.767,61.8,,,,358.51,98.66990480300177
2019-09-28 17:00:00,9/28/2019 17:00,-22.59,-23.06,79.65,5.065,0.404,46.77,,,,358.32,99.1283337809265
2019-09-28 18:00:00,9/28/2019 18:00,-23.3,-23.87,79.13,5.898,0.206,240.3,,,,358.13,99.14770595598898
2019-09-28 19:00:00,9/28/2019 19:00,-23.3,-23.61,79.32,5.898,1.226,216.0,,,,358.08,99.38577071185449
2019-09-28 20:00:00,9/28/2019 20:00,-23.66,-24.18,79.2,3.699,0.671,322.9,,,,357.96,99.57487182542252
2019-09-28 21:00:00,9/28/2019 21:00,-22.85,-22.82,80.4,10.8,3.177,265.3,,,,357.68,100.0
2019-09-28 22:00:00,9/28/2019 22:00,-21.68,-21.52,81.0,10.4,6.792,246.1,,,,357.51,99.93875382128554
2019-09-28 23:00:00,9/28/2019 23:00,-21.27,-21.21,81.2,10.56,6.861,233.7,,,,357.46,99.79447797339743
2019-09-29 00:00:00,9/29/2019 0:00,-20.72,-20.64,81.5,11.43,7.515,232.2,,,,357.85,99.63844500098052
2019-09-29 01:00:00,9/29/2019 1:00,-20.52,-20.35,82.1,9.93,6.456,228.6,,,,357.78,100.0
2019-09-29 02:00:00,9/29/2019 2:00,-19.94,-18.85,82.0,13.56,9.08,217.7,13.93,5.139,191.0,357.89,99.50453530281479
2019-09-29 03:00:00,9/29/2019 3:00,-19.46,-17.07,82.7,11.8,8.91,214.3,16.66,12.4,184.0,358.26,99.8935801314019
2019-09-29 04:00:00,9/29/2019 4:00,-17.39,-13.79,84.4,8.53,6.059,224.0,11.23,8.1,195.9,358.64,99.93995855340222
2019-09-29 05:00:00,9/29/2019 5:00,-16.16,-11.83,85.6,6.697,5.181,213.2,9.33,6.03,184.0,358.68,100.0
2019-09-29 06:00:00,9/29/2019 6:00,-14.93,-10.24,85.5,6.164,4.624,213.4,8.63,5.245,183.4,358.61,98.86828384458872
2019-09-29 07:00:00,9/29/2019 7:00,-14.52,-10.7,85.4,5.231,3.737,214.2,5.198,3.935,185.0,358.28,98.36194729604941
2019-09-29 08:00:00,9/29/2019 8:00,-14.93,-11.57,85.3,4.898,3.131,226.8,5.764,3.554,197.3,357.97,98.63701300518618
2019-09-29 09:00:00,9/29/2019 9:00,-15.35,-13.58,84.7,5.331,3.148,251.6,6.198,4.353,223.5,357.78,98.34149456542994
2019-09-29 10:00:00,9/29/2019 10:00,-16.46,-15.03,83.6,5.431,3.442,243.9,6.464,4.661,215.3,357.59,98.10971093251398
2019-09-29 11:00:00,9/29/2019 11:00,-17.93,-16.49,83.2,5.265,3.068,230.5,6.131,3.807,201.5,357.61,99.03215656972266
2019-09-29 12:00:00,9/29/2019 12:00,-18.79,-17.49,82.0,4.698,0.283,239.4,5.198,0.506,207.7,357.67,98.4135633812459
2019-09-29 13:00:00,9/29/2019 13:00,-21.05,-21.11,80.7,3.399,0.043,53.94,4.898,0.102,68.93,357.87,98.97190548253009
2019-09-29 14:00:00,9/29/2019 14:00,-22.79,-23.01,79.55,0.067,,353.6,0.133,,278.8,358.14,99.19231195673747
2019-09-29 15:00:00,9/29/2019 15:00,-23.71,-24.0,79.2,,,,,,,358.31,99.62208175001776
2019-09-29 16:00:00,9/29/2019 16:00,-23.79,-24.13,79.07,,,,,,,358.25,99.53400431613342
2019-09-29 17:00:00,9/29/2019 17:00,-24.24,-24.67,78.42,3.265,0.036,289.9,5.265,0.092,248.8,358.02,99.1373791702593
2019-09-29 18:00:00,9/29/2019 18:00,-24.43,-24.57,78.87,4.032,0.44,298.4,5.698,0.554,263.6,357.86,99.88565879370202
2019-09-29 19:00:00,9/29/2019 19:00,-24.19,-24.32,78.52,3.465,0.201,292.8,4.831,0.393,260.4,357.55,99.21683337592924
2019-09-29 20:00:00,9/29/2019 20:00,-24.63,-24.61,78.35,4.532,0.069,275.1,5.764,0.335,231.8,357.24,99.4149243374791
2019-09-29 21:00:00,9/29/2019 21:00,-24.73,-24.76,78.25,6.297,1.602,264.0,6.731,1.917,231.0,356.98,99.38191938945282
2019-09-29 22:00:00,9/29/2019 22:00,-24.86,-24.71,78.39,6.564,3.428,251.8,8.1,4.048,221.2,356.84,99.68207841315663
2019-09-29 23:00:00,9/29/2019 23:00,-24.58,-24.15,78.79,7.963,4.141,257.5,9.73,4.789,227.2,356.66,99.9259792061864
2019-09-30 00:00:00,9/30/2019 0:00,-24.0,-23.68,79.25,8.53,6.202,255.8,10.6,7.126,226.4,356.71,99.95926615616803
2019-09-30 01:00:00,9/30/2019 1:00,-23.32,-21.9,79.49,8.66,6.246,252.1,10.56,7.29,222.8,357.09,99.61768278755882
2019-09-30 02:00:00,9/30/2019 2:00,-21.63,-17.64,79.37,7.597,3.706,237.5,9.4,4.271,208.9,357.47,97.8809694160022
2019-09-30 03:00:00,9/30/2019 3:00,-20.11,-13.92,80.9,5.998,1.943,230.1,6.764,2.118,200.4,357.8,98.32960044410598
2019-09-30 04:00:00,9/30/2019 4:00,-18.03,-12.96,80.2,7.031,1.3,281.8,9.3,1.394,248.7,357.91,95.55311101164862
2019-09-30 05:00:00,9/30/2019 5:00,-17.51,-13.18,81.5,6.764,1.345,249.8,9.3,2.289,220.1,357.9,96.61752438087926
2019-09-30 06:00:00,9/30/2019 6:00,-20.11,-17.6,78.3,8.6,4.207,260.7,11.4,5.116,233.0,357.6,95.16944023205807
2019-09-30 07:00:00,9/30/2019 7:00,-20.27,-16.43,79.09,8.1,2.595,249.9,10.56,3.276,219.3,357.31,96.27692912089879
2019-09-30 08:00:00,9/30/2019 8:00,-20.34,-16.25,81.3,10.13,2.631,245.9,12.23,2.978,217.6,357.05,99.03347421474896
2019-09-30 09:00:00,9/30/2019 9:00,-20.34,-16.07,80.7,10.63,2.88,246.8,12.3,3.127,218.2,356.81,98.30259986630064
2019-09-30 10:00:00,9/30/2019 10:00,-19.6,-14.1,80.5,7.764,1.69,225.2,8.76,1.721,198.1,356.61,97.36673740799507
2019-09-30 11:00:00,9/30/2019 11:00,-20.57,-15.96,79.62,6.331,1.117,239.4,6.964,1.247,220.6,356.54,97.20057576792325
2019-09-30 12:00:00,9/30/2019 12:00,-22.31,-20.17,78.62,4.831,0.808,314.0,4.998,0.924,287.1,356.62,97.58614704023617
2019-09-30 13:00:00,9/30/2019 13:00,-23.87,-23.79,79.02,5.898,1.018,86.7,6.264,1.178,52.0,356.88,99.54649882815062
2019-09-30 14:00:00,9/30/2019 14:00,-23.72,-23.58,79.37,9.06,1.959,269.1,9.4,1.987,243.6,357.02,99.84538111914532
2019-09-30 15:00:00,9/30/2019 15:00,-23.4,-23.68,78.44,6.764,2.192,169.5,7.43,2.016,140.7,357.22,98.37646462122373
2019-09-30 16:00:00,9/30/2019 16:00,-24.51,-24.74,78.33,3.865,0.851,335.5,3.599,0.18,305.7,357.22,99.27685292178612
2019-09-30 17:00:00,9/30/2019 17:00,-24.52,-24.65,78.47,3.599,1.09,322.6,2.866,0.277,285.3,357.06,99.46369616557227
2019-09-30 18:00:00,9/30/2019 18:00,-24.47,-24.47,78.6,3.765,0.869,313.7,0.367,0.002,256.8,356.91,99.58138050860063
2019-09-30 19:00:00,9/30/2019 19:00,-24.47,-24.98,78.49,8.13,0.771,148.1,7.764,0.334,111.0,356.56,99.44201725343594
2019-09-30 20:00:00,9/30/2019 20:00,-24.37,-24.78,78.42,4.565,0.41,294.6,4.565,0.194,284.3,356.37,99.2594005599623
2019-09-30 21:00:00,9/30/2019 21:00,-24.54,-24.8,77.86,4.931,0.64,355.4,4.665,0.342,335.9,356.12,98.70916305655531
2019-09-30 22:00:00,9/30/2019 22:00,-24.77,-25.24,78.22,4.498,0.525,146.7,4.132,0.289,129.2,356.1,99.3813720155683
2019-09-30 23:00:00,9/30/2019 23:00,-23.93,-24.25,79.23,5.265,1.931,273.5,5.231,1.142,244.0,356.14,99.86780129763841
2019-10-01 00:00:00,10/1/2019 0:00,-23.52,-23.6,80.4,9.4,3.756,272.9,9.9,3.541,244.9,356.14,100.0
2019-10-01 01:00:00,10/1/2019 1:00,-22.99,-21.38,79.04,10.43,6.446,250.4,11.23,6.666,224.1,356.39,98.7438593951189
2019-10-01 02:00:00,10/1/2019 2:00,-21.76,-16.84,77.72,9.76,3.312,266.2,10.13,3.184,237.2,356.79,95.96500565403004
2019-10-01 03:00:00,10/1/2019 3:00,-20.89,-13.17,79.79,6.831,1.574,260.1,6.731,1.253,234.9,357.11,97.70644511482593
2019-10-01 04:00:00,10/1/2019 4:00,-19.58,-12.82,81.0,8.56,1.511,49.81,8.6,0.995,15.1,357.26,97.95272651477117
2019-10-01 05:00:00,10/1/2019 5:00,-18.27,-11.15,83.3,3.565,1.004,102.7,2.666,0.216,79.89,357.31,99.47575666727187
2019-10-01 06:00:00,10/1/2019 6:00,-18.4,-11.66,81.1,6.997,1.163,126.4,6.964,0.625,133.9,357.09,96.96958474726357
2019-10-01 07:00:00,10/1/2019 7:00,-19.16,-13.14,79.68,5.664,1.328,144.9,5.365,0.733,131.2,356.9,95.9692741597463
2019-10-01 08:00:00,10/1/2019 8:00,-19.62,-13.88,79.09,5.498,1.451,150.8,5.631,0.786,140.4,356.78,95.67964084671222
2019-10-01 09:00:00,10/1/2019 9:00,-19.86,-14.84,80.4,4.698,0.96,341.0,4.365,0.4,10.69,356.72,97.48827764875708
2019-10-01 10:00:00,10/1/2019 10:00,-19.21,-14.19,78.73,3.932,0.844,311.4,3.699,0.23,289.7,356.73,94.87054392514115
2019-10-01 11:00:00,10/1/2019 11:00,-21.42,-17.14,77.91,7.197,1.248,318.6,7.031,0.588,318.4,356.77,95.88822295659442
2019-10-01 12:00:00,10/1/2019 12:00,-23.8,-21.83,77.69,6.997,1.59,339.3,6.897,0.79,329.0,356.99,97.80611686921488
2019-10-01 13:00:00,10/1/2019 13:00,-24.89,-24.52,77.67,6.597,1.467,335.8,6.098,0.665,320.4,357.22,98.79450344369299
2019-10-01 14:00:00,10/1/2019 14:00,-25.01,-24.64,77.82,7.33,1.584,337.0,6.931,0.936,307.2,357.48,99.09752637497057
2019-10-01 15:00:00,10/1/2019 15:00,-24.73,-24.32,78.24,7.597,1.689,334.4,7.33,0.989,315.0,357.83,99.3692188246746
2019-10-01 16:00:00,10/1/2019 16:00,-24.66,-24.34,77.53,7.53,1.489,342.4,7.197,0.66,319.9,357.96,98.4023607811094
2019-10-01 17:00:00,10/1/2019 17:00,-24.74,-24.6,78.0,5.464,1.421,339.9,5.198,0.532,322.2,357.76,99.07376656740794
2019-10-01 18:00:00,10/1/2019 18:00,-24.79,-24.82,78.06,4.565,0.936,304.5,4.165,0.279,275.2,357.61,99.19682841971878
2019-10-01 19:00:00,10/1/2019 19:00,-24.47,-24.51,78.42,4.498,1.087,311.5,3.898,0.269,293.6,357.46,99.35333154560385
2019-10-01 20:00:00,10/1/2019 20:00,-23.96,-24.01,79.43,4.465,1.097,318.5,3.932,0.108,300.2,357.23,100.0
2019-10-01 21:00:00,10/1/2019 21:00,-23.06,-23.28,79.78,4.665,0.97,53.57,3.365,0.038,341.2,357.05,99.73462403458616
2019-10-01 22:00:00,10/1/2019 22:00,-23.11,-23.43,79.09,5.298,1.046,347.9,4.332,0.037,18.67,356.98,98.91900012357262
2019-10-01 23:00:00,10/1/2019 23:00,-23.28,-23.55,79.52,6.297,1.399,320.3,4.798,0.124,315.6,357.04,99.61745377468752
2019-10-02 00:00:00,10/2/2019 0:00,-22.97,-23.39,79.45,5.998,1.019,14.61,4.498,0.045,45.56,357.08,99.23721208593855
2019-10-02 01:00:00,10/2/2019 1:00,-22.21,-18.29,79.32,5.398,1.447,18.83,3.432,0.053,24.35,357.29,98.36134202901306
2019-10-02 02:00:00,10/2/2019 2:00,-21.24,-16.57,80.8,7.297,2.031,81.6,6.864,1.252,62.2,357.54,99.2744516517147
2019-10-02 03:00:00,10/2/2019 3:00,-20.1,-13.66,79.88,8.76,2.017,82.3,8.56,1.086,61.22,357.95,97.0805536473863
2019-10-02 04:00:00,10/2/2019 4:00,-21.58,-18.04,79.25,14.73,6.762,260.1,15.39,6.611,234.7,357.64,97.68639806477759
2019-10-02 05:00:00,10/2/2019 5:00,-21.49,-18.91,79.64,14.73,9.54,251.1,15.16,9.77,224.4,357.92,98.08290228418998
2019-10-02 06:00:00,10/2/2019 6:00,-20.56,-16.83,81.0,15.33,8.69,233.8,16.73,9.03,206.2,357.73,98.87583494208383
2019-10-02 07:00:00,10/2/2019 7:00,-20.1,-16.1,80.7,14.56,7.915,241.8,15.73,8.18,214.1,357.33,98.07712417806803
2019-10-02 08:00:00,10/2/2019 8:00,-19.37,-13.21,81.3,14.66,5.555,248.7,15.09,5.511,220.6,357.33,98.11783249717786
2019-10-02 09:00:00,10/2/2019 9:00,-19.02,-14.32,81.3,12.96,4.443,256.5,13.03,4.311,229.0,357.3,97.78904344455609
2019-10-02 10:00:00,10/2/2019 10:00,-19.3,-13.95,81.2,12.66,4.484,252.4,13.13,4.358,223.8,357.26,97.93140132038175
2019-10-02 11:00:00,10/2/2019 11:00,-19.72,-15.32,81.4,10.9,6.474,251.3,10.8,6.478,224.4,357.42,98.56856338682155
2019-10-02 12:00:00,10/2/2019 12:00,-20.22,-18.42,80.8,8.36,3.498,265.2,8.13,3.014,229.6,357.62,98.31148584525695
2019-10-02 13:00:00,10/2/2019 13:00,-20.92,-20.65,81.5,6.098,2.7,273.9,5.931,1.636,246.4,357.64,99.82902063608887
2019-10-02 14:00:00,10/2/2019 14:00,-20.66,-20.05,81.0,7.897,3.685,275.4,7.797,3.046,248.4,358.08,98.9703967407268
2019-10-02 15:00:00,10/2/2019 15:00,-20.8,-20.14,80.6,8.56,3.363,284.9,8.33,2.786,256.3,358.28,98.61349949680833
2019-10-02 16:00:00,10/2/2019 16:00,-21.24,-21.12,80.3,7.097,1.741,317.4,7.297,0.706,259.9,358.26,98.66012954990953
2019-10-02 17:00:00,10/2/2019 17:00,-21.91,-22.06,80.2,5.464,1.323,331.1,4.398,0.073,288.5,357.99,99.16884697929248
2019-10-02 18:00:00,10/2/2019 18:00,-22.87,-23.13,78.93,3.632,0.981,322.3,3.232,0.036,277.1,357.69,98.49407881320745
2019-10-02 19:00:00,10/2/2019 19:00,-23.68,-23.58,79.14,6.464,1.341,330.6,6.497,0.349,308.5,357.29,99.51830414406739
2019-10-02 20:00:00,10/2/2019 20:00,-23.42,-23.0,78.04,7.897,1.982,328.8,8.1,1.413,301.0,356.95,97.89337389908769
2019-10-02 21:00:00,10/2/2019 21:00,-23.86,-23.76,78.41,6.597,1.372,335.9,6.331,0.751,311.7,356.57,98.7686845022596
2019-10-02 22:00:00,10/2/2019 22:00,-24.06,-24.21,78.55,4.731,1.243,326.8,4.065,0.201,315.7,356.42,99.1326572841273
2019-10-02 23:00:00,10/2/2019 23:00,-24.62,-24.43,77.7,5.798,1.169,322.1,2.899,0.045,346.3,356.46,98.5808485912448
2019-10-03 00:00:00,10/3/2019 0:00,-24.8,-24.37,77.81,6.397,1.332,326.6,5.864,0.587,305.6,356.79,98.88847623719055
2019-10-03 01:00:00,10/3/2019 1:00,-24.3,-21.54,77.59,7.33,1.367,329.7,6.764,0.856,310.5,357.05,98.14381483246801
2019-10-03 02:00:00,10/3/2019 2:00,-22.79,-15.66,76.4,15.83,2.323,98.2,16.03,1.955,85.4,357.52,95.26452084845685
2019-10-03 03:00:00,10/3/2019 3:00,-22.29,-15.14,78.82,13.23,2.656,195.7,13.19,2.328,170.7,357.93,97.81577336146407
2019-10-03 04:00:00,10/3/2019 4:00,-21.1,-11.87,76.07,10.03,2.142,200.3,10.03,1.917,164.2,358.02,93.33814156191214
2019-10-03 05:00:00,10/3/2019 5:00,-21.16,-12.07,77.7,8.73,2.682,200.5,9.53,2.476,172.7,358.04,95.39278345239387
2019-10-03 06:00:00,10/3/2019 6:00,-20.72,-11.8,76.52,12.69,2.878,181.6,12.99,2.724,150.1,357.7,93.55010811625803
2019-10-03 07:00:00,10/3/2019 7:00,-20.24,-12.72,80.6,16.16,3.958,220.7,16.63,3.739,189.2,357.52,98.08690830101405
2019-10-03 08:00:00,10/3/2019 8:00,-19.49,-10.64,81.0,13.93,3.101,191.0,14.36,2.924,161.3,357.54,97.86828105938376
2019-10-03 09:00:00,10/3/2019 9:00,-19.88,-14.26,78.72,16.26,5.985,237.5,17.03,5.988,210.7,357.47,95.46949135011882
2019-10-03 10:00:00,10/3/2019 10:00,-21.05,-13.46,76.4,15.19,4.303,251.2,14.83,4.133,217.9,357.63,93.69830952745104
2019-10-03 11:00:00,10/3/2019 11:00,-21.44,-12.8,77.14,8.3,1.78,262.9,8.73,1.435,231.8,357.7,94.95865623043092
2019-10-03 12:00:00,10/3/2019 12:00,-22.5,-18.86,77.48,5.931,1.228,334.4,5.698,0.722,306.3,357.88,96.34515432851789
2019-10-03 13:00:00,10/3/2019 13:00,-23.43,-23.29,76.86,4.298,1.19,323.8,3.865,0.676,293.0,358.03,96.4223294372024
2019-10-03 14:00:00,10/3/2019 14:00,-23.74,-23.37,76.34,4.198,1.037,312.9,4.032,0.586,287.6,358.43,96.05192784079307
2019-10-03 15:00:00,10/3/2019 15:00,-23.54,-23.12,76.13,4.965,1.07,316.9,4.132,0.775,282.1,358.58,95.60623655356768
2019-10-03 16:00:00,10/3/2019 16:00,-23.64,-23.43,75.33,5.964,1.473,341.0,5.498,1.133,310.5,358.64,94.6913243469184
2019-10-03 17:00:00,10/3/2019 17:00,-24.03,-23.71,74.89,5.331,1.283,324.9,4.865,0.953,289.3,358.41,94.48677142035278
2019-10-03 18:00:00,10/3/2019 18:00,-24.43,-24.08,73.58,4.965,1.049,320.9,4.665,0.799,286.1,358.37,93.18608817092169
2019-10-03 19:00:00,10/3/2019 19:00,-24.56,-24.11,72.78,4.165,0.94,322.1,3.898,0.6,287.4,358.18,92.28630228602573
2019-10-03 20:00:00,10/3/2019 20:00,-24.67,-24.19,72.79,4.865,1.066,311.1,4.798,0.805,277.9,358.02,92.39500642035945
2019-10-03 21:00:00,10/3/2019 21:00,-24.45,-24.08,73.47,4.365,0.842,306.6,3.798,0.621,271.6,357.9,93.0643802348562
2019-10-03 22:00:00,10/3/2019 22:00,-24.21,-23.9,72.39,3.532,1.007,305.9,3.465,0.655,278.8,357.64,91.48836393289182
2019-10-03 23:00:00,10/3/2019 23:00,-24.53,-24.17,71.56,6.231,1.301,337.8,5.664,0.928,305.5,357.66,90.71358661763107
2019-10-04 00:00:00,10/4/2019 0:00,-24.54,-24.1,70.6,6.597,1.354,358.8,6.497,1.023,336.1,357.83,89.50509776255849
2019-10-04 01:00:00,10/4/2019 1:00,-23.65,-20.21,70.29,5.098,1.265,146.4,5.231,1.104,118.1,358.12,88.36432061476823
2019-10-04 02:00:00,10/4/2019 2:00,-22.28,-14.05,70.03,6.297,1.021,214.8,6.431,0.747,188.0,358.63,86.89909476624085
2019-10-04 03:00:00,10/4/2019 3:00,-21.37,-14.53,71.47,8.23,2.356,297.9,8.2,2.207,268.0,359.02,87.92020247656477
2019-10-04 04:00:00,10/4/2019 4:00,-20.81,-13.64,70.97,8.1,2.536,289.6,8.3,2.323,259.0,359.12,86.83956300268494
2019-10-04 05:00:00,10/4/2019 5:00,-20.39,-11.25,71.82,7.764,2.033,240.2,7.63,1.724,214.4,358.98,87.52750840292947
2019-10-04 06:00:00,10/4/2019 6:00,-21.12,-14.3,65.66,9.6,4.708,249.1,9.76,4.718,222.2,358.56,80.58042225578477
2019-10-04 07:00:00,10/4/2019 7:00,-21.4,-16.79,61.81,10.9,8.01,257.8,11.2,8.07,231.2,358.22,76.0585331178291
2019-10-04 08:00:00,10/4/2019 8:00,-21.11,-17.03,54.33,11.7,9.15,258.2,12.13,9.22,231.6,357.91,66.66945460976555
2019-10-04 09:00:00,10/4/2019 9:00,-21.12,-17.18,42.96,11.7,8.48,257.6,12.0,8.57,230.9,357.7,52.72212823802184
2019-10-04 10:00:00,10/4/2019 10:00,-21.47,-17.67,43.21,11.56,8.41,256.7,11.6,8.43,229.9,357.74,53.20635084676945
2019-10-04 11:00:00,10/4/2019 11:00,-21.22,-17.83,33.12,11.13,7.93,258.4,11.36,7.92,231.9,357.86,40.68492896665872
2019-10-04 12:00:00,10/4/2019 12:00,-21.78,-20.42,24.72,11.03,8.27,253.1,11.3,8.4,226.5,357.79,30.52891392820921
2019-10-04 13:00:00,10/4/2019 13:00,-21.66,-21.7,50.84,13.46,11.05,230.5,14.16,11.74,203.5,357.68,62.715031436674884
2019-10-04 14:00:00,10/4/2019 14:00,-21.84,-22.03,32.01,13.76,10.62,221.8,14.43,11.19,193.9,358.13,39.55459082542844
2019-10-04 15:00:00,10/4/2019 15:00,-22.08,-22.24,40.76,14.53,11.39,228.3,15.16,12.13,200.5,358.14,50.482207629336315
2019-10-04 16:00:00,10/4/2019 16:00,-22.38,-22.52,46.0,15.46,11.6,236.5,16.29,12.16,209.0,358.12,57.13500511330927
2019-10-04 17:00:00,10/4/2019 17:00,-22.42,-22.53,77.35,14.69,11.4,228.3,15.53,12.06,199.6,357.99,96.11032600910434
2019-10-04 18:00:00,10/4/2019 18:00,-22.73,-22.84,46.51,14.29,10.42,234.2,14.89,10.97,205.2,357.91,57.9610809345325
2019-10-04 19:00:00,10/4/2019 19:00,-22.66,-22.79,52.3,15.43,11.06,233.2,16.03,11.59,202.9,357.53,65.13325743022186
2019-10-04 20:00:00,10/4/2019 20:00,-23.17,-23.31,64.74,13.49,9.36,239.7,14.19,9.75,210.5,357.43,81.017392483191
2019-10-04 21:00:00,10/4/2019 21:00,-23.52,-23.66,59.0,13.39,9.28,240.4,13.69,9.61,210.5,357.19,74.07983802914505
2019-10-04 22:00:00,10/4/2019 22:00,-23.78,-23.89,67.17,14.39,10.35,234.1,15.13,10.86,202.5,356.9,84.54616773279058
2019-10-04 23:00:00,10/4/2019 23:00,-24.03,-24.13,66.07,13.99,9.84,243.9,14.16,10.18,214.3,357.2,83.35880608549482
2019-10-05 00:00:00,10/5/2019 0:00,-23.91,-24.03,63.79,12.36,9.0,256.2,12.53,9.07,227.7,357.3,80.39076295747698
2019-10-05 01:00:00,10/5/2019 1:00,-23.04,-22.29,65.46,14.56,9.05,241.3,15.06,9.32,211.8,357.53,81.81735355583143
2019-10-05 02:00:00,10/5/2019 2:00,-22.3,-20.25,64.19,12.66,9.26,249.3,13.06,9.47,221.9,357.85,79.66749711984288
2019-10-05 03:00:00,10/5/2019 3:00,-22.44,-20.05,53.21,12.83,9.17,254.3,13.03,9.32,227.0,357.89,66.12803703997966
2019-10-05 04:00:00,10/5/2019 4:00,-21.64,-18.86,44.95,12.33,8.78,233.5,12.83,9.23,206.0,358.17,55.43869335149134
2019-10-05 05:00:00,10/5/2019 5:00,-21.59,-18.33,51.39,11.6,7.937,233.5,12.36,8.36,206.1,358.32,63.35120158502759
2019-10-05 06:00:00,10/5/2019 6:00,-21.31,-17.52,48.44,10.9,6.974,231.1,11.33,7.244,203.7,358.17,59.55529702852584
2019-10-05 07:00:00,10/5/2019 7:00,-21.11,-17.31,53.47,12.06,7.375,232.0,12.43,7.72,203.9,357.86,65.61413101388118
2019-10-05 08:00:00,10/5/2019 8:00,-21.27,-17.57,66.19,11.43,7.775,235.4,11.76,8.1,207.4,357.52,81.34724750072876
2019-10-05 09:00:00,10/5/2019 9:00,-21.4,-17.82,81.9,11.86,7.177,248.0,11.83,7.22,220.0,357.45,100.0
2019-10-05 10:00:00,10/5/2019 10:00,-21.35,-17.8,55.09,11.3,7.445,250.2,11.53,7.519,222.6,357.45,67.75709768413725
2019-10-05 11:00:00,10/5/2019 11:00,-21.51,-17.87,58.65,10.56,6.402,253.2,10.8,6.468,226.4,357.63,72.2458521931532
2019-10-05 12:00:00,10/5/2019 12:00,-22.33,-20.54,60.52,8.8,2.556,252.8,8.86,2.308,224.2,357.71,75.13403553927037
2019-10-05 13:00:00,10/5/2019 13:00,-22.9,-23.24,44.25,5.931,1.755,254.3,6.031,1.609,227.1,358.07,55.23382216426082
2019-10-05 14:00:00,10/5/2019 14:00,-22.36,-22.74,47.91,4.598,1.51,282.7,4.798,1.384,256.4,358.52,59.49602572095248
2019-10-05 15:00:00,10/5/2019 15:00,-21.83,-22.08,27.34,5.398,2.853,273.5,5.664,2.863,247.3,358.83,33.78067677083964
2019-10-05 16:00:00,10/5/2019 16:00,-22.27,-22.5,27.25,4.965,2.867,275.9,5.031,2.784,248.4,358.84,33.8108660506695
2019-10-05 17:00:00,10/5/2019 17:00,-22.86,-23.07,57.27,6.531,4.538,259.0,6.631,4.607,233.0,358.61,71.45850619242334
2019-10-05 18:00:00,10/5/2019 18:00,-22.84,-23.1,41.12,6.364,4.056,255.1,6.664,4.183,229.6,358.38,51.29763144777465
2019-10-05 19:00:00,10/5/2019 19:00,-22.71,-23.0,63.14,7.83,5.676,235.0,8.26,5.96,208.5,358.07,78.67054174979711
2019-10-05 20:00:00,10/5/2019 20:00,-23.13,-23.3,77.77,8.63,6.561,240.4,9.16,6.866,213.3,357.79,97.28653165595085
2019-10-05 21:00:00,10/5/2019 21:00,-23.6,-23.66,78.42,9.83,7.43,240.3,10.03,7.756,212.6,357.51,98.53813626440234
2019-10-05 22:00:00,10/5/2019 22:00,-23.36,-23.43,79.82,9.56,7.857,247.8,10.0,8.08,219.8,357.35,100.0
2019-10-05 23:00:00,10/5/2019 23:00,-23.07,-23.2,79.52,8.2,6.114,253.3,8.4,6.223,225.6,357.43,99.41903434681957
2019-10-06 00:00:00,10/6/2019 0:00,-23.34,-23.63,79.1,5.798,3.009,278.8,5.864,2.478,248.5,357.59,99.14774726780657
2019-10-06 01:00:00,10/6/2019 1:00,-23.37,-22.08,78.09,5.198,2.707,270.6,5.031,2.365,240.6,357.83,97.90963355204684
2019-10-06 02:00:00,10/6/2019 2:00,-22.62,-17.06,76.63,4.698,2.661,243.6,4.998,2.095,214.2,358.15,95.39700750006547
2019-10-06 03:00:00,10/6/2019 3:00,-21.78,-15.98,56.79,4.965,2.876,227.7,4.998,2.847,200.4,358.41,70.1349927986651
2019-10-06 04:00:00,10/6/2019 4:00,-21.09,-14.3,61.36,5.131,2.979,208.5,5.564,3.026,180.1,358.53,75.28173489267631
2019-10-06 05:00:00,10/6/2019 5:00,-21.22,-14.16,75.11,5.031,2.999,210.8,5.231,3.054,182.5,358.57,92.26585189268528
2019-10-06 06:00:00,10/6/2019 6:00,-20.67,-11.16,80.2,4.998,2.07,212.7,5.331,1.911,184.1,358.38,98.00227780085416
2019-10-06 07:00:00,10/6/2019 7:00,-19.73,-7.35,78.38,5.231,1.347,193.4,5.564,1.161,167.9,358.08,94.92068901796502
2019-10-06 08:00:00,10/6/2019 8:00,-20.84,-12.96,77.42,6.031,3.477,208.7,6.431,3.434,180.7,357.76,94.75900023013615
2019-10-06 09:00:00,10/6/2019 9:00,-20.77,-16.02,45.59,6.597,4.182,242.8,6.531,4.208,216.0,357.7,55.76303848944711
2019-10-06 10:00:00,10/6/2019 10:00,-20.81,-15.39,71.48,7.33,4.056,236.2,7.83,4.139,209.4,357.68,87.46360382460081
2019-10-06 11:00:00,10/6/2019 11:00,-21.13,-16.45,64.89,7.997,5.002,228.8,8.4,5.117,201.9,357.8,79.64305243789596
2019-10-06 12:00:00,10/6/2019 12:00,-21.77,-20.19,34.77,8.96,5.834,244.8,8.83,5.866,218.9,357.88,42.93645513402264
2019-10-06 13:00:00,10/6/2019 13:00,-22.17,-22.36,42.62,9.8,7.039,255.2,9.8,7.088,228.5,358.16,52.83111752274675
2019-10-06 14:00:00,10/6/2019 14:00,-21.7,-21.96,36.65,9.03,5.838,260.3,8.93,5.838,233.9,358.52,45.22782404871621
2019-10-06 15:00:00,10/6/2019 15:00,-21.91,-22.27,44.63,8.63,4.403,265.8,8.8,4.335,239.5,358.7,55.18585586890054
2019-10-06 16:00:00,10/6/2019 16:00,-22.37,-22.8,47.91,7.33,3.563,267.6,7.397,3.471,242.0,358.58,59.501687614070576
2019-10-06 17:00:00,10/6/2019 17:00,-22.6,-23.02,52.45,7.83,3.157,270.5,8.1,3.088,243.0,358.34,65.28280700906406
2019-10-06 18:00:00,10/6/2019 18:00,-22.63,-23.08,50.16,7.997,3.07,262.8,8.26,2.929,235.1,358.07,62.45033199475593
2019-10-06 19:00:00,10/6/2019 19:00,-22.34,-22.47,80.9,8.53,4.074,266.0,8.76,3.845,237.9,357.75,100.0
2019-10-06 20:00:00,10/6/2019 20:00,-22.05,-22.09,79.91,9.26,6.007,256.6,9.46,6.058,229.8,357.53,98.94211990065538
2019-10-06 21:00:00,10/6/2019 21:00,-23.17,-23.32,47.22,9.66,6.503,258.7,9.5,6.534,231.8,357.3,59.09238914204942
2019-10-06 22:00:00,10/6/2019 22:00,-22.94,-23.29,38.73,8.1,5.462,256.4,8.36,5.508,230.3,357.19,48.36201335832252
2019-10-06 23:00:00,10/6/2019 23:00,-23.23,-23.54,33.58,7.797,5.939,255.7,8.13,6.045,229.5,357.22,42.04686682425687
2019-10-07 00:00:00,10/7/2019 0:00,-23.24,-23.54,34.76,8.83,6.362,252.4,9.2,6.521,226.1,357.51,43.528524031168814
2019-10-07 01:00:00,10/7/2019 1:00,-23.09,-21.92,22.88,7.93,6.598,242.3,8.26,6.882,216.3,357.79,28.61091046155273
2019-10-07 02:00:00,10/7/2019 2:00,-22.12,-19.02,34.17,8.06,6.134,249.8,8.3,6.309,223.6,358.19,42.33646284256555
2019-10-07 03:00:00,10/7/2019 3:00,-21.46,-17.32,32.3,6.531,4.522,253.2,6.664,4.542,226.6,358.57,39.768600108733416
2019-10-07 04:00:00,10/7/2019 4:00,-21.1,-17.45,41.75,8.93,5.946,245.6,9.33,6.141,218.9,358.66,51.227388066384016
2019-10-07 05:00:00,10/7/2019 5:00,-21.12,-17.79,41.79,9.63,7.43,245.2,9.96,7.692,218.5,358.58,51.286260220366216
2019-10-07 06:00:00,10/7/2019 6:00,-20.92,-17.03,44.68,11.16,6.91,231.2,11.66,7.265,204.0,358.21,54.72835143583375
2019-10-07 07:00:00,10/7/2019 7:00,-20.86,-15.28,74.09,9.96,5.151,231.2,10.43,5.337,203.9,358.04,90.70054123439789
2019-10-07 08:00:00,10/7/2019 8:00,-20.38,-14.43,76.03,7.864,4.572,226.4,8.23,4.724,199.5,357.85,92.64940153350064
2019-10-07 09:00:00,10/7/2019 9:00,-20.89,-15.54,33.97,10.46,5.177,233.2,11.06,5.354,206.0,357.6,41.597793464727864
2019-10-07 10:00:00,10/7/2019 10:00,-20.53,-17.18,37.02,11.36,7.306,251.5,11.7,7.354,224.2,357.62,45.176959182658905
2019-10-07 11:00:00,10/7/2019 11:00,-20.71,-17.53,29.28,11.23,7.125,255.8,11.53,7.175,228.3,357.78,35.79306595042706
2019-10-07 12:00:00,10/7/2019 12:00,-21.47,-20.24,30.88,11.46,3.403,270.2,11.46,3.251,241.8,357.8,38.02388600204214
2019-10-07 13:00:00,10/7/2019 13:00,-22.72,-23.37,38.83,5.898,1.518,333.3,5.998,1.362,299.0,357.91,48.38561228560273
2019-10-07 14:00:00,10/7/2019 14:00,-22.56,-23.06,37.33,10.03,2.595,292.0,9.93,2.503,262.8,358.15,46.44576344460819
2019-10-07 15:00:00,10/7/2019 15:00,-22.51,-22.84,36.94,11.63,5.438,262.3,12.23,5.43,232.9,358.09,45.938675257276266
2019-10-07 16:00:00,10/7/2019 16:00,-22.86,-23.07,46.84,12.3,7.953,253.5,12.3,8.06,222.2,357.94,58.44449851672969
2019-10-07 17:00:00,10/7/2019 17:00,-22.87,-22.95,79.72,12.33,8.67,253.0,12.79,8.84,222.8,357.61,99.47989310767639
2019-10-07 18:00:00,10/7/2019 18:00,-23.1,-23.16,80.3,12.2,8.09,244.5,12.99,8.36,212.5,357.39,100.0
2019-10-07 19:00:00,10/7/2019 19:00,-22.79,-22.83,79.56,12.33,7.825,231.0,12.53,8.18,201.6,356.99,99.20478113485899
2019-10-07 20:00:00,10/7/2019 20:00,-23.51,-23.59,78.52,11.16,7.646,247.9,11.16,7.82,217.4,356.83,98.57961353281443
2019-10-07 21:00:00,10/7/2019 21:00,-24.59,-24.69,77.87,12.06,6.908,245.7,12.3,7.098,214.8,356.22,98.76851956768532
2019-10-07 22:00:00,10/7/2019 22:00,-24.83,-24.88,76.93,12.33,8.31,249.1,12.2,8.47,217.6,356.13,97.79779955484308
2019-10-07 23:00:00,10/7/2019 23:00,-24.3,-24.34,59.45,13.86,9.64,264.4,13.96,9.58,236.3,356.14,75.19847650200056
2019-10-08 00:00:00,10/8/2019 0:00,-24.11,-24.24,48.69,14.23,10.09,256.6,13.89,10.16,225.1,356.24,61.47746341146072
2019-10-08 01:00:00,10/8/2019 1:00,-24.16,-23.44,53.0,15.36,11.45,258.8,15.83,11.52,226.1,356.13,66.95108361205263
2019-10-08 02:00:00,10/8/2019 2:00,-23.59,-21.72,55.82,15.56,11.77,248.9,15.63,12.02,218.5,356.37,70.13360380509688
2019-10-08 03:00:00,10/8/2019 3:00,-23.57,-21.62,61.46,16.56,12.45,242.2,17.23,12.92,213.9,356.67,77.20519263901869
2019-10-08 04:00:00,10/8/2019 4:00,-23.31,-21.29,60.39,17.49,12.56,238.9,18.43,13.12,209.6,356.54,75.67418486513708
2019-10-08 05:00:00,10/8/2019 5:00,-23.11,-20.96,54.72,19.19,13.1,233.4,20.73,13.84,203.1,356.46,68.43909074171061
2019-10-08 06:00:00,10/8/2019 6:00,-22.59,-20.39,65.54,21.06,14.11,238.2,21.56,14.7,206.6,356.34,81.56774634026269
2019-10-08 07:00:00,10/8/2019 7:00,-22.6,-20.2,76.75,19.06,13.99,237.0,19.53,14.51,206.4,356.01,95.52822569963138
2019-10-08 08:00:00,10/8/2019 8:00,-22.83,-20.64,58.14,22.56,14.56,244.9,23.12,14.91,214.8,355.75,72.52336742195867
2019-10-08 09:00:00,10/8/2019 9:00,-23.05,-21.16,63.37,22.46,15.35,247.2,22.56,15.65,214.7,355.53,79.21262082633974
2019-10-08 10:00:00,10/8/2019 10:00,-23.33,-21.42,53.77,22.76,14.71,251.1,23.09,14.97,217.2,355.56,67.39151040422696
2019-10-08 11:00:00,10/8/2019 11:00,-23.37,-21.81,66.19,22.19,15.72,253.5,22.32,15.96,217.9,355.27,82.98935388410781
2019-10-08 12:00:00,10/8/2019 12:00,-23.27,-22.95,45.9,23.26,15.1,254.1,23.02,15.26,216.2,355.66,57.49505978436501
2019-10-08 13:00:00,10/8/2019 13:00,-23.38,-23.63,27.32,24.26,15.9,254.5,25.12,16.04,211.9,355.62,34.25720341529387
2019-10-08 14:00:00,10/8/2019 14:00,-23.75,-23.9,32.22,24.82,16.31,253.7,25.72,16.48,211.1,355.59,40.5434433334573
2019-10-08 15:00:00,10/8/2019 15:00,-24.38,-24.62,30.36,25.09,16.81,252.6,25.86,17.02,206.2,355.84,38.43152887470735
2019-10-08 16:00:00,10/8/2019 16:00,-24.31,-24.33,75.85,22.39,14.83,253.2,22.42,15.05,204.3,355.88,95.95196246595691
2019-10-08 17:00:00,10/8/2019 17:00,-24.13,-24.13,78.85,20.09,12.98,254.9,20.63,13.13,209.8,356.12,99.5772428479024
2019-10-08 18:00:00,10/8/2019 18:00,-23.28,-23.29,79.19,17.13,10.88,257.6,17.29,10.93,216.4,355.79,99.2040513633992
2019-10-08 19:00:00,10/8/2019 19:00,-23.48,-23.49,78.93,18.63,12.15,255.8,18.46,12.25,210.5,355.52,99.06616229994279
2019-10-08 20:00:00,10/8/2019 20:00,-23.81,-23.73,78.75,16.96,11.23,244.3,17.36,11.58,201.6,354.99,99.14997618996134
2019-10-08 21:00:00,10/8/2019 21:00,-23.81,-23.69,78.99,16.99,11.11,237.2,17.79,11.5,194.9,354.88,99.45214754596883
2019-10-08 22:00:00,10/8/2019 22:00,-25.26,-25.15,76.57,18.83,12.95,245.3,19.69,13.38,200.5,354.56,97.7360636118238
2019-10-08 23:00:00,10/8/2019 23:00,-26.42,-26.3,40.77,19.29,13.74,233.5,20.19,14.37,190.6,354.53,52.611391500216975
2019-10-09 00:00:00,10/9/2019 0:00,-25.95,-26.23,27.34,19.86,14.11,239.2,20.99,14.61,188.8,354.44,35.125149893565194
2019-10-09 01:00:00,10/9/2019 1:00,-25.25,-24.92,18.19,21.46,14.81,255.5,22.06,14.95,217.8,354.69,23.216028452625544
2019-10-09 02:00:00,10/9/2019 2:00,-24.55,-23.14,20.05,22.52,14.29,253.1,22.59,14.48,223.1,354.99,25.42134412337708
2019-10-09 03:00:00,10/9/2019 3:00,-24.51,-23.19,23.81,22.09,15.17,253.2,22.06,15.39,219.9,355.02,30.1772228784339
2019-10-09 04:00:00,10/9/2019 4:00,-24.01,-22.83,23.84,21.99,15.4,254.8,21.79,15.59,224.2,355.16,30.072613370602753
2019-10-09 05:00:00,10/9/2019 5:00,-24.14,-22.75,22.76,22.32,15.73,255.0,22.59,15.93,224.9,355.09,28.745626095712222
2019-10-09 06:00:00,10/9/2019 6:00,-24.3,-22.35,29.36,23.56,14.04,251.9,24.32,14.24,217.2,354.92,37.13754869804434
2019-10-09 07:00:00,10/9/2019 7:00,-24.28,-20.61,75.99,21.59,8.66,241.2,21.89,8.67,213.0,354.73,96.10178112865636
2019-10-09 08:00:00,10/9/2019 8:00,-24.1,-16.4,75.18,20.09,3.079,108.0,20.99,2.824,83.1,354.48,94.91554984546994
2019-10-09 09:00:00,10/9/2019 9:00,-24.08,-15.6,74.1,11.13,2.83,103.1,11.2,2.634,77.21,354.02,93.53432424918608
2019-10-09 10:00:00,10/9/2019 10:00,-25.53,-17.27,75.44,10.63,2.386,72.38,10.0,2.146,46.53,354.02,96.53915663634723
2019-10-09 11:00:00,10/9/2019 11:00,-26.8,-19.34,65.74,9.7,2.133,346.7,9.53,1.772,312.8,353.98,85.1369895387408
2019-10-09 12:00:00,10/9/2019 12:00,-27.43,-24.95,54.79,8.76,2.291,349.9,8.63,1.781,314.1,354.06,71.37630617842022
2019-10-09 13:00:00,10/9/2019 13:00,-27.24,-27.67,55.03,10.5,2.816,346.9,10.5,2.246,317.7,354.18,71.56152572660677
2019-10-09 14:00:00,10/9/2019 14:00,-27.94,-28.43,57.48,9.26,2.483,353.1,8.06,1.069,326.2,354.53,75.23862053628889
2019-10-09 15:00:00,10/9/2019 15:00,-28.32,-28.82,50.36,8.53,2.138,355.5,6.964,1.058,324.9,354.49,66.15313520726383
2019-10-09 16:00:00,10/9/2019 16:00,-28.32,-28.91,44.45,7.23,1.734,330.8,6.331,0.878,306.1,354.33,58.389731135084936
2019-10-09 17:00:00,10/9/2019 17:00,-28.25,-28.78,42.0,8.43,2.266,337.7,8.73,1.448,313.1,354.24,55.1353799416526
2019-10-09 18:00:00,10/9/2019 18:00,-28.13,-28.73,37.05,13.89,2.208,314.4,13.89,1.565,290.4,353.94,48.58283891217718
2019-10-09 19:00:00,10/9/2019 19:00,-28.09,-28.65,33.43,12.69,2.324,347.2,13.69,1.867,313.7,353.63,43.81964623084834
2019-10-09 20:00:00,10/9/2019 20:00,-28.66,-29.21,35.89,8.5,2.005,339.5,8.13,1.652,307.1,353.32,47.29493802279303
2019-10-09 21:00:00,10/9/2019 21:00,-28.59,-29.02,31.55,11.13,2.201,343.0,10.8,1.785,302.1,353.29,41.54868902733013
2019-10-09 22:00:00,10/9/2019 22:00,-28.68,-29.16,30.81,12.53,2.166,343.4,12.43,1.807,307.7,353.1,40.608206769721185
2019-10-09 23:00:00,10/9/2019 23:00,-28.8,-29.35,27.81,8.7,1.966,335.6,7.83,1.606,301.2,353.26,36.69512994512947
2019-10-10 00:00:00,10/10/2019 0:00,-29.03,-29.67,24.22,7.43,1.93,357.4,7.297,1.591,318.5,353.62,32.02662103814281
2019-10-10 01:00:00,10/10/2019 1:00,-27.74,-25.51,20.58,7.064,1.474,322.3,6.997,1.179,295.3,354.02,26.887947226797
2019-10-10 02:00:00,10/10/2019 2:00,-25.36,-19.98,18.24,9.0,2.973,33.76,8.96,2.523,10.06,354.59,23.304008883069525
2019-10-10 03:00:00,10/10/2019 3:00,-24.81,-18.98,23.58,9.0,3.481,58.52,8.9,3.259,33.78,354.92,29.97057662921625
2019-10-10 04:00:00,10/10/2019 4:00,-23.78,-16.79,37.29,8.33,1.973,53.55,8.33,1.563,26.81,354.88,46.93652813392527
2019-10-10 05:00:00,10/10/2019 5:00,-23.62,-15.14,40.29,5.331,1.59,41.97,5.398,1.157,22.57,354.79,50.63573686902215
2019-10-10 06:00:00,10/10/2019 6:00,-23.89,-14.64,49.36,5.764,0.995,70.3,5.098,0.651,49.2,354.56,62.193702222640134
2019-10-10 07:00:00,10/10/2019 7:00,-24.31,-15.58,33.12,6.664,1.312,67.4,6.864,1.032,50.63,354.28,41.89754775046134
2019-10-10 08:00:00,10/10/2019 8:00,-24.28,-16.29,47.02,9.86,1.739,265.7,9.93,1.552,237.9,354.06,59.46447886128994
2019-10-10 09:00:00,10/10/2019 9:00,-24.88,-16.63,70.68,8.3,1.734,314.7,8.23,1.67,286.7,354.0,89.89488902424081
2019-10-10 10:00:00,10/10/2019 10:00,-25.25,-16.43,52.73,6.464,0.976,329.4,6.464,1.001,294.7,354.1,67.29968006085458
2019-10-10 11:00:00,10/10/2019 11:00,-26.05,-18.03,45.45,6.331,1.395,350.5,6.631,1.236,316.2,354.23,58.446998243531446
2019-10-10 12:00:00,10/10/2019 12:00,-27.28,-24.38,42.56,5.564,1.424,322.5,5.564,1.075,288.7,354.32,55.36616151290299
2019-10-10 13:00:00,10/10/2019 13:00,-27.87,-28.31,41.05,6.264,1.348,305.9,5.631,0.998,279.6,354.48,53.697389407073494
2019-10-10 14:00:00,10/10/2019 14:00,-27.83,-28.37,36.69,4.965,1.33,306.6,4.998,0.977,280.5,354.79,47.97614750818905
2019-10-10 15:00:00,10/10/2019 15:00,-28.0,-28.53,35.39,6.231,1.374,309.8,5.998,1.162,281.7,354.7,46.349818807820064
2019-10-10 16:00:00,10/10/2019 16:00,-28.21,-28.7,35.86,7.63,1.541,301.5,7.23,1.382,276.2,354.67,47.05754403979266
2019-10-10 17:00:00,10/10/2019 17:00,-28.44,-28.94,41.98,7.897,1.6,318.6,8.06,1.411,284.9,354.49,55.206877058783654
2019-10-10 18:00:00,10/10/2019 18:00,-28.32,-28.86,30.5,7.83,1.728,324.4,7.13,1.535,292.5,354.45,40.06494487334287
2019-10-10 19:00:00,10/10/2019 19:00,-28.33,-28.88,29.03,9.83,1.718,321.5,9.56,1.501,286.1,354.13,38.1375032753092
2019-10-10 20:00:00,10/10/2019 20:00,-28.49,-28.93,32.46,5.864,1.495,304.4,6.064,1.33,272.6,353.92,42.707259890067334
2019-10-10 21:00:00,10/10/2019 21:00,-28.61,-29.09,34.79,6.198,1.504,294.3,5.698,1.377,262.3,353.67,45.824034631026336
2019-10-10 22:00:00,10/10/2019 22:00,-28.8,-29.32,31.74,5.564,1.463,296.3,5.131,1.356,259.8,353.42,41.88074162022328
2019-10-10 23:00:00,10/10/2019 23:00,-29.19,-29.66,29.5,7.197,1.346,295.5,6.264,1.225,264.3,353.61,39.06655457938791
2019-10-11 00:00:00,10/11/2019 0:00,-29.13,-29.64,27.4,9.66,1.963,316.0,8.13,1.717,279.7,353.74,36.265311834412955
2019-10-11 01:00:00,10/11/2019 1:00,-27.91,-25.71,28.13,9.66,1.808,322.3,9.03,1.613,287.7,354.06,36.810529880526374
2019-10-11 02:00:00,10/11/2019 2:00,-26.27,-20.53,33.1,9.1,1.43,354.8,8.66,1.216,344.7,354.51,42.65351640107222
2019-10-11 03:00:00,10/11/2019 3:00,-25.17,-18.61,43.36,6.931,1.313,53.7,6.931,1.124,34.75,354.88,55.2989274235014
2019-10-11 04:00:00,10/11/2019 4:00,-24.55,-17.33,49.22,8.23,1.205,65.21,8.4,1.216,45.24,354.93,62.405913104868816
2019-10-11 05:00:00,10/11/2019 5:00,-24.29,-16.38,51.78,9.86,1.379,65.42,9.23,1.215,44.46,354.98,65.49047410691541
2019-10-11 06:00:00,10/11/2019 6:00,-24.51,-16.91,61.16,9.9,1.778,69.69,10.2,1.653,49.19,354.67,77.5152856465778
2019-10-11 07:00:00,10/11/2019 7:00,-24.37,-15.91,68.43,7.364,1.13,54.76,6.964,1.003,35.36,354.46,86.61464907317293
2019-10-11 08:00:00,10/11/2019 8:00,-24.78,-16.03,66.88,8.13,1.232,37.84,7.23,1.081,16.45,354.36,84.98151580902443
2019-10-11 09:00:00,10/11/2019 9:00,-25.2,-16.61,76.87,8.93,1.607,12.03,8.83,1.462,343.1,354.24,98.06346807109604
2019-10-11 10:00:00,10/11/2019 10:00,-25.59,-17.24,71.75,9.13,1.054,305.9,8.73,0.841,282.2,354.25,91.8690624898505
2019-10-11 11:00:00,10/11/2019 11:00,-26.68,-19.38,65.94,8.73,1.445,314.8,7.264,1.268,286.6,354.38,85.29988432710263
2019-10-11 12:00:00,10/11/2019 12:00,-27.94,-25.14,58.24,8.16,1.868,344.8,7.73,1.522,310.9,354.45,76.23342484400601
2019-10-11 13:00:00,10/11/2019 13:00,-28.49,-28.95,49.36,7.963,2.042,354.3,7.564,1.647,322.6,354.61,64.9424013608664
2019-10-11 14:00:00,10/11/2019 14:00,-28.71,-29.13,43.68,8.93,1.509,351.9,7.664,1.023,318.4,354.86,57.58721784786451
2019-10-11 15:00:00,10/11/2019 15:00,-28.5,-28.94,39.16,6.231,1.555,304.3,6.064,1.294,268.8,354.94,51.52717821132747
2019-10-11 16:00:00,10/11/2019 16:00,-28.54,-28.98,37.39,7.63,1.682,339.7,7.764,1.314,302.4,354.87,49.216538160186936
2019-10-11 17:00:00,10/11/2019 17:00,-28.52,-29.04,31.41,7.464,1.629,343.0,7.397,1.287,302.1,354.84,41.33734473907428
2019-10-11 18:00:00,10/11/2019 18:00,-28.46,-29.02,25.74,5.764,1.451,321.6,5.531,1.189,285.4,354.67,33.85636064742058
2019-10-11 19:00:00,10/11/2019 19:00,-28.43,-29.0,26.49,5.864,1.338,321.1,5.664,1.091,289.1,354.21,34.83310674356041
2019-10-11 20:00:00,10/11/2019 20:00,-28.68,-29.27,26.33,6.264,1.448,340.3,6.297,1.186,296.3,353.94,34.70347563280619
2019-10-11 21:00:00,10/11/2019 21:00,-28.8,-29.28,24.41,7.464,1.763,331.4,6.831,1.484,290.2,353.94,32.20885012443763
2019-10-11 22:00:00,10/11/2019 22:00,-28.86,-29.35,25.52,7.364,1.864,338.6,7.464,1.558,301.0,353.67,33.692302038916345
2019-10-11 23:00:00,10/11/2019 23:00,-29.18,-29.65,27.48,7.43,1.661,325.8,6.297,1.413,285.0,353.84,36.388106235313536
2019-10-12 00:00:00,10/12/2019 0:00,-29.23,-29.71,24.93,5.698,1.45,313.8,5.864,1.157,274.9,353.83,33.02682565704744
2019-10-12 01:00:00,10/12/2019 1:00,-28.41,-26.11,29.02,8.56,1.408,325.8,7.797,1.201,290.6,353.93,38.152822090635766
2019-10-12 02:00:00,10/12/2019 2:00,-26.44,-20.76,32.79,7.597,1.737,29.56,7.63,1.444,2.869,,42.32160209824727
2019-10-12 03:00:00,10/12/2019 3:00,-25.89,-20.0,49.35,7.83,2.171,57.52,7.23,1.914,27.53,354.91,63.366770884281934
2019-10-12 04:00:00,10/12/2019 4:00,-25.64,-19.26,54.96,8.8,2.395,68.3,8.9,2.225,47.76,355.09,70.40422091226975
2019-10-12 05:00:00,10/12/2019 5:00,-25.44,-18.43,51.18,8.7,2.374,75.09,8.83,2.201,51.43,355.01,65.43855063893515
2019-10-12 06:00:00,10/12/2019 6:00,-25.43,-18.26,62.11,9.43,2.445,69.17,9.33,2.293,46.05,354.97,79.40612003750104
2019-10-12 07:00:00,10/12/2019 7:00,-25.8,-18.51,75.63,10.1,2.937,68.56,10.16,2.789,45.04,354.74,97.028773093831
2019-10-12 08:00:00,10/12/2019 8:00,-25.64,-17.56,72.59,7.764,2.197,50.9,7.597,1.888,32.2,354.63,92.98839876313068
2019-10-12 09:00:00,10/12/2019 9:00,-25.19,-16.98,55.9,6.697,1.39,335.0,6.431,1.16,308.0,354.63,71.30519941642316
2019-10-12 10:00:00,10/12/2019 10:00,-25.81,-17.58,62.47,5.864,1.182,315.8,5.998,0.981,282.2,354.54,80.15282572877653
2019-10-12 11:00:00,10/12/2019 11:00,-26.71,-19.0,63.88,6.897,1.614,350.9,6.764,1.322,315.9,354.53,82.65834384060415
2019-10-12 12:00:00,10/12/2019 12:00,-27.8,-25.08,55.11,8.03,1.734,356.3,8.2,1.457,323.3,354.61,72.04208779797992
2019-10-12 13:00:00,10/12/2019 13:00,-28.23,-28.66,45.79,8.23,1.408,331.3,7.464,1.014,294.4,354.79,60.099474338258524
2019-10-12 14:00:00,10/12/2019 14:00,-28.03,-28.54,41.18,9.26,2.385,1.121,8.53,1.915,328.5,355.23,53.94801946171302
2019-10-12 15:00:00,10/12/2019 15:00,-27.99,-28.53,41.99,8.1,2.053,359.2,7.963,1.697,326.1,355.24,54.98861583606155
2019-10-12 16:00:00,10/12/2019 16:00,-28.12,-28.68,40.14,7.364,2.229,356.3,7.53,1.831,321.9,355.4,52.629773462521854
2019-10-12 17:00:00,10/12/2019 17:00,-28.25,-28.68,33.33,8.56,2.217,356.0,8.5,1.82,316.9,355.21,43.75386222512574
2019-10-12 18:00:00,10/12/2019 18:00,-28.14,-28.57,31.12,10.56,2.082,335.0,9.3,1.772,286.7,355.16,40.810771747450445
2019-10-12 19:00:00,10/12/2019 19:00,-28.05,-28.54,25.94,7.397,2.098,342.1,7.73,1.748,299.6,354.86,33.9891458159268
2019-10-12 20:00:00,10/12/2019 20:00,-28.09,-28.6,25.62,7.464,1.845,327.5,6.964,1.535,287.1,354.76,33.58239115866989
2019-10-12 21:00:00,10/12/2019 21:00,-28.06,-28.6,23.57,6.397,1.586,313.9,6.231,1.376,278.7,354.64,30.886622245377975
2019-10-12 22:00:00,10/12/2019 22:00,-28.14,-28.65,23.63,12.66,1.913,328.5,11.16,1.676,286.7,354.54,30.988384845509447
2019-10-12 23:00:00,10/12/2019 23:00,-28.13,-28.68,21.37,7.297,1.77,334.7,6.697,1.449,295.6,354.5,28.022004522354294
2019-10-13 00:00:00,10/13/2019 0:00,-28.04,-28.59,18.41,6.297,1.465,312.7,5.931,1.211,271.8,354.68,24.120344717035277
2019-10-13 01:00:00,10/13/2019 1:00,-27.07,-24.89,26.44,6.098,1.279,286.5,5.698,1.058,254.7,355.05,34.32809543058064
2019-10-13 02:00:00,10/13/2019 2:00,-25.12,-20.21,36.31,8.66,2.616,31.47,8.23,2.308,1.078,355.31,46.28590589653934
2019-10-13 03:00:00,10/13/2019 3:00,-24.4,-18.54,40.72,8.2,2.358,35.62,8.23,2.018,9.54,355.7,51.55559803506083
2019-10-13 04:00:00,10/13/2019 4:00,-24.2,-18.42,47.76,9.56,3.213,53.33,9.53,2.887,26.52,355.77,60.35461675680923
2019-10-13 05:00:00,10/13/2019 5:00,-24.55,-18.04,51.84,10.16,4.051,42.02,9.86,3.671,17.76,355.72,65.72780445665177
2019-10-13 06:00:00,10/13/2019 6:00,-23.98,-17.29,56.07,8.03,2.185,37.95,7.364,1.913,17.75,355.6,70.70857379929801
2019-10-13 07:00:00,10/13/2019 7:00,-24.16,-16.74,58.17,8.1,2.511,39.76,8.16,2.26,11.94,355.46,73.48197233420946
2019-10-13 08:00:00,10/13/2019 8:00,-23.59,-15.21,61.36,7.697,0.907,336.6,6.331,0.968,295.0,355.2,77.09419436547374
2019-10-13 09:00:00,10/13/2019 9:00,-24.66,-17.27,59.78,9.9,1.723,341.2,9.76,1.654,299.4,354.99,75.8737666386524
2019-10-13 10:00:00,10/13/2019 10:00,-25.4,-17.73,61.12,8.76,1.638,326.0,7.963,1.419,292.5,355.01,78.11833050369333
2019-10-13 11:00:00,10/13/2019 11:00,-25.9,-19.1,62.92,7.33,1.247,302.3,7.397,1.083,268.4,354.94,80.79863296450712
2019-10-13 12:00:00,10/13/2019 12:00,-27.15,-24.68,71.31,7.497,1.479,313.1,6.697,1.183,274.1,355.01,92.65402955091294
2019-10-13 13:00:00,10/13/2019 13:00,-27.14,-27.46,55.69,6.531,1.329,284.0,5.998,1.149,250.4,355.47,72.35197594106052
2019-10-13 14:00:00,10/13/2019 14:00,-27.02,-27.39,46.58,6.764,1.35,293.8,5.798,1.19,254.7,355.94,60.44831263931624
2019-10-13 15:00:00,10/13/2019 15:00,-26.98,-27.38,42.38,7.764,1.146,279.4,6.964,1.016,247.8,356.15,54.977220039115295
2019-10-13 16:00:00,10/13/2019 16:00,-26.52,-26.91,37.94,9.93,2.024,323.2,9.56,1.718,281.4,356.31,49.005449312191324
2019-10-13 17:00:00,10/13/2019 17:00,-27.12,-27.47,46.2,11.26,1.906,327.3,10.5,1.578,278.4,356.06,60.0113996094906
2019-10-13 18:00:00,10/13/2019 18:00,-27.71,-28.06,44.23,8.56,1.514,329.4,7.664,1.212,287.8,355.76,57.77066856241692
2019-10-13 19:00:00,10/13/2019 19:00,-27.95,-28.3,43.31,8.26,1.517,297.4,7.83,1.345,254.8,355.54,56.69605244309917
2019-10-13 20:00:00,10/13/2019 20:00,-27.8,-28.12,44.0,8.4,1.702,293.6,7.73,1.564,261.7,355.3,57.51863297243905
2019-10-13 21:00:00,10/13/2019 21:00,-27.64,-28.0,41.24,9.86,1.881,306.0,8.4,1.655,266.6,355.13,53.830052525872226
2019-10-13 22:00:00,10/13/2019 22:00,-27.96,-28.31,44.33,7.93,1.631,286.5,7.83,1.427,252.6,354.68,58.03673074258123
2019-10-13 23:00:00,10/13/2019 23:00,-28.22,-28.55,43.32,10.96,1.895,300.5,10.0,1.641,259.0,354.67,56.85228831176883
2019-10-14 00:00:00,10/14/2019 0:00,-28.61,-28.98,41.79,9.7,1.47,292.0,8.76,1.245,254.6,354.92,55.04416232338576
2019-10-14 01:00:00,10/14/2019 1:00,-27.88,-25.83,42.69,10.83,2.197,328.2,10.56,1.97,286.1,355.24,55.84788741282496
2019-10-14 02:00:00,10/14/2019 2:00,-26.18,-21.13,56.26,10.73,3.008,61.94,10.63,2.811,37.62,355.5,72.4367707089629
2019-10-14 03:00:00,10/14/2019 3:00,-25.49,-19.8,55.94,11.16,2.558,55.64,10.93,2.342,29.06,355.92,71.55838817455236
2019-10-14 04:00:00,10/14/2019 4:00,-25.29,-19.09,67.84,11.06,2.981,77.95,11.16,2.908,54.31,356.26,86.6173578479284
2019-10-14 05:00:00,10/14/2019 5:00,-25.11,-18.7,74.34,10.46,3.31,78.14,10.53,3.342,52.86,356.24,94.75542608320356
2019-10-14 06:00:00,10/14/2019 6:00,-25.09,-18.51,78.51,10.76,3.369,73.08,10.93,3.248,49.85,356.07,100.0
2019-10-14 07:00:00,10/14/2019 7:00,-24.81,-17.68,75.55,9.96,3.167,66.03,10.1,3.059,43.76,355.78,96.02532079462628
2019-10-14 08:00:00,10/14/2019 8:00,-24.81,-17.12,74.22,9.26,2.773,54.07,9.03,2.582,30.78,355.66,94.33486842325829
2019-10-14 09:00:00,10/14/2019 9:00,-24.88,-17.04,76.36,9.53,2.098,40.64,9.26,1.859,13.77,355.44,97.11903969851483
2019-10-14 10:00:00,10/14/2019 10:00,-25.04,-16.2,74.38,6.597,1.105,328.7,6.464,0.881,300.0,355.54,94.74379115948366
2019-10-14 11:00:00,10/14/2019 11:00,-26.16,-18.44,71.54,7.43,1.214,300.3,6.497,1.002,267.3,355.48,92.0929972610222
2019-10-14 12:00:00,10/14/2019 12:00,-27.19,-24.15,62.57,5.631,1.036,292.6,5.031,0.793,264.7,355.77,81.32850750141961
2019-10-14 13:00:00,10/14/2019 13:00,-27.85,-28.14,63.5,8.03,1.312,296.4,6.631,1.065,265.7,355.77,83.0486473907447
2019-10-14 14:00:00,10/14/2019 14:00,-27.82,-28.18,47.31,5.431,1.347,307.4,5.464,1.106,274.4,356.04,61.85716554396707
2019-10-14 15:00:00,10/14/2019 15:00,-27.9,-28.26,51.33,6.964,1.65,316.8,6.897,1.413,272.5,356.23,67.16345393848547
2019-10-14 16:00:00,10/14/2019 16:00,-28.14,-28.49,62.12,8.66,1.777,319.7,8.1,1.577,280.2,356.18,81.46417548045056
2019-10-14 17:00:00,10/14/2019 17:00,-28.37,-28.76,55.57,8.06,1.288,291.6,7.697,1.174,253.0,355.92,73.03106778269164
2019-10-14 18:00:00,10/14/2019 18:00,-28.47,-28.89,50.45,11.4,1.324,297.4,11.1,1.183,255.0,355.49,66.36412756680879
2019-10-14 19:00:00,10/14/2019 19:00,-28.89,-29.23,45.69,12.13,1.602,300.2,12.1,1.419,262.0,355.45,60.338212183768526
2019-10-14 20:00:00,10/14/2019 20:00,-29.05,-29.51,42.89,7.83,1.223,326.5,7.53,0.973,274.1,355.08,56.7249100785645
2019-10-14 21:00:00,10/14/2019 21:00,-29.07,-29.45,47.63,6.031,1.325,292.7,6.264,1.154,250.2,355.04,63.005597198092545
2019-10-14 22:00:00,10/14/2019 22:00,-28.84,-29.42,57.08,7.564,1.489,356.9,7.63,1.188,323.8,354.83,75.34477292246524
2019-10-14 23:00:00,10/14/2019 23:00,-29.01,-29.5,62.57,10.3,2.182,12.93,10.26,1.791,343.7,354.93,82.72225079033758
2019-10-15 00:00:00,10/15/2019 0:00,-29.47,-29.84,65.27,9.83,1.343,319.5,8.83,1.03,273.9,354.8,86.66153096420415
2019-10-15 01:00:00,10/15/2019 1:00,-28.79,-26.31,64.36,6.497,1.442,353.9,6.364,1.082,315.5,355.12,84.91473169009227
2019-10-15 02:00:00,10/15/2019 2:00,-27.12,-21.48,69.08,8.56,2.595,51.05,7.963,2.402,28.01,355.31,89.73133084466689
2019-10-15 03:00:00,10/15/2019 3:00,-26.47,-20.48,79.34,8.5,3.178,65.97,9.0,3.05,41.83,355.69,100.0
2019-10-15 04:00:00,10/15/2019 4:00,-26.1,-19.72,76.92,9.4,3.407,70.23,9.1,3.397,45.71,355.92,98.96277616803363
2019-10-15 05:00:00,10/15/2019 5:00,-25.18,-18.05,77.88,8.1,2.9,77.12,7.73,2.887,53.3,355.93,99.33318392359752
2019-10-15 06:00:00,10/15/2019 6:00,-25.36,-17.88,76.05,8.43,4.019,69.16,8.5,4.063,46.35,355.71,97.16391861608759
2019-10-15 07:00:00,10/15/2019 7:00,-25.0,-16.6,75.72,9.53,3.712,70.35,9.76,3.659,45.71,355.5,96.41424194478601
2019-10-15 08:00:00,10/15/2019 8:00,-25.11,-15.58,75.07,9.6,2.368,58.05,9.66,2.268,34.08,355.43,95.68590040444028
2019-10-15 09:00:00,10/15/2019 9:00,-25.35,-16.65,75.94,9.33,2.87,56.77,9.36,2.761,26.38,355.18,97.01423008772628
2019-10-15 10:00:00,10/15/2019 10:00,-25.15,-18.37,76.67,10.3,2.66,51.41,10.06,2.456,25.67,355.15,97.76219309861088
2019-10-15 11:00:00,10/15/2019 11:00,-25.01,-19.88,76.62,9.43,2.162,65.23,9.2,2.006,40.12,355.29,97.56942265292015
2019-10-15 12:00:00,10/15/2019 12:00,-26.11,-23.41,76.17,8.9,1.925,338.7,8.86,1.748,297.7,355.27,98.00706863749697
2019-10-15 13:00:00,10/15/2019 13:00,-27.22,-27.26,75.88,9.76,1.825,345.6,9.23,1.445,316.4,355.25,98.65657469127517
2019-10-15 14:00:00,10/15/2019 14:00,-27.94,-28.07,75.4,8.23,1.925,14.3,7.83,1.524,350.4,355.6,98.69505894982922
2019-10-15 15:00:00,10/15/2019 15:00,-28.46,-28.6,74.93,9.56,1.386,353.3,9.46,1.0,312.7,355.5,98.55699702063808
2019-10-15 16:00:00,10/15/2019 16:00,-28.96,-29.22,74.87,6.464,1.281,317.7,5.931,0.988,280.3,355.49,98.93774444105527
2019-10-15 17:00:00,10/15/2019 17:00,-29.23,-29.46,74.47,10.03,1.871,302.9,9.16,1.441,268.7,355.24,98.65654659768643
2019-10-15 18:00:00,10/15/2019 18:00,-29.56,-29.82,74.28,10.43,1.915,318.2,8.96,1.544,282.8,355.12,98.7068869021959
2019-10-15 19:00:00,10/15/2019 19:00,-29.78,-30.06,74.49,7.564,1.622,296.3,7.997,1.228,259.4,354.89,99.1881579262443
2019-10-15 20:00:00,10/15/2019 20:00,-29.93,-30.2,74.3,10.33,1.849,314.1,9.9,1.454,274.1,354.36,99.07280695391577
2019-10-15 21:00:00,10/15/2019 21:00,-30.08,-30.34,73.6,10.13,2.156,329.1,8.83,0.98,291.7,354.19,98.27586480421873
2019-10-15 22:00:00,10/15/2019 22:00,-30.46,-30.71,73.88,11.1,1.927,329.7,11.13,1.402,287.9,354.05,98.99716881497935
2019-10-15 23:00:00,10/15/2019 23:00,-30.55,-30.83,73.78,11.3,1.633,304.7,10.86,1.288,271.7,354.25,98.94543758470815
2019-10-16 00:00:00,10/16/2019 0:00,-30.52,-30.84,73.88,8.76,1.542,318.1,8.16,1.118,274.9,354.37,99.05208328855826
2019-10-16 01:00:00,10/16/2019 1:00,-29.89,-27.83,73.94,9.9,1.994,12.98,9.9,1.584,353.3,354.44,98.55623959632537
2019-10-16 02:00:00,10/16/2019 2:00,-28.64,-23.35,74.71,10.63,2.822,47.11,10.83,1.836,23.27,354.68,98.43261458457198
2019-10-16 03:00:00,10/16/2019 3:00,-27.87,-22.02,74.8,12.33,3.391,65.86,11.46,3.214,39.9,354.88,97.84566937025816
2019-10-16 04:00:00,10/16/2019 4:00,-27.12,-21.11,75.05,9.5,3.169,71.5,9.4,2.93,49.56,355.22,97.48605066433483
2019-10-16 05:00:00,10/16/2019 5:00,-26.62,-19.43,74.35,8.6,2.606,75.88,8.66,2.485,54.47,355.14,96.12488813672114
2019-10-16 06:00:00,10/16/2019 6:00,-26.2,-18.67,75.06,8.03,2.701,70.08,7.897,2.56,46.41,354.92,96.66062267352874
2019-10-16 07:00:00,10/16/2019 7:00,-26.31,-18.19,73.74,8.33,2.416,63.26,8.3,2.218,39.67,354.78,95.0590070149733
2019-10-16 08:00:00,10/16/2019 8:00,-26.73,-18.33,75.33,11.03,2.417,62.04,10.43,2.207,33.21,354.58,97.49251643305314
2019-10-16 09:00:00,10/16/2019 9:00,-26.51,-17.9,75.35,9.03,2.122,50.45,9.13,1.882,22.13,354.36,97.31717981927255
2019-10-16 10:00:00,10/16/2019 10:00,-27.25,-18.86,74.85,12.79,2.404,35.05,12.69,2.089,1.585,354.3,97.34475689934963
2019-10-16 11:00:00,10/16/2019 11:00,-27.14,-19.75,74.28,9.86,1.992,0.81,10.3,1.743,324.9,354.58,96.50394636203941
2019-10-16 12:00:00,10/16/2019 12:00,-29.34,-26.75,73.99,8.03,1.504,321.4,7.83,1.294,283.3,354.77,98.12088538792563
2019-10-16 13:00:00,10/16/2019 13:00,-30.16,-30.22,74.04,9.0,1.997,349.6,7.031,1.608,312.6,354.94,98.93663217889099
2019-10-16 14:00:00,10/16/2019 14:00,-30.53,-30.48,73.67,5.198,1.205,333.4,4.965,0.901,295.3,355.14,98.77966087070344
2019-10-16 15:00:00,10/16/2019 15:00,-30.6,-30.28,73.88,7.797,1.6,346.5,7.197,1.26,305.4,355.39,99.12532667118974
2019-10-16 16:00:00,10/16/2019 16:00,-30.53,-30.12,73.89,7.497,1.449,354.9,7.464,1.09,310.3,355.35,99.07464560521619
2019-10-16 17:00:00,10/16/2019 17:00,-30.19,-29.75,73.27,6.831,1.689,331.1,6.264,1.398,285.9,355.33,97.93490234861335
2019-10-16 18:00:00,10/16/2019 18:00,-30.13,-29.83,71.97,6.331,1.289,296.2,5.931,1.103,259.0,355.1,96.14387211134037
2019-10-16 19:00:00,10/16/2019 19:00,-30.5,-30.23,69.09,8.83,1.724,323.3,9.16,1.477,279.0,354.93,92.61293496192953
2019-10-16 20:00:00,10/16/2019 20:00,-30.35,-30.01,65.5,7.397,1.685,319.5,7.031,1.442,280.9,354.73,87.67897795457306
2019-10-16 21:00:00,10/16/2019 21:00,-30.48,-30.17,62.76,8.73,1.54,329.9,8.26,1.264,285.2,354.67,84.11222275840929
2019-10-16 22:00:00,10/16/2019 22:00,-30.68,-30.43,61.12,5.998,1.076,301.5,5.631,0.92,259.2,354.37,82.06575902375462
2019-10-16 23:00:00,10/16/2019 23:00,-30.67,-30.51,59.93,5.931,1.389,298.9,5.698,1.244,248.4,354.28,80.46051659941405
2019-10-17 00:00:00,10/17/2019 0:00,-30.63,-30.57,60.01,6.364,1.329,321.2,6.364,1.123,270.7,354.39,80.53816362647265
2019-10-17 01:00:00,10/17/2019 1:00,-30.02,-27.11,60.97,8.03,1.211,317.3,7.264,0.982,281.2,354.73,81.36618249268383
2019-10-17 02:00:00,10/17/2019 2:00,-28.17,-22.19,62.7,9.56,2.215,53.71,9.66,2.026,27.73,,82.2478166634045
2019-10-17 03:00:00,10/17/2019 3:00,-27.38,-20.76,67.71,9.9,2.735,68.34,10.06,2.609,41.87,355.2,88.16623522784495
2019-10-17 04:00:00,10/17/2019 4:00,-27.08,-20.62,68.05,8.86,3.042,69.66,8.76,2.884,48.34,355.26,88.3602823593065
2019-10-17 05:00:00,10/17/2019 5:00,-26.73,-19.9,77.33,10.16,2.895,73.94,10.23,2.727,52.2,355.21,100.0
2019-10-17 06:00:00,10/17/2019 6:00,-26.55,-19.9,75.81,9.1,3.104,68.89,9.13,2.941,46.83,355.12,97.94807578946823
2019-10-17 07:00:00,10/17/2019 7:00,-25.86,-17.99,74.68,9.1,2.322,80.7,9.36,2.145,55.92,354.8,95.86411810481795
2019-10-17 08:00:00,10/17/2019 8:00,-25.81,-18.19,75.09,8.56,2.088,67.91,8.46,1.788,35.31,354.69,96.34505657073524
2019-10-17 09:00:00,10/17/2019 9:00,-25.79,-19.69,76.01,11.36,1.841,7.212,11.16,1.579,325.3,354.55,97.50710858221866
2019-10-17 10:00:00,10/17/2019 10:00,-25.2,-18.52,77.49,11.73,1.75,348.5,10.23,1.457,326.0,354.63,98.85440537048564
2019-10-17 11:00:00,10/17/2019 11:00,-24.97,-18.52,76.82,11.56,2.517,34.38,11.63,2.216,1.262,354.76,97.78716940658579
2019-10-17 12:00:00,10/17/2019 12:00,-25.84,-22.93,76.28,10.0,2.289,38.21,10.13,2.049,7.181,354.68,97.89954751696608
2019-10-17 13:00:00,10/17/2019 13:00,-26.74,-26.61,76.04,8.8,2.402,46.18,8.43,1.99,21.54,354.81,98.42063877115424
2019-10-17 14:00:00,10/17/2019 14:00,-26.93,-26.86,76.54,9.3,3.051,53.49,8.9,2.629,32.4,355.19,99.24454699841574
2019-10-17 15:00:00,10/17/2019 15:00,-26.83,-26.77,76.3,11.33,3.004,52.3,11.46,2.625,25.1,355.15,98.84059856313434
2019-10-17 16:00:00,10/17/2019 16:00,-26.87,-26.81,76.3,9.6,2.369,48.51,9.43,1.891,31.39,355.16,98.87769448379052
2019-10-17 17:00:00,10/17/2019 17:00,-26.88,-26.82,76.28,11.1,2.753,39.94,11.26,2.265,16.72,355.01,98.86104922167496
2019-10-17 18:00:00,10/17/2019 18:00,-27.09,-27.04,76.19,10.06,2.399,39.83,10.23,1.947,19.49,354.82,98.93902926027584
2019-10-17 19:00:00,10/17/2019 19:00,-27.47,-27.43,75.77,8.93,2.155,41.81,8.4,1.655,26.73,354.52,98.74444122931907
2019-10-17 20:00:00,10/17/2019 20:00,-27.89,-27.85,75.35,9.13,2.133,36.29,8.83,1.691,21.71,354.19,98.58354559154063
2019-10-17 21:00:00,10/17/2019 21:00,-28.2,-28.14,75.43,12.16,3.239,38.8,12.16,2.082,19.39,354.01,98.97432499183913
2019-10-17 22:00:00,10/17/2019 22:00,-28.29,-28.22,75.41,12.83,4.555,52.7,13.03,4.088,26.48,353.86,99.03121455130804
2019-10-17 23:00:00,10/17/2019 23:00,-28.34,-28.29,75.25,11.53,4.522,66.68,11.36,4.287,40.97,353.66,98.86720044473758
2019-10-18 00:00:00,10/18/2019 0:00,-28.35,-28.34,75.15,15.56,4.97,73.92,14.43,4.782,47.11,353.68,98.74502544799215
2019-10-18 01:00:00,10/18/2019 1:00,-28.48,-28.2,75.31,13.16,4.911,70.76,13.29,4.649,44.31,353.73,99.07529041815172
2019-10-18 02:00:00,10/18/2019 2:00,-28.11,-25.83,75.36,11.93,4.745,68.21,12.26,4.365,41.46,354.21,98.79943853288769
2019-10-18 03:00:00,10/18/2019 3:00,-27.45,-22.63,75.22,13.63,4.764,71.95,13.73,4.318,43.92,354.63,98.00932564990033
2019-10-18 04:00:00,10/18/2019 4:00,-26.89,-20.05,75.22,10.86,4.354,71.33,10.9,3.868,44.96,355.17,97.49640361835746
2019-10-18 05:00:00,10/18/2019 5:00,-26.65,-20.27,75.06,14.86,4.555,73.59,14.89,4.324,48.99,354.93,97.0701618384106
2019-10-18 06:00:00,10/18/2019 6:00,-26.59,-20.1,75.84,11.23,4.648,67.63,10.86,4.429,43.33,355.01,98.02364926678779
2019-10-18 07:00:00,10/18/2019 7:00,-26.41,-20.09,75.85,11.13,4.353,63.92,11.3,4.107,38.68,354.84,97.87096195233526
2019-10-18 08:00:00,10/18/2019 8:00,-26.27,-21.18,75.53,12.2,4.437,67.14,11.83,4.169,41.7,354.64,97.32991219857959
2019-10-18 09:00:00,10/18/2019 9:00,-26.6,-22.72,75.73,14.09,4.875,66.5,14.89,4.595,40.96,354.28,97.89066481295308
2019-10-18 10:00:00,10/18/2019 10:00,-26.87,-23.52,75.84,11.13,4.884,65.77,10.46,4.589,39.36,354.4,98.28157732176506
2019-10-18 11:00:00,10/18/2019 11:00,-26.52,-22.4,75.88,11.66,4.981,70.03,11.36,4.742,43.72,354.42,98.01089862438265
2019-10-18 12:00:00,10/18/2019 12:00,-27.04,-24.92,75.7,11.93,5.036,70.67,12.03,4.802,44.07,354.34,98.25666201798822
2019-10-18 13:00:00,10/18/2019 13:00,-27.77,-27.74,75.79,11.96,5.208,62.37,12.16,4.849,35.58,354.61,99.04806420002977
2019-10-18 14:00:00,10/18/2019 14:00,-27.88,-27.8,75.76,13.19,5.253,61.88,12.53,4.758,36.48,355.1,99.11070392119044
2019-10-18 15:00:00,10/18/2019 15:00,-27.81,-27.77,75.76,13.13,4.279,45.92,13.23,3.665,21.44,355.16,99.04588575850251
2019-10-18 16:00:00,10/18/2019 16:00,-27.75,-27.74,75.67,11.46,4.829,59.31,11.43,4.261,32.82,355.34,98.87275031533703
2019-10-18 17:00:00,10/18/2019 17:00,-27.81,-27.78,75.92,11.9,4.423,47.48,11.8,3.752,21.05,355.06,99.25506397552152
2019-10-18 18:00:00,10/18/2019 18:00,-27.88,-27.87,75.9,13.19,4.598,43.15,12.76,3.927,16.73,354.85,99.29385464121376
2019-10-18 19:00:00,10/18/2019 19:00,-27.97,-28.01,75.91,12.36,5.27,42.69,11.66,4.537,16.77,354.53,99.39047589543503
2019-10-18 20:00:00,10/18/2019 20:00,-27.93,-27.85,75.85,14.26,5.843,45.39,14.16,5.178,19.68,354.38,99.27481252994795
2019-10-18 21:00:00,10/18/2019 21:00,-27.81,-27.74,75.71,11.86,5.745,47.76,11.6,5.145,21.2,354.24,98.98051756568405
2019-10-18 22:00:00,10/18/2019 22:00,-27.48,-27.37,75.97,13.59,5.525,42.68,13.33,4.852,14.9,354.54,99.01435029898335
2019-10-18 23:00:00,10/18/2019 23:00,-27.4,-27.3,75.96,13.43,6.002,52.51,12.5,5.59,26.91,354.38,98.92720922696618
2019-10-19 00:00:00,10/19/2019 0:00,-26.98,-26.83,76.53,14.93,5.685,55.61,13.73,5.252,29.15,354.83,99.27811820654775
2019-10-19 01:00:00,10/19/2019 1:00,-27.05,-26.76,76.2,14.19,4.127,52.59,14.09,3.627,27.23,354.77,98.91492134047228
2019-10-19 02:00:00,10/19/2019 2:00,-26.96,-25.61,76.01,14.09,4.349,50.38,14.46,3.791,23.22,355.44,98.58506096506734
2019-10-19 03:00:00,10/19/2019 3:00,-26.59,-23.96,76.55,10.1,4.077,54.73,10.06,3.395,27.62,355.87,98.94132847274004
2019-10-19 04:00:00,10/19/2019 4:00,-26.07,-22.26,75.89,13.99,4.434,59.77,14.36,3.764,31.5,356.11,97.6100621028843
2019-10-19 05:00:00,10/19/2019 5:00,-26.27,-22.2,75.92,14.09,5.496,61.21,14.16,4.976,35.92,355.81,97.83247628910583
2019-10-19 06:00:00,10/19/2019 6:00,-26.07,-21.49,76.04,13.89,5.443,71.14,13.73,4.875,43.43,355.55,97.80299278301914
2019-10-19 07:00:00,10/19/2019 7:00,-25.63,-20.01,76.03,17.56,6.442,65.71,17.63,6.161,39.03,355.47,97.38589220537678
2019-10-19 08:00:00,10/19/2019 8:00,-25.46,-19.73,76.42,11.46,5.82,69.81,11.5,5.718,42.76,355.23,97.72874161586888
2019-10-19 09:00:00,10/19/2019 9:00,-25.23,-20.46,76.68,11.53,5.388,67.79,11.56,5.152,42.99,355.15,97.84877481042966
2019-10-19 10:00:00,10/19/2019 10:00,-25.37,-22.84,77.0,14.23,5.847,65.14,13.36,5.534,39.91,354.74,98.38694635064542
2019-10-19 11:00:00,10/19/2019 11:00,-25.57,-24.43,77.29,19.29,5.362,71.21,20.36,4.975,45.48,354.76,98.94385773950026
2019-10-19 12:00:00,10/19/2019 12:00,-26.18,-25.99,76.38,15.73,5.691,66.43,16.03,5.15,40.32,354.79,98.34199336563431
2019-10-19 13:00:00,10/19/2019 13:00,-25.38,-25.4,76.54,25.32,6.995,44.27,25.52,6.603,27.07,355.1,97.80840258879219
2019-10-19 14:00:00,10/19/2019 14:00,-26.39,-26.4,77.76,13.56,5.184,58.49,13.99,4.605,33.15,355.62,100.0
2019-10-19 15:00:00,10/19/2019 15:00,-25.98,-26.03,77.87,20.66,4.718,58.94,21.29,3.905,28.02,355.85,100.0
2019-10-19 16:00:00,10/19/2019 16:00,-25.44,-25.53,79.11,25.62,6.134,51.32,26.46,5.595,48.54,355.38,100.0
2019-10-19 17:00:00,10/19/2019 17:00,-24.09,-23.92,78.87,28.46,13.79,253.6,29.09,12.11,223.4,355.08,99.56478659879986
2019-10-19 18:00:00,10/19/2019 18:00,-24.17,-24.03,78.57,28.52,17.33,251.8,28.66,15.99,224.6,355.55,99.26121922902865
2019-10-19 19:00:00,10/19/2019 19:00,-24.14,-23.98,78.86,28.22,18.67,246.6,28.62,17.53,218.3,354.51,99.5993002595723
2019-10-19 20:00:00,10/19/2019 20:00,-23.99,-23.83,78.78,29.39,18.45,236.6,31.05,19.21,208.0,354.38,99.35703707804836
2019-10-19 21:00:00,10/19/2019 21:00,-24.01,-23.86,79.71,27.92,18.06,241.0,28.69,18.66,211.2,354.59,100.0
2019-10-19 22:00:00,10/19/2019 22:00,-23.73,-23.64,79.04,27.19,18.93,242.6,27.76,19.44,214.1,354.01,99.43967511663965
2019-10-19 23:00:00,10/19/2019 23:00,-23.73,-23.62,78.93,29.79,18.59,243.1,30.72,19.28,213.7,354.17,99.30128488052084
2019-10-20 00:00:00,10/20/2019 0:00,-23.64,-23.53,78.97,29.99,17.18,247.1,30.69,17.69,219.7,354.84,99.2668775212551
2019-10-20 01:00:00,10/20/2019 1:00,-23.69,-23.54,78.89,22.79,15.89,239.5,25.02,16.73,212.1,354.77,99.21333494854359
2019-10-20 02:00:00,10/20/2019 2:00,-23.52,-23.32,78.62,23.72,16.24,242.1,25.09,17.1,214.1,355.37,98.71452315002347
2019-10-20 03:00:00,10/20/2019 3:00,-23.49,-23.24,78.78,23.99,15.55,245.6,24.96,16.23,217.7,355.47,98.88727486739633
2019-10-20 04:00:00,10/20/2019 4:00,-23.21,-22.95,78.85,26.42,15.95,244.6,26.96,16.35,215.5,355.28,98.71250876794547
2019-10-20 05:00:00,10/20/2019 5:00,-23.02,-22.76,78.13,28.99,17.17,243.6,29.32,17.73,214.8,354.77,97.63482459090827
2019-10-20 06:00:00,10/20/2019 6:00,-23.0,-22.67,78.69,26.62,15.75,245.1,27.36,16.07,218.0,354.85,98.31594678438223
2019-10-20 07:00:00,10/20/2019 7:00,-22.74,-22.42,78.87,27.52,15.67,243.9,29.22,16.35,216.1,354.3,98.29767877520331
2019-10-20 08:00:00,10/20/2019 8:00,-22.52,-22.24,78.92,29.12,17.93,247.6,28.96,18.25,219.1,354.01,98.15444301182463
2019-10-20 09:00:00,10/20/2019 9:00,-22.31,-22.02,79.25,28.59,16.54,251.2,29.19,17.17,222.3,353.91,98.36812710428283
2019-10-20 10:00:00,10/20/2019 10:00,-22.24,-21.96,78.69,29.02,14.7,257.0,30.02,15.23,228.2,354.55,97.60797764654028
2019-10-20 11:00:00,10/20/2019 11:00,-22.94,-22.56,79.38,27.12,8.73,263.5,28.96,8.95,239.6,354.1,99.12152389320015
2019-10-20 12:00:00,10/20/2019 12:00,-23.14,-22.94,79.6,30.02,8.56,250.2,31.92,9.04,228.2,354.15,99.58522924350143
2019-10-20 13:00:00,10/20/2019 13:00,-23.25,-23.08,79.68,25.16,7.579,254.6,26.79,6.146,244.5,354.68,99.78947177938842
2019-10-20 14:00:00,10/20/2019 14:00,-22.85,-22.64,80.4,30.45,11.14,252.9,31.62,11.66,226.5,354.15,100.0
2019-10-20 15:00:00,10/20/2019 15:00,-22.32,-22.19,80.2,32.75,19.03,249.4,35.19,19.74,221.1,353.86,99.55677802856849
2019-10-20 16:00:00,10/20/2019 16:00,-22.39,-22.28,80.0,30.02,18.31,248.7,30.29,19.02,219.3,354.78,99.37468178028135
2019-10-20 17:00:00,10/20/2019 17:00,-22.54,-22.45,79.81,30.55,16.16,253.9,31.39,16.8,224.4,354.9,99.2802390677754
2019-10-20 18:00:00,10/20/2019 18:00,-22.73,-22.66,79.65,29.82,16.75,249.8,30.85,17.27,220.8,354.32,99.26037618653008
2019-10-20 19:00:00,10/20/2019 19:00,-22.72,-22.65,79.6,29.12,16.42,250.4,30.75,16.36,219.9,353.47,99.18863605289667
2019-10-20 20:00:00,10/20/2019 20:00,-22.76,-22.7,79.73,31.45,19.56,245.8,25.59,13.27,227.5,352.44,99.38841210412545
2019-10-20 21:00:00,10/20/2019 21:00,-23.03,-22.98,78.95,33.05,19.59,243.9,22.82,13.98,223.6,352.02,98.66890564151618
2019-10-20 22:00:00,10/20/2019 22:00,-23.56,-23.49,78.85,30.99,19.87,247.7,23.42,14.05,227.9,352.46,99.04087455509394
2019-10-20 23:00:00,10/20/2019 23:00,-23.65,-23.53,79.08,32.52,18.88,251.5,25.39,12.83,234.7,352.77,99.41457496394752
2019-10-21 00:00:00,10/21/2019 0:00,-23.46,-23.18,79.02,29.72,17.06,249.0,21.99,7.913,229.4,352.4,99.1603078813944
2019-10-21 01:00:00,10/21/2019 1:00,-23.67,-23.5,78.84,30.45,13.18,251.5,,,,353.29,99.13165661887062
2019-10-21 02:00:00,10/21/2019 2:00,-23.61,-23.34,78.85,30.55,12.85,248.4,0.033,,342.3,353.46,99.08784531723965
2019-10-21 03:00:00,10/21/2019 3:00,-23.66,-23.25,78.76,32.32,12.08,249.2,,,,353.61,99.02167809305907
2019-10-21 04:00:00,10/21/2019 4:00,-23.46,-22.97,78.82,30.49,11.79,249.7,20.96,2.661,299.1,353.52,98.90933266529368
2019-10-21 05:00:00,10/21/2019 5:00,-23.03,-22.57,78.7,32.85,15.9,246.6,25.76,10.33,254.7,353.4,98.35646452168871
2019-10-21 06:00:00,10/21/2019 6:00,-22.84,-22.36,78.99,32.22,14.45,247.2,20.79,8.1,254.2,353.26,98.54085379522664
2019-10-21 07:00:00,10/21/2019 7:00,-23.22,-22.67,77.92,29.25,11.83,246.3,19.39,5.935,283.7,352.48,97.55750036141566
2019-10-21 08:00:00,10/21/2019 8:00,-24.92,-23.82,76.52,24.32,6.734,251.7,18.26,1.722,306.2,352.05,97.35930934376177
2019-10-21 09:00:00,10/21/2019 9:00,-26.02,-24.97,76.02,23.66,6.169,251.3,16.99,1.571,330.0,352.28,97.73128512413459
2019-10-21 10:00:00,10/21/2019 10:00,-27.27,-26.52,75.63,18.26,3.914,311.0,15.19,1.481,356.5,351.89,98.37759908081907
2019-10-21 11:00:00,10/21/2019 11:00,-28.29,-27.89,75.23,18.13,4.079,322.4,10.03,0.155,0.9,352.02,98.79483186175447
2019-10-21 12:00:00,10/21/2019 12:00,-28.19,-28.03,75.66,16.76,1.649,285.0,0.033,,330.7,352.65,99.26685092996162
2019-10-21 13:00:00,10/21/2019 13:00,-28.13,-27.96,76.15,14.86,2.762,259.5,4.731,0.013,351.7,352.68,99.85379711639118
2019-10-21 14:00:00,10/21/2019 14:00,-27.68,-27.57,76.03,11.86,1.474,259.8,1.799,0.003,16.25,352.98,99.27813454257142
2019-10-21 15:00:00,10/21/2019 15:00,-28.23,-28.12,75.19,14.09,2.486,256.5,,,,352.49,98.68703811953829
2019-10-21 16:00:00,10/21/2019 16:00,-28.72,-28.56,75.26,11.93,2.614,255.3,,,,353.13,99.23117407056777
2019-10-21 17:00:00,10/21/2019 17:00,-28.93,-28.73,74.83,10.96,3.3,246.6,,,,352.53,98.85728703071399
2019-10-21 18:00:00,10/21/2019 18:00,-29.17,-29.01,74.68,12.59,4.305,263.5,9.1,0.415,320.0,352.74,98.87959155659092
2019-10-21 19:00:00,10/21/2019 19:00,-29.7,-29.54,74.11,9.26,3.068,262.9,6.164,0.141,329.8,352.39,98.60898168047028
2019-10-21 20:00:00,10/21/2019 20:00,-30.31,-30.25,73.99,11.4,4.537,258.0,9.53,1.03,320.4,352.32,99.00714342848735
2019-10-21 21:00:00,10/21/2019 21:00,-30.69,-30.64,73.47,10.6,3.654,253.2,6.997,0.37,309.5,351.57,98.65720082528716
2019-10-21 22:00:00,10/21/2019 22:00,-31.64,-31.73,73.1,11.66,2.746,287.2,8.16,1.559,343.8,351.52,99.0233257981282
2019-10-21 23:00:00,10/21/2019 23:00,-31.84,-31.93,72.94,10.36,3.474,296.1,8.5,0.935,318.4,351.93,98.9883279057781
2019-10-22 00:00:00,10/22/2019 0:00,-32.01,-32.06,73.03,11.5,3.386,292.8,9.46,1.477,337.7,351.97,99.26526346560264
2019-10-22 01:00:00,10/22/2019 1:00,-31.4,-30.07,73.02,13.26,3.013,304.1,11.36,1.113,332.1,352.46,98.69683443327263
2019-10-22 02:00:00,10/22/2019 2:00,-30.19,-27.0,73.66,12.06,3.514,279.0,10.6,2.034,346.7,352.9,98.4561881670378
2019-10-22 03:00:00,10/22/2019 3:00,-29.35,-25.99,73.65,12.43,2.969,262.8,10.33,1.166,344.5,353.29,97.67907186093308
2019-10-22 04:00:00,10/22/2019 4:00,-28.74,-25.7,73.05,13.46,2.758,272.7,11.7,1.165,351.7,353.34,96.33520532716163
2019-10-22 05:00:00,10/22/2019 5:00,-28.63,-25.8,73.22,14.09,2.376,288.2,11.93,0.789,332.6,353.56,96.46050869302955
2019-10-22 06:00:00,10/22/2019 6:00,-28.44,-25.87,73.79,12.46,2.497,296.5,10.46,1.367,357.6,353.18,97.03943444896728
2019-10-22 07:00:00,10/22/2019 7:00,-28.02,-25.9,73.6,16.29,2.916,316.1,13.93,1.579,347.5,353.27,96.41096224762154
2019-10-22 08:00:00,10/22/2019 8:00,-28.34,-26.13,74.03,15.96,3.785,341.2,12.5,2.623,352.0,353.15,97.26430364018503
2019-10-22 09:00:00,10/22/2019 9:00,-28.5,-26.31,73.9,16.66,3.723,338.7,13.53,2.447,346.7,352.79,97.23846960717826
2019-10-22 10:00:00,10/22/2019 10:00,-28.56,-26.08,74.16,13.86,2.965,334.2,12.23,1.249,323.1,352.66,97.6351660426258
2019-10-22 11:00:00,10/22/2019 11:00,-29.01,-26.83,74.06,13.43,3.256,335.0,11.83,1.681,328.8,352.85,97.9128958531629
2019-10-22 12:00:00,10/22/2019 12:00,-29.51,-28.56,74.11,11.36,2.848,330.3,9.16,0.695,310.5,352.69,98.43529025840495
2019-10-22 13:00:00,10/22/2019 13:00,-29.85,-29.9,73.82,13.49,3.871,340.1,12.1,1.733,328.3,352.75,98.35981780021869
2019-10-22 14:00:00,10/22/2019 14:00,-30.18,-30.28,73.76,11.43,2.681,326.7,9.03,1.439,334.6,352.67,98.58072689306842
2019-10-22 15:00:00,10/22/2019 15:00,-30.36,-30.45,72.78,14.73,3.637,334.5,12.1,1.927,326.3,353.4,97.43307169318939
2019-10-22 16:00:00,10/22/2019 16:00,-30.23,-30.32,72.85,13.79,2.65,328.7,12.3,1.276,335.6,352.87,97.40956888332869
2019-10-22 17:00:00,10/22/2019 17:00,-30.21,-30.14,72.27,10.3,3.062,341.1,7.53,0.614,313.2,352.68,96.61615330674684
2019-10-22 18:00:00,10/22/2019 18:00,-30.42,-30.41,72.55,13.99,3.574,339.4,12.73,1.947,342.2,352.47,97.17906326147796
2019-10-22 19:00:00,10/22/2019 19:00,-30.55,-30.53,71.69,17.23,2.746,329.9,13.93,1.348,339.1,352.0,96.14256465773552
2019-10-22 20:00:00,10/22/2019 20:00,-31.0,-30.94,72.2,13.06,2.856,324.6,11.4,1.421,331.5,351.68,97.22954703796549
2019-10-22 21:00:00,10/22/2019 21:00,-30.75,-30.61,71.84,13.86,2.784,331.0,11.66,1.727,340.8,351.43,96.52185504456014
2019-10-22 22:00:00,10/22/2019 22:00,-30.27,-30.14,73.37,15.89,4.274,351.7,13.59,2.433,334.3,351.24,98.14118952128034
2019-10-22 23:00:00,10/22/2019 23:00,-29.62,-29.52,74.93,16.19,4.125,346.5,13.56,2.698,348.5,351.28,99.62609130548148
2019-10-23 00:00:00,10/23/2019 0:00,-29.02,-28.83,75.38,20.36,4.2,340.4,16.69,2.538,341.3,351.26,99.66730585631099
2019-10-23 01:00:00,10/23/2019 1:00,-27.78,-27.62,76.65,18.26,4.121,337.5,14.56,2.53,347.6,351.98,100.0
2019-10-23 02:00:00,10/23/2019 2:00,-24.91,-24.57,78.86,32.92,13.51,260.6,26.86,5.745,312.3,,100.0
2019-10-23 03:00:00,10/23/2019 3:00,-23.74,-23.49,78.37,29.35,19.09,250.4,21.92,11.24,229.3,351.87,98.60609883262973
2019-10-23 04:00:00,10/23/2019 4:00,-23.66,-23.44,78.79,30.99,18.61,247.7,15.23,6.309,231.6,352.8,99.0593958475384
2019-10-23 05:00:00,10/23/2019 5:00,-23.16,-22.82,79.53,27.46,14.18,247.0,7.93,2.139,284.6,352.46,99.51655064415847
2019-10-23 06:00:00,10/23/2019 6:00,-22.83,-22.55,79.02,32.65,14.97,242.9,4.731,0.149,305.0,352.01,98.56891114006147
2019-10-23 07:00:00,10/23/2019 7:00,-22.65,-22.39,79.39,32.45,16.1,242.9,0.333,0.053,305.2,351.56,98.86114075146487
2019-10-23 08:00:00,10/23/2019 8:00,-22.56,-22.25,79.4,28.92,11.31,246.0,0.233,0.019,305.8,352.14,98.7890066301069
2019-10-23 09:00:00,10/23/2019 9:00,-22.71,-22.28,79.83,0.033,,237.6,0.133,0.008,306.2,351.81,99.4657799791939
2019-10-23 10:00:00,10/23/2019 10:00,-22.57,-22.32,79.8,,,,0.1,0.006,306.2,351.39,99.29612757517094
2019-10-23 11:00:00,10/23/2019 11:00,-22.58,-22.44,79.34,,,,0.033,0.001,306.1,351.96,98.73313340911034
2019-10-23 12:00:00,10/23/2019 12:00,-22.85,-22.72,79.38,,,,0.033,,306.6,351.48,99.03679416400401
2019-10-23 13:00:00,10/23/2019 13:00,-23.11,-22.9,79.54,0.033,,259.3,0.033,,306.6,352.05,99.481821593488
2019-10-23 14:00:00,10/23/2019 14:00,-23.19,-22.98,79.58,0.033,,234.9,0.067,0.001,305.4,352.7,99.60748308928856
2019-10-23 15:00:00,10/23/2019 15:00,-23.11,-22.92,79.63,0.033,,235.3,0.067,0.001,305.8,352.35,99.59438588747106
2019-10-23 16:00:00,10/23/2019 16:00,-23.29,-23.11,79.58,,,,0.1,0.001,306.0,352.74,99.70208038145894
2019-10-23 17:00:00,10/23/2019 17:00,-23.03,-22.95,79.18,0.033,,248.0,0.1,0.002,305.7,352.45,98.95635147175746
2019-10-23 18:00:00,10/23/2019 18:00,-23.49,-23.35,79.32,,,,0.2,0.008,305.0,352.07,99.56510081850566
2019-10-23 19:00:00,10/23/2019 19:00,-23.58,-23.53,78.66,,,,0.267,0.01,305.0,352.17,98.8209630469523
2019-10-23 20:00:00,10/23/2019 20:00,-24.37,-24.36,78.04,,,,0.133,0.004,304.7,350.74,98.77841902192627
2019-10-23 21:00:00,10/23/2019 21:00,-25.04,-25.0,77.44,,,,0.167,0.009,304.0,350.12,98.641559389492
2019-10-23 22:00:00,10/23/2019 22:00,-25.39,-25.23,77.67,,,,0.233,0.012,304.2,350.32,99.26175826201813
2019-10-23 23:00:00,10/23/2019 23:00,-25.58,-25.47,77.92,,,,0.133,0.004,303.8,350.97,99.75976100385897
2019-10-24 00:00:00,10/24/2019 0:00,-25.49,-25.31,77.22,,,,0.2,0.003,303.2,350.41,98.77974141649864
2019-10-24 01:00:00,10/24/2019 1:00,-25.65,-25.38,77.66,,,,0.1,0.002,302.3,351.11,99.4924839640776
2019-10-24 02:00:00,10/24/2019 2:00,-25.37,-25.15,78.17,,,,0.133,0.005,301.4,352.06,99.88191683415522
2019-10-24 03:00:00,10/24/2019 3:00,-25.03,-24.71,78.36,,,,0.233,0.012,300.2,351.65,99.80401538107618
2019-10-24 04:00:00,10/24/2019 4:00,-24.37,-24.02,78.62,,,,0.2,0.004,298.2,352.22,99.512548737876
2019-10-24 05:00:00,10/24/2019 5:00,-24.45,-24.1,78.25,,,,0.933,0.217,210.0,351.95,99.11920176095683
2019-10-24 06:00:00,10/24/2019 6:00,-25.12,-24.43,77.02,0.033,,265.3,19.76,4.292,245.0,352.01,98.18067948640758
2019-10-24 07:00:00,10/24/2019 7:00,-25.53,-25.06,76.57,0.067,,276.4,21.56,8.29,214.1,351.41,97.9851964958259
2019-10-24 08:00:00,10/24/2019 8:00,-26.65,-26.26,76.29,0.067,,268.0,27.56,9.66,207.4,351.88,98.6608399500712
2019-10-24 09:00:00,10/24/2019 9:00,-26.26,-25.88,77.74,0.3,0.007,234.0,24.59,13.29,192.2,351.44,100.0
2019-10-24 10:00:00,10/24/2019 10:00,-26.19,-25.93,76.14,0.4,0.022,230.7,26.39,13.1,190.5,351.53,98.04220360106305
2019-10-24 11:00:00,10/24/2019 11:00,-27.31,-26.83,75.78,1.0,0.033,222.7,24.26,11.77,190.7,351.12,98.60965038105574
2019-10-24 12:00:00,10/24/2019 12:00,-28.02,-27.67,75.41,1.399,0.061,224.1,21.19,10.96,192.9,351.59,98.78193835724375
2019-10-24 13:00:00,10/24/2019 13:00,-28.48,-28.14,75.27,1.566,0.095,221.4,22.56,12.28,188.2,351.03,99.02266777020687
2019-10-24 14:00:00,10/24/2019 14:00,-28.31,-27.89,77.45,1.799,0.148,220.7,26.19,14.02,185.2,350.41,100.0
2019-10-24 15:00:00,10/24/2019 15:00,-25.88,-25.76,76.9,1.333,0.141,219.6,24.82,13.83,181.9,351.67,98.73244186477426
2019-10-24 16:00:00,10/24/2019 16:00,-25.41,-25.26,78.09,6.164,2.857,221.2,28.89,13.93,181.2,351.92,99.8173367592291
2019-10-24 17:00:00,10/24/2019 17:00,-25.15,-25.08,77.69,5.898,3.465,218.0,25.62,13.91,179.1,351.71,99.06279877176313
2019-10-24 18:00:00,10/24/2019 18:00,-25.09,-25.03,77.6,5.831,3.463,215.6,24.39,14.01,176.5,351.45,98.89202617795696
2019-10-24 19:00:00,10/24/2019 19:00,-25.83,-25.81,75.65,5.798,3.503,215.3,26.32,14.93,174.6,351.07,97.08185017045301
2019-10-24 20:00:00,10/24/2019 20:00,-28.07,-27.8,76.1,5.698,2.531,211.8,28.16,13.73,170.0,350.97,99.73234817702355
2019-10-24 21:00:00,10/24/2019 21:00,-26.22,-26.11,77.23,5.998,3.238,209.0,27.76,15.92,169.6,350.46,99.47380552099723
2019-10-24 22:00:00,10/24/2019 22:00,-26.64,-26.54,77.12,7.597,3.326,199.2,29.79,15.65,156.5,350.19,99.72486176102629
2019-10-24 23:00:00,10/24/2019 23:00,-26.38,-26.3,77.13,6.031,1.979,162.6,28.16,13.58,135.9,349.96,99.49452405693826
2019-10-25 00:00:00,10/25/2019 0:00,-25.93,-25.84,77.73,3.865,1.487,129.8,27.59,13.38,126.7,351.49,99.8450634162027
2019-10-25 01:00:00,10/25/2019 1:00,-25.2,-25.16,78.24,4.865,1.936,189.3,27.32,12.82,120.5,351.73,99.81118436168275
2019-10-25 02:00:00,10/25/2019 2:00,-24.55,-24.43,77.91,4.631,1.144,191.7,21.19,8.84,126.4,351.02,98.78189130435452
2019-10-25 03:00:00,10/25/2019 3:00,-24.25,-24.1,78.37,3.365,1.147,193.6,17.96,9.34,126.3,351.64,99.08354662864238
2019-10-25 04:00:00,10/25/2019 4:00,-23.83,-23.62,78.39,18.93,1.124,194.5,15.43,6.728,128.2,351.19,98.71542633159703
2019-10-25 05:00:00,10/25/2019 5:00,-23.5,-23.29,78.36,25.46,11.49,192.7,14.49,7.162,122.2,351.31,98.36940720335078
2019-10-25 06:00:00,10/25/2019 6:00,-23.18,-22.9,79.28,24.22,12.56,194.3,14.36,5.771,126.8,351.45,99.22256300344269
2019-10-25 07:00:00,10/25/2019 7:00,-22.37,-22.02,80.0,19.79,11.24,195.1,12.79,3.911,135.1,351.62,99.3557714282122
2019-10-25 08:00:00,10/25/2019 8:00,-21.76,-21.42,80.1,15.73,9.68,194.5,20.53,6.354,130.5,351.88,98.90371787040408
2019-10-25 09:00:00,10/25/2019 9:00,-21.57,-21.29,80.2,14.99,9.87,195.6,13.73,4.905,133.6,351.07,98.8479755828816
2019-10-25 10:00:00,10/25/2019 10:00,-21.46,-21.21,80.7,22.56,13.35,198.1,12.76,4.464,137.6,350.27,99.35993897135565
2019-10-25 11:00:00,10/25/2019 11:00,-21.55,-21.4,80.7,23.19,14.68,196.0,21.52,5.939,134.0,350.29,99.44526597394142
2019-10-25 12:00:00,10/25/2019 12:00,-21.82,-21.69,80.3,16.13,9.68,196.0,21.36,7.456,126.3,352.08,99.20738306036452
2019-10-25 13:00:00,10/25/2019 13:00,-22.05,-21.95,80.1,13.43,4.662,197.6,13.33,7.801,117.5,352.35,99.1773720941371
2019-10-25 14:00:00,10/25/2019 14:00,-21.94,-21.82,80.5,8.76,3.355,207.9,12.1,3.7,118.8,352.57,99.568257118792
2019-10-25 15:00:00,10/25/2019 15:00,-21.9,-21.77,80.5,6.864,1.625,216.3,11.3,2.784,109.4,351.66,99.53031928520582
2019-10-25 16:00:00,10/25/2019 16:00,-21.95,-21.84,80.1,9.36,4.498,143.2,10.53,2.651,110.3,352.88,99.08294696648186
2019-10-25 17:00:00,10/25/2019 17:00,-22.24,-22.12,80.4,7.464,5.594,143.0,8.5,2.823,115.8,351.6,99.72908124007928
2019-10-25 18:00:00,10/25/2019 18:00,-22.08,-21.97,80.3,38.08,19.84,134.2,9.6,2.765,104.8,352.03,99.45341689488974
2019-10-25 19:00:00,10/25/2019 19:00,-23.03,-23.08,77.05,38.98,14.57,141.6,9.06,2.04,87.8,351.7,96.29435313082737
2019-10-25 20:00:00,10/25/2019 20:00,-26.04,-26.08,76.54,14.73,3.691,212.7,3.365,0.603,297.3,351.34,98.41831453756771
2019-10-25 21:00:00,10/25/2019 21:00,-27.11,-27.07,76.13,23.26,4.006,239.1,3.565,0.637,302.5,351.23,98.87964727256592
2019-10-25 22:00:00,10/25/2019 22:00,-27.82,-27.73,75.87,20.29,4.504,242.5,5.198,0.488,292.2,350.57,99.19896744495416
2019-10-25 23:00:00,10/25/2019 23:00,-28.17,-28.02,76.08,24.39,4.602,218.8,5.598,0.713,308.9,350.06,99.79926462124106
2019-10-26 00:00:00,10/26/2019 0:00,-26.97,-26.46,77.3,36.45,11.24,141.1,9.53,2.244,73.68,350.29,100.0
2019-10-26 01:00:00,10/26/2019 1:00,-26.29,-25.89,76.87,35.02,9.21,149.9,9.6,2.106,67.66,351.49,99.07529575503273
2019-10-26 02:00:00,10/26/2019 2:00,-26.95,-26.6,75.89,34.85,5.639,191.6,9.3,1.404,26.45,351.71,98.42019114316447
2019-10-26 03:00:00,10/26/2019 3:00,-27.42,-26.83,76.19,33.92,5.304,191.3,12.86,1.912,340.1,352.32,99.24533177908393
2019-10-26 04:00:00,10/26/2019 4:00,-27.16,-26.41,75.79,31.72,5.723,190.1,11.16,2.319,358.6,351.64,98.48418099312181
2019-10-26 05:00:00,10/26/2019 5:00,-26.8,-25.81,76.07,32.25,4.309,204.2,13.56,2.555,5.912,352.12,98.51491929132968
2019-10-26 06:00:00,10/26/2019 6:00,-27.77,-26.66,75.24,13.86,2.537,215.3,12.0,1.467,326.7,351.53,98.32928289233723
2019-10-26 07:00:00,10/26/2019 7:00,-28.43,-27.16,74.47,13.43,2.644,250.1,10.76,1.232,322.6,351.39,97.92455489592086
2019-10-26 08:00:00,10/26/2019 8:00,-28.51,-26.96,74.59,22.89,1.574,251.2,9.06,1.177,313.4,351.31,98.15552865744885
2019-10-26 09:00:00,10/26/2019 9:00,-29.34,-27.89,74.01,13.66,1.362,241.3,8.1,0.544,301.2,350.57,98.14740813029296
2019-10-26 10:00:00,10/26/2019 10:00,-30.13,-28.95,74.07,9.23,1.532,267.8,7.164,0.471,321.5,350.91,98.94923728340949
2019-10-26 11:00:00,10/26/2019 11:00,-29.91,-29.11,74.49,9.83,1.442,270.3,6.098,0.207,324.5,350.99,99.30775039563272
2019-10-26 12:00:00,10/26/2019 12:00,-29.79,-29.28,73.96,9.53,1.335,271.8,0.466,0.047,341.0,351.7,98.49156060028069
2019-10-26 13:00:00,10/26/2019 13:00,-30.21,-30.14,74.15,6.597,1.117,278.0,0.3,0.043,309.8,352.22,99.1294834328944
2019-10-26 14:00:00,10/26/2019 14:00,-30.4,-30.41,73.93,7.63,0.993,277.3,0.333,0.029,322.5,352.4,99.00923135679304
2019-10-26 15:00:00,10/26/2019 15:00,-30.44,-30.55,74.54,7.097,0.67,278.1,0.3,0.031,341.8,352.78,99.86308580301026
2019-10-26 16:00:00,10/26/2019 16:00,-30.57,-30.6,73.85,3.699,0.694,276.9,0.3,0.023,339.7,352.64,99.05761712301432
2019-10-26 17:00:00,10/26/2019 17:00,-30.4,-30.3,73.95,4.298,0.608,271.0,0.267,0.034,330.4,352.86,99.03601594528399
2019-10-26 18:00:00,10/26/2019 18:00,-30.52,-30.34,73.82,6.564,0.664,269.7,0.466,0.048,338.9,352.81,98.9716403405708
2019-10-26 19:00:00,10/26/2019 19:00,-30.56,-30.41,73.99,5.165,0.49,273.0,0.633,0.069,345.6,352.62,99.23623480498468
2019-10-26 20:00:00,10/26/2019 20:00,-30.62,-30.43,73.76,6.964,0.629,270.0,4.465,0.112,320.4,352.36,98.98260719359557
2019-10-26 21:00:00,10/26/2019 21:00,-30.94,-30.74,73.5,6.131,0.768,269.9,0.666,0.097,343.5,352.35,98.92546380745958
2019-10-26 22:00:00,10/26/2019 22:00,-31.45,-31.27,73.21,3.599,0.751,271.6,0.666,0.077,320.4,351.98,98.99918734282154
2019-10-26 23:00:00,10/26/2019 23:00,-31.64,-31.5,73.26,3.365,0.646,273.3,0.466,0.046,328.6,352.31,99.24006631971098
2019-10-27 00:00:00,10/27/2019 0:00,-31.59,-31.46,73.29,4.898,0.539,275.8,0.466,0.035,331.7,352.65,99.23507624245322
2019-10-27 01:00:00,10/27/2019 1:00,-31.68,-31.25,73.56,3.432,0.461,277.9,0.466,0.035,358.4,352.82,99.68309959665574
2019-10-27 02:00:00,10/27/2019 2:00,-29.99,-26.46,73.63,3.732,0.462,273.7,2.666,0.047,348.6,353.49,98.23400818138728
2019-10-27 03:00:00,10/27/2019 3:00,-28.32,-23.61,74.62,0.033,,273.5,0.367,0.023,357.7,353.8,98.02118644094574
2019-10-27 04:00:00,10/27/2019 4:00,-27.03,-22.75,76.03,2.499,0.103,274.6,0.433,0.035,325.2,354.12,98.67574265760915
2019-10-27 05:00:00,10/27/2019 5:00,-26.08,-22.75,74.51,3.499,0.163,275.8,0.666,0.042,356.8,354.13,95.84411548539673
2019-10-27 06:00:00,10/27/2019 6:00,-27.46,-25.15,73.58,3.965,0.341,270.3,4.398,0.249,337.0,353.78,95.88143051495666
2019-10-27 07:00:00,10/27/2019 7:00,-27.9,-25.93,73.79,5.698,0.364,269.9,3.632,0.128,329.7,353.39,96.55155398637919
2019-10-27 08:00:00,10/27/2019 8:00,-28.79,-26.58,74.3,4.998,0.485,275.0,3.365,0.203,325.4,353.5,98.02928161239676
2019-10-27 09:00:00,10/27/2019 9:00,-29.2,-27.19,74.21,11.83,1.111,244.2,7.031,0.732,315.7,353.26,98.28469497691434
2019-10-27 10:00:00,10/27/2019 10:00,-29.6,-27.81,74.15,13.13,1.504,264.0,7.73,0.868,339.7,353.34,98.57071837765248
2019-10-27 11:00:00,10/27/2019 11:00,-29.66,-28.1,73.96,9.06,1.127,270.8,10.2,0.796,317.9,353.19,98.37288909721318
2019-10-27 12:00:00,10/27/2019 12:00,-29.92,-29.18,74.15,7.597,0.739,275.3,7.23,0.409,321.8,353.71,98.86363354237314
2019-10-27 13:00:00,10/27/2019 13:00,-30.57,-30.58,74.12,6.831,0.606,275.0,6.364,0.235,317.4,354.08,99.4197776730917
2019-10-27 14:00:00,10/27/2019 14:00,-30.33,-30.49,74.78,6.697,0.566,267.6,4.132,0.247,313.0,354.39,100.0
2019-10-27 15:00:00,10/27/2019 15:00,-30.13,-30.24,74.03,10.36,1.453,174.5,5.598,0.235,321.1,354.69,98.89580175632247
2019-10-27 16:00:00,10/27/2019 16:00,-30.06,-30.13,74.14,2.432,0.045,176.2,0.367,0.026,2.343,354.89,98.97857808822657
2019-10-27 17:00:00,10/27/2019 17:00,-29.79,-29.71,74.64,7.164,0.279,175.0,0.566,0.01,332.5,355.06,99.39710766907723
2019-10-27 18:00:00,10/27/2019 18:00,-29.61,-29.52,74.68,7.997,0.297,175.6,0.533,0.025,346.2,354.72,99.28448167091601
2019-10-27 19:00:00,10/27/2019 19:00,-29.66,-29.59,74.31,5.331,0.092,175.7,0.233,0.007,346.9,354.38,98.83841791257318
2019-10-27 20:00:00,10/27/2019 20:00,-30.0,-29.96,73.67,5.464,0.243,176.1,0.367,0.03,352.4,353.84,98.2964792908313
2019-10-27 21:00:00,10/27/2019 21:00,-30.58,-30.69,73.84,6.664,0.312,175.0,0.433,0.028,344.6,353.64,99.05335487909889
2019-10-27 22:00:00,10/27/2019 22:00,-30.6,-30.73,74.26,6.697,0.219,175.2,0.466,0.024,338.6,353.46,99.63517540068422
2019-10-27 23:00:00,10/27/2019 23:00,-30.39,-30.42,74.18,4.965,0.122,175.4,2.965,0.035,352.7,353.45,99.33485325848886
2019-10-28 00:00:00,10/28/2019 0:00,-30.58,-30.54,74.47,6.297,0.226,176.5,0.367,0.029,355.3,353.72,99.89847423952456
2019-10-28 01:00:00,10/28/2019 1:00,-29.99,-29.13,74.86,6.864,0.361,177.6,4.165,0.184,8.4,353.94,99.87502176366499
2019-10-28 02:00:00,10/28/2019 2:00,-28.67,-26.63,74.42,7.164,0.508,176.3,0.533,0.041,329.4,,98.07793750149493
2019-10-28 03:00:00,10/28/2019 3:00,-27.53,-25.67,76.26,5.131,0.169,176.3,0.4,0.018,331.7,354.65,99.4388344801421
2019-10-28 04:00:00,10/28/2019 4:00,-25.8,-23.6,75.75,7.264,0.134,177.1,0.4,0.015,355.6,354.73,97.18272592698267
2019-10-28 05:00:00,10/28/2019 5:00,-25.43,-22.77,77.04,7.397,0.22,176.9,0.6,0.026,332.3,354.76,98.49376087085945
2019-10-28 06:00:00,10/28/2019 6:00,-23.8,-21.05,76.44,2.666,0.092,177.5,3.432,0.041,350.3,354.56,96.23245686037824
2019-10-28 07:00:00,10/28/2019 7:00,-25.19,-21.89,75.64,5.098,0.319,177.4,0.533,0.027,317.9,354.18,96.48524658064844
2019-10-28 08:00:00,10/28/2019 8:00,-25.56,-22.31,75.98,5.664,0.229,176.6,4.032,0.048,340.8,354.11,97.25767770309177
2019-10-28 09:00:00,10/28/2019 9:00,-25.28,-22.12,76.23,6.297,0.129,177.6,0.333,0.021,359.6,353.92,97.32043656411977
2019-10-28 10:00:00,10/28/2019 10:00,-27.04,-23.22,74.76,7.031,0.216,177.1,4.198,0.055,4.35,353.89,97.03656608275826
2019-10-28 11:00:00,10/28/2019 11:00,-28.54,-25.22,74.19,3.965,0.147,177.4,0.466,0.042,352.6,354.19,97.65645803969694
2019-10-28 12:00:00,10/28/2019 12:00,-29.82,-27.92,73.86,3.399,0.175,177.5,0.333,0.042,353.2,354.27,98.38575139791763
2019-10-28 13:00:00,10/28/2019 13:00,-30.19,-30.02,73.81,7.597,0.425,178.4,0.6,0.055,358.3,354.61,98.65668271258566
2019-10-28 14:00:00,10/28/2019 14:00,-30.24,-30.38,74.41,6.797,0.892,177.5,2.099,0.087,330.0,354.94,99.50469107110467
2019-10-28 15:00:00,10/28/2019 15:00,-30.18,-30.37,73.66,9.03,0.812,177.5,1.499,0.084,323.3,355.08,98.44707623296391
2019-10-28 16:00:00,10/28/2019 16:00,-30.35,-30.63,74.03,3.532,0.465,179.1,4.298,0.124,7.668,355.19,99.09732424392432
2019-10-28 17:00:00,10/28/2019 17:00,-30.1,-30.45,73.88,4.332,0.609,178.7,4.532,0.213,357.2,355.32,98.66801031570387
2019-10-28 18:00:00,10/28/2019 18:00,-29.93,-30.22,74.73,5.098,0.45,179.2,0.333,0.033,19.38,355.28,99.64617582323184
2019-10-28 19:00:00,10/28/2019 19:00,-29.52,-29.73,74.57,2.599,0.165,178.8,0.4,0.021,348.7,355.11,99.05547135705841
2019-10-28 20:00:00,10/28/2019 20:00,-29.46,-29.46,74.08,4.631,0.324,178.3,0.367,0.028,357.4,354.78,98.34978084851895
2019-10-28 21:00:00,10/28/2019 21:00,-29.94,-30.04,74.18,8.46,0.371,178.7,0.466,0.043,0.044,354.61,98.92196220544807
2019-10-28 22:00:00,10/28/2019 22:00,-29.61,-29.96,74.81,4.731,0.354,178.3,0.4,0.028,350.2,354.51,99.45731218266238
2019-10-28 23:00:00,10/28/2019 23:00,-29.48,-29.63,74.91,4.865,0.121,177.8,0.367,0.023,6.673,354.42,99.47017022235897
2019-10-29 00:00:00,10/29/2019 0:00,-29.01,-29.11,74.8,0.033,,178.2,0.433,0.01,33.25,354.57,98.89123156652151
2019-10-29 01:00:00,10/29/2019 1:00,-28.97,-28.84,75.1,,,,0.2,0.003,13.23,354.86,99.2509141565727
2019-10-29 02:00:00,10/29/2019 2:00,-28.6,-27.79,74.46,,,,0.167,0.002,323.0,355.16,98.06667744014992
2019-10-29 03:00:00,10/29/2019 3:00,-27.86,-26.08,75.15,5.231,0.08,177.5,0.2,0.004,287.0,355.37,98.29431720084386
2019-10-29 04:00:00,10/29/2019 4:00,-27.0,-24.7,75.48,4.765,0.063,177.6,0.133,0.004,320.1,355.58,97.93437481461173
2019-10-29 05:00:00,10/29/2019 5:00,-26.86,-24.08,75.8,3.898,0.154,177.2,0.233,0.008,276.5,355.35,98.2205270489003
2019-10-29 06:00:00,10/29/2019 6:00,-26.17,-23.09,75.61,4.998,0.297,176.8,0.466,0.022,288.9,355.05,97.34143656441326
2019-10-29 07:00:00,10/29/2019 7:00,-25.51,-22.39,76.43,5.498,0.306,177.7,4.165,0.05,290.0,354.76,97.78760657128134
2019-10-29 08:00:00,10/29/2019 8:00,-24.7,-21.4,75.66,5.531,0.327,177.8,3.332,0.038,287.9,354.44,96.06523514002865
2019-10-29 09:00:00,10/29/2019 9:00,-24.8,-20.96,77.19,3.365,0.316,178.0,0.333,0.022,319.8,354.31,98.10052025123683
2019-10-29 10:00:00,10/29/2019 10:00,-24.9,-21.94,76.92,3.699,0.137,178.2,0.433,0.024,302.7,354.35,97.8497610924206
2019-10-29 11:00:00,10/29/2019 11:00,-25.6,-23.85,76.39,4.998,0.109,178.0,0.367,0.018,314.0,354.29,97.8193585590943
2019-10-29 12:00:00,10/29/2019 12:00,-26.84,-26.23,76.21,2.532,0.072,178.4,0.233,0.013,311.1,354.38,98.73327294677178
2019-10-29 13:00:00,10/29/2019 13:00,-27.37,-27.14,76.2,3.865,0.137,178.2,0.267,0.009,280.4,354.7,99.21190579549919
2019-10-29 14:00:00,10/29/2019 14:00,-27.79,-27.6,75.65,3.898,0.172,178.2,0.2,0.005,327.4,354.99,98.88358769738139
2019-10-29 15:00:00,10/29/2019 15:00,-27.82,-27.68,75.83,5.331,0.214,178.7,0.267,0.009,332.4,354.95,99.1466680025158
2019-10-29 16:00:00,10/29/2019 16:00,-27.78,-27.61,75.88,6.131,0.353,178.9,0.3,0.01,323.6,354.86,99.1749538131692
2019-10-29 17:00:00,10/29/2019 17:00,-27.72,-27.64,75.76,4.765,0.279,177.9,0.167,0.005,285.5,354.73,98.96258460044699
2019-10-29 18:00:00,10/29/2019 18:00,-27.92,-27.83,75.92,6.198,0.55,178.4,0.4,0.014,337.5,354.42,99.35714734128696
2019-10-29 19:00:00,10/29/2019 19:00,-27.83,-27.77,75.96,5.198,0.413,179.2,0.333,0.009,353.3,354.16,99.32592435873644
2019-10-29 20:00:00,10/29/2019 20:00,-27.61,-27.54,76.13,4.798,0.173,179.2,0.2,0.006,338.9,353.92,99.34364885826106
2019-10-29 21:00:00,10/29/2019 21:00,-27.37,-27.31,76.52,5.931,0.486,178.3,0.5,0.012,291.3,353.63,99.6285437200997
2019-10-29 22:00:00,10/29/2019 22:00,-27.08,-27.0,76.4,4.032,0.21,177.8,0.3,0.006,307.4,353.19,99.20243309700247
2019-10-29 23:00:00,10/29/2019 23:00,-27.12,-27.05,76.14,3.832,0.198,178.4,0.2,0.004,348.2,353.24,98.90190403174489
2019-10-30 00:00:00,10/30/2019 0:00,-27.13,-27.03,76.34,5.298,0.287,178.8,0.367,0.012,317.7,353.54,99.17098700780782
2019-10-30 01:00:00,10/30/2019 1:00,-26.75,-26.66,76.68,5.531,0.17,178.8,0.4,0.009,27.27,353.78,99.25832272160592
2019-10-30 02:00:00,10/30/2019 2:00,-26.39,-26.04,76.46,7.064,0.766,178.4,0.4,0.02,339.3,353.87,98.63952011547521
2019-10-30 03:00:00,10/30/2019 3:00,-26.53,-25.78,76.7,5.764,1.111,179.5,0.3,0.009,351.7,354.08,99.07936213871515
2019-10-30 04:00:00,10/30/2019 4:00,-26.33,-25.15,76.72,4.731,0.872,179.9,0.2,0.005,346.7,354.05,98.91914915740318
2019-10-30 05:00:00,10/30/2019 5:00,-25.49,-23.36,77.14,5.664,0.322,179.9,0.167,0.001,346.7,353.71,98.67740550205524
2019-10-30 06:00:00,10/30/2019 6:00,-24.75,-21.9,77.37,7.197,1.013,178.4,4.232,0.08,274.8,353.53,98.28284164261531
2019-10-30 07:00:00,10/30/2019 7:00,-23.93,-20.33,77.45,7.864,1.348,176.5,4.631,0.129,273.6,353.2,97.62414755145898
2019-10-30 08:00:00,10/30/2019 8:00,-23.91,-20.6,77.09,7.13,1.279,176.2,5.098,0.155,269.1,352.95,97.1519660823311
2019-10-30 09:00:00,10/30/2019 9:00,-25.03,-23.09,76.78,12.63,0.549,265.7,8.1,0.237,271.9,352.82,97.79163222255015
2019-10-30 10:00:00,10/30/2019 10:00,-25.52,-24.09,77.07,4.798,0.374,265.1,7.53,0.475,273.0,352.79,98.6157424058408
2019-10-30 11:00:00,10/30/2019 11:00,-25.8,-25.17,76.91,4.532,0.605,268.1,7.564,0.313,276.3,353.0,98.67093664744867
2019-10-30 12:00:00,10/30/2019 12:00,-26.07,-25.9,77.0,5.298,1.206,268.9,7.864,0.145,272.1,353.0,99.03774913588208
2019-10-30 13:00:00,10/30/2019 13:00,-26.05,-25.94,77.33,5.431,1.386,266.7,7.497,0.509,279.1,353.26,99.44348458024832
2019-10-30 14:00:00,10/30/2019 14:00,-25.89,-25.79,77.18,4.565,1.221,267.6,7.764,0.301,278.7,353.28,99.10126396856899
2019-10-30 15:00:00,10/30/2019 15:00,-25.86,-25.82,77.1,5.798,1.347,266.9,8.43,0.327,278.7,353.38,98.9705879202124
2019-10-30 16:00:00,10/30/2019 16:00,-25.99,-25.92,77.2,6.231,1.404,262.7,7.997,0.747,275.7,353.19,99.22028095294267
2019-10-30 17:00:00,10/30/2019 17:00,-26.12,-26.07,77.12,7.963,1.593,256.8,10.9,0.922,278.5,352.9,99.23875643759747
2019-10-30 18:00:00,10/30/2019 18:00,-26.16,-26.11,76.92,7.73,1.397,259.0,7.33,0.155,286.0,352.54,99.01863781545748
2019-10-30 19:00:00,10/30/2019 19:00,-26.28,-26.21,76.92,7.13,1.482,256.7,0.5,0.015,283.7,352.11,99.13042038930512
2019-10-30 20:00:00,10/30/2019 20:00,-26.7,-26.63,76.28,7.93,1.531,255.9,1.399,0.024,284.6,351.75,98.69421876190964
2019-10-30 21:00:00,10/30/2019 21:00,-27.29,-27.2,75.92,7.664,1.234,250.4,0.433,0.018,282.8,351.23,98.77332439579178
2019-10-30 22:00:00,10/30/2019 22:00,-27.84,-27.74,75.68,10.2,1.095,249.6,0.5,0.022,286.2,350.83,98.96904349719117
2019-10-30 23:00:00,10/30/2019 23:00,-28.45,-28.39,75.19,5.065,1.228,256.9,0.3,0.026,279.8,350.87,98.88976018725455
2019-10-31 00:00:00,10/31/2019 0:00,-29.18,-29.11,74.93,4.532,1.054,260.3,0.267,0.02,285.7,350.73,99.21982533522721
2019-10-31 01:00:00,10/31/2019 1:00,-29.75,-29.61,74.25,4.132,0.975,267.4,0.267,0.025,288.0,351.08,98.84108417037982
2019-10-31 02:00:00,10/31/2019 2:00,-29.74,-28.99,74.36,3.399,0.971,264.0,0.3,0.023,289.1,351.2,98.97833655144598
2019-10-31 03:00:00,10/31/2019 3:00,-28.39,-26.47,75.73,3.699,0.838,267.9,0.233,0.008,289.6,351.2,99.54425865233317
2019-10-31 04:00:00,10/31/2019 4:00,-26.71,-23.63,76.15,3.365,0.59,266.6,,,,351.46,98.53526743052609
2019-10-31 05:00:00,10/31/2019 5:00,-25.58,-22.36,76.69,3.299,0.372,269.6,,,,351.33,98.1850111830845
2019-10-31 06:00:00,10/31/2019 6:00,-25.66,-23.74,75.64,4.532,0.469,275.3,0.4,0.017,297.3,351.05,96.91373267379129
2019-10-31 07:00:00,10/31/2019 7:00,-26.27,-24.07,76.0,4.365,0.414,265.8,0.433,0.031,290.8,350.93,97.93556635895736
2019-10-31 08:00:00,10/31/2019 8:00,-25.68,-23.21,76.78,4.765,0.553,269.3,0.267,0.009,284.2,350.55,98.3928931559968
2019-10-31 09:00:00,10/31/2019 9:00,-26.09,-24.13,76.03,3.099,0.298,268.5,6.564,0.274,285.2,350.79,97.80853039882501
2019-10-31 10:00:00,10/31/2019 10:00,-27.17,-25.05,74.93,4.532,0.221,280.7,5.398,0.266,297.8,350.68,97.37579064604321
2019-10-31 11:00:00,10/31/2019 11:00,-29.08,-27.02,74.12,4.765,0.183,283.8,4.565,0.098,298.7,350.91,98.05603982684872
2019-10-31 12:00:00,10/31/2019 12:00,-30.19,-29.34,73.74,5.964,0.413,277.1,3.765,0.074,299.6,351.01,98.56311859133
2019-10-31 13:00:00,10/31/2019 13:00,-31.09,-31.13,73.7,5.464,0.409,279.1,0.566,0.032,301.5,351.24,99.33193369500945
2019-10-31 14:00:00,10/31/2019 14:00,-31.31,-31.55,73.42,6.164,0.54,291.7,0.3,0.011,303.0,351.5,99.15530727907223
2019-10-31 15:00:00,10/31/2019 15:00,-31.56,-31.8,73.13,6.031,0.485,293.0,0.3,0.012,303.7,351.59,98.99112251914077
2019-10-31 16:00:00,10/31/2019 16:00,-31.3,-31.43,73.37,8.06,1.364,219.3,0.333,0.027,302.1,351.51,99.07865792883159
2019-10-31 17:00:00,10/31/2019 17:00,-31.56,-31.84,73.06,5.531,1.485,181.9,0.3,0.043,300.9,351.2,98.89636826539622
2019-10-31 18:00:00,10/31/2019 18:00,-31.83,-32.08,73.2,6.031,1.905,180.6,0.3,0.043,301.9,351.28,99.33205582790079
2019-10-31 19:00:00,10/31/2019 19:00,-31.79,-32.02,72.98,7.764,1.689,180.3,0.233,0.028,300.7,350.9,98.99713740757947
2019-10-31 20:00:00,10/31/2019 20:00,-31.83,-32.08,72.92,7.597,1.744,179.9,0.267,0.019,302.0,350.68,98.95209714440608
2019-10-31 21:00:00,10/31/2019 21:00,-32.15,-32.47,72.46,7.23,1.37,179.9,0.3,0.026,300.8,350.4,98.61706314699745
2019-10-31 22:00:00,10/31/2019 22:00,-32.49,-32.79,72.76,6.897,1.646,180.1,0.3,0.034,300.5,350.29,99.33431575896994
2019-10-31 23:00:00,10/31/2019 23:00,-32.64,-32.91,72.22,9.16,1.829,180.4,1.2,0.025,301.3,350.11,98.73251905217457
2019-11-01 00:00:00,,,,,,,,,,,,
2019-11-01 01:00:00,11/1/2019 1:00,-32.55,-31.08,72.75,6.397,1.224,180.2,0.267,0.032,300.8,350.7,99.37522255340453
2019-11-01 02:00:00,11/1/2019 2:00,-30.5,-25.86,73.07,7.53,1.592,180.4,0.2,0.007,291.8,351.2,97.94799765042973
2019-11-01 03:00:00,11/1/2019 3:00,-29.88,-26.09,73.78,7.164,2.128,180.0,0.3,0.042,283.9,351.34,98.33385858207997
2019-11-01 04:00:00,11/1/2019 4:00,-28.85,-25.31,74.27,6.031,1.19,180.0,0.4,0.039,280.6,351.69,98.04444993774499
2019-11-01 05:00:00,11/1/2019 5:00,-28.01,-25.16,74.5,6.131,1.09,179.7,5.931,0.153,284.2,351.57,97.5807864866436
2019-11-01 06:00:00,11/1/2019 6:00,-28.59,-26.42,74.05,7.897,2.057,179.5,6.397,0.297,282.4,351.47,97.5176045158097
2019-11-01 07:00:00,11/1/2019 7:00,-28.73,-26.19,74.2,9.3,2.075,178.2,6.697,0.61,280.5,351.34,97.84266370204666
2019-11-01 08:00:00,11/1/2019 8:00,-28.39,-25.53,74.9,9.63,2.024,178.7,6.964,0.788,279.6,351.45,98.45325462907374
2019-11-01 09:00:00,11/1/2019 9:00,-28.02,-25.41,75.02,8.76,1.344,178.2,7.064,0.513,277.6,351.63,98.27106505185554
2019-11-01 10:00:00,11/1/2019 10:00,-28.19,-25.44,74.79,12.36,1.136,178.3,8.23,0.461,281.8,351.33,98.12540022537445
2019-11-01 11:00:00,11/1/2019 11:00,-29.25,-26.96,73.86,10.36,1.142,178.2,7.464,0.271,273.3,351.94,97.86661758330597
2019-11-01 12:00:00,11/1/2019 12:00,-30.72,-29.45,72.93,5.231,0.427,179.3,0.5,0.049,299.3,352.31,97.95920788324248
2019-11-01 13:00:00,11/1/2019 13:00,-31.68,-31.63,73.18,8.83,0.876,179.1,4.965,0.038,295.4,352.85,99.168151556325
2019-11-01 14:00:00,11/1/2019 14:00,-31.75,-31.9,73.19,6.431,1.395,182.4,3.499,0.063,308.3,353.26,99.2455238863526
2019-11-01 15:00:00,11/1/2019 15:00,-31.41,-31.67,73.27,7.764,1.672,186.1,2.965,0.068,358.5,353.68,99.04385959043736
2019-11-01 16:00:00,11/1/2019 16:00,-31.1,-31.43,73.87,5.931,1.556,185.2,0.533,0.066,3.905,354.03,99.57023433248999
2019-11-01 17:00:00,11/1/2019 17:00,-30.44,-30.87,73.81,4.365,1.043,185.1,0.267,0.019,10.29,354.0,98.88508670673714
2019-11-01 18:00:00,11/1/2019 18:00,-30.52,-30.96,73.76,5.331,1.094,184.8,2.332,0.022,8.32,353.87,98.89119739258336
2019-11-01 19:00:00,11/1/2019 19:00,-30.71,-31.05,74.0,6.198,1.791,184.4,4.831,0.073,10.32,353.83,99.38724955521874
2019-11-01 20:00:00,11/1/2019 20:00,-30.41,-30.72,73.66,5.498,1.361,184.0,5.931,0.063,15.55,353.52,98.65676090881134
2019-11-01 21:00:00,11/1/2019 21:00,-30.82,-31.26,73.34,6.131,1.053,183.6,0.367,0.016,11.17,353.18,98.60089177025239
2019-11-01 22:00:00,11/1/2019 22:00,-31.16,-31.59,73.19,6.797,1.408,183.6,0.4,0.01,3.469,352.99,98.70821682307408
2019-11-01 23:00:00,11/1/2019 23:00,-31.28,-31.75,73.23,4.532,0.82,183.4,0.3,0.007,10.07,353.01,98.87139180237118
2019-11-02 00:00:00,11/2/2019 0:00,-31.34,-31.73,73.33,7.83,1.332,182.2,5.964,0.194,349.0,353.13,99.06111762499798
2019-11-02 01:00:00,11/2/2019 1:00,-30.89,-29.43,74.01,9.73,1.37,181.9,8.66,0.401,5.351,353.33,99.56595221962144
2019-11-02 02:00:00,11/2/2019 2:00,-28.65,-22.72,74.58,5.231,0.337,178.6,0.466,0.015,288.8,353.75,98.27049040772192
2019-11-02 03:00:00,11/2/2019 3:00,-26.9,-21.71,75.4,4.631,0.441,178.8,0.466,0.017,278.5,354.13,97.73887756681658
2019-11-02 04:00:00,11/2/2019 4:00,-26.43,-22.25,76.31,6.064,0.78,178.4,0.6,0.03,282.1,354.21,98.48301465930267
2019-11-02 05:00:00,11/2/2019 5:00,-25.82,-22.4,76.29,5.231,0.577,178.2,0.3,0.012,278.8,353.94,97.89394661131938
2019-11-02 06:00:00,11/2/2019 6:00,-26.0,-23.21,75.96,6.098,0.891,178.2,0.267,0.007,340.9,353.54,97.635774050306
2019-11-02 07:00:00,11/2/2019 7:00,-26.77,-24.28,76.17,6.064,0.785,178.6,0.333,0.017,304.8,353.12,98.61666071211172
2019-11-02 08:00:00,11/2/2019 8:00,-26.75,-24.29,75.18,6.564,1.312,177.6,0.566,0.031,286.3,353.02,97.3166497419188
2019-11-02 09:00:00,11/2/2019 9:00,-27.38,-24.5,75.47,6.697,0.982,177.9,0.6,0.054,302.0,353.01,98.27065090304916
2019-11-02 10:00:00,11/2/2019 10:00,-27.49,-24.2,75.57,6.631,0.635,179.5,1.699,0.048,323.8,352.72,98.50223456217068
2019-11-02 11:00:00,11/2/2019 11:00,-27.76,-24.93,75.46,7.597,0.661,179.6,0.766,0.056,314.4,352.79,98.60757638179216
2019-11-02 12:00:00,11/2/2019 12:00,-28.57,-27.05,74.48,7.097,0.59,179.9,0.566,0.059,352.1,353.24,98.06559977366958
2019-11-02 13:00:00,11/2/2019 13:00,-29.66,-29.61,74.45,5.798,0.539,181.2,2.799,0.091,15.89,353.41,99.02462943871717
2019-11-02 14:00:00,11/2/2019 14:00,-29.91,-30.07,74.37,8.26,0.567,179.3,5.498,0.064,314.3,353.86,99.14777012918789
2019-11-02 15:00:00,11/2/2019 15:00,-30.14,-30.5,74.17,5.564,0.786,179.1,0.733,0.035,343.4,353.95,99.09199891814455
2019-11-02 16:00:00,11/2/2019 16:00,-30.23,-30.68,73.59,6.897,0.869,180.9,0.367,0.032,3.284,353.79,98.39904151165626
2019-11-02 17:00:00,11/2/2019 17:00,-30.77,-31.25,73.54,5.798,0.533,181.3,0.333,0.027,14.9,353.89,98.8241625533492
2019-11-02 18:00:00,11/2/2019 18:00,-31.06,-31.54,73.35,5.964,0.67,181.7,3.132,0.057,15.17,353.55,98.83287404407804
2019-11-02 19:00:00,11/2/2019 19:00,-31.28,-31.57,73.5,5.131,0.494,181.1,0.466,0.035,3.07,353.16,99.23593196059376
2019-11-02 20:00:00,11/2/2019 20:00,-31.24,-31.52,73.19,7.997,0.909,180.3,1.899,0.073,344.6,352.82,98.78098964925037
2019-11-02 21:00:00,11/2/2019 21:00,-31.28,-31.61,73.65,8.63,1.692,180.1,2.999,0.133,334.0,352.33,99.43845427071743
2019-11-02 22:00:00,11/2/2019 22:00,-31.22,-31.54,73.48,9.53,1.938,180.3,5.698,0.154,333.9,352.14,99.15412081599106
2019-11-02 23:00:00,11/2/2019 23:00,-31.42,-31.77,73.03,6.997,1.149,180.3,5.165,0.232,343.8,352.12,98.72852128940448
2019-11-03 00:00:00,11/3/2019 0:00,-31.56,-31.75,73.54,11.83,1.755,179.5,6.331,0.271,335.1,352.14,99.54611171964466
2019-11-03 01:00:00,11/3/2019 1:00,-31.23,-30.21,73.55,12.79,2.09,178.5,7.963,0.614,319.3,352.09,99.25772138821094
2019-11-03 02:00:00,11/3/2019 2:00,-29.68,-25.15,73.91,10.13,1.215,178.9,7.064,0.293,304.4,352.51,98.3246248355493
2019-11-03 03:00:00,11/3/2019 3:00,-28.39,-23.84,74.59,9.9,0.871,178.8,6.131,0.33,309.5,352.93,98.04577119869974
2019-11-03 04:00:00,11/3/2019 4:00,-27.9,-24.06,75.17,9.83,1.641,177.8,7.297,0.321,325.0,353.08,98.3572342208446
2019-11-03 05:00:00,11/3/2019 5:00,-27.37,-24.62,75.44,11.46,1.175,178.2,8.26,0.621,315.9,352.38,98.22239072457295
2019-11-03 06:00:00,11/3/2019 6:00,-26.88,-24.57,75.6,12.0,0.829,179.3,7.797,0.514,353.0,352.04,97.97974988409315
2019-11-03 07:00:00,11/3/2019 7:00,-27.28,-25.22,75.3,14.03,2.007,177.8,8.46,0.887,312.8,351.6,97.95751790229312
2019-11-03 08:00:00,11/3/2019 8:00,-27.25,-25.13,75.29,13.26,0.724,251.5,9.8,1.053,306.5,351.28,97.91699060724163
2019-11-03 09:00:00,11/3/2019 9:00,-26.62,-23.96,76.13,7.597,0.382,263.7,9.1,1.233,292.3,351.66,98.42619682378722
2019-11-03 10:00:00,11/3/2019 10:00,-25.91,-23.24,77.24,3.898,0.329,267.5,7.797,0.713,304.2,351.55,99.19697814391836
2019-11-03 11:00:00,11/3/2019 11:00,-25.8,-23.79,76.48,6.431,0.378,271.8,9.06,0.354,306.5,351.4,98.11927232865524
2019-11-03 12:00:00,11/3/2019 12:00,-26.85,-26.1,75.51,4.465,0.723,276.2,5.398,0.227,328.1,351.91,97.83557108552527
2019-11-03 13:00:00,11/3/2019 13:00,-28.37,-28.35,75.23,4.798,1.122,275.3,6.797,0.212,324.4,351.77,98.86858429533727
2019-11-03 14:00:00,11/3/2019 14:00,-29.25,-29.3,74.51,5.531,1.154,274.6,5.098,0.15,307.4,352.25,98.72788621895651
2019-11-03 15:00:00,11/3/2019 15:00,-29.91,-30.01,73.95,4.165,0.931,275.4,5.631,0.104,319.2,352.2,98.58783919663097
2019-11-03 16:00:00,11/3/2019 16:00,-31.08,-31.37,73.39,13.49,1.219,271.8,6.331,0.087,352.8,351.99,98.90500285957599
2019-11-03 17:00:00,11/3/2019 17:00,-31.58,-31.84,73.28,8.7,2.06,179.4,0.333,0.049,8.85,351.68,99.21241284088897
2019-11-03 18:00:00,11/3/2019 18:00,-31.95,-32.11,73.06,9.1,2.356,178.6,0.3,0.066,346.6,351.08,99.25137195270308
2019-11-03 19:00:00,11/3/2019 19:00,-31.87,-31.89,72.91,9.66,1.969,177.0,0.267,0.039,300.1,350.76,98.97487799535145
2019-11-03 20:00:00,11/3/2019 20:00,-32.07,-32.2,72.71,9.23,1.466,179.4,0.3,0.031,8.35,350.65,98.88472744864247
2019-11-03 21:00:00,11/3/2019 21:00,-31.88,-31.97,73.11,11.36,2.02,180.7,0.9,0.063,28.86,350.84,99.25549037481252
2019-11-03 22:00:00,11/3/2019 22:00,-31.62,-31.83,73.18,6.264,1.911,180.5,0.4,0.051,355.4,350.79,99.11347069007324
2019-11-03 23:00:00,11/3/2019 23:00,-31.82,-32.1,73.0,6.931,1.962,180.6,0.866,0.05,351.9,350.45,99.05155882545175
2019-11-04 00:00:00,11/4/2019 0:00,-31.75,-32.06,72.64,6.098,1.528,179.9,0.333,0.046,341.8,350.7,98.49972475891042
2019-11-04 01:00:00,11/4/2019 1:00,-31.92,-30.64,73.18,7.064,1.456,178.7,0.267,0.036,296.1,350.79,99.38701689780405
2019-11-04 02:00:00,11/4/2019 2:00,-29.01,-24.29,74.32,9.1,1.531,178.2,0.3,0.028,288.3,351.02,98.25663542812673
2019-11-04 03:00:00,11/4/2019 3:00,-27.05,-22.77,76.12,6.831,0.552,178.4,6.231,0.197,288.6,351.38,98.81107365402559
2019-11-04 04:00:00,11/4/2019 4:00,-25.51,-21.94,76.65,8.36,0.712,178.6,7.197,0.312,295.9,351.74,98.06908339249921
2019-11-04 05:00:00,11/4/2019 5:00,-25.85,-23.04,75.57,9.13,1.234,178.2,5.198,0.167,289.7,351.46,96.99744820165331
2019-11-04 06:00:00,11/4/2019 6:00,-27.15,-25.21,75.2,12.86,2.52,177.9,7.664,0.792,301.0,351.06,97.70835818578956
2019-11-04 07:00:00,11/4/2019 7:00,-27.36,-25.5,74.52,12.33,2.2,178.4,7.963,0.676,327.3,350.7,97.01547263824183
2019-11-04 08:00:00,11/4/2019 8:00,-26.93,-24.7,76.63,13.16,0.88,179.8,7.564,0.219,307.0,350.57,99.36124427082045
2019-11-04 09:00:00,11/4/2019 9:00,-26.27,-24.08,75.53,12.26,0.978,180.8,7.73,0.457,327.1,350.87,97.32991219857959
2019-11-04 10:00:00,11/4/2019 10:00,-27.89,-25.46,74.38,12.66,1.977,179.8,7.897,0.505,306.3,350.8,97.31445416189504
2019-11-04 11:00:00,11/4/2019 11:00,-29.14,-26.78,74.63,8.23,2.32,179.5,6.797,0.593,305.0,350.86,98.78583447264192
2019-11-04 12:00:00,11/4/2019 12:00,-29.66,-28.54,74.2,8.06,1.621,179.8,5.198,0.292,315.2,350.85,98.69210885631718
2019-11-04 13:00:00,11/4/2019 13:00,-30.29,-30.41,73.86,6.897,1.411,180.2,6.864,0.456,349.0,350.92,98.81490504893068
2019-11-04 14:00:00,11/4/2019 14:00,-30.5,-30.79,73.95,7.764,1.662,180.5,6.464,0.367,353.6,351.33,99.1276095011534
2019-11-04 15:00:00,11/4/2019 15:00,-30.46,-30.83,74.17,7.797,1.771,179.4,5.031,0.272,308.4,351.08,99.38576084200079
2019-11-04 16:00:00,11/4/2019 16:00,-30.61,-31.0,73.75,8.03,1.547,179.9,5.798,0.288,340.2,351.25,98.96004597647604
2019-11-04 17:00:00,11/4/2019 17:00,-30.72,-31.1,73.75,10.66,1.714,180.3,6.764,0.383,356.8,350.89,99.06062774426344
2019-11-04 18:00:00,11/4/2019 18:00,-30.79,-31.13,73.81,10.93,2.088,180.0,6.731,0.52,358.0,350.76,99.20530487212116
2019-11-04 19:00:00,11/4/2019 19:00,-30.66,-31.04,74.41,10.93,2.07,179.4,7.031,0.424,335.8,350.51,99.89177621057925
2019-11-04 20:00:00,11/4/2019 20:00,-30.47,-30.9,73.83,9.3,1.958,179.7,6.997,0.477,319.7,350.35,98.9393153305466
2019-11-04 21:00:00,11/4/2019 21:00,-30.7,-31.08,73.78,7.83,2.047,180.2,6.031,0.619,335.7,350.19,99.08262472881937
2019-11-04 22:00:00,11/4/2019 22:00,-30.86,-31.24,73.42,7.897,2.038,180.3,4.298,0.436,332.2,350.14,98.74488764960178
2019-11-04 23:00:00,11/4/2019 23:00,-30.83,-31.18,73.6,9.53,2.368,179.9,6.997,0.745,316.6,350.13,98.95957693900432
2019-11-05 00:00:00,11/5/2019 0:00,-30.8,-31.11,73.7,8.23,2.46,179.4,6.198,0.623,304.6,350.45,99.06660102874127
2019-11-05 01:00:00,11/5/2019 1:00,-30.26,-29.06,74.17,8.96,2.055,179.3,6.364,0.402,313.1,350.78,99.20210709369654
2019-11-05 02:00:00,11/5/2019 2:00,-28.65,-24.27,74.71,9.9,2.646,179.1,6.531,0.582,318.1,351.0,98.4417851751261
2019-11-05 03:00:00,11/5/2019 3:00,-27.58,-22.82,74.89,9.73,2.151,179.7,6.631,0.464,322.5,351.6,97.69812409599577
2019-11-05 04:00:00,11/5/2019 4:00,-27.03,-23.22,74.46,10.26,3.002,179.2,6.764,0.96,292.1,351.55,96.63811387985764
2019-11-05 05:00:00,11/5/2019 5:00,-27.68,-24.42,74.48,12.66,1.936,245.0,8.56,1.882,295.3,351.66,97.25418204301882
2019-11-05 06:00:00,11/5/2019 6:00,-28.02,-25.25,74.24,8.06,1.366,266.5,9.06,1.026,326.0,351.38,97.24931844107911
2019-11-05 07:00:00,11/5/2019 7:00,-28.13,-25.71,74.93,8.06,1.114,265.5,8.53,1.273,302.1,351.04,98.25403831820343
2019-11-05 08:00:00,11/5/2019 8:00,-28.24,-25.58,74.96,8.13,1.283,265.7,9.2,1.184,301.8,350.55,98.39434392667918
2019-11-05 09:00:00,11/5/2019 9:00,-28.07,-25.17,74.89,8.23,1.644,264.0,9.5,1.584,297.9,350.74,98.14659073557549
2019-11-05 10:00:00,11/5/2019 10:00,-27.9,-25.38,74.87,10.06,1.774,261.8,8.76,1.565,296.5,350.44,97.96469503943908
2019-11-05 11:00:00,11/5/2019 11:00,-28.3,-26.33,74.78,8.9,1.416,270.6,10.1,0.893,306.2,351.06,98.21303733651563
2019-11-05 12:00:00,11/5/2019 12:00,-29.27,-28.43,74.52,8.03,1.279,273.7,7.564,0.732,355.7,351.07,98.75948915463806
2019-11-05 13:00:00,11/5/2019 13:00,-29.78,-29.92,74.63,6.931,1.002,277.5,7.53,0.672,306.4,351.72,99.37457680273342
2019-11-05 14:00:00,11/5/2019 14:00,-30.02,-30.29,74.19,7.364,0.926,277.5,7.397,0.515,329.1,351.68,99.00864489309846
2019-11-05 15:00:00,11/5/2019 15:00,-30.5,-30.79,73.81,8.66,0.987,283.1,8.16,0.758,358.1,351.74,98.93994397944736
2019-11-05 16:00:00,11/5/2019 16:00,-30.4,-30.71,73.98,8.83,1.158,285.2,8.6,1.102,340.8,351.99,99.07619282802041
2019-11-05 17:00:00,11/5/2019 17:00,-30.38,-30.68,74.15,9.4,1.146,283.3,9.66,1.023,333.6,351.74,99.28549878605139
2019-11-05 18:00:00,11/5/2019 18:00,-30.36,-30.63,74.25,7.23,1.251,285.1,8.43,1.966,339.5,351.39,99.40101089886387
2019-11-05 19:00:00,11/5/2019 19:00,-30.43,-30.6,73.75,13.89,1.46,283.6,13.59,1.981,327.4,351.3,98.79556928169161
2019-11-05 20:00:00,11/5/2019 20:00,-30.68,-30.9,74.0,8.13,1.349,277.4,8.76,1.42,313.4,350.79,99.35972133111653
2019-11-05 21:00:00,11/5/2019 21:00,-31.06,-31.27,73.59,7.097,1.135,277.8,6.864,0.937,326.6,351.21,99.15625359105255
2019-11-05 22:00:00,11/5/2019 22:00,-31.26,-31.51,73.31,6.831,0.9,279.9,7.997,0.635,321.4,350.79,98.96117494673652
2019-11-05 23:00:00,11/5/2019 23:00,-31.6,-31.84,73.25,5.998,0.887,276.6,6.864,0.706,334.0,350.63,99.1900360236119
2019-11-06 00:00:00,11/6/2019 0:00,-31.83,-32.06,73.28,3.998,0.796,278.3,5.998,0.639,327.1,350.97,99.44061545175641
2019-11-06 01:00:00,11/6/2019 1:00,-31.28,-29.92,74.1,3.932,0.813,278.0,4.731,0.206,332.6,351.43,100.0
2019-11-06 02:00:00,11/6/2019 2:00,-29.38,-27.56,74.45,3.432,0.594,276.8,1.266,0.08,2.211,352.21,98.76759782477441
2019-11-06 03:00:00,11/6/2019 3:00,-28.53,-26.1,75.4,4.298,0.867,272.5,5.731,0.29,306.7,352.58,99.23993373058002
2019-11-06 04:00:00,11/6/2019 4:00,-27.26,-24.06,74.96,4.232,0.882,272.2,2.899,0.065,295.8,352.64,97.49694738485243
2019-11-06 05:00:00,11/6/2019 5:00,-27.18,-23.86,74.4,5.065,1.013,269.0,6.564,0.367,296.5,352.26,96.69608530028812
2019-11-06 06:00:00,11/6/2019 6:00,-27.65,-24.35,74.79,5.864,1.31,265.9,8.96,0.789,294.8,352.06,97.63157606904961
2019-11-06 07:00:00,11/6/2019 7:00,-26.98,-23.09,74.79,6.198,1.312,268.2,8.53,0.962,296.1,351.58,97.02091285336085
2019-11-06 08:00:00,11/6/2019 8:00,-27.23,-24.43,74.81,6.997,1.214,268.8,8.1,0.744,297.9,351.17,97.27450962048677
2019-11-06 09:00:00,11/6/2019 9:00,-28.04,-25.93,74.84,5.898,1.188,266.1,7.264,0.422,327.8,351.12,98.05359036517763
2019-11-06 10:00:00,11/6/2019 10:00,-28.04,-26.1,75.22,8.3,1.499,262.2,6.264,0.317,340.4,351.07,98.55145733923919
2019-11-06 11:00:00,11/6/2019 11:00,-28.35,-27.57,75.36,5.431,1.44,262.8,8.73,0.771,315.2,350.91,99.02095965084082
2019-11-06 12:00:00,11/6/2019 12:00,-28.25,-27.77,75.39,6.198,1.109,267.9,1.766,0.063,355.1,351.64,98.96800699526642
2019-11-06 13:00:00,11/6/2019 13:00,-27.97,-27.83,75.52,6.531,1.055,269.3,7.097,0.089,321.8,351.76,98.8798411226881
2019-11-06 14:00:00,11/6/2019 14:00,-27.9,-27.82,75.66,4.698,0.969,269.6,0.533,0.043,351.9,352.27,98.99838155047362
2019-11-06 15:00:00,11/6/2019 15:00,-28.15,-28.07,75.48,5.498,0.858,269.6,0.866,0.058,317.1,352.09,98.99372162072542
2019-11-06 16:00:00,11/6/2019 16:00,-28.29,-28.19,75.35,4.165,0.87,270.1,1.733,0.059,344.1,352.38,98.95242032145684
2019-11-06 17:00:00,11/6/2019 17:00,-28.12,-28.02,75.55,7.13,1.015,268.8,7.264,0.168,337.2,352.08,99.05778238897672
2019-11-06 18:00:00,11/6/2019 18:00,-28.03,-27.98,75.43,8.76,1.137,267.4,6.864,0.226,337.1,351.6,98.81736542003432
2019-11-06 19:00:00,11/6/2019 19:00,-28.17,-28.08,75.59,7.697,1.318,266.7,8.26,0.703,316.2,351.28,99.15649858990027
2019-11-06 20:00:00,11/6/2019 20:00,-28.31,-28.25,75.21,6.664,1.43,264.9,12.06,1.384,292.8,351.15,98.78699737665228
2019-11-06 21:00:00,11/6/2019 21:00,-28.78,-28.71,74.67,9.76,2.139,223.3,12.63,1.105,282.6,350.8,98.5082765776969
2019-11-06 22:00:00,11/6/2019 22:00,-29.4,-29.32,74.44,11.0,2.372,188.1,3.432,0.136,91.8,350.83,98.77267651482576
2019-11-06 23:00:00,11/6/2019 23:00,-29.93,-29.89,74.37,14.83,2.6,196.1,14.03,0.182,77.07,350.82,99.16614607217653
2019-11-07 00:00:00,11/7/2019 0:00,-30.09,-30.04,74.28,12.1,1.188,97.0,9.7,0.124,319.8,351.48,99.19303254383858
2019-11-07 01:00:00,11/7/2019 1:00,-29.61,-29.07,74.87,9.8,1.526,45.48,0.5,0.038,321.7,351.78,99.5370801111607
2019-11-07 02:00:00,11/7/2019 2:00,-28.3,-27.33,75.62,12.79,2.054,234.2,0.533,0.054,324.9,352.36,99.31625947295149
2019-11-07 03:00:00,11/7/2019 3:00,-26.9,-24.65,76.25,13.73,1.819,238.8,9.2,0.092,327.2,352.78,98.84070841471836
2019-11-07 04:00:00,11/7/2019 4:00,-25.4,-22.85,76.62,20.16,3.208,202.9,18.83,2.786,41.11,352.76,97.92909821978049
2019-11-07 05:00:00,11/7/2019 5:00,-25.27,-23.35,75.91,25.29,3.241,143.6,21.32,5.861,57.82,352.7,96.90276173726437
2019-11-07 06:00:00,11/7/2019 6:00,-25.87,-23.17,76.1,7.597,0.08,89.9,9.76,0.888,270.6,352.67,97.69611924491763
2019-11-07 07:00:00,11/7/2019 7:00,-25.54,-22.48,76.36,11.5,0.667,143.7,9.03,1.614,276.7,352.52,97.72567309106427
2019-11-07 08:00:00,11/7/2019 8:00,-25.76,-22.68,76.22,10.4,1.645,180.9,9.7,0.487,304.3,352.14,97.74888243061827
2019-11-07 09:00:00,11/7/2019 9:00,-25.99,-23.08,75.96,10.1,1.59,189.7,7.53,0.749,292.1,352.28,97.62658732105602
2019-11-07 10:00:00,11/7/2019 10:00,-26.37,-23.69,76.4,9.23,1.491,187.7,10.56,1.206,334.7,352.32,98.54359345983808
2019-11-07 11:00:00,11/7/2019 11:00,-27.01,-24.96,75.95,10.76,1.842,188.9,16.66,1.44,354.1,352.63,98.55343365735963
2019-11-07 12:00:00,11/7/2019 12:00,-27.84,-26.95,74.91,10.06,1.582,189.5,13.29,1.615,353.1,352.68,97.9620910197488
2019-11-07 13:00:00,11/7/2019 13:00,-28.38,-28.37,75.71,11.06,2.433,184.2,8.23,1.259,337.4,353.11,99.508688806009
2019-11-07 14:00:00,11/7/2019 14:00,-28.45,-28.45,75.64,10.56,2.355,183.9,9.76,1.117,336.2,352.86,99.48159942231592
2019-11-07 15:00:00,11/7/2019 15:00,-28.55,-28.63,75.25,11.9,2.544,182.4,8.9,1.043,324.8,352.76,99.06097036115492
2019-11-07 16:00:00,11/7/2019 16:00,-28.71,-28.89,74.93,12.5,2.48,181.2,8.16,1.034,320.4,353.09,98.78686431640311
2019-11-07 17:00:00,11/7/2019 17:00,-28.69,-28.79,75.08,11.73,2.434,178.2,8.5,1.639,332.2,352.43,98.96618529576331
2019-11-07 18:00:00,11/7/2019 18:00,-28.9,-28.98,74.97,12.1,2.647,181.1,9.5,1.525,332.6,352.33,99.01459351516694
2019-11-07 19:00:00,11/7/2019 19:00,-29.05,-29.12,74.64,12.83,2.84,178.5,9.66,1.323,315.7,351.95,98.71642080354522
2019-11-07 20:00:00,11/7/2019 20:00,-29.54,-29.59,74.94,12.53,2.812,178.3,8.66,1.28,328.0,352.14,99.56544407452705
2019-11-07 21:00:00,11/7/2019 21:00,-29.17,-29.21,74.25,12.46,1.886,178.6,10.06,1.464,331.8,351.72,98.310252719294
2019-11-07 22:00:00,11/7/2019 22:00,-29.46,-29.45,74.27,13.83,1.829,177.0,10.66,1.655,314.7,351.78,98.60202785663475
2019-11-07 23:00:00,11/7/2019 23:00,-29.89,-29.95,74.5,12.76,3.447,178.4,8.46,1.37,319.3,351.79,99.30267581723344
2019-11-08 00:00:00,11/8/2019 0:00,-29.75,-29.65,74.63,12.79,2.4,177.9,10.56,1.395,308.7,351.8,99.34693753044371
2019-11-08 01:00:00,11/8/2019 1:00,-29.01,-28.61,74.44,13.36,2.32,188.2,19.13,4.012,55.78,352.04,98.41528446272542
2019-11-08 02:00:00,11/8/2019 2:00,-29.29,-27.37,74.45,9.0,0.191,49.89,15.83,2.029,306.7,352.76,98.68505717596337
2019-11-08 03:00:00,11/8/2019 3:00,-28.72,-26.33,74.53,12.59,0.709,157.3,12.1,1.003,294.6,353.17,98.26866068933585
2019-11-08 04:00:00,11/8/2019 4:00,-27.88,-25.11,74.86,11.33,0.684,172.7,11.93,1.481,314.7,353.29,97.93330643532623
2019-11-08 05:00:00,11/8/2019 5:00,-27.26,-24.43,74.6,12.26,2.24,178.1,13.66,2.281,296.3,353.29,97.02871231203297
2019-11-08 06:00:00,11/8/2019 6:00,-27.32,-24.24,75.11,9.9,1.276,184.8,13.96,2.035,286.1,353.56,97.74695811255413
2019-11-08 07:00:00,11/8/2019 7:00,-27.3,-24.55,75.06,12.66,3.253,176.9,11.76,1.433,283.3,353.04,97.66359478161752
2019-11-08 08:00:00,11/8/2019 8:00,-27.35,-24.38,74.96,12.66,2.882,177.1,9.33,0.761,314.1,352.41,97.57915896954222
2019-11-08 09:00:00,11/8/2019 9:00,-27.44,-24.75,74.85,11.26,2.389,177.1,11.16,0.593,318.5,353.09,97.51809877879796
2019-11-08 10:00:00,11/8/2019 10:00,-27.75,-25.64,74.8,11.16,2.1,177.4,8.56,1.128,331.9,352.87,97.73598154601835
2019-11-08 11:00:00,11/8/2019 11:00,-28.4,-26.9,75.02,10.8,1.976,178.7,7.031,0.52,335.4,353.23,98.62018665115723
2019-11-08 12:00:00,11/8/2019 12:00,-29.15,-28.91,75.07,9.8,2.265,180.6,7.43,0.612,329.8,353.31,99.37748993677212
2019-11-08 13:00:00,11/8/2019 13:00,-29.1,-28.91,74.87,10.2,2.002,180.1,11.83,1.069,341.7,353.96,99.06666495010029
2019-11-08 14:00:00,11/8/2019 14:00,-28.67,-28.4,75.58,8.86,2.141,194.0,12.66,1.275,334.8,353.84,99.60669868802724
2019-11-08 15:00:00,11/8/2019 15:00,-28.36,-28.26,75.2,16.23,2.363,192.3,14.53,1.007,327.6,354.26,98.81994067342151
2019-11-08 16:00:00,11/8/2019 16:00,-28.36,-28.25,75.55,9.4,2.251,196.4,14.03,1.148,343.5,354.12,99.27987390793876
2019-11-08 17:00:00,11/8/2019 17:00,-28.02,-27.84,75.56,8.76,2.024,197.5,10.8,0.976,348.6,354.24,98.97842809008537
2019-11-08 18:00:00,11/8/2019 18:00,-27.72,-27.33,76.65,26.96,2.788,199.8,19.76,4.711,60.01,353.94,100.0
2019-11-08 19:00:00,11/8/2019 19:00,-27.1,-26.55,76.28,28.49,3.52,194.6,20.49,9.43,86.2,352.93,99.06518620664039
2019-11-08 20:00:00,11/8/2019 20:00,-27.1,-26.6,75.19,25.26,5.008,209.6,19.49,12.19,95.7,353.28,97.64959820237665
2019-11-08 21:00:00,11/8/2019 21:00,-27.76,-27.1,75.62,13.59,2.878,202.1,17.53,5.857,73.21,353.23,98.81665685119432
2019-11-08 22:00:00,11/8/2019 22:00,-27.75,-27.07,73.83,11.9,2.875,200.2,17.66,4.832,55.07,353.35,96.46854969976651
2019-11-08 23:00:00,11/8/2019 23:00,-28.51,-28.13,73.53,9.26,2.11,196.2,10.7,1.28,338.2,353.04,96.76063845263727
2019-11-09 00:00:00,11/9/2019 0:00,-28.7,-28.33,72.51,10.03,2.317,197.6,16.33,1.689,341.8,353.53,95.58746035553662
2019-11-09 01:00:00,11/9/2019 1:00,-29.0,-28.5,72.36,7.664,2.141,195.1,6.531,0.727,340.0,353.53,95.656469113165
2019-11-09 02:00:00,11/9/2019 2:00,-27.66,-23.01,72.79,6.397,1.528,193.6,5.598,0.203,324.0,354.07,95.02964454091916
2019-11-09 03:00:00,11/9/2019 3:00,-26.49,-20.37,73.33,5.931,1.157,192.3,5.931,0.266,301.1,354.43,94.69048862567479
2019-11-09 04:00:00,11/9/2019 4:00,-26.05,-20.51,71.66,6.231,1.115,192.1,4.998,0.138,308.7,,92.15207687858003
2019-11-09 05:00:00,11/9/2019 5:00,-26.69,-22.31,70.99,6.297,1.573,191.9,6.897,0.188,302.9,354.07,91.84117708832349
2019-11-09 06:00:00,11/9/2019 6:00,-27.53,-23.77,70.49,7.397,2.039,191.7,4.965,0.181,308.0,353.5,91.91507267906132
2019-11-09 07:00:00,11/9/2019 7:00,-27.67,-24.12,71.06,7.097,1.835,191.6,9.46,0.29,309.4,353.39,92.77975159784614
2019-11-09 08:00:00,11/9/2019 8:00,-27.44,-24.06,70.38,7.197,1.688,191.5,8.36,0.459,303.4,353.29,91.69437263930261
2019-11-09 09:00:00,11/9/2019 9:00,-27.25,-23.82,70.42,6.198,1.324,191.5,4.198,0.075,310.6,353.06,91.58340388580096
2019-11-09 10:00:00,11/9/2019 10:00,-27.67,-24.71,70.99,5.998,1.348,191.4,3.332,0.072,334.6,353.16,92.68835583916545
2019-11-09 11:00:00,11/9/2019 11:00,-28.09,-26.43,67.9,6.497,1.284,191.5,2.899,0.067,343.7,353.39,89.00251208718524
2019-11-09 12:00:00,11/9/2019 12:00,-28.18,-27.83,65.51,6.497,1.432,191.6,4.865,0.149,335.4,353.76,85.94190435015148
2019-11-09 13:00:00,11/9/2019 13:00,-28.13,-27.92,60.76,5.498,1.278,191.5,0.333,0.019,316.4,354.33,79.67323326056372
2019-11-09 14:00:00,11/9/2019 14:00,-27.77,-27.62,58.2,6.497,1.657,191.5,5.331,0.054,326.9,354.55,76.06013110491797
2019-11-09 15:00:00,11/9/2019 15:00,-28.08,-28.01,55.65,5.265,1.194,191.5,3.465,0.068,336.8,354.8,72.93854717510672
2019-11-09 16:00:00,11/9/2019 16:00,-27.56,-27.72,51.1,5.698,1.621,191.5,1.1,0.03,340.4,354.83,66.6502881163571
2019-11-09 17:00:00,11/9/2019 17:00,-27.88,-28.03,51.53,5.098,1.39,191.5,4.065,0.056,330.5,354.64,67.41254716286883
2019-11-09 18:00:00,11/9/2019 18:00,-28.25,-28.42,53.24,5.464,1.129,191.4,1.766,0.03,344.2,354.5,69.890657811752
2019-11-09 19:00:00,11/9/2019 19:00,-28.72,-28.89,51.4,5.598,0.998,191.5,0.466,0.025,340.6,354.02,67.77149013057644
2019-11-09 20:00:00,11/9/2019 20:00,-28.82,-29.12,48.5,6.198,1.283,191.4,1.866,0.031,332.8,353.91,64.00737907747924
2019-11-09 21:00:00,11/9/2019 21:00,-29.08,-29.38,46.54,5.898,1.262,191.5,1.299,0.029,341.2,353.56,61.5694561999668
2019-11-09 22:00:00,11/9/2019 22:00,-29.21,-29.64,42.8,6.198,1.477,191.6,0.433,0.041,345.2,353.32,56.690148883974864
2019-11-09 23:00:00,11/9/2019 23:00,-29.68,-29.99,46.2,5.498,1.217,191.7,4.998,0.062,333.2,353.15,61.4612050791825
2019-11-10 00:00:00,11/10/2019 0:00,-29.73,-30.11,42.12,7.23,1.678,191.4,7.33,0.132,336.2,353.17,56.05945321745974
2019-11-10 01:00:00,11/10/2019 1:00,-29.57,-28.74,51.16,7.031,1.627,191.6,5.198,0.132,329.8,353.61,67.99021271716428
2019-11-10 02:00:00,11/10/2019 2:00,-28.34,-22.83,51.73,6.664,1.642,191.7,7.397,0.525,296.7,353.66,67.96545221270797
2019-11-10 03:00:00,11/10/2019 3:00,-28.07,-22.74,57.06,8.06,2.062,191.6,8.73,0.572,303.8,354.08,74.77960298266709
2019-11-10 04:00:00,11/10/2019 4:00,-27.7,-23.16,60.55,8.1,1.937,191.5,9.56,0.773,289.9,353.83,79.07951389307539
2019-11-10 05:00:00,11/10/2019 5:00,-27.89,-24.09,69.14,7.097,1.641,190.9,8.4,0.514,290.7,353.18,90.45874375844883
2019-11-10 06:00:00,11/10/2019 6:00,-28.34,-25.12,73.29,7.597,2.094,190.6,8.36,0.52,290.3,352.95,96.29205475873512
2019-11-10 07:00:00,11/10/2019 7:00,-28.06,-24.6,75.6,8.63,1.565,190.5,8.46,0.363,301.6,352.09,99.06782527579867
2019-11-10 08:00:00,11/10/2019 8:00,-28.36,-24.85,75.61,7.73,1.554,190.4,6.231,0.292,311.8,352.08,99.35871960528458
2019-11-10 09:00:00,11/10/2019 9:00,-28.2,-24.67,75.44,8.96,1.361,190.5,10.06,0.286,327.1,351.9,98.98744633944507
2019-11-10 10:00:00,11/10/2019 10:00,-28.51,-25.3,74.53,9.93,1.906,190.4,11.06,0.524,319.9,351.77,98.07657260811989
2019-11-10 11:00:00,11/10/2019 11:00,-29.09,-26.55,74.38,9.93,1.42,189.9,8.63,0.252,321.3,351.91,98.40915419189422
2019-11-10 12:00:00,11/10/2019 12:00,-29.47,-28.45,74.25,8.1,1.401,190.3,6.164,0.225,339.8,352.07,98.58462806943707
2019-11-10 13:00:00,11/10/2019 13:00,-30.08,-30.14,73.76,10.9,1.775,190.4,8.83,0.415,321.2,352.38,98.48950798857574
2019-11-10 14:00:00,11/10/2019 14:00,-30.21,-30.39,74.09,8.5,1.723,190.4,7.031,0.259,325.5,352.69,99.04927076929395
2019-11-10 15:00:00,11/10/2019 15:00,-30.38,-30.59,73.72,9.1,1.534,190.3,9.5,0.324,342.6,352.81,98.7097366218167
2019-11-10 16:00:00,11/10/2019 16:00,-30.78,-30.93,73.74,6.397,1.548,190.4,5.198,0.262,342.8,352.84,99.10207279945745
2019-11-10 17:00:00,11/10/2019 17:00,-30.95,-31.22,73.39,6.664,1.627,190.3,5.664,0.189,5.322,352.72,98.78652301972937
2019-11-10 18:00:00,11/10/2019 18:00,-31.15,-31.32,68.77,7.93,1.546,190.3,5.731,0.187,339.7,352.43,92.73860669646795
2019-11-10 19:00:00,11/10/2019 19:00,-30.87,-31.14,57.81,8.26,2.0,190.4,7.764,0.662,348.7,352.1,77.75767746988127
2019-11-10 20:00:00,11/10/2019 20:00,-31.07,-31.37,58.03,8.06,1.577,190.3,8.7,0.273,317.3,352.05,78.19768764086767
2019-11-10 21:00:00,11/10/2019 21:00,-30.95,-31.36,53.98,8.86,1.904,190.2,5.298,0.23,323.9,351.82,72.65971539181075
2019-11-10 22:00:00,11/10/2019 22:00,-31.66,-31.91,59.94,7.497,1.388,190.1,4.232,0.077,339.2,351.34,81.2113471648361
2019-11-10 23:00:00,11/10/2019 23:00,-31.87,-32.25,56.53,6.164,1.392,190.3,4.831,0.097,353.2,351.65,76.73912841965735
2019-11-11 00:00:00,11/11/2019 0:00,-32.09,-32.4,61.7,5.331,0.961,190.3,0.466,0.05,350.9,351.78,83.92665553088632
2019-11-11 01:00:00,11/11/2019 1:00,-31.9,-30.45,60.88,6.031,0.973,190.5,0.433,0.032,324.2,352.05,82.66699490953137
2019-11-11 02:00:00,11/11/2019 2:00,-29.95,-23.45,57.74,5.398,0.815,190.5,0.233,0.008,303.7,352.46,77.00570666436529
2019-11-11 03:00:00,11/11/2019 3:00,-29.86,-23.34,64.93,4.532,0.993,190.4,0.3,0.014,294.1,352.63,86.52255411394218
2019-11-11 04:00:00,11/11/2019 4:00,-29.63,-24.71,67.52,7.197,1.439,190.5,4.998,0.098,302.9,352.7,89.78216763979998
2019-11-11 05:00:00,11/11/2019 5:00,-29.49,-25.32,74.14,6.997,1.609,190.1,5.898,0.189,297.3,352.39,98.45685608216509
2019-11-11 06:00:00,11/11/2019 6:00,-29.47,-25.96,74.81,8.4,1.863,189.8,9.16,0.433,294.5,352.52,99.32816196464091
2019-11-11 07:00:00,11/11/2019 7:00,-29.36,-26.08,74.72,9.46,2.198,189.9,10.36,0.941,285.1,352.04,99.10737576610683
2019-11-11 08:00:00,11/11/2019 8:00,-28.85,-25.27,75.84,9.73,1.98,189.9,9.03,0.81,287.0,351.93,100.0
2019-11-11 09:00:00,11/11/2019 9:00,-28.44,-24.69,74.3,9.2,1.838,190.4,8.56,0.419,303.7,351.88,97.71012304591771
2019-11-11 10:00:00,11/11/2019 10:00,-28.82,-25.58,74.14,9.26,1.911,189.8,9.2,0.486,299.2,351.97,97.84550690318166
2019-11-11 11:00:00,11/11/2019 11:00,-29.34,-26.73,73.9,6.664,1.533,189.7,4.298,0.064,312.9,351.9,98.00153304727266
2019-11-11 12:00:00,11/11/2019 12:00,-30.37,-29.35,73.2,8.53,1.48,189.9,5.831,0.237,310.2,352.19,98.00440285261013
2019-11-11 13:00:00,11/11/2019 13:00,-31.24,-31.29,73.51,8.7,1.53,189.9,8.6,0.214,308.4,352.46,99.21287811335422
2019-11-11 14:00:00,11/11/2019 14:00,-31.16,-31.38,73.37,10.03,2.331,189.9,8.9,0.461,324.6,352.57,98.95097511010994
2019-11-11 15:00:00,11/11/2019 15:00,-31.33,-31.5,73.47,6.264,1.742,189.8,4.232,0.136,323.8,352.99,99.2411059825728
2019-11-11 16:00:00,11/11/2019 16:00,-31.66,-31.84,72.38,11.03,1.521,190.0,8.83,0.125,313.8,352.83,98.06602115099828
2019-11-11 17:00:00,11/11/2019 17:00,-32.26,-32.47,72.8,7.864,1.035,190.1,4.965,0.228,348.9,352.95,99.1797623724763
2019-11-11 18:00:00,11/11/2019 18:00,-32.04,-32.39,72.48,7.397,1.165,189.7,3.832,0.093,334.9,352.63,98.544804244487
2019-11-11 19:00:00,11/11/2019 19:00,-32.42,-32.7,72.71,7.364,1.248,189.7,4.765,0.076,332.8,352.76,99.20245370182563
2019-11-11 20:00:00,11/11/2019 20:00,-32.09,-32.43,72.74,7.63,1.516,189.9,5.498,0.193,323.2,352.63,98.94367784954085
2019-11-11 21:00:00,11/11/2019 21:00,-32.32,-32.58,71.95,7.963,1.456,189.9,4.798,0.075,332.5,352.65,98.0756650999546
2019-11-11 22:00:00,11/11/2019 22:00,-32.24,-32.56,72.54,7.764,1.64,189.8,6.831,0.192,331.2,352.51,98.80743519369084
2019-11-11 23:00:00,11/11/2019 23:00,-32.36,-32.64,73.09,9.43,1.719,189.7,7.13,0.234,322.2,352.46,99.66612470256568
2019-11-12 00:00:00,11/12/2019 0:00,-32.37,-32.59,72.66,8.2,1.768,189.8,6.597,0.196,312.9,352.85,99.08884934210954
2019-11-12 01:00:00,11/12/2019 1:00,-32.36,-30.99,72.16,7.73,1.505,189.8,5.265,0.111,325.3,353.09,98.3979690592029
2019-11-12 02:00:00,11/12/2019 2:00,-30.81,-24.64,72.5,7.797,1.258,190.0,8.43,0.249,297.7,353.73,97.46257097099715
2019-11-12 03:00:00,11/12/2019 3:00,-29.7,-22.78,68.54,5.265,0.39,190.0,0.633,0.042,307.4,354.27,91.1976737873355
2019-11-12 04:00:00,11/12/2019 4:00,-29.37,-24.11,64.07,7.764,1.152,189.9,9.3,0.464,289.5,354.68,84.98928510865908
2019-11-12 05:00:00,11/12/2019 5:00,-29.26,-25.36,69.64,8.43,1.758,189.8,8.53,0.64,293.6,354.63,92.28357178331117
2019-11-12 06:00:00,11/12/2019 6:00,-28.76,-25.31,76.44,7.997,1.65,189.3,7.764,0.256,306.8,354.75,100.0
2019-11-12 07:00:00,11/12/2019 7:00,-29.0,-25.59,75.5,7.797,1.906,189.6,7.43,0.268,311.9,354.48,99.80739936489715
2019-11-12 08:00:00,11/12/2019 8:00,-28.5,-24.75,68.78,6.664,1.129,189.1,5.864,0.075,295.7,354.33,90.50151474400162
2019-11-12 09:00:00,11/12/2019 9:00,-29.16,-24.72,68.9,7.897,1.186,189.1,5.764,0.083,302.3,354.28,91.21813816166882
2019-11-12 10:00:00,11/12/2019 10:00,-29.5,-25.76,72.66,6.897,1.307,189.0,4.698,0.135,316.2,354.37,96.50039520162782
2019-11-12 11:00:00,11/12/2019 11:00,-30.24,-27.26,74.34,6.664,1.314,189.0,5.564,0.107,333.0,354.39,99.4110836477076
2019-11-12 12:00:00,11/12/2019 12:00,-30.85,-29.76,73.84,9.36,1.394,189.4,5.964,0.168,338.7,354.52,99.30059596654887
2019-11-12 13:00:00,11/12/2019 13:00,-31.03,-31.28,60.68,8.1,1.637,189.6,5.031,0.08,318.4,354.88,81.73851932540053
2019-11-12 14:00:00,11/12/2019 14:00,-30.73,-31.2,49.11,4.465,1.376,189.5,0.466,0.031,335.1,355.37,65.9703946534255
2019-11-12 15:00:00,11/12/2019 15:00,-30.4,-30.87,48.47,6.331,1.46,189.9,3.199,0.039,347.2,355.43,64.91245020781494
2019-11-12 16:00:00,11/12/2019 16:00,-30.69,-31.21,49.27,5.031,1.166,189.7,0.3,0.025,334.2,355.62,66.16088586718251
2019-11-12 17:00:00,11/12/2019 17:00,-30.82,-31.31,46.39,4.898,1.316,189.7,0.333,0.019,3.118,355.6,62.36835791139908
2019-11-12 18:00:00,11/12/2019 18:00,-30.73,-31.28,46.61,4.232,1.229,189.8,3.865,0.061,6.494,355.67,62.612097226555946
2019-11-12 19:00:00,11/12/2019 19:00,-30.9,-31.43,44.94,4.265,1.234,189.8,4.132,0.076,3.913,355.52,60.463541444156995
2019-11-12 20:00:00,11/12/2019 20:00,-30.8,-31.39,41.65,5.831,1.224,189.9,0.4,0.027,2.649,355.39,55.98539936020453
2019-11-12 21:00:00,11/12/2019 21:00,-31.18,-31.54,42.49,6.731,1.313,190.3,2.799,0.046,351.0,355.31,57.31500284099711
2019-11-12 22:00:00,11/12/2019 22:00,-31.18,-31.63,51.36,7.43,1.379,190.4,4.098,0.079,339.6,354.98,69.27979632651474
2019-11-12 23:00:00,11/12/2019 23:00,-31.5,-31.93,63.66,9.03,1.553,190.6,6.431,0.145,326.1,355.06,86.12468313678686
2019-11-13 00:00:00,11/13/2019 0:00,-30.94,-31.41,62.3,8.03,1.618,190.7,7.397,0.281,351.2,355.25,83.85110741775145
2019-11-13 01:00:00,11/13/2019 1:00,-30.57,-29.06,56.4,5.698,1.431,191.3,4.532,0.092,350.9,355.68,75.65131490505088
2019-11-13 02:00:00,11/13/2019 2:00,-28.92,-21.18,57.84,5.631,0.422,191.5,0.3,0.012,331.8,356.33,76.40482999087364
2019-11-13 03:00:00,11/13/2019 3:00,-28.06,-20.58,67.87,6.397,0.8,191.5,0.2,0.005,310.5,356.63,88.9382711834452
2019-11-13 04:00:00,11/13/2019 4:00,-27.69,-22.1,71.62,5.898,1.008,191.3,4.665,0.028,295.2,357.23,93.52840928903092
2019-11-13 05:00:00,11/13/2019 5:00,-27.3,-22.66,75.65,4.498,1.002,191.2,0.5,0.025,284.1,357.08,98.43126758898701
2019-11-13 06:00:00,11/13/2019 6:00,-26.09,-21.41,75.0,5.864,0.571,191.3,7.097,0.097,277.1,356.96,96.48349046313135
2019-11-13 07:00:00,11/13/2019 7:00,-26.81,-23.03,76.1,6.864,1.022,191.5,8.23,0.289,287.7,356.72,98.56301826163373
2019-11-13 08:00:00,11/13/2019 8:00,-26.23,-21.61,76.11,8.2,1.223,192.3,7.031,0.211,293.9,356.47,98.0404402112679
2019-11-13 09:00:00,11/13/2019 9:00,-26.18,-22.45,75.29,5.598,1.22,193.7,6.697,0.141,213.0,356.44,96.93857921574507
2019-11-13 10:00:00,11/13/2019 10:00,-26.72,-24.65,75.77,6.831,1.352,197.2,9.63,0.651,167.2,356.22,98.05276399144147
2019-11-13 11:00:00,11/13/2019 11:00,-26.93,-25.31,76.12,7.497,1.211,196.8,10.13,0.404,320.6,356.42,98.6999597271937
2019-11-13 12:00:00,11/13/2019 12:00,-27.41,-26.92,75.59,4.965,1.072,195.6,2.266,0.006,275.3,356.53,98.45455284702456
2019-11-13 13:00:00,11/13/2019 13:00,-27.82,-27.77,75.71,5.664,1.016,195.2,0.2,0.002,303.9,356.69,98.98976967520072
2019-11-13 14:00:00,11/13/2019 14:00,-28.06,-28.03,75.45,5.531,0.863,196.0,12.5,0.132,326.2,,98.87126213041019
2019-11-13 15:00:00,11/13/2019 15:00,-28.21,-28.19,75.61,6.064,1.074,196.5,6.797,0.291,66.25,357.19,99.21976867955168
2019-11-13 16:00:00,11/13/2019 16:00,-28.09,-28.02,75.81,5.864,1.356,198.8,14.29,1.4,78.71,356.99,99.37084596950682
2019-11-13 17:00:00,11/13/2019 17:00,-27.71,-27.61,75.56,9.5,2.136,201.9,18.03,5.786,91.2,356.87,98.6921030200367
2019-11-13 18:00:00,11/13/2019 18:00,-27.94,-27.81,75.59,8.03,2.219,202.7,16.66,4.939,84.8,356.67,98.94376002675848
2019-11-13 19:00:00,11/13/2019 19:00,-28.11,-28.0,75.56,8.43,2.052,203.3,18.09,4.315,89.3,356.4,99.06164511073506
2019-11-13 20:00:00,11/13/2019 20:00,-28.2,-28.01,75.52,21.79,2.805,206.6,16.46,6.385,92.2,355.97,99.09241712029285
2019-11-13 21:00:00,11/13/2019 21:00,-28.18,-28.03,75.54,17.89,2.801,203.8,17.23,7.388,91.6,355.59,99.10015958800858
2019-11-13 22:00:00,11/13/2019 22:00,-28.49,-28.26,74.85,10.06,3.516,207.0,17.33,8.15,89.8,355.35,98.47931000528465
2019-11-13 23:00:00,11/13/2019 23:00,-29.04,-28.87,74.16,11.76,3.39,206.3,17.96,8.44,92.2,354.97,98.07246652958881
2019-11-14 00:00:00,11/14/2019 0:00,-29.63,-29.3,73.31,9.76,2.902,202.0,16.96,6.574,92.1,355.31,97.48120126886458
2019-11-14 01:00:00,11/14/2019 1:00,-29.75,-28.93,71.09,10.6,3.19,203.6,17.56,7.726,91.3,355.49,94.63451412353268
2019-11-14 02:00:00,11/14/2019 2:00,-29.55,-28.91,69.49,11.7,3.923,209.4,18.96,10.09,98.2,355.7,92.33313164125786
2019-11-14 03:00:00,11/14/2019 3:00,-29.21,-28.63,66.53,13.83,4.89,212.5,20.29,12.17,97.7,356.13,88.12139264604785
2019-11-14 04:00:00,11/14/2019 4:00,-28.42,-27.94,75.78,22.09,4.622,212.1,19.93,12.34,99.9,356.21,99.6378522671864
2019-11-14 05:00:00,11/14/2019 5:00,-28.5,-27.77,66.38,11.6,4.294,208.5,19.29,10.89,101.4,355.88,87.34356715188758
2019-11-14 06:00:00,11/14/2019 6:00,-28.6,-27.66,60.59,22.49,4.408,208.8,19.49,10.28,99.0,355.78,79.7993551718867
2019-11-14 07:00:00,11/14/2019 7:00,-28.88,-27.69,63.46,17.03,3.013,202.0,16.49,8.02,100.4,355.61,83.79747406943211
2019-11-14 08:00:00,11/14/2019 8:00,-29.09,-27.98,59.25,22.29,3.332,202.5,17.39,8.73,95.7,354.84,78.39126627950704
2019-11-14 09:00:00,11/14/2019 9:00,-28.75,-27.95,59.31,20.59,3.695,205.7,18.23,10.25,98.4,354.97,78.22276699016041
2019-11-14 10:00:00,11/14/2019 10:00,-28.6,-27.92,50.92,23.06,4.107,207.7,17.89,10.08,98.0,355.04,67.06359408074717
2019-11-14 11:00:00,11/14/2019 11:00,-28.51,-28.09,49.69,19.89,3.939,207.7,18.76,10.74,95.2,354.69,65.38876818593153
2019-11-14 12:00:00,11/14/2019 12:00,-28.6,-28.35,47.86,20.83,4.134,208.6,18.19,11.23,95.0,354.71,63.033456651699915
2019-11-14 13:00:00,11/14/2019 13:00,-28.65,-28.49,64.21,15.39,3.659,207.4,18.16,8.78,92.9,355.3,84.60643857709606
2019-11-14 14:00:00,11/14/2019 14:00,-28.51,-28.32,68.03,22.89,3.088,207.8,17.79,6.789,85.6,355.15,89.52300059748283
2019-11-14 15:00:00,11/14/2019 15:00,-28.15,-28.03,63.82,16.36,4.37,211.0,18.66,9.62,90.9,355.66,83.70136875774638
2019-11-14 16:00:00,11/14/2019 16:00,-28.35,-28.19,59.17,15.26,5.199,184.7,19.06,9.9,94.8,355.03,77.74774658360207
2019-11-14 17:00:00,11/14/2019 17:00,-28.33,-28.26,60.39,22.52,5.994,217.1,19.93,13.09,104.6,354.96,79.33599114005933
2019-11-14 18:00:00,11/14/2019 18:00,-28.47,-28.4,58.99,27.49,5.021,215.4,19.39,13.34,115.9,354.82,77.59801556325174
2019-11-14 19:00:00,11/14/2019 19:00,-28.8,-28.75,62.77,24.56,5.474,217.3,19.93,13.51,115.5,354.07,82.82464245436093
2019-11-14 20:00:00,11/14/2019 20:00,-28.86,-28.81,62.71,26.76,5.61,217.3,20.49,12.9,117.7,354.12,82.7917030117729
2019-11-14 21:00:00,11/14/2019 21:00,-28.95,-28.88,64.55,27.36,5.879,216.0,20.36,13.0,114.7,353.08,85.29233627986771
2019-11-14 22:00:00,11/14/2019 22:00,-29.09,-28.96,71.55,24.82,4.994,207.9,19.93,11.83,108.2,353.1,94.66489624132873
2019-11-14 23:00:00,11/14/2019 23:00,-29.85,-29.55,75.51,21.19,2.999,198.0,18.39,6.541,80.1,353.71,100.0
2019-11-15 00:00:00,11/15/2019 0:00,-29.72,-29.47,75.39,11.06,2.867,203.0,18.03,5.859,77.76,353.67,100.0
2019-11-15 01:00:00,11/15/2019 1:00,-29.29,-29.05,74.59,27.69,3.468,206.5,18.99,7.404,89.2,353.53,98.87063015117673
2019-11-15 02:00:00,11/15/2019 2:00,-29.05,-28.67,74.57,15.73,3.875,207.0,17.89,9.28,89.6,354.0,98.62384109486021
2019-11-15 03:00:00,11/15/2019 3:00,-28.63,-27.89,74.43,23.42,3.995,190.9,18.63,10.15,92.5,354.5,98.0545706367412
2019-11-15 04:00:00,11/15/2019 4:00,-28.28,-27.23,74.53,26.32,4.3,72.75,17.79,10.82,93.3,354.68,97.86643476639799
2019-11-15 05:00:00,11/15/2019 5:00,-28.58,-26.84,74.29,23.06,3.397,147.9,20.03,6.024,109.8,354.47,97.82454811078449
2019-11-15 06:00:00,11/15/2019 6:00,-28.51,-26.56,74.11,12.23,2.767,204.0,17.19,4.213,118.3,354.49,97.52388026281719
2019-11-15 07:00:00,11/15/2019 7:00,-28.29,-26.38,74.56,12.79,2.206,196.0,15.79,3.903,121.4,354.48,97.91496296174948
2019-11-15 08:00:00,11/15/2019 8:00,-28.14,-26.33,74.27,13.83,2.631,205.3,19.89,4.496,107.2,354.52,97.39768694354578
2019-11-15 09:00:00,11/15/2019 9:00,-28.06,-25.87,74.29,12.3,2.123,190.5,15.53,2.907,257.5,353.6,97.35117380607254
2019-11-15 10:00:00,11/15/2019 10:00,-28.06,-26.09,74.55,7.597,1.519,202.7,14.53,1.994,264.2,354.11,97.69188325807924
2019-11-15 11:00:00,11/15/2019 11:00,-28.3,-27.05,74.85,17.23,1.76,180.4,12.5,1.592,271.8,353.57,98.30497251455193
2019-11-15 12:00:00,11/15/2019 12:00,-28.83,-28.31,74.65,9.13,1.526,199.1,10.63,1.416,280.8,354.13,98.52774602445874
2019-11-15 13:00:00,11/15/2019 13:00,-29.4,-29.28,74.49,10.36,1.48,197.9,13.56,1.119,287.3,354.38,98.83902033301142
2019-11-15 14:00:00,11/15/2019 14:00,-29.68,-29.58,74.18,6.764,1.045,196.8,10.1,0.557,292.0,354.43,98.68381369640169
2019-11-15 15:00:00,11/15/2019 15:00,-29.88,-29.79,74.02,8.5,0.936,196.8,9.63,0.717,283.1,354.32,98.65373017410624
2019-11-15 16:00:00,11/15/2019 16:00,-30.2,-30.12,73.95,7.93,1.474,196.7,9.1,0.799,298.1,354.4,98.8529592019448
2019-11-15 17:00:00,11/15/2019 17:00,-30.47,-30.41,73.8,5.531,1.193,197.3,9.03,0.634,294.5,354.14,98.89911243931111
2019-11-15 18:00:00,11/15/2019 18:00,-30.81,-30.76,73.52,6.731,1.08,197.5,8.26,0.628,304.3,353.86,98.83376852120979
2019-11-15 19:00:00,11/15/2019 19:00,-31.21,-31.18,73.3,8.03,1.379,197.2,8.8,0.664,310.7,353.35,98.90211741527511
2019-11-15 20:00:00,11/15/2019 20:00,-31.66,-31.68,73.0,7.764,1.516,197.2,9.36,0.758,310.2,353.24,98.90604509564625
2019-11-15 21:00:00,11/15/2019 21:00,-32.15,-32.17,72.41,6.831,1.461,197.5,8.13,0.456,299.1,352.88,98.5490138348618
2019-11-15 22:00:00,11/15/2019 22:00,-32.41,-32.45,72.38,7.031,1.477,197.4,9.36,0.375,316.9,352.96,98.74317257906455
2019-11-15 23:00:00,11/15/2019 23:00,-32.43,-32.5,72.59,8.1,1.107,197.6,8.46,0.3,313.8,352.76,99.04780043583486
2019-11-16 00:00:00,11/16/2019 0:00,-31.58,-31.66,73.3,7.83,1.197,197.1,7.564,0.379,331.4,353.26,99.23949046448092
2019-11-16 01:00:00,11/16/2019 1:00,-30.95,-30.85,73.76,8.43,1.568,197.4,10.03,0.479,309.8,353.45,99.284561083734
2019-11-16 02:00:00,11/16/2019 2:00,-30.15,-29.62,73.85,8.4,1.872,196.9,9.3,1.338,309.6,353.38,98.67360880750067
2019-11-16 03:00:00,11/16/2019 3:00,-29.39,-28.28,74.71,7.83,1.83,197.4,9.93,1.144,312.8,354.26,99.12172713734459
2019-11-16 04:00:00,11/16/2019 4:00,-28.81,-27.64,75.11,8.33,1.84,196.9,10.03,1.557,304.3,354.56,99.11642661025385
2019-11-16 05:00:00,11/16/2019 5:00,-28.07,-26.55,75.31,9.26,1.979,197.2,14.09,1.783,319.6,354.37,98.69701893839218
2019-11-16 06:00:00,11/16/2019 6:00,-28.02,-26.82,75.23,9.1,2.266,197.2,12.5,2.561,283.5,354.29,98.54615067783382
2019-11-16 07:00:00,11/16/2019 7:00,-27.92,-26.51,75.46,8.56,2.067,197.1,14.09,1.947,286.2,354.34,98.755141443276
2019-11-16 08:00:00,11/16/2019 8:00,-27.34,-25.76,75.95,8.53,1.933,197.2,11.73,1.685,279.3,354.14,98.85863385584256
2019-11-16 09:00:00,11/16/2019 9:00,-26.92,-25.57,76.02,9.73,2.075,197.1,12.73,2.388,281.8,354.13,98.5610521833279
2019-11-16 10:00:00,11/16/2019 10:00,-26.94,-25.78,76.19,10.66,2.449,197.0,16.89,2.697,282.1,354.16,98.79998938034265
2019-11-16 11:00:00,11/16/2019 11:00,-27.09,-26.51,75.71,12.4,2.04,196.9,12.46,2.719,270.2,353.99,98.31570948018748
2019-11-16 12:00:00,11/16/2019 12:00,-27.77,-27.76,75.55,9.8,2.048,196.9,10.66,2.873,268.4,352.7,98.73441417485485
2019-11-16 13:00:00,11/16/2019 13:00,-28.21,-28.21,75.34,13.63,2.784,195.8,12.23,2.887,270.7,353.37,98.86545922916841
2019-11-16 14:00:00,11/16/2019 14:00,-28.49,-28.51,75.0,11.53,2.414,206.5,13.86,2.889,270.9,353.76,98.67666333194855
2019-11-16 15:00:00,11/16/2019 15:00,-28.83,-28.89,74.88,7.064,1.388,255.4,12.53,2.703,271.5,353.8,98.83131443149992
2019-11-16 16:00:00,11/16/2019 16:00,-29.23,-29.27,74.47,16.69,1.665,258.0,14.39,2.685,273.7,353.65,98.65654659768643
2019-11-16 17:00:00,11/16/2019 17:00,-29.66,-29.82,74.04,7.297,1.193,261.1,10.7,1.789,271.1,353.01,98.4792956835812
2019-11-16 18:00:00,11/16/2019 18:00,-30.38,-30.66,73.64,5.631,1.03,263.0,8.63,1.176,276.3,352.77,98.6026180796335
2019-11-16 19:00:00,11/16/2019 19:00,-31.18,-31.37,73.2,5.531,0.673,265.5,10.3,0.848,296.8,352.35,98.7398966335841
2019-11-16 20:00:00,11/16/2019 20:00,-31.61,-31.75,72.95,4.498,0.519,267.6,7.664,0.956,306.0,352.49,98.7928800216453
2019-11-16 21:00:00,11/16/2019 21:00,-32.04,-32.15,72.48,5.265,0.626,265.6,8.2,1.404,309.0,351.66,98.544804244487
2019-11-16 22:00:00,11/16/2019 22:00,-32.31,-32.39,72.51,6.764,0.608,267.5,8.3,1.264,323.3,351.58,98.8299503596227
2019-11-16 23:00:00,11/16/2019 23:00,-32.63,-32.66,72.15,5.898,0.818,272.7,9.0,1.428,324.5,351.82,98.62779911776306
2019-11-17 00:00:00,11/17/2019 0:00,-32.68,-32.69,72.09,6.031,0.765,266.0,9.23,1.159,306.6,351.95,98.59085824638483
2019-11-17 01:00:00,11/17/2019 1:00,-32.89,-31.69,71.99,5.864,0.577,269.6,8.3,0.975,322.5,352.05,98.64326113953665
2019-11-17 02:00:00,11/17/2019 2:00,-31.36,-26.23,72.97,6.731,0.871,264.4,10.26,0.911,294.8,352.2,98.59294617205573
2019-11-17 03:00:00,11/17/2019 3:00,-29.65,-24.4,73.74,4.065,0.308,265.7,8.3,0.351,283.3,352.47,98.07117271007493
2019-11-17 04:00:00,11/17/2019 4:00,-28.51,-24.32,75.11,4.032,0.45,267.7,7.697,0.17,283.0,352.72,98.83981441829981
2019-11-17 05:00:00,11/17/2019 5:00,-26.89,-24.15,76.37,4.332,0.514,270.5,4.965,0.119,292.4,352.83,98.98697612781122
2019-11-17 06:00:00,11/17/2019 6:00,-26.05,-24.71,77.3,3.632,0.306,273.7,5.631,0.105,346.2,352.64,99.40490570351992
2019-11-17 07:00:00,11/17/2019 7:00,-25.87,-25.04,76.59,3.832,0.411,272.2,4.265,0.044,310.0,352.41,98.32517441482577
2019-11-17 08:00:00,11/17/2019 8:00,-26.37,-25.3,77.06,4.032,0.348,274.1,0.433,0.011,335.9,352.31,99.39488628292045
2019-11-17 09:00:00,11/17/2019 9:00,-26.37,-25.54,76.36,6.664,0.361,277.2,6.231,0.067,357.1,352.21,98.49199995540884
2019-11-17 10:00:00,11/17/2019 10:00,-27.49,-26.21,75.92,4.831,0.497,275.5,2.799,0.026,346.0,352.36,98.95844446155881
2019-11-17 11:00:00,11/17/2019 11:00,-28.13,-27.16,75.16,2.799,0.355,277.5,1.933,0.028,15.04,352.48,98.5556321899929
2019-11-17 12:00:00,11/17/2019 12:00,-29.93,-30.21,73.65,4.432,0.477,276.7,2.999,0.019,311.6,352.19,98.2060865700659
2019-11-17 13:00:00,11/17/2019 13:00,-31.67,-31.97,72.64,3.599,0.293,279.1,1.299,0.045,338.5,352.49,98.4273360761088
2019-11-17 14:00:00,11/17/2019 14:00,-32.18,-32.05,72.6,4.232,0.567,280.5,0.933,0.035,344.1,352.82,98.83478466410364
2019-11-17 15:00:00,11/17/2019 15:00,-32.19,-32.05,72.45,3.732,0.502,279.0,0.566,0.012,357.2,352.74,98.63962374652942
2019-11-17 16:00:00,11/17/2019 16:00,-32.24,-32.11,72.48,5.898,0.537,273.3,0.367,0.013,316.2,352.8,98.72570861371258
2019-11-17 17:00:00,11/17/2019 17:00,-32.37,-32.4,72.49,4.532,0.472,278.9,0.367,0.009,354.9,352.18,98.85701470973741
2019-11-17 18:00:00,11/17/2019 18:00,-32.44,-32.35,72.55,3.499,0.317,278.5,0.267,0.01,334.5,352.39,99.00228616788151
2019-11-17 19:00:00,11/17/2019 19:00,-32.46,-32.49,72.15,4.398,0.388,276.0,0.2,0.014,340.4,352.3,98.47447433158294
2019-11-17 20:00:00,11/17/2019 20:00,-32.94,-32.89,71.76,5.931,0.531,276.6,0.233,0.013,352.6,351.97,98.37302517957912
2019-11-17 21:00:00,11/17/2019 21:00,-33.26,-33.2,71.85,5.365,0.534,276.2,0.2,0.007,326.1,351.77,98.78444774679993
2019-11-17 22:00:00,11/17/2019 22:00,-33.15,-32.93,72.33,4.665,0.378,277.7,0.2,0.005,340.1,351.78,99.34466811897558
2019-11-17 23:00:00,11/17/2019 23:00,-32.79,-32.43,72.52,6.564,0.54,273.2,0.267,0.012,314.3,351.95,99.27872502139127
2019-11-18 00:00:00,11/18/2019 0:00,-32.18,-31.85,72.68,4.098,0.461,275.4,0.2,0.003,319.3,351.9,98.94369351772801
2019-11-18 01:00:00,11/18/2019 1:00,-31.82,-30.44,73.04,6.297,0.784,270.1,0.2,0.002,308.0,352.19,99.10583365220543
2019-11-18 02:00:00,11/18/2019 2:00,-30.35,-27.01,73.91,4.931,0.721,266.2,,,,352.12,98.93669100187014
2019-11-18 03:00:00,11/18/2019 3:00,-29.72,-26.76,73.97,5.598,0.731,266.6,0.433,0.004,297.1,352.64,98.44095932494683
2019-11-18 04:00:00,11/18/2019 4:00,-29.33,-26.51,75.11,6.464,0.572,266.6,2.399,0.023,284.1,352.55,99.59690647385867
2019-11-18 05:00:00,11/18/2019 5:00,-26.38,-22.23,77.66,5.365,0.769,269.4,9.76,0.42,280.8,352.18,100.0
2019-11-18 06:00:00,11/18/2019 6:00,-24.83,-22.58,77.76,5.298,0.836,269.9,7.564,0.449,279.0,352.13,98.85294284914335
2019-11-18 07:00:00,11/18/2019 7:00,-24.5,-22.37,77.5,4.132,0.897,269.6,8.16,0.464,281.5,351.31,98.21560808992744
2019-11-18 08:00:00,11/18/2019 8:00,-25.22,-23.01,77.16,5.098,1.021,268.0,8.8,0.856,271.8,351.32,98.4519981039642
2019-11-18 09:00:00,11/18/2019 9:00,-25.88,-24.06,75.4,4.465,1.022,264.5,9.23,1.249,273.0,351.09,96.80658149029881
2019-11-18 10:00:00,11/18/2019 10:00,-27.07,-24.91,75.88,5.798,1.092,267.0,10.3,0.978,278.8,351.06,98.51799853526697
2019-11-18 11:00:00,11/18/2019 11:00,-27.54,-26.29,74.98,5.198,1.185,266.6,9.3,0.794,279.6,350.9,97.77893385014362
2019-11-18 12:00:00,11/18/2019 12:00,-28.85,-29.04,74.19,4.931,0.832,269.4,8.23,0.425,278.5,351.02,97.93884126674702
2019-11-18 13:00:00,11/18/2019 13:00,-30.59,-30.79,73.44,5.498,0.796,271.7,8.1,1.316,314.8,351.22,98.52587312150463
2019-11-18 14:00:00,11/18/2019 14:00,-31.06,-31.09,73.23,4.998,0.584,273.8,8.33,0.236,326.2,351.4,98.67118427059081
2019-11-18 15:00:00,11/18/2019 15:00,-31.29,-31.39,72.97,4.798,0.456,274.4,6.464,0.507,325.4,351.42,98.52942584575479
2019-11-18 16:00:00,11/18/2019 16:00,-31.99,-32.31,72.54,3.798,0.556,273.2,5.431,0.063,287.9,351.02,98.58114135649075
2019-11-18 17:00:00,11/18/2019 17:00,-32.91,-33.15,71.95,5.531,0.487,274.5,7.364,0.128,309.8,350.56,98.6064655145381
2019-11-18 18:00:00,11/18/2019 18:00,-33.6,-33.87,71.46,4.831,0.319,273.8,6.064,0.11,301.9,350.46,98.55301889012136
2019-11-18 19:00:00,11/18/2019 19:00,-34.04,-34.16,71.39,6.264,0.402,273.8,13.49,0.181,295.8,350.14,98.85107037292278
2019-11-18 20:00:00,11/18/2019 20:00,-34.29,-34.38,71.04,4.032,0.293,275.9,5.498,0.088,346.5,350.1,98.58981402856605
2019-11-18 21:00:00,11/18/2019 21:00,-34.43,-34.53,71.03,4.165,0.313,271.4,4.132,0.186,349.3,350.02,98.70109353740946
2019-11-18 22:00:00,11/18/2019 22:00,-34.67,-34.76,71.14,2.566,0.2,271.7,0.566,0.081,348.1,349.9,99.06897324984637
2019-11-18 23:00:00,11/18/2019 23:00,-34.64,-34.71,70.86,3.065,0.121,272.6,0.433,0.062,352.5,349.83,98.65226552734957
2019-11-19 00:00:00,11/19/2019 0:00,-34.66,-34.71,70.98,3.632,0.233,267.3,0.4,0.028,345.2,350.22,98.83721581290129
2019-11-19 01:00:00,11/19/2019 1:00,-34.73,-33.8,71.09,2.432,0.167,273.4,0.433,0.04,343.9,350.25,99.05308966184931
2019-11-19 02:00:00,11/19/2019 2:00,-33.2,-25.85,71.76,4.165,0.163,267.8,0.3,0.006,301.1,350.64,98.60674149438356
2019-11-19 03:00:00,11/19/2019 3:00,-30.67,-23.19,73.55,3.898,0.355,271.3,0.466,0.008,291.2,350.9,98.74638738339569
2019-11-19 04:00:00,11/19/2019 4:00,-28.42,-22.96,73.68,3.765,0.676,269.8,6.564,0.195,277.8,351.21,96.87670830095401
2019-11-19 05:00:00,11/19/2019 5:00,-28.79,-25.9,73.25,4.498,0.865,265.6,8.13,0.528,281.6,350.82,96.64394183187163
2019-11-19 06:00:00,11/19/2019 6:00,-29.32,-27.25,74.52,5.631,0.903,266.4,6.397,0.146,281.6,350.53,98.8053789102029
2019-11-19 07:00:00,11/19/2019 7:00,-28.65,-26.73,74.2,4.865,1.048,266.3,7.697,0.458,277.7,350.29,97.76978262607894
2019-11-19 08:00:00,11/19/2019 8:00,-28.53,-26.53,73.97,4.198,1.079,264.4,8.8,0.834,276.3,350.34,97.35779705637935
2019-11-19 09:00:00,11/19/2019 9:00,-28.4,-26.47,74.45,5.464,1.298,265.6,7.797,0.583,274.9,350.01,97.87087304956886
2019-11-19 10:00:00,11/19/2019 10:00,-28.49,-26.5,74.2,4.698,0.957,268.4,7.364,0.116,330.8,350.07,97.62411225640777
2019-11-19 11:00:00,11/19/2019 11:00,-29.03,-27.4,74.64,3.532,0.554,272.0,3.499,0.044,333.1,349.9,98.69805921911558
2019-11-19 12:00:00,11/19/2019 12:00,-30.43,-30.69,72.38,3.898,0.555,274.0,5.464,0.06,333.5,349.93,96.96031599469612
2019-11-19 13:00:00,11/19/2019 13:00,-32.78,-33.21,71.67,3.765,0.358,278.1,5.031,0.201,7.25,350.33,98.10612079903139
2019-11-19 14:00:00,11/19/2019 14:00,-33.93,-34.08,71.26,1.899,0.125,278.8,4.232,0.086,1.81,350.49,98.57253733238969
2019-11-19 15:00:00,11/19/2019 15:00,-34.29,-34.38,70.98,4.365,0.461,279.3,4.098,0.095,34.86,350.96,98.50654560455544
2019-11-19 16:00:00,11/19/2019 16:00,-34.44,-34.13,71.34,4.698,0.414,278.6,4.698,0.148,8.73,351.16,99.14084111403531
2019-11-19 17:00:00,11/19/2019 17:00,-33.91,-33.73,71.43,2.632,0.115,274.2,0.233,0.002,306.6,351.14,98.78974240717915
2019-11-19 18:00:00,11/19/2019 18:00,-33.99,-34.01,71.14,4.765,0.341,278.2,4.098,0.088,1.901,350.84,98.46019037289417
2019-11-19 19:00:00,11/19/2019 19:00,-34.2,-34.21,71.09,3.165,0.274,278.8,4.398,0.103,3.282,350.51,98.57871000028052
2019-11-19 20:00:00,11/19/2019 20:00,-34.02,-33.96,71.54,4.865,0.346,276.6,5.431,0.157,326.6,350.61,99.04078252138734
2019-11-19 21:00:00,11/19/2019 21:00,-34.08,-34.27,71.0,3.732,0.281,276.2,6.297,0.14,338.2,350.42,98.34675869276907
2019-11-19 22:00:00,11/19/2019 22:00,-34.38,-34.51,71.24,3.332,0.239,277.7,6.564,0.229,347.1,350.45,98.94806482575123
2019-11-19 23:00:00,11/19/2019 23:00,-34.34,-34.5,70.99,5.531,0.291,275.0,5.564,0.207,348.0,350.32,98.56509071855213
2019-11-20 00:00:00,11/20/2019 0:00,-34.6,-34.71,71.08,3.265,0.237,275.8,7.13,0.369,348.6,350.47,98.92273647357261
2019-11-20 01:00:00,11/20/2019 1:00,-34.48,-32.91,71.11,4.232,0.165,274.7,5.431,0.144,308.6,351.05,98.85702311083436
2019-11-20 02:00:00,11/20/2019 2:00,-31.97,-22.6,72.89,2.999,0.157,272.2,0.1,,283.3,351.54,99.03860739071364
2019-11-20 03:00:00,11/20/2019 3:00,-27.75,-18.55,75.56,2.732,0.113,273.8,0.267,0.004,295.8,351.95,98.72902093071053
2019-11-20 04:00:00,11/20/2019 4:00,-25.97,-20.75,75.74,2.766,0.299,271.7,0.433,0.011,333.2,352.08,97.32551661368831
2019-11-20 05:00:00,11/20/2019 5:00,-26.23,-23.09,75.23,3.632,0.624,270.8,2.332,0.034,327.2,351.9,96.90687579941775
2019-11-20 06:00:00,11/20/2019 6:00,-26.56,-24.5,75.76,2.932,0.543,269.6,6.731,0.112,304.4,351.76,97.89266747146016
2019-11-20 07:00:00,11/20/2019 7:00,-27.03,-25.26,74.89,3.365,1.028,268.6,0.566,0.014,320.6,351.31,97.19619055147112
2019-11-20 08:00:00,11/20/2019 8:00,-27.48,-24.89,75.65,2.965,0.798,268.0,2.232,0.025,287.6,350.89,98.59728313963527
2019-11-20 09:00:00,11/20/2019 9:00,-26.83,-24.41,74.87,3.732,0.981,268.5,7.264,0.179,299.5,350.97,96.98814697800614
2019-11-20 10:00:00,11/20/2019 10:00,-27.21,-24.47,75.31,3.499,0.935,268.2,5.631,0.199,301.4,351.0,97.90630759793633
2019-11-20 11:00:00,11/20/2019 11:00,-28.04,-26.44,73.91,3.265,1.052,266.6,7.497,0.562,280.6,351.16,96.83512645497431
2019-11-20 12:00:00,11/20/2019 12:00,-29.57,-29.51,73.36,5.531,0.98,270.3,6.231,0.133,323.9,351.04,97.49339337238413
2019-11-20 13:00:00,11/20/2019 13:00,-31.09,-31.28,73.06,4.931,0.771,274.6,0.566,0.022,352.0,351.5,98.46934973890625
2019-11-20 14:00:00,11/20/2019 14:00,-31.91,-32.13,72.6,4.265,0.478,277.9,0.466,0.017,0.311,351.96,98.59025734208711
2019-11-20 15:00:00,11/20/2019 15:00,-32.6,-32.7,72.21,3.032,0.364,276.9,5.298,0.046,343.6,352.09,98.68273057183173
2019-11-20 16:00:00,11/20/2019 16:00,-32.78,-32.83,72.3,4.965,0.687,280.1,3.732,0.064,15.07,352.23,98.96850193623509
2019-11-20 17:00:00,11/20/2019 17:00,-32.59,-32.78,72.47,4.465,0.467,282.0,2.432,0.051,333.0,352.36,99.02898758606909
2019-11-20 18:00:00,11/20/2019 18:00,-32.74,-33.05,71.94,5.831,0.275,277.4,0.4,0.007,308.0,352.07,98.4397101296839
2019-11-20 19:00:00,11/20/2019 19:00,-33.2,-33.56,71.89,4.198,0.226,278.9,3.099,0.04,7.547,351.68,98.78537689564149
2019-11-20 20:00:00,11/20/2019 20:00,-33.52,-33.76,71.56,2.532,0.213,279.3,0.367,0.008,343.5,351.43,98.61908628517611
2019-11-20 21:00:00,11/20/2019 21:00,-33.63,-33.86,71.8,2.599,0.128,277.3,0.367,0.013,340.8,351.15,99.0489631274941
2019-11-20 22:00:00,11/20/2019 22:00,-33.7,-33.86,71.64,4.265,0.4,278.2,4.132,0.049,7.359,350.93,98.89120133732041
2019-11-20 23:00:00,11/20/2019 23:00,-33.84,-34.09,71.57,3.399,0.31,279.0,0.4,0.033,9.77,350.93,98.92041961368132
2019-11-21 00:00:00,11/21/2019 0:00,-34.02,-34.06,71.56,4.898,0.403,276.8,3.898,0.07,346.4,351.06,99.06847074686158
2019-11-21 01:00:00,11/21/2019 1:00,-33.68,-32.77,71.96,5.931,0.561,277.7,7.264,0.175,2.991,351.06,99.31485578893181
2019-11-21 02:00:00,11/21/2019 2:00,-32.2,-25.22,72.88,3.399,0.633,272.9,0.233,0.007,346.1,351.78,99.23415974272466
2019-11-21 03:00:00,11/21/2019 3:00,-29.75,-23.93,73.93,3.365,0.62,269.3,1.266,0.003,315.9,352.09,98.41510239348392
2019-11-21 04:00:00,11/21/2019 4:00,-28.26,-23.93,75.25,3.798,0.927,270.6,0.3,0.005,335.3,352.44,98.79344020843571
2019-11-21 05:00:00,11/21/2019 5:00,-26.74,-22.37,76.58,3.798,0.763,270.1,0.233,0.002,320.8,352.57,99.1195754483823
2019-11-21 06:00:00,11/21/2019 6:00,-24.76,-21.06,77.01,4.498,0.985,271.3,6.697,0.105,279.6,352.52,97.83477853085644
2019-11-21 07:00:00,11/21/2019 7:00,-25.15,-22.65,76.42,3.832,0.903,268.8,7.93,0.23,290.4,352.49,97.44341719832846
2019-11-21 08:00:00,11/21/2019 8:00,-26.13,-24.15,76.16,5.564,0.984,271.0,8.3,0.467,312.6,352.06,98.01263723394949
2019-11-21 09:00:00,11/21/2019 9:00,-27.37,-24.96,73.15,9.1,1.493,278.5,10.26,0.86,37.65,352.32,95.24082557665047
2019-11-21 10:00:00,11/21/2019 10:00,-28.54,-26.07,74.45,17.63,3.914,284.3,10.86,1.782,145.6,352.09,97.99869660406304
2019-11-21 11:00:00,11/21/2019 11:00,-29.03,-27.29,74.05,13.76,4.891,285.6,10.9,2.62,131.9,352.58,97.9178896727694
2019-11-21 12:00:00,11/21/2019 12:00,-30.9,-30.42,72.78,13.26,0.98,280.5,8.5,0.797,336.3,352.71,97.92026137751995
2019-11-21 13:00:00,11/21/2019 13:00,-32.06,-32.08,72.97,5.365,0.335,278.5,6.531,0.613,340.4,353.36,99.22922082793394
2019-11-21 14:00:00,11/21/2019 14:00,-32.16,-32.25,72.51,5.898,0.218,279.0,3.732,0.096,350.2,353.79,98.69416199510248
2019-11-21 15:00:00,11/21/2019 15:00,-31.72,-31.89,73.42,4.498,0.114,278.9,6.897,0.161,346.9,354.02,99.5299633064497
2019-11-21 16:00:00,11/21/2019 16:00,-31.66,-31.89,72.96,2.799,0.131,279.6,3.099,0.072,323.9,354.04,98.85185000244314
2019-11-21 17:00:00,11/21/2019 17:00,-31.74,-31.97,72.95,1.966,0.087,277.4,0.367,0.021,352.9,353.76,98.91099568888853
2019-11-21 18:00:00,11/21/2019 18:00,-32.1,-32.35,72.76,3.365,0.158,279.2,5.265,0.084,341.2,353.48,98.97996104938446
2019-11-21 19:00:00,11/21/2019 19:00,-32.21,-32.33,72.74,4.332,0.295,276.6,1.666,0.042,336.4,353.29,99.05261443778454
2019-11-21 20:00:00,11/21/2019 20:00,-31.65,-31.63,73.25,3.265,0.12,274.7,0.466,0.02,309.1,353.02,99.23564203417303
2019-11-21 21:00:00,11/21/2019 21:00,-31.75,-31.68,73.28,3.932,0.205,275.1,5.798,0.12,338.1,352.96,99.36756374357041
2019-11-21 22:00:00,11/21/2019 22:00,-31.72,-31.83,73.16,2.999,0.182,278.8,0.433,0.04,8.15,352.98,99.17750089212556
2019-11-21 23:00:00,11/21/2019 23:00,-31.27,-31.51,73.37,4.298,0.287,277.8,4.032,0.052,340.4,353.03,99.05129058447946
2019-11-22 00:00:00,11/22/2019 0:00,-30.92,-31.12,73.55,5.398,0.346,279.9,6.897,0.779,328.5,353.21,98.97449971441428
2019-11-22 01:00:00,11/22/2019 1:00,-30.93,-29.43,73.52,3.599,0.348,276.1,4.765,0.136,344.1,353.97,98.94325565281589
2019-11-22 02:00:00,11/22/2019 2:00,-29.13,-21.45,74.4,3.032,0.391,272.3,4.098,0.039,326.8,354.48,98.47223359417242
2019-11-22 03:00:00,11/22/2019 3:00,-27.57,-19.07,74.52,3.732,0.528,270.4,4.232,0.055,284.3,354.97,97.20634407623315
2019-11-22 04:00:00,11/22/2019 4:00,-27.35,-20.24,74.74,3.465,0.701,269.0,4.831,0.069,311.8,355.16,97.29277403126449
2019-11-22 05:00:00,11/22/2019 5:00,-26.79,-21.07,76.13,3.365,0.883,270.4,3.665,0.036,330.4,355.26,98.58337225731859
2019-11-22 06:00:00,11/22/2019 6:00,-26.13,-21.46,75.3,4.465,0.947,270.4,6.264,0.207,282.3,354.95,96.90587688703252
2019-11-22 07:00:00,11/22/2019 7:00,-26.42,-22.06,74.14,4.265,1.077,269.5,7.93,0.389,282.5,354.24,95.67349928442694
2019-11-22 08:00:00,11/22/2019 8:00,-27.24,-23.37,75.45,5.831,0.895,265.9,9.0,0.713,281.5,354.04,98.11588435530585
2019-11-22 09:00:00,11/22/2019 9:00,-26.98,-22.72,75.9,4.898,0.637,271.2,7.797,0.083,309.5,354.47,98.46085419935939
2019-11-22 10:00:00,11/22/2019 10:00,-27.22,-22.87,74.63,3.732,0.492,275.2,3.832,0.045,316.2,354.34,97.03136754361974
2019-11-22 11:00:00,11/22/2019 11:00,-28.22,-24.99,74.75,4.265,0.629,274.6,6.697,0.284,358.4,354.16,98.10038207074608
2019-11-22 12:00:00,11/22/2019 12:00,-29.03,-28.64,75.0,4.032,0.487,278.7,7.33,0.356,332.9,354.66,99.17409487451324
2019-11-22 13:00:00,11/22/2019 13:00,-29.14,-29.35,74.45,4.798,0.413,276.9,6.431,0.39,342.8,354.88,98.5475730468738
2019-11-22 14:00:00,11/22/2019 14:00,-29.0,-29.09,75.02,2.699,0.338,275.9,3.632,0.147,336.9,355.02,99.1728622563521
2019-11-22 15:00:00,11/22/2019 15:00,-28.86,-28.98,74.42,2.766,0.208,278.7,5.798,0.295,349.0,355.24,98.25161119655779
2019-11-22 16:00:00,11/22/2019 16:00,-29.16,-29.33,74.99,3.099,0.123,278.9,0.4,0.033,326.3,355.04,99.28081539540702
2019-11-22 17:00:00,11/22/2019 17:00,-29.06,-29.02,74.94,2.599,0.159,274.1,0.466,0.03,317.6,354.83,99.12240938551926
2019-11-22 18:00:00,11/22/2019 18:00,-29.06,-28.95,74.61,3.165,0.4,272.5,0.4,0.011,314.0,354.62,98.68592159398975
2019-11-22 19:00:00,11/22/2019 19:00,-29.25,-29.18,74.76,3.132,0.423,273.4,3.998,0.053,316.6,354.24,99.0591433865144
2019-11-22 20:00:00,11/22/2019 20:00,-28.85,-28.78,75.28,3.032,0.343,272.2,0.333,0.007,326.2,353.77,99.37775940909442
2019-11-22 21:00:00,11/22/2019 21:00,-28.64,-28.54,74.92,3.765,0.523,270.7,0.033,,297.4,353.45,98.70929573920671
2019-11-22 22:00:00,11/22/2019 22:00,-28.81,-28.7,75.12,4.432,0.551,273.4,3.732,0.018,320.5,353.39,99.12962277942044
2019-11-22 23:00:00,11/22/2019 23:00,-28.82,-28.76,74.86,4.365,0.431,272.0,0.367,0.003,315.3,353.58,98.7957195410329
2019-11-23 00:00:00,11/23/2019 0:00,-28.9,-28.89,74.87,3.399,0.601,271.7,3.065,0.034,299.2,353.76,98.88252122823194
2019-11-23 01:00:00,11/23/2019 1:00,-29.03,-28.91,74.87,3.365,0.41,270.7,0.8,0.017,342.0,353.94,99.00219311006408
2019-11-23 02:00:00,11/23/2019 2:00,-28.7,-27.92,75.03,2.932,0.431,272.0,0.3,0.011,342.7,354.4,98.90949042167856
2019-11-23 03:00:00,11/23/2019 3:00,-27.74,-25.22,75.82,4.631,0.704,269.4,7.564,0.192,306.6,354.77,99.0594829317662
2019-11-23 04:00:00,11/23/2019 4:00,-26.57,-21.83,75.28,4.098,0.696,268.7,8.1,0.121,325.0,354.75,97.28157437223811
2019-11-23 05:00:00,11/23/2019 5:00,-26.08,-20.57,76.06,5.131,0.922,269.2,7.497,0.123,324.8,354.71,97.83792006199538
2019-11-23 06:00:00,11/23/2019 6:00,-25.83,-20.71,75.91,4.565,1.066,269.3,7.897,0.373,290.3,354.28,97.4155088755993
2019-11-23 07:00:00,11/23/2019 7:00,-26.15,-21.62,76.47,5.998,1.437,265.1,10.46,0.799,278.8,354.08,98.43009843932951
2019-11-23 08:00:00,11/23/2019 8:00,-25.83,-20.98,75.93,4.232,1.449,268.1,8.26,0.388,278.4,353.72,97.44117492984134
2019-11-23 09:00:00,11/23/2019 9:00,-26.46,-22.96,75.48,6.631,1.54,265.9,9.66,1.049,296.8,353.36,97.43930434975304
2019-11-23 10:00:00,11/23/2019 10:00,-27.12,-24.46,75.31,4.565,1.456,264.5,4.831,0.159,337.8,352.92,97.82377715564365
2019-11-23 11:00:00,11/23/2019 11:00,-27.67,-25.93,74.82,5.198,1.326,265.5,8.13,0.471,321.3,353.13,97.68900949269417
2019-11-23 12:00:00,11/23/2019 12:00,-28.38,-28.04,75.0,6.331,1.399,265.8,9.86,0.983,284.8,352.82,98.57550733655629
2019-11-23 13:00:00,11/23/2019 13:00,-28.68,-28.6,75.14,7.963,1.466,264.8,10.36,0.607,325.2,353.34,99.03604857763226
2019-11-23 14:00:00,11/23/2019 14:00,-28.78,-28.66,74.99,5.365,1.423,264.7,8.4,1.244,283.8,353.16,98.9304360594816
2019-11-23 15:00:00,11/23/2019 15:00,-28.77,-28.66,74.93,8.2,1.787,265.3,11.46,0.626,304.4,353.43,98.84207731169678
2019-11-23 16:00:00,11/23/2019 16:00,-28.8,-28.76,74.94,5.498,1.716,266.3,0.2,0.004,336.0,353.45,98.8828852243079
2019-11-23 17:00:00,11/23/2019 17:00,-29.14,-29.14,74.48,5.898,1.664,265.6,7.43,0.276,314.2,353.27,98.58728328450182
2019-11-23 18:00:00,11/23/2019 18:00,-29.53,-29.52,74.32,4.998,1.486,266.8,7.963,0.614,283.5,352.56,98.73254638448218
2019-11-23 19:00:00,11/23/2019 19:00,-29.84,-29.8,74.26,7.464,1.636,264.8,11.06,0.354,328.3,352.25,98.93691500020064
2019-11-23 20:00:00,11/23/2019 20:00,-30.02,-29.95,74.21,6.264,1.595,264.1,6.597,0.216,336.8,352.05,99.03533545648789
2019-11-23 21:00:00,11/23/2019 21:00,-30.14,-30.11,74.28,8.43,1.826,263.5,11.73,1.08,296.9,351.72,99.23896022164996
2019-11-23 22:00:00,11/23/2019 22:00,-30.37,-30.38,73.69,5.298,1.488,266.7,8.43,0.702,278.2,351.4,98.66044325421912
2019-11-23 23:00:00,11/23/2019 23:00,-30.86,-31.1,72.97,7.664,1.207,266.4,6.064,0.171,331.4,351.51,98.1396683708995
2019-11-24 00:00:00,11/24/2019 0:00,-32.06,-32.33,72.67,5.631,0.773,270.2,7.497,0.151,344.4,351.78,98.82126185509058
2019-11-24 01:00:00,11/24/2019 1:00,-32.52,-31.62,72.57,4.965,0.419,272.3,5.998,0.214,312.2,352.07,99.10213198873963
2019-11-24 02:00:00,11/24/2019 2:00,-31.05,-26.86,73.01,5.065,0.684,269.0,0.533,0.034,344.0,352.31,98.36568472543428
2019-11-24 03:00:00,11/24/2019 3:00,-29.62,-24.35,73.99,5.498,0.715,268.7,6.564,0.095,310.8,353.18,98.37627780184938
2019-11-24 04:00:00,11/24/2019 4:00,-28.19,-22.36,74.98,5.098,0.805,267.6,11.76,0.641,278.7,353.51,98.37468256315785
2019-11-24 05:00:00,11/24/2019 5:00,-27.15,-22.77,75.48,4.198,1.037,267.0,7.963,0.949,281.5,353.32,98.07216590243877
2019-11-24 06:00:00,11/24/2019 6:00,-26.09,-22.18,75.84,4.032,1.044,268.2,7.13,0.272,310.7,353.17,97.56410555631842
2019-11-24 07:00:00,11/24/2019 7:00,-25.75,-21.67,76.76,4.532,1.177,267.8,3.998,0.097,336.8,352.55,98.43213908896848
2019-11-24 08:00:00,11/24/2019 8:00,-25.71,-22.37,75.23,16.53,1.707,268.6,11.43,0.537,320.7,352.44,96.4338282460909
2019-11-24 09:00:00,11/24/2019 9:00,-26.34,-22.17,76.02,5.131,1.116,266.5,7.864,0.549,281.7,352.18,98.02581461527396
2019-11-24 10:00:00,11/24/2019 10:00,-26.85,-24.02,75.1,3.665,1.008,266.8,7.364,0.612,280.3,352.31,97.30434894084158
2019-11-24 11:00:00,11/24/2019 11:00,-27.89,-26.5,74.7,3.898,0.96,270.3,0.433,0.018,336.7,352.3,97.73312349951009
2019-11-24 12:00:00,11/24/2019 12:00,-29.43,-29.43,74.33,5.731,1.273,268.4,0.766,0.006,335.7,352.46,98.65420039079314
2019-11-24 13:00:00,11/24/2019 13:00,-30.13,-30.17,73.85,5.431,0.479,269.4,,,,352.85,98.65534188443083
2019-11-24 14:00:00,11/24/2019 14:00,-30.56,-30.66,73.57,5.265,0.626,268.7,6.164,0.019,292.3,353.07,98.67292599814465
2019-11-24 15:00:00,11/24/2019 15:00,-31.03,-31.17,73.33,4.265,0.82,270.8,3.932,0.017,297.8,353.02,98.77860286967075
2019-11-24 16:00:00,11/24/2019 16:00,-31.21,-31.27,73.14,6.664,1.256,266.5,5.764,0.058,342.3,352.86,98.68623284792936
2019-11-24 17:00:00,11/24/2019 17:00,-31.67,-31.87,72.88,4.265,0.593,272.0,0.433,0.012,343.3,352.5,98.75253652569945
2019-11-24 18:00:00,11/24/2019 18:00,-32.45,-32.71,72.43,4.265,0.397,273.7,6.697,0.326,344.9,351.95,98.84758366560057
2019-11-24 19:00:00,11/24/2019 19:00,-32.57,-32.53,72.75,4.398,0.813,267.5,4.631,0.178,341.7,351.16,99.39341188386139
2019-11-24 20:00:00,11/24/2019 20:00,-32.42,-32.32,72.49,6.597,1.083,264.9,7.93,0.824,295.5,351.47,98.90229499168395
2019-11-24 21:00:00,11/24/2019 21:00,-32.38,-32.26,72.6,5.698,0.918,268.0,6.164,0.213,324.3,351.1,99.01609440662168
2019-11-24 22:00:00,11/24/2019 22:00,-32.33,-32.18,72.7,7.597,1.212,261.7,9.06,0.782,306.6,350.66,99.10707623458931
2019-11-24 23:00:00,11/24/2019 23:00,-32.35,-32.26,72.35,10.76,1.548,261.0,10.53,0.799,325.6,350.91,98.64801754279236
2019-11-25 00:00:00,11/25/2019 0:00,-32.6,-32.51,72.21,8.13,1.536,263.6,11.53,1.154,302.8,350.57,98.68273057183173
2019-11-25 01:00:00,11/25/2019 1:00,-32.64,-32.44,72.2,15.99,2.121,261.6,9.83,0.683,301.6,351.05,98.70517689790923
2019-11-25 02:00:00,11/25/2019 2:00,-32.74,-32.44,72.36,7.297,1.749,261.2,6.864,0.354,313.0,350.85,99.0144206975803
2019-11-25 03:00:00,11/25/2019 3:00,-32.59,-31.86,72.46,9.73,1.589,263.1,7.963,0.506,325.5,351.45,99.01532276095718
2019-11-25 04:00:00,11/25/2019 4:00,-32.01,-30.53,72.64,7.497,1.579,262.3,5.698,0.286,311.4,351.6,98.73516004575346
2019-11-25 05:00:00,11/25/2019 5:00,-31.59,-29.84,72.65,10.7,1.434,264.9,7.963,0.258,315.7,351.12,98.36851260764396
2019-11-25 06:00:00,11/25/2019 6:00,-31.33,-29.19,72.56,12.16,1.582,262.1,7.397,0.683,282.8,351.15,98.01190486042579
2019-11-25 07:00:00,11/25/2019 7:00,-31.1,-28.35,72.77,11.63,1.838,259.5,6.964,0.802,279.3,350.39,98.08753150636653
2019-11-25 08:00:00,11/25/2019 8:00,-31.02,-28.47,72.56,8.96,2.053,258.3,8.16,1.274,275.0,349.72,97.73236921998148
2019-11-25 09:00:00,11/25/2019 9:00,-31.35,-29.21,72.63,8.13,1.761,258.9,4.365,0.141,338.6,350.19,98.12452410187986
2019-11-25 10:00:00,11/25/2019 10:00,-31.39,-29.61,72.46,8.93,1.908,260.1,7.53,0.864,289.3,350.03,97.93090169384682
2019-11-25 11:00:00,11/25/2019 11:00,-32.01,-31.19,72.25,11.33,1.913,259.6,9.56,0.999,278.6,349.59,98.20505662590429
2019-11-25 12:00:00,11/25/2019 12:00,-32.52,-32.34,72.06,9.0,1.964,261.1,6.864,0.839,277.6,350.0,98.40567219386217
2019-11-25 13:00:00,11/25/2019 13:00,-32.84,-32.72,72.09,13.93,1.937,263.3,7.464,0.71,275.4,349.65,98.73516881365593
2019-11-25 14:00:00,11/25/2019 14:00,-32.87,-32.76,72.21,11.9,2.304,259.1,8.16,1.296,273.8,349.16,98.92663550564548
2019-11-25 15:00:00,11/25/2019 15:00,-32.92,-32.78,72.1,11.9,2.363,255.9,6.831,0.473,281.1,349.74,98.82106462072129
2019-11-25 16:00:00,11/25/2019 16:00,-32.75,-32.57,72.48,13.93,2.648,258.5,5.764,0.186,276.2,350.09,99.18769138141114
2019-11-25 17:00:00,11/25/2019 17:00,-32.73,-32.63,72.05,10.26,2.342,258.2,4.598,0.169,279.5,350.04,98.58121605552545
2019-11-25 18:00:00,11/25/2019 18:00,-32.96,-32.9,71.86,14.56,2.33,265.9,2.266,0.084,272.9,349.87,98.5281061425116
2019-11-25 19:00:00,11/25/2019 19:00,-33.26,-33.19,71.73,23.39,3.423,262.9,4.132,0.218,324.8,349.19,98.6194632829222
2019-11-25 20:00:00,11/25/2019 20:00,-33.39,-33.26,71.7,25.46,2.911,254.3,8.83,0.29,304.4,348.77,98.69509221289083
2019-11-25 21:00:00,11/25/2019 21:00,-33.55,-33.48,71.76,16.79,2.021,221.4,2.099,0.158,269.2,349.04,98.92172766660387
2019-11-25 22:00:00,11/25/2019 22:00,-33.76,-33.64,71.59,18.96,3.386,194.5,8.63,0.331,277.1,347.07,98.87612283581666
2019-11-25 23:00:00,11/25/2019 23:00,-33.84,-33.73,71.33,15.83,2.953,190.0,8.53,1.295,281.6,348.5,98.5887038010883
2019-11-26 00:00:00,11/26/2019 0:00,-34.11,-34.03,71.05,15.79,3.165,213.0,7.464,1.316,289.3,348.47,98.44281923437214
2019-11-26 01:00:00,11/26/2019 1:00,-34.5,-34.43,70.97,16.86,3.513,187.3,6.831,0.243,320.3,348.43,98.68026779840736
2019-11-26 02:00:00,11/26/2019 2:00,-34.63,-33.81,70.88,13.29,2.971,189.0,3.998,0.086,288.5,348.51,98.6711805291747
2019-11-26 03:00:00,11/26/2019 3:00,-33.71,-30.52,71.06,14.93,3.254,187.8,2.532,0.083,322.9,349.6,98.09949743701965
2019-11-26 04:00:00,11/26/2019 4:00,-32.61,-28.01,71.46,12.43,2.45,188.8,2.766,0.086,334.8,349.9,97.66670994298879
2019-11-26 05:00:00,11/26/2019 5:00,-32.16,-27.48,71.96,14.86,2.031,256.2,2.666,0.082,337.1,350.06,97.94555091942591
2019-11-26 06:00:00,11/26/2019 6:00,-31.5,-26.74,72.16,8.4,1.868,262.6,5.065,0.209,337.4,350.03,97.62420884622274
2019-11-26 07:00:00,11/26/2019 7:00,-30.97,-26.07,71.85,8.93,1.607,263.3,6.997,0.135,311.9,349.75,96.73144854711009
2019-11-26 08:00:00,11/26/2019 8:00,-31.19,-27.07,71.38,7.53,1.725,261.3,9.56,2.144,275.9,349.29,96.29375932010136
2019-11-26 09:00:00,11/26/2019 9:00,-31.72,-28.04,71.6,5.098,1.078,263.9,8.7,0.435,331.6,349.63,97.06272640618084
2019-11-26 10:00:00,11/26/2019 10:00,-31.54,-27.91,71.76,6.397,0.904,266.4,9.56,0.292,330.9,349.77,97.11878093735841
2019-11-26 11:00:00,11/26/2019 11:00,-32.1,-29.9,71.38,4.698,1.087,264.9,9.43,1.264,282.9,349.48,97.10266107346155
2019-11-26 12:00:00,11/26/2019 12:00,-33.36,-32.94,71.21,8.16,1.409,264.8,11.0,1.057,273.4,349.57,97.99381499593798
2019-11-26 13:00:00,11/26/2019 13:00,-34.28,-34.3,70.81,7.064,1.628,260.3,9.63,0.473,317.9,349.51,98.26170857076015
2019-11-26 14:00:00,11/26/2019 14:00,-34.96,-34.99,70.68,7.13,1.29,263.3,1.966,0.061,338.1,349.81,98.68675282771868
2019-11-26 15:00:00,11/26/2019 15:00,-35.52,-35.58,70.53,7.497,0.944,268.6,5.864,0.108,328.7,350.09,98.97585709207215
2019-11-26 16:00:00,11/26/2019 16:00,-35.29,-35.18,70.88,6.131,1.043,273.1,1.0,0.024,303.2,350.19,99.26113772912407
2019-11-26 17:00:00,11/26/2019 17:00,-34.71,-34.68,71.26,9.03,1.476,261.0,5.398,0.16,334.0,349.49,99.27199940981521
2019-11-26 18:00:00,11/26/2019 18:00,-34.45,-34.5,70.85,12.5,1.743,263.1,6.764,0.359,330.8,349.63,98.46881033642694
2019-11-26 19:00:00,11/26/2019 19:00,-34.87,-34.94,70.76,8.73,1.295,255.0,6.064,0.378,337.6,348.82,98.71815126263861
2019-11-26 20:00:00,11/26/2019 20:00,-35.4,-35.41,70.29,8.03,1.065,250.4,4.665,0.126,327.0,348.82,98.53252194075203
2019-11-26 21:00:00,11/26/2019 21:00,-35.7,-35.63,70.39,7.963,1.154,251.0,3.632,0.106,321.1,347.85,98.9395015329624
2019-11-26 22:00:00,11/26/2019 22:00,-35.76,-35.68,70.33,12.66,1.243,241.3,6.864,0.161,321.6,348.34,98.90850912698455
2019-11-26 23:00:00,11/26/2019 23:00,-35.8,-35.71,70.14,7.13,1.04,243.8,6.164,0.197,315.1,348.46,98.67677398638772
2019-11-27 00:00:00,11/27/2019 0:00,-35.76,-35.69,70.31,7.63,1.117,247.8,6.631,0.263,326.2,348.59,98.88038215154677
2019-11-27 01:00:00,11/27/2019 1:00,-35.8,-35.42,70.2,8.4,0.898,251.5,0.5,0.046,331.3,348.86,98.76118525583715
2019-11-27 02:00:00,11/27/2019 2:00,-34.6,-30.07,70.47,7.33,0.873,238.7,0.466,0.025,295.6,349.31,98.07379346219277
2019-11-27 03:00:00,11/27/2019 3:00,-33.65,-28.46,70.52,7.197,1.204,245.2,3.265,0.105,318.5,348.88,97.3008934890857
2019-11-27 04:00:00,11/27/2019 4:00,-33.09,-27.99,70.86,6.231,0.874,242.6,4.165,0.132,338.3,349.77,97.27236657254646
2019-11-27 05:00:00,11/27/2019 5:00,-32.11,-26.71,71.54,8.36,0.911,246.2,9.4,0.831,339.5,349.91,97.32924564403585
2019-11-27 06:00:00,11/27/2019 6:00,-31.53,-26.62,71.38,10.63,0.672,249.1,6.198,0.488,337.1,349.05,96.59561045879086
2019-11-27 07:00:00,11/27/2019 7:00,-31.44,-26.69,71.97,8.06,1.384,248.0,7.197,0.396,337.7,349.1,97.31342626081066
2019-11-27 08:00:00,11/27/2019 8:00,-31.22,-26.83,71.79,9.3,1.392,248.2,8.8,0.569,337.6,348.78,96.87363001333695
2019-11-27 09:00:00,11/27/2019 9:00,-31.31,-27.55,71.76,10.9,1.956,250.2,14.83,2.13,303.8,349.06,96.9134411651624
2019-11-27 10:00:00,11/27/2019 10:00,-31.92,-29.07,71.69,10.5,2.214,254.5,13.16,2.956,283.6,349.02,97.36342226569515
2019-11-27 11:00:00,11/27/2019 11:00,-32.67,-31.05,71.38,11.1,2.069,254.4,12.99,2.618,289.2,348.57,97.6109290475748
2019-11-27 12:00:00,11/27/2019 12:00,-33.51,-33.28,71.49,10.26,1.829,252.1,11.73,2.825,277.1,349.12,98.51364660460422
2019-11-27 13:00:00,11/27/2019 13:00,-34.3,-34.24,70.86,14.36,1.927,246.0,13.43,3.27,275.4,348.94,98.34892518928035
2019-11-27 14:00:00,11/27/2019 14:00,-34.89,-34.88,70.6,10.03,1.763,249.3,11.73,2.921,275.7,349.05,98.51273565574527
2019-11-27 15:00:00,11/27/2019 15:00,-35.46,-35.46,70.24,9.6,1.968,249.3,11.16,3.457,275.7,349.13,98.51565888753524
2019-11-27 16:00:00,11/27/2019 16:00,-36.02,-35.99,69.77,10.63,2.335,259.7,12.26,1.354,273.6,348.72,98.35037270786884
2019-11-27 17:00:00,11/27/2019 17:00,-36.17,-36.04,70.1,29.55,3.692,286.3,19.29,1.374,175.0,348.76,98.94861340518095
2019-11-27 18:00:00,11/27/2019 18:00,-36.15,-36.09,70.16,9.0,1.084,48.32,15.76,2.657,99.3,348.12,99.01554571069963
2019-11-27 19:00:00,11/27/2019 19:00,-35.7,-35.6,66.79,12.3,2.776,44.03,21.56,12.35,99.1,346.94,93.87937643680294
2019-11-27 20:00:00,11/27/2019 20:00,-35.63,-35.55,65.26,35.45,7.193,33.94,26.66,15.86,104.9,347.24,91.67108715678792
2019-11-27 21:00:00,11/27/2019 21:00,-35.49,-35.41,65.69,35.82,7.256,28.14,27.02,14.41,104.9,347.58,92.15891387618576
2019-11-27 22:00:00,11/27/2019 22:00,-35.57,-35.48,65.66,34.25,6.549,228.3,25.49,13.29,108.3,346.53,92.18318758695912
2019-11-27 23:00:00,11/27/2019 23:00,-35.84,-35.74,65.14,27.32,5.045,210.7,20.53,12.76,110.6,346.58,91.67544789710603
2019-11-28 00:00:00,11/28/2019 0:00,-36.14,-36.04,67.78,34.12,5.601,45.37,25.29,10.76,110.4,347.04,95.64811621417802
2019-11-28 01:00:00,11/28/2019 1:00,-36.26,-36.15,67.36,28.46,4.777,111.5,21.92,10.17,109.0,347.77,95.15774839652678
2019-11-28 02:00:00,11/28/2019 2:00,-36.34,-35.95,63.28,36.92,4.166,51.17,21.46,9.54,106.5,348.05,89.45813439949795
2019-11-28 03:00:00,11/28/2019 3:00,-35.82,-34.29,60.84,29.49,4.348,125.3,21.32,9.12,108.3,347.91,85.60841253550609
2019-11-28 04:00:00,11/28/2019 4:00,-35.44,-33.64,58.59,23.99,3.181,49.04,19.23,9.53,107.3,348.52,82.16106020202818
2019-11-28 05:00:00,11/28/2019 5:00,-35.51,-33.39,65.42,24.76,3.432,209.0,18.79,7.064,107.7,348.63,91.7966492761356
2019-11-28 06:00:00,11/28/2019 6:00,-34.69,-31.52,69.71,16.96,2.337,200.1,20.26,3.534,101.9,349.14,97.0951335181323
2019-11-28 07:00:00,11/28/2019 7:00,-34.19,-30.11,68.37,17.36,1.539,220.3,16.26,1.807,145.6,348.48,94.79835448522623
2019-11-28 08:00:00,11/28/2019 8:00,-34.08,-29.85,69.47,13.83,2.254,191.5,17.96,0.87,238.1,348.03,96.22745530122066
2019-11-28 09:00:00,11/28/2019 9:00,-34.47,-30.28,69.65,27.09,1.371,230.4,17.43,0.561,263.8,347.74,96.81856355036182
2019-11-28 10:00:00,11/28/2019 10:00,-34.42,-30.19,69.87,10.9,0.556,169.9,5.898,0.032,283.8,347.96,97.0803975834328
2019-11-28 11:00:00,11/28/2019 11:00,-34.72,-31.98,70.24,11.23,1.89,180.3,0.6,0.015,275.8,348.02,97.85989280107844
2019-11-28 12:00:00,11/28/2019 12:00,-35.12,-34.13,70.3,7.297,0.596,181.3,0.1,0.001,291.7,348.21,98.2980657809945
2019-11-28 13:00:00,11/28/2019 13:00,-35.69,-35.58,70.44,5.698,0.794,182.8,0.233,0.003,320.1,348.36,99.00087755735102
2019-11-28 14:00:00,11/28/2019 14:00,-35.75,-35.83,70.05,9.76,1.623,182.9,0.233,0.014,324.1,347.87,98.50587571461318
2019-11-28 15:00:00,11/28/2019 15:00,-36.19,-36.11,69.77,7.497,0.926,186.6,0.233,0.004,320.2,348.04,98.5004688670381
2019-11-28 16:00:00,11/28/2019 16:00,-36.17,-36.24,69.83,6.831,0.705,188.9,0.2,0.005,350.8,347.96,98.56749891702975
2019-11-28 17:00:00,11/28/2019 17:00,-36.48,-36.56,69.42,7.963,0.969,193.6,0.2,0.02,343.0,347.44,98.26126571568439
2019-11-28 18:00:00,11/28/2019 18:00,-36.53,-36.64,69.68,9.56,1.83,192.0,0.367,0.04,336.5,346.96,98.67342233316792
2019-11-28 19:00:00,11/28/2019 19:00,-36.48,-36.57,69.96,9.76,1.201,188.8,0.3,0.024,334.6,347.04,99.02561436861536
2019-11-28 20:00:00,11/28/2019 20:00,-36.31,-36.44,68.13,10.73,1.47,188.5,0.367,0.019,340.3,347.05,96.28863735486637
2019-11-28 21:00:00,11/28/2019 21:00,-36.36,-36.49,68.0,10.53,1.392,187.9,0.267,0.014,334.5,346.44,96.14796058811476
2019-11-28 22:00:00,11/28/2019 22:00,-36.52,-36.54,67.17,11.43,2.209,189.1,0.333,0.04,326.0,346.03,95.11051681722493
2019-11-28 23:00:00,11/28/2019 23:00,-36.65,-36.7,69.71,10.83,2.273,190.2,0.3,0.028,331.4,346.19,98.82190288289702
2019-11-29 00:00:00,11/29/2019 0:00,-36.21,-36.22,70.38,11.76,2.209,186.8,0.333,0.022,320.8,346.59,99.37947718411142
2019-11-29 01:00:00,11/29/2019 1:00,-35.99,-35.9,70.36,14.19,2.063,184.2,0.367,0.019,322.5,345.75,99.1553544821318
2019-11-29 02:00:00,11/29/2019 2:00,-36.32,-35.64,69.27,13.09,1.571,177.7,0.6,0.025,311.5,346.3,97.90857884357932
2019-11-29 03:00:00,11/29/2019 3:00,-35.6,-34.02,69.88,12.33,3.324,182.8,0.466,0.045,331.2,347.09,98.13433516708766
2019-11-29 04:00:00,11/29/2019 4:00,-34.89,-31.07,69.84,13.33,2.411,181.6,7.197,0.062,286.2,347.33,97.45225861469194
2019-11-29 05:00:00,11/29/2019 5:00,-34.62,-29.97,68.93,9.56,2.344,186.6,10.33,1.199,293.2,347.2,95.9479260675479
2019-11-29 06:00:00,11/29/2019 6:00,-34.39,-28.85,69.32,10.8,1.993,187.2,9.3,0.97,288.6,346.91,96.29002594419012
2019-11-29 07:00:00,11/29/2019 7:00,-34.43,-28.72,68.96,12.3,2.561,185.8,9.43,1.505,286.0,346.45,95.8246854897896
2019-11-29 08:00:00,11/29/2019 8:00,-34.0,-27.95,69.78,10.3,1.949,186.3,9.06,1.005,289.8,345.94,96.58667518765363
2019-11-29 09:00:00,11/29/2019 9:00,-33.87,-28.46,69.64,10.03,1.83,185.6,9.06,1.133,277.3,346.3,96.27911944774843
2019-11-29 10:00:00,11/29/2019 10:00,-34.13,-30.64,70.29,14.03,2.636,183.8,10.93,1.37,285.3,346.26,97.40748527470498
2019-11-29 11:00:00,11/29/2019 11:00,-34.26,-31.77,70.28,11.6,2.538,184.9,9.63,0.897,283.3,345.6,97.50855214638065
2019-11-29 12:00:00,11/29/2019 12:00,-35.14,-34.48,70.43,10.96,2.593,184.3,8.63,0.595,279.8,345.2,98.49761404521635
2019-11-29 13:00:00,11/29/2019 13:00,-35.15,-35.03,70.85,10.83,2.032,183.6,8.1,0.174,282.6,346.18,99.09393184611014
2019-11-29 14:00:00,11/29/2019 14:00,-34.96,-34.81,70.73,14.53,2.068,183.5,6.964,0.221,282.9,346.15,98.7565651882363
2019-11-29 15:00:00,11/29/2019 15:00,-34.92,-34.75,70.55,13.26,2.132,184.3,6.631,0.305,279.6,346.29,98.46965424230066
2019-11-29 16:00:00,11/29/2019 16:00,-35.09,-34.95,70.64,15.99,2.082,185.2,7.83,0.292,292.5,346.03,98.74673805816563
2019-11-29 17:00:00,11/29/2019 17:00,-35.07,-34.93,70.54,10.9,2.181,185.0,4.831,0.123,296.9,345.88,98.58915067183891
2019-11-29 18:00:00,11/29/2019 18:00,-35.4,-35.27,70.49,12.73,2.254,185.3,5.531,0.08,317.4,345.4,98.81288194058344
2019-11-29 19:00:00,11/29/2019 19:00,-35.95,-35.82,69.78,13.69,2.904,183.7,4.898,0.139,286.1,345.03,98.30267677339702
2019-11-29 20:00:00,11/29/2019 20:00,-36.29,-36.17,69.8,13.63,3.199,184.6,5.764,0.289,291.7,345.28,98.63118535262085
2019-11-29 21:00:00,11/29/2019 21:00,-36.74,-36.66,69.3,13.26,3.035,184.1,5.598,0.438,292.2,344.68,98.31973312616522
2019-11-29 22:00:00,11/29/2019 22:00,-37.14,-37.07,69.06,13.63,2.947,184.1,5.631,0.174,311.4,344.58,98.32957276071706
2019-11-29 23:00:00,11/29/2019 23:00,-37.39,-37.34,69.39,10.2,2.39,186.1,5.564,0.217,332.5,344.55,99.01961726406716
2019-11-30 00:00:00,11/30/2019 0:00,-37.26,-37.31,69.36,11.66,1.595,187.9,5.398,0.078,345.8,344.39,98.8623464809943
2019-11-30 01:00:00,11/30/2019 1:00,-37.01,-36.47,69.31,12.76,2.398,187.6,5.265,0.219,349.6,345.31,98.57121897921147
2019-11-30 02:00:00,11/30/2019 2:00,-35.68,-30.64,69.58,11.63,1.78,187.3,5.098,0.103,323.7,345.44,97.78338406911348
2019-11-30 03:00:00,11/30/2019 3:00,-34.76,-29.06,70.27,11.0,1.787,186.4,4.731,0.188,314.7,345.64,97.93711151314757
2019-11-30 04:00:00,11/30/2019 4:00,-34.08,-28.98,69.91,8.43,1.762,186.9,6.531,0.096,329.7,346.0,96.83692817199275
2019-11-30 05:00:00,11/30/2019 5:00,-33.58,-29.48,69.34,12.59,1.672,186.3,6.098,0.316,338.1,346.48,95.6118454874965
2019-11-30 06:00:00,11/30/2019 6:00,-33.66,-29.91,70.59,12.33,1.463,188.3,6.164,0.401,310.4,346.06,97.40633905836035
2019-11-30 07:00:00,11/30/2019 7:00,-33.77,-29.61,69.67,11.33,0.38,184.2,10.06,1.2,306.1,345.91,96.23307589805643
2019-11-30 08:00:00,11/30/2019 8:00,-33.69,-29.62,70.56,0.8,0.003,347.1,11.43,0.992,349.9,346.06,97.39151951598909
2019-11-30 09:00:00,11/30/2019 9:00,-33.92,-29.94,70.27,,,,8.9,0.88,356.4,346.37,97.19425941433498
2019-11-30 10:00:00,11/30/2019 10:00,-34.06,-30.64,70.54,3.865,0.011,354.7,11.9,1.081,292.5,345.92,97.69184416344501
2019-11-30 11:00:00,11/30/2019 11:00,-34.19,-31.95,70.74,10.06,0.35,264.2,12.1,1.403,311.9,346.55,98.08447559287556
2019-11-30 12:00:00,11/30/2019 12:00,-34.76,-34.16,70.43,6.031,0.594,266.2,10.4,0.801,291.6,346.27,98.16010764011648
2019-11-30 13:00:00,11/30/2019 13:00,-35.12,-35.22,70.43,4.198,0.136,270.7,6.664,0.387,299.3,346.52,98.47984029808597
2019-11-30 14:00:00,11/30/2019 14:00,-35.36,-35.49,70.81,5.731,0.159,263.7,11.53,0.617,293.5,346.93,99.2256908185441
2019-11-30 15:00:00,11/30/2019 15:00,-35.11,-35.24,70.43,4.365,0.444,264.9,9.43,1.287,290.5,346.92,98.4709538461318
2019-11-30 16:00:00,11/30/2019 16:00,-35.09,-35.09,68.36,6.997,0.667,273.2,9.86,0.689,325.4,347.18,95.55955568595984
2019-11-30 17:00:00,11/30/2019 17:00,-34.82,-34.73,59.73,8.6,1.045,262.7,11.2,1.893,329.5,346.91,83.29241259277083
2019-11-30 18:00:00,11/30/2019 18:00,-34.97,-35.03,49.14,10.26,0.52,263.8,7.297,0.204,339.2,347.08,68.61778514962734
2019-11-30 19:00:00,11/30/2019 19:00,-34.92,-35.08,46.34,8.7,0.78,265.1,10.2,0.394,344.6,346.6,64.67872115645943
2019-11-30 20:00:00,11/30/2019 20:00,-35.19,-35.32,46.77,9.7,0.673,267.4,9.76,0.991,341.3,346.71,65.43819158926958
2019-11-30 21:00:00,11/30/2019 21:00,-35.21,-35.42,42.78,8.16,0.461,263.2,6.497,0.288,345.6,346.43,59.86638604774424
2019-11-30 22:00:00,11/30/2019 22:00,-35.19,-35.39,42.69,7.997,0.567,261.9,7.164,0.258,342.6,346.34,59.7296642921941
2019-11-30 23:00:00,11/30/2019 23:00,-35.41,-35.55,44.06,7.064,0.751,264.1,11.56,0.74,304.8,346.47,61.76887221965183
2019-12-01 00:00:00,12/1/2019 0:00,-35.17,-35.41,40.42,10.46,0.48,263.0,10.8,0.877,328.3,346.88,56.54339439173597
2019-12-01 01:00:00,12/1/2019 1:00,-35.22,-34.75,38.68,7.33,0.548,263.3,5.831,0.196,339.5,346.93,54.13372282391381
2019-12-01 02:00:00,12/1/2019 2:00,-34.15,-29.17,42.54,9.03,0.765,263.8,10.36,0.37,336.8,347.26,58.962391867317635
2019-12-01 03:00:00,12/1/2019 3:00,-33.82,-28.42,41.83,7.43,0.937,261.5,11.1,0.981,312.8,348.16,57.804792099026784
2019-12-01 04:00:00,12/1/2019 4:00,-33.1,-27.77,47.26,6.264,0.841,263.3,10.06,1.419,296.6,,64.88161983641695
2019-12-01 05:00:00,12/1/2019 5:00,-32.82,-28.14,54.61,8.5,0.765,268.0,6.397,0.251,338.5,348.27,74.78072123900377
2019-12-01 06:00:00,12/1/2019 6:00,-33.26,-29.58,55.31,6.198,0.601,262.5,7.697,0.449,339.8,347.97,76.0440891423174
2019-12-01 07:00:00,12/1/2019 7:00,-33.62,-30.18,61.96,8.93,0.799,263.7,8.5,0.396,338.8,347.77,85.46678699221961
2019-12-01 08:00:00,12/1/2019 8:00,-33.66,-29.8,66.33,8.83,0.868,262.2,12.26,1.207,296.5,347.57,91.5280134543284
2019-12-01 09:00:00,12/1/2019 9:00,-33.59,-29.63,67.11,8.33,0.734,265.2,9.26,0.894,314.2,347.84,92.5453563148067
2019-12-01 10:00:00,12/1/2019 10:00,-33.45,-29.72,68.43,7.397,0.735,263.6,9.16,0.726,341.7,347.24,94.24543600879501
2019-12-01 11:00:00,12/1/2019 11:00,-33.44,-30.54,71.31,8.4,0.625,263.2,6.131,0.439,341.4,347.82,98.2029796592547
2019-12-01 12:00:00,12/1/2019 12:00,-33.9,-33.18,69.95,7.23,0.337,266.0,11.56,1.261,313.1,347.63,96.7340700730803
2019-12-01 13:00:00,12/1/2019 13:00,-34.27,-34.3,61.13,6.697,0.23,266.3,8.96,0.671,312.2,347.31,84.82126261496157
2019-12-01 14:00:00,12/1/2019 14:00,-34.1,-34.23,55.28,8.03,0.277,264.5,9.63,1.047,334.7,347.29,76.58585719209931
2019-12-01 15:00:00,12/1/2019 15:00,-34.04,-34.16,55.24,8.16,0.308,267.0,11.26,1.394,337.6,347.93,76.48876771817137
2019-12-01 16:00:00,12/1/2019 16:00,-34.22,-34.31,59.81,9.2,0.352,268.1,9.76,1.252,340.9,347.49,82.95206603508235
2019-12-01 17:00:00,12/1/2019 17:00,-34.72,-34.75,70.23,10.73,0.771,266.0,12.03,1.861,322.9,347.09,97.84596058399403
2019-12-01 18:00:00,12/1/2019 18:00,-35.06,-35.08,70.98,8.93,0.702,264.6,11.93,1.819,329.0,346.58,99.19515550710412
2019-12-01 19:00:00,12/1/2019 19:00,-35.26,-35.28,70.67,13.09,2.26,224.9,11.33,2.493,323.0,345.69,98.94028777324024
2019-12-01 20:00:00,12/1/2019 20:00,-35.25,-35.24,70.34,13.16,1.35,259.6,12.73,1.649,338.2,345.33,98.46939809160199
2019-12-01 21:00:00,12/1/2019 21:00,-35.69,-35.6,69.71,13.39,1.655,262.0,10.6,1.253,338.5,343.78,97.9748889057771
2019-12-01 22:00:00,12/1/2019 22:00,-36.18,-36.1,69.26,10.1,1.19,268.0,9.4,1.665,338.5,345.13,97.77169024216528
2019-12-01 23:00:00,12/1/2019 23:00,-36.73,-36.7,69.09,7.73,0.817,266.7,10.3,1.183,337.6,344.71,98.01303668843288
2019-12-02 00:00:00,12/2/2019 0:00,-36.91,-36.96,69.06,10.76,0.962,268.9,10.5,0.949,337.6,344.97,98.12808451326454
2019-12-02 01:00:00,12/2/2019 1:00,-36.93,-36.43,67.93,6.064,0.412,270.0,6.397,0.448,337.4,345.18,96.53968517491127
2019-12-02 02:00:00,12/2/2019 2:00,-36.22,-31.34,50.24,10.16,0.55,263.0,8.73,0.394,337.7,346.07,70.94732206362254
2019-12-02 03:00:00,12/2/2019 3:00,-35.21,-29.42,48.39,6.797,0.501,266.4,8.5,0.276,338.3,346.58,67.71702713535166
2019-12-02 04:00:00,12/2/2019 4:00,-35.05,-30.13,51.41,8.8,0.649,261.8,6.731,0.306,337.8,346.04,71.8394281803705
2019-12-02 05:00:00,12/2/2019 5:00,-34.86,-30.9,61.76,9.93,0.798,260.7,6.697,0.265,338.4,346.54,86.15435367102366
2019-12-02 06:00:00,12/2/2019 6:00,-34.98,-31.45,68.99,6.864,0.973,262.6,4.798,0.219,338.9,345.68,96.34449650661487
2019-12-02 07:00:00,12/2/2019 7:00,-34.92,-31.45,69.92,11.26,1.268,264.2,7.197,0.335,339.4,345.94,97.59033628095906
2019-12-02 08:00:00,12/2/2019 8:00,-35.01,-30.79,69.28,8.56,1.104,264.4,6.897,0.272,338.4,345.34,96.77569536867402
2019-12-02 09:00:00,12/2/2019 9:00,-34.41,-29.91,69.93,5.931,1.001,267.3,5.731,0.235,339.0,345.33,97.15496113210592
2019-12-02 10:00:00,12/2/2019 10:00,-34.51,-30.3,69.88,5.431,1.087,267.9,3.832,0.193,338.9,345.27,97.17347626348082
2019-12-02 11:00:00,12/2/2019 11:00,-35.28,-32.39,69.41,4.998,0.75,266.3,4.731,0.173,339.2,345.05,97.19377101153559
2019-12-02 12:00:00,12/2/2019 12:00,-36.1,-35.31,69.43,4.098,0.646,266.0,3.265,0.119,338.7,344.86,97.94137657724092
2019-12-02 13:00:00,12/2/2019 13:00,-36.65,-36.51,69.38,5.098,0.308,268.8,5.731,0.127,338.5,344.8,98.35409011641651
2019-12-02 14:00:00,12/2/2019 14:00,,,,,,,,,,,
2019-12-02 15:00:00,12/2/2019 15:00,,,,,,,,,,,
2019-12-02 16:00:00,12/2/2019 16:00,,,,,,,,,,,
2019-12-02 17:00:00,12/2/2019 17:00,,,,,,,,,,,
2019-12-02 18:00:00,12/2/2019 18:00,,,,,,,,,,,
2019-12-02 19:00:00,12/2/2019 19:00,,,,,,,,,,,
2019-12-02 20:00:00,12/2/2019 20:00,,,,,,,,,,,
2019-12-02 21:00:00,12/2/2019 21:00,,,,,,,,,,,
2019-12-02 22:00:00,12/2/2019 22:00,,,,,,,,,,,
2019-12-02 23:00:00,12/2/2019 23:00,,,,,,,,,,,
2019-12-03 00:00:00,12/3/2019 0:00,,,,,,,,,,,
2019-12-03 01:00:00,12/3/2019 1:00,,,,,,,,,,,
2019-12-03 02:00:00,12/3/2019 2:00,,,,,,,,,,,
2019-12-03 03:00:00,12/3/2019 3:00,-36.49,-28.46,62.17,2.443,0.047,268.9,0.389,0.019,337.7,345.19,88.00705288251265
2019-12-03 04:00:00,12/3/2019 4:00,-36.67,-30.14,61.47,3.721,0.09,266.9,0.5,0.032,337.6,345.35,87.15634075509446
2019-12-03 05:00:00,12/3/2019 5:00,-36.04,-30.49,66.78,4.609,0.429,267.0,0.611,0.052,337.3,345.42,94.15245618224307
2019-12-03 06:00:00,12/3/2019 6:00,-35.89,-31.11,69.77,5.775,1.113,266.1,3.221,0.092,337.0,345.44,98.23564182760566
2019-12-03 07:00:00,12/3/2019 7:00,-36.06,-31.44,68.76,6.053,1.225,263.5,4.776,0.156,337.4,345.07,96.96143851316805
2019-12-03 08:00:00,12/3/2019 8:00,-36.12,-31.15,68.62,4.165,0.87,266.0,3.165,0.095,339.2,345.01,96.816118258347
2019-12-03 09:00:00,12/3/2019 9:00,-35.84,-30.98,68.82,4.387,0.463,266.5,8.5,0.5,338.1,345.13,96.85453368558238
2019-12-03 10:00:00,12/3/2019 10:00,-35.83,-31.19,68.93,4.498,0.335,269.3,5.775,0.205,338.2,345.4,97.00062712031054
2019-12-03 11:00:00,12/3/2019 11:00,-35.75,-32.33,69.31,3.943,0.272,267.5,5.165,0.184,338.1,345.61,97.4652711745873
2019-12-03 12:00:00,12/3/2019 12:00,-36.27,-35.22,69.42,5.498,0.38,268.7,2.999,0.089,338.3,345.8,98.07664646549074
2019-12-03 13:00:00,12/3/2019 13:00,-36.95,-36.82,69.24,6.775,0.408,269.6,3.61,0.124,338.2,346.22,98.41897304436785
2019-12-03 14:00:00,12/3/2019 14:00,-38.03,-38.04,68.55,6.72,0.229,270.7,6.886,0.205,338.0,346.65,98.37832881565402
2019-12-03 15:00:00,12/3/2019 15:00,-38.11,-38.2,68.54,6.942,0.263,273.7,7.053,0.18,337.8,346.69,98.43369390122089
2019-12-03 16:00:00,12/3/2019 16:00,-38.54,-38.49,68.06,5.831,0.132,271.0,3.887,0.098,337.8,346.53,98.11662678865278
2019-12-03 17:00:00,12/3/2019 17:00,-38.52,-38.47,67.26,5.442,0.206,274.4,5.72,0.227,337.7,346.7,96.94621258219095
2019-12-03 18:00:00,12/3/2019 18:00,-38.39,-38.39,59.33,4.554,0.163,273.5,8.55,0.476,337.7,346.43,85.41804944233677
2019-12-03 19:00:00,12/3/2019 19:00,-38.37,-38.56,48.35,5.109,0.23,273.7,8.22,0.656,337.8,346.68,69.59772110319959
2019-12-03 20:00:00,12/3/2019 20:00,-38.25,-38.47,42.21,4.72,0.181,274.4,8.55,0.935,337.4,346.72,60.695026463434026
2019-12-03 21:00:00,12/3/2019 21:00,-38.47,-38.64,39.98,8.16,0.126,275.5,6.442,0.338,337.4,346.89,57.600337302004704
2019-12-03 22:00:00,12/3/2019 22:00,-38.8,-39.03,41.73,9.39,0.223,278.0,5.442,0.237,337.4,346.81,60.29688893138841
2019-12-03 23:00:00,12/3/2019 23:00,-38.74,-38.99,41.3,5.276,0.187,276.9,5.831,0.238,337.5,346.89,59.644022009889134
2019-12-04 00:00:00,12/4/2019 0:00,-38.68,-38.92,42.19,5.442,0.204,277.6,8.05,0.315,336.9,347.24,60.897105058400136
2019-12-04 01:00:00,12/4/2019 1:00,-38.35,-37.99,43.52,5.775,0.227,275.7,7.719,0.203,337.3,347.63,62.6340733164683
2019-12-04 02:00:00,12/4/2019 2:00,-36.58,-30.17,46.25,4.72,0.186,271.7,2.943,0.059,337.8,348.3,65.52364211259662
2019-12-04 03:00:00,12/4/2019 3:00,-35.94,-29.07,52.56,5.609,0.213,269.0,3.221,0.104,338.3,348.87,74.03732834706489
2019-12-04 04:00:00,12/4/2019 4:00,-35.45,-29.31,60.3,4.776,0.579,267.3,4.221,0.157,337.9,349.32,84.56661815723108
2019-12-04 05:00:00,12/4/2019 5:00,-34.3,-28.88,64.02,5.165,0.654,271.8,4.942,0.136,338.5,349.43,88.85546416338876
2019-12-04 06:00:00,12/4/2019 6:00,-34.34,-30.03,67.09,7.219,0.941,268.7,5.442,0.154,338.5,349.37,93.1501892704277
2019-12-04 07:00:00,12/4/2019 7:00,-34.17,-30.07,69.54,6.275,0.668,270.3,4.776,0.12,338.3,348.58,96.40312314410068
2019-12-04 08:00:00,12/4/2019 8:00,-34.44,-30.06,68.94,8.94,0.952,267.2,8.61,0.421,338.8,349.12,95.80557312029147
2019-12-04 09:00:00,12/4/2019 9:00,-34.55,-30.11,65.1,10.72,0.786,273.7,8.44,0.423,337.5,348.66,90.55931417028738
2019-12-04 10:00:00,12/4/2019 10:00,-34.53,-30.76,64.74,6.831,0.505,273.8,6.997,0.267,337.0,349.58,90.04221899529136
2019-12-04 11:00:00,12/4/2019 11:00,-35.04,-32.41,66.52,11.55,0.481,273.1,4.72,0.129,337.5,349.64,92.94548470615499
2019-12-04 12:00:00,12/4/2019 12:00,-35.37,-34.45,63.49,6.997,0.214,272.2,7.83,0.274,337.4,350.07,88.97622931192488
2019-12-04 13:00:00,12/4/2019 13:00,-35.57,-35.67,59.82,5.72,0.119,274.3,4.887,0.129,337.5,350.71,83.98413465506998
2019-12-04 14:00:00,12/4/2019 14:00,-35.01,-35.29,54.87,5.109,0.097,273.8,6.72,0.291,337.3,351.39,76.64668598266663
2019-12-04 15:00:00,12/4/2019 15:00,-35.03,-35.27,51.43,5.609,0.103,275.4,8.44,0.46,337.5,351.68,71.85440064010767
2019-12-04 16:00:00,12/4/2019 16:00,-34.88,-35.17,47.55,0.722,0.015,274.6,4.165,0.154,337.6,351.55,66.34358813241569
2019-12-04 17:00:00,12/4/2019 17:00,-34.64,-34.96,44.78,3.887,0.058,277.8,7.33,0.16,337.5,351.77,62.34333122092456
2019-12-04 18:00:00,12/4/2019 18:00,-34.83,-35.08,43.42,4.387,0.05,276.9,2.999,0.104,337.5,351.46,60.553883799958406
2019-12-04 19:00:00,12/4/2019 19:00,-34.89,-35.19,42.88,3.054,0.061,278.2,5.609,0.185,337.5,351.65,59.833230947852094
2019-12-04 20:00:00,12/4/2019 20:00,-34.64,-34.97,40.8,4.221,0.163,278.9,4.387,0.147,337.7,351.38,56.80232054072626
2019-12-04 21:00:00,12/4/2019 21:00,-34.38,-34.71,39.71,3.776,0.083,278.0,4.831,0.134,337.3,351.18,55.154795820193456
2019-12-04 22:00:00,12/4/2019 22:00,-34.18,-34.48,38.67,2.666,0.078,278.3,7.553,0.161,337.5,351.1,53.612985418093494
2019-12-04 23:00:00,12/4/2019 23:00,-34.27,-34.6,38.18,3.054,0.075,275.5,5.22,0.125,337.7,351.21,52.976865804666
2019-12-05 00:00:00,12/5/2019 0:00,-34.09,-34.46,39.05,3.665,0.083,272.8,6.164,0.225,337.6,351.11,54.09562739733078
2019-12-05 01:00:00,12/5/2019 1:00,-33.76,-33.56,39.68,6.775,0.052,271.9,6.942,0.5,337.7,351.55,54.803807153585765
2019-12-05 02:00:00,12/5/2019 2:00,-32.2,-26.1,43.18,4.942,0.094,269.2,3.332,0.093,337.7,352.09,58.79433339312364
2019-12-05 03:00:00,12/5/2019 3:00,-31.11,-23.97,46.56,4.221,0.271,269.1,2.555,0.097,338.2,352.21,62.76455124477995
2019-12-05 04:00:00,12/5/2019 4:00,-30.86,-25.44,49.89,3.61,0.369,269.4,2.943,0.114,338.4,352.74,67.09864403212521
2019-12-05 05:00:00,12/5/2019 5:00,-30.53,-25.77,53.5,3.61,0.357,267.6,1.666,0.106,337.8,352.8,71.734924074693
2019-12-05 06:00:00,12/5/2019 6:00,-30.64,-26.25,59.77,5.22,0.465,267.1,4.443,0.184,338.1,352.21,80.22347412512738
2019-12-05 07:00:00,12/5/2019 7:00,-30.39,-25.61,61.46,3.554,0.284,268.1,3.11,0.097,338.2,351.65,82.30143005212625
2019-12-05 08:00:00,12/5/2019 8:00,-30.86,-25.93,64.82,5.276,0.356,267.0,6.331,0.156,338.3,351.86,87.17847476773612
2019-12-05 09:00:00,12/5/2019 9:00,-30.74,-25.52,65.6,4.498,0.325,270.2,4.443,0.218,338.8,351.88,88.12986045767173
2019-12-05 10:00:00,12/5/2019 10:00,-30.82,-26.44,67.49,5.387,0.378,271.4,4.998,0.179,337.9,351.5,90.73594471740296
2019-12-05 11:00:00,12/5/2019 11:00,-31.55,-28.43,68.15,4.443,0.372,271.2,4.776,0.189,338.3,351.71,92.24155063441098
2019-12-05 12:00:00,12/5/2019 12:00,-31.95,-31.15,69.27,5.22,0.362,271.4,5.054,0.183,337.9,352.02,94.10269005151576
2019-12-05 13:00:00,12/5/2019 13:00,-31.71,-31.68,70.21,5.609,0.458,271.9,6.109,0.136,337.8,352.51,95.16966203786397
2019-12-05 14:00:00,12/5/2019 14:00,-32.1,-32.16,65.11,4.165,0.192,272.1,5.331,0.156,338.0,352.71,88.57318944372487
2019-12-05 15:00:00,12/5/2019 15:00,-32.48,-32.64,62.03,2.832,0.119,274.8,5.109,0.091,337.8,352.85,84.6776190089003
2019-12-05 16:00:00,12/5/2019 16:00,-31.96,-32.36,55.34,2.221,0.067,275.2,5.831,0.184,337.7,352.91,75.18580752733158
2019-12-05 17:00:00,12/5/2019 17:00,-31.71,-32.08,50.28,4.221,0.167,276.8,6.831,0.127,337.9,352.93,68.15454504007693
2019-12-05 18:00:00,12/5/2019 18:00,-31.32,-31.7,46.7,3.276,0.141,272.8,5.998,0.088,338.0,352.71,63.075173190484
2019-12-05 19:00:00,12/5/2019 19:00,-31.86,-32.06,48.32,3.721,0.203,276.0,5.22,0.072,337.6,352.31,65.588080630758
2019-12-05 20:00:00,12/5/2019 20:00,-31.69,-32.07,46.81,4.498,0.151,272.9,6.497,0.431,337.8,352.03,63.43929818465401
2019-12-05 21:00:00,12/5/2019 21:00,-31.58,-31.83,45.1,2.666,0.224,274.4,7.053,0.199,337.8,352.01,61.060041199837514
2019-12-05 22:00:00,12/5/2019 22:00,-31.56,-31.75,45.59,4.221,0.554,273.6,6.442,0.31,338.1,351.58,61.712091831637196
2019-12-05 23:00:00,12/5/2019 23:00,-32.3,-32.52,53.85,5.165,0.458,276.2,6.831,0.73,337.5,351.69,73.38994903853754
2019-12-06 00:00:00,12/6/2019 0:00,-32.18,-32.48,54.35,5.664,0.408,275.9,6.053,0.47,337.7,351.93,73.98995243104729
2019-12-06 01:00:00,12/6/2019 1:00,-31.83,-31.7,49.12,5.331,0.857,271.3,6.442,0.29,337.6,352.19,66.65560904735636
2019-12-06 02:00:00,12/6/2019 2:00,-30.88,-24.86,51.01,5.72,0.699,273.7,0.666,0.047,338.0,352.13,68.61762838703874
2019-12-06 03:00:00,12/6/2019 3:00,-30.18,-23.85,53.52,5.498,0.817,274.0,6.053,0.21,337.6,352.4,71.52983328792057
2019-12-06 04:00:00,12/6/2019 4:00,-29.33,-22.12,59.65,4.72,0.998,274.6,1.833,0.076,337.3,352.58,79.09673107662987
2019-12-06 05:00:00,12/6/2019 5:00,-29.64,-24.01,67.03,5.054,1.133,271.0,4.276,0.111,336.8,352.26,89.13887821591686
2019-12-06 06:00:00,12/6/2019 6:00,-29.51,-24.19,68.02,5.387,1.067,271.7,3.776,0.107,338.1,351.95,90.34635600292408
2019-12-06 07:00:00,12/6/2019 7:00,-29.92,-24.96,66.55,5.22,1.184,270.6,4.72,0.174,338.7,351.32,88.7306110889404
2019-12-06 08:00:00,12/6/2019 8:00,-30.07,-24.39,71.31,5.887,1.325,271.0,3.443,0.091,337.7,351.12,95.20928016787424
2019-12-06 09:00:00,12/6/2019 9:00,-29.88,-23.89,72.64,4.665,0.937,273.4,2.221,0.064,337.4,350.66,96.81446851995511
2019-12-06 10:00:00,12/6/2019 10:00,-31.31,-27.14,71.67,5.609,0.85,274.6,7.775,0.529,338.5,350.85,96.79189420717934
2019-12-06 11:00:00,12/6/2019 11:00,-31.78,-29.83,68.57,6.053,0.951,272.6,6.497,0.394,337.8,350.65,93.00644209824246
2019-12-06 12:00:00,12/6/2019 12:00,-32.72,-32.44,71.47,6.442,0.896,272.8,7.719,0.596,338.0,350.61,97.77870009442142
2019-12-06 13:00:00,12/6/2019 13:00,-33.09,-33.11,67.63,7.886,0.975,274.6,7.997,0.242,337.9,351.27,92.8384159088529
2019-12-06 14:00:00,12/6/2019 14:00,-33.42,-33.53,63.85,7.608,0.945,274.8,7.608,0.3,337.9,351.02,87.91358812944546
2019-12-06 15:00:00,12/6/2019 15:00,-33.73,-33.87,63.41,8.27,1.092,272.1,6.608,0.261,338.0,351.31,87.55447205420292
2019-12-06 16:00:00,12/6/2019 16:00,-33.71,-33.92,58.98,4.942,0.847,272.2,6.497,0.378,337.7,351.22,81.42285897601208
2019-12-06 17:00:00,12/6/2019 17:00,-32.97,-33.32,52.47,9.83,0.995,266.1,9.44,0.841,337.6,351.47,71.94881506916221
2019-12-06 18:00:00,12/6/2019 18:00,-32.5,-32.69,50.86,7.386,1.526,188.8,8.77,0.388,336.1,351.18,69.44208075104486
2019-12-06 19:00:00,12/6/2019 19:00,-32.64,-32.77,56.38,10.83,3.022,187.3,7.941,0.635,335.7,350.66,77.07753287401832
2019-12-06 20:00:00,12/6/2019 20:00,-33.28,-33.45,61.48,10.16,3.077,187.3,6.608,0.709,335.8,350.21,84.54245492538114
2019-12-06 21:00:00,12/6/2019 21:00,-32.99,-33.07,61.75,7.608,1.718,187.8,6.72,0.353,335.7,350.28,84.68936107472233
2019-12-06 22:00:00,12/6/2019 22:00,-33.74,-33.49,65.33,7.386,1.18,187.1,0.889,0.082,335.6,349.93,90.21375000393199
2019-12-06 23:00:00,12/6/2019 23:00,-34.46,-34.39,64.76,8.05,1.155,187.1,5.22,0.148,335.7,349.87,90.01295443119308
2019-12-07 00:00:00,12/7/2019 0:00,-34.69,-34.58,68.12,7.164,0.856,188.8,2.555,0.067,335.6,350.21,94.8805120535816
2019-12-07 01:00:00,12/7/2019 1:00,-34.35,-34.29,72.41,6.164,0.768,187.7,4.942,0.064,335.5,350.59,100.0
2019-12-07 02:00:00,12/7/2019 2:00,-34.09,-32.82,73.06,6.275,0.759,187.0,2.221,0.023,335.8,350.82,100.0
2019-12-07 03:00:00,12/7/2019 3:00,-33.74,-32.28,72.45,8.11,1.571,186.4,0.444,0.011,335.6,350.92,100.0
2019-12-07 04:00:00,12/7/2019 4:00,-32.71,-28.56,71.65,4.887,1.279,186.2,0.167,0.001,335.9,351.02,98.015996837399
2019-12-07 05:00:00,12/7/2019 5:00,-32.13,-26.84,71.17,5.553,1.288,186.2,0.278,0.003,335.3,350.73,96.84362741368946
2019-12-07 06:00:00,12/7/2019 6:00,-31.71,-26.1,71.21,6.109,1.234,185.9,3.554,0.034,334.7,350.59,96.52516213810416
2019-12-07 07:00:00,12/7/2019 7:00,-31.01,-24.19,71.18,9.11,1.376,185.8,5.553,0.093,335.2,350.03,95.86478300646539
2019-12-07 08:00:00,12/7/2019 8:00,-30.56,-23.2,71.56,7.108,1.105,184.8,0.611,0.066,336.8,349.84,95.97709099398168
2019-12-07 09:00:00,12/7/2019 9:00,-30.87,-23.76,71.49,6.386,1.279,184.0,3.11,0.085,336.5,349.42,96.15804120951067
2019-12-07 10:00:00,12/7/2019 10:00,-31.41,-25.73,71.47,6.331,1.508,183.6,2.055,0.075,336.9,349.51,96.61068165591044
2019-12-07 11:00:00,12/7/2019 11:00,-32.49,-28.57,71.41,8.27,1.422,186.2,5.775,0.15,335.9,349.77,97.49125190142993
2019-12-07 12:00:00,12/7/2019 12:00,-33.9,-32.74,70.97,8.83,1.674,187.0,2.277,0.047,335.4,349.33,98.14463120924243
2019-12-07 13:00:00,12/7/2019 13:00,-34.8,-34.91,70.69,7.219,1.004,186.9,0.278,0.009,335.3,349.69,98.55811482125186
2019-12-07 14:00:00,12/7/2019 14:00,-34.91,-35.14,70.69,6.164,1.743,186.9,0.278,0.011,335.2,349.61,98.65614468787092
2019-12-07 15:00:00,12/7/2019 15:00,-35.62,-35.82,70.19,6.22,1.201,186.9,0.056,,335.4,349.57,98.58741569032553
2019-12-07 16:00:00,12/7/2019 16:00,-35.75,-36.0,70.16,6.22,1.519,186.8,0.056,,335.4,349.49,98.66056017326568
2019-12-07 17:00:00,12/7/2019 17:00,-35.38,-35.72,70.41,7.83,1.847,186.7,0.333,0.013,335.3,349.33,98.68295485708536
2019-12-07 18:00:00,12/7/2019 18:00,-35.96,-36.18,69.95,6.386,1.474,186.8,0.333,0.013,335.4,348.81,98.55101274482622
2019-12-07 19:00:00,12/7/2019 19:00,-36.35,-36.48,69.66,5.775,1.421,186.8,0.056,,335.5,348.47,98.48628066089172
2019-12-07 20:00:00,12/7/2019 20:00,-36.55,-36.66,69.57,5.387,1.393,186.8,0.278,0.01,335.4,348.24,98.53528051556502
2019-12-07 21:00:00,12/7/2019 21:00,-36.73,-36.82,69.37,6.497,1.456,186.7,0.333,0.006,335.5,347.9,98.41025264259066
2019-12-07 22:00:00,12/7/2019 22:00,-36.86,-36.93,69.03,5.775,1.731,186.8,0.167,0.001,335.5,347.86,98.04168945327
2019-12-07 23:00:00,12/7/2019 23:00,-36.71,-36.76,67.53,6.442,1.667,186.7,0.111,0.001,335.4,347.8,95.78285681322882
2019-12-08 00:00:00,12/8/2019 0:00,-36.3,-36.43,62.16,6.497,1.737,186.7,0.278,0.004,335.3,348.16,87.84332131014848
2019-12-08 01:00:00,12/8/2019 1:00,-35.92,-35.53,53.04,5.498,1.505,186.9,0.111,0.001,335.2,348.44,74.70005085432034
2019-12-08 02:00:00,12/8/2019 2:00,-34.74,-27.19,46.87,5.276,0.514,187.2,0.056,,334.9,348.71,65.3121143191287
2019-12-08 03:00:00,12/8/2019 3:00,-33.47,-24.89,44.02,5.22,1.11,187.5,0.111,,335.0,349.26,60.63773044139292
2019-12-08 04:00:00,12/8/2019 4:00,-32.36,-23.68,49.02,5.22,0.826,187.6,0.278,0.004,333.0,349.25,66.84407487918689
2019-12-08 05:00:00,12/8/2019 5:00,-32.5,-25.75,56.78,5.72,1.204,187.5,0.333,0.016,333.0,349.15,77.52499695328996
2019-12-08 06:00:00,12/8/2019 6:00,-32.08,-26.42,56.59,4.72,0.749,187.5,0.278,0.011,334.0,348.63,76.96878117823518
2019-12-08 07:00:00,12/8/2019 7:00,-32.58,-27.05,59.45,5.498,0.951,187.3,0.278,0.001,335.2,348.44,81.22995253927922
2019-12-08 08:00:00,12/8/2019 8:00,-33.75,-27.81,64.77,9.0,1.387,187.3,0.389,0.028,333.9,347.73,89.44858400976065
2019-12-08 09:00:00,12/8/2019 9:00,-34.25,-28.31,67.97,8.72,1.551,186.9,0.444,0.032,334.3,347.82,94.29503818299584
2019-12-08 10:00:00,12/8/2019 10:00,-34.43,-29.77,70.42,9.44,1.74,187.1,0.611,0.05,334.5,347.8,97.85345638327993
2019-12-08 11:00:00,12/8/2019 11:00,-34.65,-31.48,70.11,10.0,1.778,206.0,0.444,0.051,334.9,347.98,97.61693778865691
2019-12-08 12:00:00,12/8/2019 12:00,-35.03,-34.05,70.0,7.941,0.91,274.2,0.889,0.026,338.2,348.32,97.799106451634
2019-12-08 13:00:00,12/8/2019 13:00,-35.46,-35.54,69.44,7.719,0.866,272.1,0.666,0.024,337.1,348.19,97.39361265874783
2019-12-08 14:00:00,12/8/2019 14:00,-36.0,-36.14,68.92,5.109,0.833,274.1,0.333,0.023,337.1,348.56,97.13474267426838
2019-12-08 15:00:00,12/8/2019 15:00,-36.3,-36.49,65.91,5.553,0.904,273.4,0.389,0.007,337.2,349.01,93.14274947799045
2019-12-08 16:00:00,12/8/2019 16:00,-36.12,-36.38,56.88,5.553,0.933,274.2,0.333,0.025,337.0,348.87,80.25212484020369
2019-12-08 17:00:00,12/8/2019 17:00,-35.75,-35.98,50.77,10.83,1.062,273.5,0.389,0.026,336.0,348.81,71.39390877988454
2019-12-08 18:00:00,12/8/2019 18:00,-35.63,-35.93,47.55,9.61,1.05,275.6,0.389,0.029,337.3,348.67,66.7937510619869
2019-12-08 19:00:00,12/8/2019 19:00,-35.44,-35.72,43.23,9.88,1.196,276.1,0.333,0.008,337.5,348.19,60.621652714348485
2019-12-08 20:00:00,12/8/2019 20:00,-35.29,-35.57,44.78,14.88,2.08,257.8,0.389,0.021,337.1,348.58,62.71040840166727
2019-12-08 21:00:00,12/8/2019 21:00,-35.3,-35.44,45.11,13.88,2.934,188.7,0.555,0.025,335.1,347.6,63.17823899024878
2019-12-08 22:00:00,12/8/2019 22:00,-35.58,-35.74,47.45,13.27,2.237,189.6,0.389,0.027,334.7,347.9,66.62330052894782
2019-12-08 23:00:00,12/8/2019 23:00,-35.58,-35.82,45.85,10.44,1.749,189.5,0.389,0.017,334.5,348.22,64.37678249214451
2019-12-09 00:00:00,12/9/2019 0:00,-35.08,-35.33,44.75,13.88,2.036,189.6,0.389,0.014,334.7,348.97,62.54979772936685
2019-12-09 01:00:00,12/9/2019 1:00,-34.88,-34.74,44.29,9.16,1.557,194.4,0.333,0.013,338.8,348.94,61.79511079673378
2019-12-09 02:00:00,12/9/2019 2:00,-33.51,-27.48,44.11,6.053,1.135,273.8,0.389,0.017,350.6,349.69,60.783843219038914
2019-12-09 03:00:00,12/9/2019 3:00,-32.52,-25.45,47.84,5.664,1.105,271.7,0.333,0.011,350.6,349.94,65.33065997438754
2019-12-09 04:00:00,12/9/2019 4:00,-32.09,-25.17,55.93,5.276,1.34,271.6,0.278,0.004,350.8,350.2,76.07808498934314
2019-12-09 05:00:00,12/9/2019 5:00,-31.64,-25.72,60.52,7.775,1.245,271.8,0.389,0.018,351.5,350.31,81.9821022886829
2019-12-09 06:00:00,12/9/2019 6:00,-31.61,-26.94,61.69,6.331,1.289,271.0,0.333,0.016,351.3,350.19,83.54397215264288
2019-12-09 07:00:00,12/9/2019 7:00,-31.76,-27.05,68.14,5.387,1.119,269.9,0.333,0.013,350.5,349.79,92.40622158233845
2019-12-09 08:00:00,12/9/2019 8:00,-31.97,-26.25,70.14,4.109,0.779,269.7,0.333,0.019,350.1,349.85,95.30207054993353
2019-12-09 09:00:00,12/9/2019 9:00,-32.27,-26.24,71.48,7.219,0.748,272.3,0.444,0.019,358.9,349.47,97.3903730824372
2019-12-09 10:00:00,12/9/2019 10:00,-32.54,-27.65,71.55,7.275,0.965,273.8,0.777,0.053,1.67,349.41,97.72709951921532
2019-12-09 11:00:00,12/9/2019 11:00,-32.67,-28.97,71.73,6.553,0.821,273.9,4.887,0.128,5.293,349.6,98.08954806083695
2019-12-09 12:00:00,12/9/2019 12:00,-33.01,-31.94,71.83,6.553,0.841,273.8,1.111,0.058,358.5,349.55,98.53194719274107
2019-12-09 13:00:00,12/9/2019 13:00,-33.36,-33.43,71.71,5.664,0.705,274.2,0.5,0.015,352.3,349.66,98.68187717116575
2019-12-09 14:00:00,12/9/2019 14:00,-33.52,-33.69,71.59,4.165,0.596,275.1,0.444,0.003,10.03,349.79,98.66043022856006
2019-12-09 15:00:00,12/9/2019 15:00,-33.44,-33.66,71.67,5.609,0.712,275.5,4.276,0.158,0.241,350.11,98.69874564827911
2019-12-09 16:00:00,12/9/2019 16:00,-33.55,-33.67,71.51,5.609,0.769,274.4,4.942,0.106,5.69,350.0,98.57710068894708
2019-12-09 17:00:00,12/9/2019 17:00,-33.66,-33.84,71.48,3.998,0.569,276.2,3.11,0.041,4.43,349.77,98.63443994746561
2019-12-09 18:00:00,12/9/2019 18:00,-33.41,-33.66,71.66,4.998,0.427,276.3,3.443,0.054,3.428,349.61,98.65800804510457
2019-12-09 19:00:00,12/9/2019 19:00,-33.29,-33.5,71.71,5.331,0.422,275.0,2.943,0.038,2.981,349.22,98.61893566662452
2019-12-09 20:00:00,12/9/2019 20:00,-33.12,-33.24,71.81,4.665,0.45,274.9,0.555,0.023,359.2,348.89,98.60345945649028
2019-12-09 21:00:00,12/9/2019 21:00,-33.45,-33.54,71.53,4.109,0.392,275.6,2.11,0.026,358.6,348.29,98.51492090762979
2019-12-09 22:00:00,12/9/2019 22:00,-34.07,-34.21,71.13,6.053,0.569,274.5,4.72,0.091,1.709,348.09,98.51788670902489
2019-12-09 23:00:00,12/9/2019 23:00,-34.43,-34.69,70.99,6.664,0.557,273.1,2.999,0.039,1.08,347.87,98.64551077320424
2019-12-10 00:00:00,12/10/2019 0:00,-34.48,-34.68,70.88,5.387,0.586,272.1,5.775,0.178,355.6,347.76,98.537277430684
2019-12-10 01:00:00,12/10/2019 1:00,-34.54,-34.48,70.89,8.27,0.53,274.8,6.72,0.173,358.2,348.31,98.60474008454682
2019-12-10 02:00:00,12/10/2019 2:00,-33.35,-27.44,70.94,6.386,0.577,272.2,0.5,0.016,353.8,348.49,97.61336531372848
2019-12-10 03:00:00,12/10/2019 3:00,-32.14,-23.64,71.08,3.943,0.601,272.5,0.278,0.002,349.7,348.81,96.7300314375641
2019-12-10 04:00:00,12/10/2019 4:00,-31.68,-23.89,71.34,4.054,0.845,272.0,0.167,0.001,349.7,349.03,96.67471893998668
2019-12-10 05:00:00,12/10/2019 5:00,-31.48,-24.32,71.16,3.776,0.888,272.5,,,,348.94,96.2536120409795
2019-12-10 06:00:00,12/10/2019 6:00,-31.12,-24.39,71.38,4.831,0.892,272.1,,,,348.46,96.2316703912359
2019-12-10 07:00:00,12/10/2019 7:00,-30.77,-23.47,71.41,4.221,1.161,270.8,,,,347.83,95.96183638747165
2019-12-10 08:00:00,12/10/2019 8:00,-30.79,-23.87,71.61,5.054,1.194,270.8,0.389,0.012,349.0,347.38,96.24836582973303
2019-12-10 09:00:00,12/10/2019 9:00,-30.88,-24.46,71.73,6.442,1.451,270.2,3.332,0.065,349.7,347.19,96.4897566007114
2019-12-10 10:00:00,12/10/2019 10:00,-31.06,-25.54,71.79,7.386,1.379,271.9,3.499,0.054,350.3,346.78,96.73090698874388
2019-12-10 11:00:00,12/10/2019 11:00,-31.59,-27.06,71.65,6.277,1.336,272.0,0.555,0.013,349.4,346.72,97.0145069282545
2019-12-10 12:00:00,12/10/2019 12:00,-32.63,-31.13,71.73,6.664,1.222,273.8,,,,346.71,98.05366639940603
2019-12-10 13:00:00,12/10/2019 13:00,-33.71,-33.47,71.35,4.609,1.22,271.3,0.278,0.011,350.1,346.61,98.49984720139814
2019-12-10 14:00:00,12/10/2019 14:00,-34.21,-34.06,71.12,6.275,1.157,272.3,0.444,0.006,350.1,346.66,98.6292565908204
2019-12-10 15:00:00,12/10/2019 15:00,-34.59,-34.49,70.86,4.276,1.247,272.3,0.222,0.009,350.1,346.43,98.6076347477032
2019-12-10 16:00:00,12/10/2019 16:00,-34.89,-34.8,70.67,4.776,1.16,272.2,0.278,0.001,350.1,346.21,98.61041117268441
2019-12-10 17:00:00,12/10/2019 17:00,-35.19,-35.05,70.47,4.942,1.29,269.5,0.389,0.011,350.0,345.57,98.59801927081092
2019-12-10 18:00:00,12/10/2019 18:00,-35.57,-35.43,70.22,4.554,1.362,269.6,0.444,0.008,350.0,345.36,98.58518782144792
2019-12-10 19:00:00,12/10/2019 19:00,-35.87,-35.75,70.04,5.664,1.336,268.4,0.611,0.009,350.0,344.73,98.59808441249402
2019-12-10 20:00:00,12/10/2019 20:00,-36.22,-36.1,69.82,5.109,1.379,268.1,0.555,0.004,350.0,344.03,98.59757218316331
2019-12-10 21:00:00,12/10/2019 21:00,-36.51,-36.4,69.63,4.831,1.191,267.0,0.555,0.005,350.0,343.66,98.58497485136164
2019-12-10 22:00:00,12/10/2019 22:00,-36.69,-36.6,69.52,4.72,1.046,270.1,3.721,0.042,1.353,343.7,98.5877997144703
2019-12-10 23:00:00,12/10/2019 23:00,-36.94,-36.84,69.35,7.664,1.093,266.4,1.888,0.032,349.8,343.49,98.56653357711862
2019-12-11 00:00:00,12/11/2019 0:00,-36.95,-36.86,69.37,4.554,0.902,269.6,1.0,0.022,350.3,343.38,98.6037573669526
2019-12-11 01:00:00,12/11/2019 1:00,-37.01,-36.9,69.3,8.89,1.293,270.3,3.998,0.081,353.1,343.95,98.5569971902951
2019-12-11 02:00:00,12/11/2019 2:00,-36.97,-36.6,69.32,9.11,1.297,268.5,2.277,0.081,350.5,344.24,98.55027037735333
2019-12-11 03:00:00,12/11/2019 3:00,-36.44,-35.43,69.54,6.608,1.269,267.4,0.666,0.079,350.0,344.76,98.39588659209889
2019-12-11 04:00:00,12/11/2019 4:00,-35.54,-33.03,69.84,5.942,1.095,269.1,3.054,0.086,349.7,344.89,98.0252158759013
2019-12-11 05:00:00,12/11/2019 5:00,-34.66,-31.26,70.06,6.331,1.293,270.4,0.722,0.066,350.6,345.15,97.55614736336805
2019-12-11 06:00:00,12/11/2019 6:00,-33.98,-30.05,70.34,5.664,1.416,269.3,2.888,0.082,350.0,344.87,97.34412168982392
2019-12-11 07:00:00,12/11/2019 7:00,-33.43,-28.65,70.5,8.55,1.482,268.2,4.72,0.157,349.7,344.53,97.07866258191775
2019-12-11 08:00:00,12/11/2019 8:00,-33.04,-28.06,70.77,7.164,1.712,270.3,11.44,0.638,307.6,344.49,97.10449540427751
2019-12-11 09:00:00,12/11/2019 9:00,-33.24,-30.04,70.63,6.109,1.407,269.9,6.553,0.146,341.7,344.43,97.08939831513655
2019-12-11 10:00:00,12/11/2019 10:00,-33.63,-31.41,70.86,5.72,1.391,271.4,6.109,0.212,304.4,344.55,97.75222182749629
2019-12-11 11:00:00,12/11/2019 11:00,-34.21,-33.06,70.71,6.886,1.609,269.3,10.33,0.865,278.8,344.39,98.06066835681818
2019-12-11 12:00:00,12/11/2019 12:00,-34.83,-34.46,70.39,4.831,1.246,270.8,7.664,0.374,284.7,,98.16646431780451
2019-12-11 13:00:00,12/11/2019 13:00,-35.46,-35.35,70.21,6.331,1.515,269.5,9.5,0.476,339.3,344.71,98.4735821539557
2019-12-11 14:00:00,12/11/2019 14:00,-35.27,-35.12,70.45,10.88,1.415,270.2,6.942,0.514,348.9,345.33,98.64117381197636
2019-12-11 15:00:00,12/11/2019 15:00,-34.87,-34.74,70.7,7.275,1.235,271.4,6.22,0.149,351.9,345.85,98.6344445204713
2019-12-11 16:00:00,12/11/2019 16:00,-34.87,-34.82,70.63,6.275,0.956,271.6,4.054,0.098,349.0,346.36,98.53678665460944
2019-12-11 17:00:00,12/11/2019 17:00,-34.77,-34.69,70.76,5.331,0.969,270.8,5.498,0.126,347.8,346.31,98.62895515323429
2019-12-11 18:00:00,12/11/2019 18:00,-34.78,-34.61,70.67,11.16,0.924,269.2,5.998,0.172,348.9,345.71,98.51241544060092
2019-12-11 19:00:00,12/11/2019 19:00,-34.65,-34.49,70.83,7.441,1.062,272.2,1.444,0.077,353.0,345.41,98.61942238725673
2019-12-11 20:00:00,12/11/2019 20:00,-34.49,-34.34,70.93,6.386,1.436,268.2,6.497,0.105,348.0,345.63,98.6157184194184
2019-12-11 21:00:00,12/11/2019 21:00,-33.97,-33.81,71.27,5.442,1.222,272.4,0.5,0.033,345.6,345.78,98.6221986375628
2019-12-11 22:00:00,12/11/2019 22:00,-33.84,-33.69,71.31,4.998,1.317,266.0,2.555,0.059,346.2,345.12,98.56106081670555
2019-12-11 23:00:00,12/11/2019 23:00,-33.74,-33.6,71.38,4.554,1.34,266.4,0.611,0.056,346.2,345.62,98.56815360907187
2019-12-12 00:00:00,12/12/2019 0:00,-33.67,-33.53,71.43,5.054,1.228,269.1,0.666,0.063,346.3,345.59,98.57441345562194
2019-12-12 01:00:00,12/12/2019 1:00,-33.77,-33.66,71.31,4.443,1.421,266.6,2.055,0.066,346.3,345.66,98.49835858031297
2019-12-12 02:00:00,12/12/2019 2:00,-33.82,-33.51,71.3,5.22,1.308,267.2,1.222,0.063,346.4,346.52,98.52932528473845
2019-12-12 03:00:00,12/12/2019 3:00,-33.81,-33.09,71.22,7.386,1.654,265.5,2.332,0.085,346.3,346.85,98.40982696423441
2019-12-12 04:00:00,12/12/2019 4:00,-33.97,-33.18,71.03,13.22,2.373,259.9,11.83,0.951,331.6,346.89,98.29009077067612
2019-12-12 05:00:00,12/12/2019 5:00,-33.96,-32.51,70.98,12.0,2.257,262.5,8.05,0.387,348.3,346.53,98.21198047288573
2019-12-12 06:00:00,12/12/2019 6:00,-34.05,-32.15,70.75,16.05,2.728,260.0,12.5,2.141,301.0,346.31,97.9737810310994
2019-12-12 07:00:00,12/12/2019 7:00,-34.26,-32.35,70.48,18.88,2.651,261.1,15.77,1.914,282.2,345.11,97.78603806597764
2019-12-12 08:00:00,12/12/2019 8:00,-34.74,-33.12,70.27,31.71,3.184,270.9,14.22,1.033,346.8,345.59,97.91939989769946
2019-12-12 09:00:00,12/12/2019 9:00,-34.74,-33.49,70.42,29.04,3.007,287.1,19.49,5.085,97.0,344.46,98.12842095910057
2019-12-12 10:00:00,12/12/2019 10:00,-35.13,-34.56,70.27,7.275,0.917,42.84,19.94,12.36,114.2,343.84,98.26498436012878
2019-12-12 11:00:00,12/12/2019 11:00,-36.06,-35.8,69.82,7.664,1.82,47.22,20.94,14.05,121.9,343.14,98.45619018309179
2019-12-12 12:00:00,12/12/2019 12:00,-36.46,-36.33,69.67,5.887,1.404,46.53,19.83,14.19,121.0,343.35,98.5974802404272
2019-12-12 13:00:00,12/12/2019 13:00,-36.71,-36.61,69.53,6.386,1.659,45.79,20.21,13.51,119.4,342.86,98.61960660778617
2019-12-12 14:00:00,12/12/2019 14:00,-36.91,-36.79,69.39,6.497,1.707,45.86,20.33,14.46,119.7,343.41,98.59698500398822
2019-12-12 15:00:00,12/12/2019 15:00,-37.33,-37.2,69.11,6.22,1.285,50.31,19.94,13.17,124.5,343.24,98.56741503851377
2019-12-12 16:00:00,12/12/2019 16:00,-37.09,-36.98,69.28,6.164,2.139,42.91,20.49,16.44,116.5,343.28,98.59886405442433
2019-12-12 17:00:00,12/12/2019 17:00,-35.93,-35.92,70.11,5.998,2.105,42.55,20.44,15.65,112.5,344.03,98.74982858881778
2019-12-12 18:00:00,12/12/2019 18:00,-35.04,-34.89,70.57,5.942,1.501,46.59,20.44,13.2,121.1,343.23,98.60437245510158
2019-12-12 19:00:00,12/12/2019 19:00,-35.16,-34.98,70.5,5.442,0.995,47.82,19.94,10.97,124.5,343.64,98.61330283221804
2019-12-12 20:00:00,12/12/2019 20:00,-34.94,-34.8,70.65,5.054,0.83,46.85,19.49,10.56,124.1,343.45,98.62704639105225
2019-12-12 21:00:00,12/12/2019 21:00,-34.89,-34.77,70.66,5.276,0.919,44.69,18.83,11.38,121.3,343.46,98.59645752740738
2019-12-12 22:00:00,12/12/2019 22:00,-35.05,-34.91,70.55,4.609,0.529,44.78,18.33,9.99,124.2,343.51,98.58532694271814
2019-12-12 23:00:00,12/12/2019 23:00,-35.26,-35.13,70.42,5.109,0.949,42.91,19.6,12.06,118.4,343.4,98.59027968008459
2019-12-13 00:00:00,12/13/2019 0:00,-35.18,-35.04,70.46,5.109,1.008,40.37,19.55,10.66,118.0,344.04,98.57513558277168
2019-12-13 01:00:00,12/13/2019 1:00,-35.46,-35.31,70.29,4.72,0.07,41.33,17.1,4.182,128.7,344.39,98.58578677683447
2019-12-13 02:00:00,12/13/2019 2:00,-35.66,-35.45,70.11,3.554,0.226,40.53,16.72,5.949,125.3,344.45,98.5104907002788
2019-12-13 03:00:00,12/13/2019 3:00,-35.59,-35.22,69.96,5.276,0.624,40.07,18.27,9.01,118.8,344.7,98.23784109068332
2019-12-13 04:00:00,12/13/2019 4:00,-35.42,-34.88,69.91,5.553,0.644,40.65,18.44,9.69,119.2,344.8,98.01749582290267
2019-12-13 05:00:00,12/13/2019 5:00,-35.41,-34.68,69.58,4.72,0.529,43.98,19.05,8.14,124.8,344.28,97.5460310722509
2019-12-13 06:00:00,12/13/2019 6:00,-35.7,-34.95,69.41,5.109,0.984,41.13,19.05,10.6,120.0,343.81,97.56202303456344
2019-12-13 07:00:00,12/13/2019 7:00,-35.49,-34.68,69.42,5.387,0.335,48.57,19.55,5.838,133.3,342.79,97.39186788376946
2019-12-13 08:00:00,12/13/2019 8:00,-35.76,-35.0,69.2,11.66,1.261,51.77,19.77,8.05,132.3,341.76,97.31933501474948
2019-12-13 09:00:00,12/13/2019 9:00,-36.54,-35.94,68.86,6.497,1.598,44.0,20.33,13.32,117.6,340.79,97.52094952896302
2019-12-13 10:00:00,12/13/2019 10:00,-36.21,-35.84,69.4,6.608,1.455,42.89,20.66,14.26,117.0,341.75,97.99567656404282
2019-12-13 11:00:00,12/13/2019 11:00,-35.9,-35.68,69.8,5.664,1.237,53.37,20.71,14.56,119.0,341.82,98.28670933861098
2019-12-13 12:00:00,12/13/2019 12:00,-36.09,-35.97,69.88,4.165,0.907,49.66,19.99,5.518,120.4,342.26,98.56732587127739
2019-12-13 13:00:00,12/13/2019 13:00,-36.07,-35.97,69.91,5.22,1.144,51.32,19.83,7.216,124.3,341.97,98.59194897645136
2019-12-13 14:00:00,12/13/2019 14:00,-36.9,-36.67,69.28,18.66,1.017,61.73,1.277,0.119,133.7,339.99,98.431899153579
2019-12-13 15:00:00,12/13/2019 15:00,-38.53,-38.45,68.38,4.443,1.447,53.24,20.99,5.638,124.4,341.51,98.56924315790432
2019-12-13 16:00:00,12/13/2019 16:00,-37.86,-37.78,68.8,9.5,2.378,210.3,21.16,14.65,117.9,342.61,98.58844024817297
2019-12-13 17:00:00,12/13/2019 17:00,-37.48,-37.35,69.02,10.11,2.799,217.2,19.66,10.59,125.8,342.46,98.57050024419918
2019-12-13 18:00:00,12/13/2019 18:00,-37.46,-37.35,69.03,10.27,2.273,196.9,21.16,12.67,119.7,342.53,98.56725032666527
2019-12-13 19:00:00,12/13/2019 19:00,-37.48,-37.35,68.97,10.83,1.535,49.49,21.38,13.9,117.0,341.67,98.49909304321093
2019-12-13 20:00:00,12/13/2019 20:00,-37.51,-37.39,68.97,12.61,1.416,53.56,22.38,12.41,124.6,341.09,98.52536869573392
2019-12-13 21:00:00,12/13/2019 21:00,-37.57,-37.45,68.92,12.94,1.82,60.96,21.27,8.39,127.6,339.73,98.50646091756408
2019-12-13 22:00:00,12/13/2019 22:00,-36.95,-36.89,69.36,11.72,2.265,54.3,23.88,15.1,121.5,340.0,98.58954318829224
2019-12-13 23:00:00,12/13/2019 23:00,-36.71,-36.6,69.43,9.22,1.603,49.67,22.71,15.73,114.6,341.06,98.4777691180583
2019-12-14 00:00:00,12/14/2019 0:00,-37.03,-36.93,69.25,9.39,1.505,57.95,21.88,15.48,114.5,340.92,98.50345696821236
2019-12-14 01:00:00,12/14/2019 1:00,-37.73,-37.52,68.75,6.386,0.616,61.37,21.82,5.806,101.8,342.28,98.40321963629489
2019-12-14 02:00:00,12/14/2019 2:00,-38.13,-37.9,68.57,3.998,0.071,37.91,20.83,0.458,97.2,342.69,98.49421685485667
2019-12-14 03:00:00,12/14/2019 3:00,-38.28,-37.72,68.31,3.887,0.052,246.1,18.21,0.149,279.8,342.91,98.25106605005739
2019-12-14 04:00:00,12/14/2019 4:00,-38.36,-37.01,67.87,2.555,0.027,240.4,0.889,0.008,279.7,343.45,97.68727742017305
2019-12-14 05:00:00,12/14/2019 5:00,-38.02,-35.51,67.41,3.11,0.047,93.7,0.389,0.01,274.5,343.43,96.73370772945559
2019-12-14 06:00:00,12/14/2019 6:00,-37.75,-34.09,67.15,0.722,0.012,38.25,0.389,0.011,280.3,342.79,96.13017233903166
2019-12-14 07:00:00,12/14/2019 7:00,-37.58,-33.27,67.03,0.167,0.001,37.84,0.222,0.004,282.4,342.31,95.8136221650864
2019-12-14 08:00:00,12/14/2019 8:00,-37.43,-33.31,67.18,2.055,0.006,35.79,0.333,0.008,285.0,342.82,95.90006289360991
2019-12-14 09:00:00,12/14/2019 9:00,-37.28,-33.07,67.34,0.555,0.002,27.27,0.389,0.019,290.5,342.5,96.00023175424552
2019-12-14 10:00:00,12/14/2019 10:00,-37.14,-33.71,67.75,0.222,0.003,37.74,0.389,0.011,279.7,342.15,96.4643578705268
2019-12-14 11:00:00,12/14/2019 11:00,-37.48,-35.06,67.97,0.167,0.001,35.72,0.555,0.022,272.3,342.86,97.07094902344565
2019-12-14 12:00:00,12/14/2019 12:00,-38.08,-37.35,68.25,,,,0.056,,289.6,341.97,97.99117617952128
2019-12-14 13:00:00,12/14/2019 13:00,-38.28,-38.09,68.43,,,,,,,,98.42366344320638
2019-12-14 14:00:00,12/14/2019 14:00,-38.38,-38.21,68.36,,,,,,,,98.40994218145205
2019-12-14 15:00:00,12/14/2019 15:00,-38.65,-38.5,68.19,0.056,,37.51,0.444,0.012,294.2,,98.39950233481193
2019-12-14 16:00:00,12/14/2019 16:00,-38.88,-38.76,68.04,0.111,0.001,37.45,0.444,0.024,288.4,,98.38227759734463
2019-12-14 17:00:00,12/14/2019 17:00,-39.11,-39.0,67.91,0.111,0.001,37.45,0.389,0.004,278.8,,98.3932273423438
2019-12-14 18:00:00,12/14/2019 18:00,-39.38,-39.27,67.74,0.111,0.001,38.29,0.389,0.018,284.7,,98.37994167926415
2019-12-14 19:00:00,12/14/2019 19:00,-39.7,-39.59,67.53,0.222,0.003,43.98,1.444,0.014,290.3,,98.35039008668498
2019-12-14 20:00:00,12/14/2019 20:00,-40.11,-39.95,67.29,0.167,0.002,55.52,0.111,0.001,102.6,,98.35266463567656
2019-12-14 21:00:00,12/14/2019 21:00,-40.47,-40.31,67.06,0.222,0.001,65.35,3.665,0.022,280.6,,98.32447150939264
2019-12-14 22:00:00,12/14/2019 22:00,-40.62,-40.44,66.95,1.111,0.012,50.73,0.722,0.014,300.5,,98.29133357710401
2019-12-14 23:00:00,12/14/2019 23:00,-41.01,-40.83,66.71,1.166,0.009,259.9,1.61,0.012,309.7,,98.27104003166527
2019-12-15 00:00:00,12/15/2019 0:00,-41.21,-40.99,66.6,6.442,0.022,62.89,3.388,0.019,315.5,,98.27903818532923
2019-12-15 01:00:00,12/15/2019 1:00,-41.18,-40.96,66.63,7.83,0.07,77.2,1.833,0.014,97.4,,98.29778921882998
2019-12-15 02:00:00,12/15/2019 2:00,-41.05,-40.7,66.64,6.886,0.032,62.63,4.72,0.014,73.41,,98.20194920052829
2019-12-15 03:00:00,12/15/2019 3:00,-40.81,-40.07,66.61,15.44,0.35,191.6,2.721,0.045,104.3,,97.95368620421883
2019-12-15 04:00:00,12/15/2019 4:00,-39.91,-38.81,66.9,13.77,1.505,201.9,21.32,1.952,102.4,,97.61199037700851
2019-12-15 05:00:00,12/15/2019 5:00,-39.41,-37.78,66.87,22.6,2.478,193.3,23.55,6.79,99.2,,97.14199060636093
2019-12-15 06:00:00,12/15/2019 6:00,-39.27,-37.45,66.76,16.94,1.906,184.2,22.94,7.807,82.8,,96.86309807085252
2019-12-15 07:00:00,12/15/2019 7:00,-39.11,-37.48,66.89,21.94,1.818,178.4,24.1,9.13,93.0,,96.91537294845203
2019-12-15 08:00:00,12/15/2019 8:00,-39.05,-37.08,66.87,20.27,1.844,186.0,24.66,7.364,141.2,,96.83529027506259
2019-12-15 09:00:00,12/15/2019 9:00,-38.72,-37.21,67.15,22.16,1.462,188.8,27.49,9.05,111.2,,96.95859538433322
2019-12-15 10:00:00,12/15/2019 10:00,-39.07,-37.7,67.21,23.21,1.794,220.8,21.71,6.779,278.3,,97.34476968793568
2019-12-15 11:00:00,12/15/2019 11:00,-38.84,-38.13,67.72,16.1,0.841,289.6,22.88,6.635,272.2,,97.88508339591051
2019-12-15 12:00:00,12/15/2019 12:00,-38.74,-38.51,68.03,12.61,0.544,46.74,21.66,6.194,262.0,,98.24655732040577
2019-12-15 13:00:00,12/15/2019 13:00,-38.98,-38.8,67.92,13.38,0.5,26.2,20.66,5.843,280.7,,98.29525585463618
2019-12-15 14:00:00,12/15/2019 14:00,-39.1,-38.93,67.83,12.72,0.517,85.4,26.66,5.806,273.5,,98.2686770553844
2019-12-15 15:00:00,12/15/2019 15:00,-39.32,-39.14,67.7,16.94,1.568,142.1,26.32,5.537,293.9,,98.2700885878929
2019-12-15 16:00:00,12/15/2019 16:00,-39.57,-39.37,67.45,17.99,2.756,182.7,21.82,6.065,112.5,,98.12210123232204
2019-12-15 17:00:00,12/15/2019 17:00,-39.92,-39.68,67.19,19.49,1.863,206.5,27.88,5.592,326.9,,98.04368967210917
2019-12-15 18:00:00,12/15/2019 18:00,-40.27,-40.05,67.04,18.55,0.995,229.2,25.21,4.23,279.3,,98.12408418945414
2019-12-15 19:00:00,12/15/2019 19:00,-40.38,-40.17,67.06,13.55,0.835,227.1,20.05,4.326,277.2,,98.24746609720643
2019-12-15 20:00:00,12/15/2019 20:00,-40.38,-40.18,67.13,11.44,0.638,225.8,17.66,4.074,273.2,,98.35002086348742
2019-12-15 21:00:00,12/15/2019 21:00,-40.15,-39.98,67.37,8.33,0.59,224.3,18.66,4.176,275.5,,98.50396710482015
2019-12-15 22:00:00,12/15/2019 22:00,-39.99,-39.89,67.38,8.33,0.526,224.3,16.6,3.407,276.0,,98.38108688176526
2019-12-15 23:00:00,12/15/2019 23:00,-40.14,-40.09,67.26,6.442,0.389,223.7,16.49,3.937,275.0,,98.33455311561161
2019-12-16 00:00:00,12/16/2019 0:00,-40.26,-40.23,67.17,5.942,0.244,222.0,14.88,3.344,276.8,,98.30579175856549
2019-12-16 01:00:00,12/16/2019 1:00,-40.35,-40.21,67.1,8.61,0.093,222.2,16.49,2.426,281.3,341.09,98.2803865120895
2019-12-16 02:00:00,12/16/2019 2:00,-39.35,-35.78,67.15,8.72,0.149,223.8,16.38,2.652,286.5,342.05,97.49740424222983
2019-12-16 03:00:00,12/16/2019 3:00,-38.41,-33.77,67.22,0.444,0.033,224.7,11.83,2.614,285.6,342.31,96.79447299156017
2019-12-16 04:00:00,12/16/2019 4:00,-37.82,-33.27,67.4,3.776,0.053,224.4,16.05,2.671,276.1,343.16,96.54801782994495
2019-12-16 05:00:00,12/16/2019 5:00,-37.57,-33.33,67.38,4.387,0.054,226.8,13.77,2.93,279.2,342.5,96.30535891795513
2019-12-16 06:00:00,12/16/2019 6:00,-37.46,-34.13,67.36,4.776,0.092,224.8,16.6,3.601,271.0,342.95,96.1826739389276
2019-12-16 07:00:00,12/16/2019 7:00,-37.21,-33.5,67.51,8.44,0.178,223.4,15.6,3.086,270.6,342.9,96.18260690529468
2019-12-16 08:00:00,12/16/2019 8:00,-37.2,-33.68,67.65,6.442,0.221,224.7,15.16,3.169,281.7,342.84,96.37348200467056
2019-12-16 09:00:00,12/16/2019 9:00,-37.3,-33.89,67.75,6.886,0.156,224.1,17.05,2.767,288.1,341.4,96.60192895457001
2019-12-16 10:00:00,12/16/2019 10:00,-37.6,-34.35,67.83,7.441,0.218,224.4,17.49,2.58,303.3,342.6,96.97438457928973
2019-12-16 11:00:00,12/16/2019 11:00,-38.21,-35.31,67.82,5.775,0.115,224.3,15.38,2.604,311.3,342.88,97.48591160169883
2019-12-16 12:00:00,12/16/2019 12:00,-38.67,-37.62,67.92,3.388,0.081,225.7,17.27,2.563,320.6,342.76,98.02717758640418
2019-12-16 13:00:00,12/16/2019 13:00,-38.96,-38.9,67.9,5.331,0.065,227.5,12.44,1.987,324.9,342.56,98.24901700989152
2019-12-16 14:00:00,12/16/2019 14:00,-39.19,-39.21,67.75,5.942,0.168,228.1,12.44,2.26,337.2,342.83,98.23045140329825
2019-12-16 15:00:00,12/16/2019 15:00,-39.26,-39.29,67.7,4.221,0.124,228.6,12.33,1.879,336.5,343.04,98.21833268179526
2019-12-16 16:00:00,12/16/2019 16:00,-39.5,-39.54,67.59,8.94,0.139,227.3,18.33,2.422,323.5,342.67,98.26545997200628
2019-12-16 17:00:00,12/16/2019 17:00,-39.4,-39.41,67.58,2.777,0.05,226.5,13.83,2.369,308.2,342.29,98.16479486453152
2019-12-16 18:00:00,12/16/2019 18:00,-39.71,-39.72,67.27,2.332,0.034,226.8,7.664,0.157,323.4,342.43,97.98030333042287
2019-12-16 19:00:00,12/16/2019 19:00,-39.85,-39.87,66.94,5.109,0.075,227.2,11.27,1.316,319.0,341.79,97.61913814180927
2019-12-16 20:00:00,12/16/2019 20:00,-40.11,-40.12,66.32,7.664,0.054,227.0,10.5,1.099,325.6,341.75,96.93488956216478
2019-12-16 21:00:00,12/16/2019 21:00,-40.25,-40.28,65.18,5.22,0.069,228.4,10.5,1.387,338.8,341.39,95.38503789003546
2019-12-16 22:00:00,12/16/2019 22:00,-39.73,-39.76,62.79,1.222,0.05,228.6,10.22,1.944,315.7,341.61,91.47109039699836
2019-12-16 23:00:00,12/16/2019 23:00,-39.49,-39.55,59.03,4.942,0.065,227.8,14.11,2.045,317.5,341.57,85.81301360487852
2019-12-17 00:00:00,12/17/2019 0:00,-39.38,-39.46,57.42,3.443,0.053,229.4,12.94,2.132,336.7,341.31,83.39203205230805
2019-12-17 01:00:00,12/17/2019 1:00,-39.47,-39.38,56.47,3.554,0.056,229.1,11.77,1.46,325.1,342.07,82.07709966167242
2019-12-17 02:00:00,12/17/2019 2:00,-38.41,-33.79,52.33,0.555,0.022,230.0,9.5,0.632,298.7,342.2,75.3533884505853
2019-12-17 03:00:00,12/17/2019 3:00,-37.31,-31.42,52.58,5.498,0.109,231.8,7.664,0.377,15.31,342.59,74.97832630632391
2019-12-17 04:00:00,12/17/2019 4:00,-36.37,-30.45,52.0,2.166,0.036,231.7,12.22,1.206,342.4,342.63,73.531496178533
2019-12-17 05:00:00,12/17/2019 5:00,-36.62,-31.16,60.86,1.055,0.034,227.6,15.72,1.513,327.8,342.41,86.25287713881934
2019-12-17 06:00:00,12/17/2019 6:00,-38.13,-33.58,67.47,5.775,0.077,227.7,10.94,2.24,291.2,341.99,96.91417254188684
2019-12-17 07:00:00,12/17/2019 7:00,-38.35,-34.09,67.22,8.27,0.208,227.4,15.72,2.713,286.8,341.73,96.74316195618104
2019-12-17 08:00:00,12/17/2019 8:00,-37.31,-32.87,67.82,4.942,0.151,227.4,13.22,2.0,312.9,342.88,96.7103478526985
2019-12-17 09:00:00,12/17/2019 9:00,-36.43,-31.83,68.25,4.332,0.217,226.6,14.77,1.844,314.3,342.87,96.56195158540359
2019-12-17 10:00:00,12/17/2019 10:00,-35.84,-31.76,68.86,5.22,0.171,225.8,15.16,1.702,310.2,343.98,96.9108280963267
2019-12-17 11:00:00,12/17/2019 11:00,-35.8,-32.07,69.27,3.832,0.14,226.1,14.55,1.391,324.0,343.05,97.45281057937092
2019-12-17 12:00:00,12/17/2019 12:00,-36.3,-34.91,69.29,6.386,0.159,227.6,13.44,1.397,295.8,344.28,97.91930073327202
2019-12-17 13:00:00,12/17/2019 13:00,-37.01,-36.93,69.07,5.609,0.098,227.5,10.88,0.92,337.5,344.85,98.22989604521909
2019-12-17 14:00:00,12/17/2019 14:00,-37.52,-37.49,68.79,5.498,0.14,228.2,10.16,0.979,335.3,345.2,98.27697028003679
2019-12-17 15:00:00,12/17/2019 15:00,-37.92,-37.89,68.52,6.664,0.079,228.6,16.6,0.93,3.657,345.51,98.23946112738247
2019-12-17 16:00:00,12/17/2019 16:00,-38.22,-38.25,68.33,5.831,0.157,226.6,10.83,0.898,23.89,345.9,98.22768678719689
2019-12-17 17:00:00,12/17/2019 17:00,-38.38,-38.45,68.22,3.332,0.102,228.7,9.72,0.622,348.4,345.53,98.20840046253159
2019-12-17 18:00:00,12/17/2019 18:00,-38.6,-38.63,68.01,5.109,0.186,231.1,10.38,0.794,354.6,345.57,98.0964778776146
2019-12-17 19:00:00,12/17/2019 19:00,-38.86,-38.89,67.74,4.165,0.128,230.6,8.72,0.745,352.2,345.68,97.93124244763203
2019-12-17 20:00:00,12/17/2019 20:00,-38.92,-38.95,67.41,4.776,0.18,230.9,9.94,0.626,7.387,345.18,97.50566591390638
2019-12-17 21:00:00,12/17/2019 21:00,-39.03,-39.13,67.09,4.443,0.082,231.4,8.39,0.339,343.0,345.25,97.13678503084097
2019-12-17 22:00:00,12/17/2019 22:00,-39.13,-39.17,66.2,3.61,0.086,231.2,0.777,0.03,359.1,345.11,95.93251332850973
2019-12-17 23:00:00,12/17/2019 23:00,-39.12,-39.18,64.9,4.221,0.133,229.8,8.27,0.043,358.2,345.2,94.0403750484254
2019-12-18 00:00:00,12/18/2019 0:00,-39.18,-39.28,64.99,4.665,0.153,228.4,4.165,0.032,349.5,345.22,94.22045915376549
2019-12-18 01:00:00,12/18/2019 1:00,-38.72,-38.73,63.71,6.331,0.369,231.0,6.553,0.051,348.0,345.87,91.99154299234354
2019-12-18 02:00:00,12/18/2019 2:00,-36.85,-32.81,62.03,4.332,0.124,228.6,14.16,0.419,317.2,346.6,88.09188837794991
2019-12-18 03:00:00,12/18/2019 3:00,-35.43,-30.44,63.32,7.386,0.266,228.5,12.27,1.786,291.4,347.04,88.78596638039862
2019-12-18 04:00:00,12/18/2019 4:00,-34.45,-29.03,68.42,4.276,0.123,229.7,10.44,1.154,292.4,347.41,95.09154556412606
2019-12-18 05:00:00,12/18/2019 5:00,-34.06,-29.3,68.5,6.442,0.171,230.5,10.11,1.291,292.1,348.11,94.8666192967959
2019-12-18 06:00:00,12/18/2019 6:00,-33.85,-29.91,70.16,5.22,0.094,228.7,9.94,1.049,279.8,348.2,96.98040350198454
2019-12-18 07:00:00,12/18/2019 7:00,-33.45,-29.78,69.99,5.22,0.21,228.6,10.77,1.193,290.6,347.99,96.3939509901441
2019-12-18 08:00:00,12/18/2019 8:00,-33.29,-29.38,71.66,5.109,0.17,227.3,11.44,1.767,284.0,348.1,98.55017333524353
2019-12-18 09:00:00,12/18/2019 9:00,-33.13,-28.89,71.39,2.388,0.051,229.4,9.83,0.617,296.1,348.06,98.03569539582949
2019-12-18 10:00:00,12/18/2019 10:00,-33.41,-29.88,71.49,3.554,0.052,227.9,9.88,0.668,295.9,347.65,98.42396030064924
2019-12-18 11:00:00,12/18/2019 11:00,-33.65,-29.56,71.28,1.888,0.039,228.7,9.88,0.701,288.7,347.87,98.34951344160562
2019-12-18 12:00:00,12/18/2019 12:00,-34.36,-33.17,70.99,2.388,0.044,229.4,9.72,0.844,290.5,347.72,98.58295969388044
2019-12-18 13:00:00,12/18/2019 13:00,-34.81,-34.66,70.81,3.165,0.052,228.5,10.0,0.881,294.9,347.88,98.73434789090354
2019-12-18 14:00:00,12/18/2019 14:00,-34.91,-34.78,70.67,3.887,0.053,229.1,13.05,0.718,314.7,347.78,98.62823235382427
2019-12-18 15:00:00,12/18/2019 15:00,-34.86,-34.8,70.67,2.11,0.027,223.8,7.719,0.271,319.0,347.57,98.58368157272089
2019-12-18 16:00:00,12/18/2019 16:00,-34.83,-34.83,70.68,3.554,0.053,227.7,7.275,0.247,40.16,347.77,98.57090066745877
2019-12-18 17:00:00,12/18/2019 17:00,-34.98,-34.99,70.55,3.832,0.05,228.1,8.72,0.34,42.12,348.07,98.5230356362035
2019-12-18 18:00:00,12/18/2019 18:00,-35.21,-35.3,70.39,3.61,0.065,229.5,7.719,0.308,23.41,347.87,98.50385492989054
2019-12-18 19:00:00,12/18/2019 19:00,-35.22,-35.32,70.36,3.832,0.105,230.0,5.276,0.253,4.537,347.58,98.47075330637476
2019-12-18 20:00:00,12/18/2019 20:00,-35.43,-35.61,70.31,4.109,0.091,229.5,9.33,0.715,333.3,346.64,98.5871967183485
2019-12-18 21:00:00,12/18/2019 21:00,-35.22,-35.31,70.36,4.887,0.206,229.1,13.49,0.992,342.1,347.34,98.47075330637476
2019-12-18 22:00:00,12/18/2019 22:00,-35.76,-35.85,70.05,3.499,0.066,227.1,9.77,0.4,14.7,346.82,98.51473147085551
2019-12-18 23:00:00,12/18/2019 23:00,-35.98,-35.98,69.96,4.332,0.163,227.2,10.55,1.019,322.0,346.63,98.58280125692929
2019-12-19 00:00:00,12/19/2019 0:00,-35.68,-35.7,70.21,5.276,0.218,224.5,10.44,1.492,323.3,346.8,98.66874670152998
2019-12-19 01:00:00,12/19/2019 1:00,-35.35,-35.27,70.34,6.109,0.334,226.8,14.49,1.416,351.1,346.81,98.55820047494764
2019-12-19 02:00:00,12/19/2019 2:00,-34.35,-31.13,70.57,4.665,0.323,227.8,11.11,1.526,341.4,347.55,97.99082896107288
2019-12-19 03:00:00,12/19/2019 3:00,-33.14,-28.58,70.86,6.053,0.328,228.0,12.05,1.744,301.7,348.42,97.31675610886897
2019-12-19 04:00:00,12/19/2019 4:00,-32.45,-27.73,71.09,5.998,0.242,228.2,14.49,1.851,300.4,348.36,97.01884195481905
2019-12-19 05:00:00,12/19/2019 5:00,-31.63,-27.01,71.49,7.386,0.32,228.8,16.22,1.762,327.7,348.18,96.83347186729439
2019-12-19 06:00:00,12/19/2019 6:00,-31.32,-27.28,71.64,7.33,0.284,228.2,15.66,2.105,295.3,348.22,96.76028709563755
2019-12-19 07:00:00,12/19/2019 7:00,-30.56,-26.2,72.22,5.942,0.304,227.9,15.44,1.63,322.8,348.07,96.86229054758742
2019-12-19 08:00:00,12/19/2019 8:00,-30.48,-26.26,72.33,5.22,0.237,228.0,15.16,1.601,334.7,348.01,96.9381305308436
2019-12-19 09:00:00,12/19/2019 9:00,-30.5,-26.28,72.47,6.608,0.262,227.8,13.94,1.617,331.7,347.7,97.14371684311814
2019-12-19 10:00:00,12/19/2019 10:00,-30.34,-26.42,72.74,11.11,0.393,228.1,17.22,1.35,348.4,347.52,97.36151188450441
2019-12-19 11:00:00,12/19/2019 11:00,-30.57,-27.05,72.94,6.442,0.441,227.5,12.38,1.607,320.2,347.78,97.83700193571651
2019-12-19 12:00:00,12/19/2019 12:00,-31.17,-29.9,72.96,5.942,0.361,228.1,10.77,1.136,338.0,348.13,98.40709226897334
2019-12-19 13:00:00,12/19/2019 13:00,-31.67,-31.61,72.79,7.108,0.426,227.8,11.94,0.975,334.6,347.89,98.63058635710297
2019-12-19 14:00:00,12/19/2019 14:00,-32.11,-32.08,72.53,5.22,0.307,230.4,9.72,0.885,358.2,348.56,98.67612785241711
2019-12-19 15:00:00,12/19/2019 15:00,-32.42,-32.41,72.34,5.887,0.356,226.3,10.66,0.811,341.6,348.34,98.69764132567826
2019-12-19 16:00:00,12/19/2019 16:00,-32.54,-32.55,72.24,4.776,0.242,227.9,12.27,0.702,318.0,348.76,98.66954114979893
2019-12-19 17:00:00,12/19/2019 17:00,-32.68,-32.74,72.22,5.331,0.24,229.7,7.886,0.37,354.9,348.26,98.76864728192415
2019-12-19 18:00:00,12/19/2019 18:00,-32.45,-32.51,72.37,5.054,0.347,226.9,9.55,0.835,349.6,348.34,98.7656997084014
2019-12-19 19:00:00,12/19/2019 19:00,-32.46,-32.54,72.33,3.998,0.157,228.4,9.55,0.452,335.9,348.1,98.72014869581973
2019-12-19 20:00:00,12/19/2019 20:00,-32.88,-32.94,72.04,3.276,0.119,229.4,7.164,0.203,12.8,347.93,98.70275528758425
2019-12-19 21:00:00,12/19/2019 21:00,-32.56,-32.74,72.34,4.054,0.217,229.7,8.39,0.351,348.8,347.45,98.8242129793672
2019-12-19 22:00:00,12/19/2019 22:00,-32.46,-32.59,72.35,5.942,0.224,228.5,10.16,0.998,321.7,347.25,98.7474458474016
2019-12-19 23:00:00,12/19/2019 23:00,-32.9,-32.9,72.0,5.442,0.263,228.9,8.66,0.75,350.6,347.02,98.66597647653528
2019-12-20 00:00:00,12/20/2019 0:00,-32.7,-32.69,72.22,3.332,0.184,228.2,9.72,0.589,339.8,347.07,98.78671357542355
2019-12-20 01:00:00,12/20/2019 1:00,-32.26,-32.18,72.5,4.665,0.222,226.8,9.94,0.696,320.1,347.4,98.77105456050182
2019-12-20 02:00:00,12/20/2019 2:00,-32.01,-31.7,72.58,3.332,0.163,227.2,10.38,0.915,317.5,347.49,98.65360567346897
2019-12-20 03:00:00,12/20/2019 3:00,-31.9,-31.37,72.58,3.554,0.189,226.5,9.66,1.23,307.6,347.21,98.55404879326194
2019-12-20 04:00:00,12/20/2019 4:00,-31.7,-30.97,72.66,4.609,0.343,226.3,12.61,1.825,295.0,348.02,98.48158640213384
2019-12-20 05:00:00,12/20/2019 5:00,-31.24,-29.67,72.69,3.721,0.203,226.0,10.77,1.483,285.7,348.12,98.10616392408812
2019-12-20 06:00:00,12/20/2019 6:00,-31.2,-29.07,72.46,3.943,0.239,226.6,10.05,1.707,280.4,347.42,97.7597173603841
2019-12-20 07:00:00,12/20/2019 7:00,-31.14,-29.02,72.55,8.11,0.542,226.2,16.55,2.59,281.5,346.98,97.82704618441034
2019-12-20 08:00:00,12/20/2019 8:00,-31.11,-28.33,72.37,5.664,0.449,225.9,11.05,2.573,273.3,346.36,97.5573576800843
2019-12-20 09:00:00,12/20/2019 9:00,-30.99,-28.65,72.58,6.386,0.583,225.3,15.66,2.711,269.3,346.76,97.73226906976006
2019-12-20 10:00:00,12/20/2019 10:00,-30.85,-28.98,72.86,7.164,0.64,225.4,14.94,3.327,276.3,346.59,97.98268448161905
2019-12-20 11:00:00,12/20/2019 11:00,-30.95,-29.54,72.91,6.442,0.656,225.3,16.1,2.973,279.6,346.11,98.14041958534497
2019-12-20 12:00:00,12/20/2019 12:00,-31.57,-31.28,72.84,6.497,0.477,225.1,17.55,2.393,280.4,347.04,98.60763695360039
2019-12-20 13:00:00,12/20/2019 13:00,-31.98,-31.82,72.65,6.053,0.615,225.4,13.49,2.548,282.6,346.82,98.721569756047
2019-12-20 14:00:00,12/20/2019 14:00,-32.04,-31.88,72.65,5.72,0.539,225.4,14.27,2.468,283.4,346.54,98.77593858115316
2019-12-20 15:00:00,12/20/2019 15:00,-31.95,-31.8,72.72,6.664,0.747,224.6,19.05,3.425,281.1,347.31,98.7894849219897
2019-12-20 16:00:00,12/20/2019 16:00,-31.89,-31.77,72.72,9.0,0.795,223.5,15.44,3.389,274.5,347.46,98.73508452758956
2019-12-20 17:00:00,12/20/2019 17:00,-32.04,-31.92,72.62,7.219,0.574,223.7,13.83,2.954,272.9,346.58,98.7351501688003
2019-12-20 18:00:00,12/20/2019 18:00,-32.22,-32.1,72.5,7.497,0.624,223.9,15.66,3.353,276.1,345.67,98.73484856049632
2019-12-20 19:00:00,12/20/2019 19:00,-32.5,-32.37,72.32,5.998,0.536,225.7,15.33,2.691,286.0,346.78,98.74265198418333
2019-12-20 20:00:00,12/20/2019 20:00,-32.71,-32.6,72.18,6.386,0.656,223.3,18.6,3.249,285.1,346.23,98.74102793752212
2019-12-20 21:00:00,12/20/2019 21:00,-32.95,-32.84,72.02,8.77,0.946,223.9,17.99,3.349,277.7,345.66,98.73846644366527
2019-12-20 22:00:00,12/20/2019 22:00,-33.09,-32.95,71.94,10.27,1.227,222.3,18.33,3.857,278.0,345.6,98.7549259275895
2019-12-20 23:00:00,12/20/2019 23:00,-33.42,-33.31,71.7,7.83,0.961,222.4,19.6,3.54,274.9,345.14,98.72207155647986
2019-12-21 00:00:00,12/21/2019 0:00,-33.61,-33.48,71.6,8.83,0.733,221.5,13.83,2.644,274.6,344.78,98.75508514328207
2019-12-21 01:00:00,12/21/2019 1:00,-33.78,-33.65,71.47,8.66,0.816,223.1,17.72,2.951,278.6,344.65,98.72833834930415
2019-12-21 02:00:00,12/21/2019 2:00,-33.8,-33.47,71.44,8.39,1.172,223.1,16.88,3.991,276.5,345.77,98.70484308921205
2019-12-21 03:00:00,12/21/2019 3:00,-33.53,-32.67,71.55,8.5,0.731,223.3,16.6,3.198,284.4,346.34,98.61428331405722
2019-12-21 04:00:00,12/21/2019 4:00,-33.17,-31.88,71.71,6.442,0.906,224.4,16.16,3.823,278.7,346.56,98.51107507947732
2019-12-21 05:00:00,12/21/2019 5:00,-32.45,-30.04,72.04,7.608,0.746,224.9,15.99,3.981,270.5,346.39,98.31533794380596
2019-12-21 06:00:00,12/21/2019 6:00,-31.95,-29.3,72.29,6.497,1.139,224.6,16.16,3.885,268.6,346.14,98.20533367726397
2019-12-21 07:00:00,12/21/2019 7:00,-31.6,-28.79,72.49,8.39,1.277,222.6,16.49,4.527,278.3,345.67,98.16089708329865
2019-12-21 08:00:00,12/21/2019 8:00,-31.54,-28.87,72.59,8.16,1.09,222.6,17.44,4.259,275.0,344.85,98.24208902233622
2019-12-21 09:00:00,12/21/2019 9:00,-31.07,-28.74,72.97,8.89,0.982,224.1,16.99,3.265,285.7,345.94,98.32992016464095
2019-12-21 10:00:00,12/21/2019 10:00,-31.55,-30.17,72.71,7.275,1.135,222.8,16.99,3.978,280.1,346.26,98.41354580525343
2019-12-21 11:00:00,12/21/2019 11:00,-32.27,-31.59,72.34,8.33,1.211,222.2,16.27,3.755,288.3,344.16,98.56210952411173
2019-12-21 12:00:00,12/21/2019 12:00,-32.56,-32.34,72.24,8.5,1.162,222.9,17.49,3.598,288.1,346.57,98.68760223430309
2019-12-21 13:00:00,12/21/2019 13:00,-32.8,-32.69,72.09,7.553,1.146,221.5,16.94,3.42,292.3,345.92,98.69908254139929
2019-12-21 14:00:00,12/21/2019 14:00,-33.11,-33.05,71.89,8.61,1.563,221.2,18.71,4.117,289.1,345.08,98.70430178174027
2019-12-21 15:00:00,12/21/2019 15:00,-33.34,-33.25,71.76,15.38,1.759,223.4,23.66,4.201,304.9,344.79,98.73268585344155
2019-12-21 16:00:00,12/21/2019 16:00,-33.17,-33.0,71.91,15.33,2.099,223.5,24.66,4.925,292.7,344.46,98.78582358060542
2019-12-21 17:00:00,12/21/2019 17:00,-33.03,-32.95,71.96,14.44,2.251,224.3,20.6,5.814,283.2,345.46,98.72829793403646
2019-12-21 18:00:00,12/21/2019 18:00,-33.1,-32.98,71.93,19.38,4.41,190.2,22.21,6.145,277.4,344.53,98.75020979334472
2019-12-21 19:00:00,12/21/2019 19:00,,-32.85,,22.55,1.486,41.61,20.49,5.251,280.0,343.98,
2019-12-21 20:00:00,12/21/2019 20:00,,-33.06,,9.55,0.262,29.69,20.44,5.52,285.4,344.49,
2019-12-21 21:00:00,12/21/2019 21:00,,-33.41,,10.44,0.436,31.25,19.49,5.902,285.9,344.54,
2019-12-21 22:00:00,12/21/2019 22:00,,-33.76,,4.165,0.418,345.5,18.83,5.232,286.4,342.42,
2019-12-21 23:00:00,12/21/2019 23:00,,-34.17,,4.387,0.449,344.6,20.38,4.756,296.0,344.12,
2019-12-22 00:00:00,12/22/2019 0:00,,-34.29,,5.109,0.498,345.3,21.05,5.233,296.1,344.03,
2019-12-22 01:00:00,12/22/2019 1:00,,-34.75,,3.943,0.296,355.4,18.94,4.498,303.2,344.1,
2019-12-22 02:00:00,12/22/2019 2:00,,-32.46,,4.221,0.259,351.0,17.33,3.597,291.5,345.55,
2019-12-22 03:00:00,12/22/2019 3:00,,-30.96,,4.221,0.243,348.9,18.21,2.739,291.3,344.85,
2019-12-22 04:00:00,12/22/2019 4:00,,-30.49,,3.832,0.185,351.3,16.33,2.692,296.8,346.17,
2019-12-22 05:00:00,12/22/2019 5:00,,-30.17,,3.443,0.099,13.63,18.16,2.565,297.2,346.11,
2019-12-22 06:00:00,12/22/2019 6:00,,-30.64,,6.053,0.099,17.74,15.66,2.372,293.6,345.71,
2019-12-22 07:00:00,12/22/2019 7:00,,-30.78,,11.38,0.37,73.4,15.55,2.488,286.5,345.34,
2019-12-22 08:00:00,12/22/2019 8:00,,-30.97,,3.499,0.055,15.12,13.16,2.348,298.0,344.68,
2019-12-22 09:00:00,12/22/2019 9:00,,-31.19,,3.776,0.037,13.71,15.77,1.802,302.7,344.78,
2019-12-22 10:00:00,12/22/2019 10:00,,-31.7,,1.722,0.023,16.01,10.11,0.976,334.6,343.74,
2019-12-22 11:00:00,12/22/2019 11:00,,-33.06,,0.611,0.006,15.75,9.27,0.767,329.0,344.48,
2019-12-22 12:00:00,12/22/2019 12:00,,-35.65,,2.832,0.04,14.66,11.38,1.416,318.2,344.81,
2019-12-22 13:00:00,12/22/2019 13:00,,-36.9,,0.333,0.006,14.89,9.33,0.575,324.2,344.77,
2019-12-22 14:00:00,12/22/2019 14:00,,-36.73,,1.111,0.017,13.66,10.33,1.474,331.9,344.98,
2019-12-22 15:00:00,12/22/2019 15:00,,-36.89,,2.388,0.044,15.16,12.27,1.975,312.7,344.94,
2019-12-22 16:00:00,12/22/2019 16:00,,-36.82,,2.721,0.031,14.22,14.16,1.331,335.2,345.28,
2019-12-22 17:00:00,12/22/2019 17:00,,-36.69,,1.555,0.023,14.29,10.05,1.551,339.8,344.89,
2019-12-22 18:00:00,12/22/2019 18:00,,-36.82,,3.332,0.03,13.51,12.66,1.043,323.4,345.11,
2019-12-22 19:00:00,12/22/2019 19:00,,-37.21,,1.222,0.012,15.6,9.33,1.03,328.3,344.56,
2019-12-22 20:00:00,12/22/2019 20:00,,-37.24,,2.443,0.012,14.15,12.5,0.937,323.4,344.54,
2019-12-22 21:00:00,12/22/2019 21:00,,-37.9,,0.889,0.011,13.51,9.61,0.795,336.6,344.21,
2019-12-22 22:00:00,12/22/2019 22:00,,-38.1,,2.332,0.016,12.48,12.72,1.163,339.1,343.72,
2019-12-22 23:00:00,12/22/2019 23:00,,-38.18,,0.389,0.002,13.22,5.498,0.294,328.1,344.24,
2019-12-23 00:00:00,12/23/2019 0:00,,-38.04,,0.333,0.005,13.22,7.941,0.469,335.8,344.31,
2019-12-23 01:00:00,12/23/2019 1:00,,-38.51,,0.278,0.003,13.21,7.997,0.412,341.9,344.01,
2019-12-23 02:00:00,12/23/2019 2:00,,-33.4,,0.278,0.002,13.21,5.775,0.354,326.8,344.54,
2019-12-23 03:00:00,12/23/2019 3:00,,-31.07,,0.611,0.001,13.91,8.72,0.26,307.6,345.0,
2019-12-23 04:00:00,12/23/2019 4:00,,-30.84,,0.278,,13.01,7.83,0.187,307.4,345.12,
2019-12-23 05:00:00,12/23/2019 5:00,,-31.5,,,,,6.442,0.172,299.4,345.21,
2019-12-23 06:00:00,12/23/2019 6:00,,-32.64,,2.666,0.014,13.79,11.27,0.781,297.9,344.91,
2019-12-23 07:00:00,12/23/2019 7:00,,-33.25,,1.833,0.007,15.81,9.55,0.685,303.4,344.23,
2019-12-23 08:00:00,12/23/2019 8:00,,-33.13,,2.332,0.016,14.25,15.88,0.695,299.3,343.91,
2019-12-23 09:00:00,12/23/2019 9:00,,-33.77,,2.777,0.032,16.38,11.38,0.918,302.9,343.8,
2019-12-23 10:00:00,12/23/2019 10:00,,-33.81,,3.61,0.015,13.84,12.05,0.504,315.3,343.55,
2019-12-23 11:00:00,12/23/2019 11:00,,-34.88,,2.943,0.009,15.27,9.88,0.325,321.7,343.19,
2019-12-23 12:00:00,12/23/2019 12:00,,-37.84,,2.721,0.005,14.34,9.5,0.336,320.7,343.32,
2019-12-23 13:00:00,12/23/2019 13:00,,-39.47,,0.167,0.001,14.3,5.442,0.141,326.7,343.98,
2019-12-23 14:00:00,12/23/2019 14:00,,-39.39,,0.222,0.001,12.66,8.61,0.38,331.2,344.2,
2019-12-23 15:00:00,12/23/2019 15:00,,-39.19,,2.832,0.018,14.58,9.55,0.573,328.6,344.63,
2019-12-23 16:00:00,12/23/2019 16:00,,-39.01,,2.277,0.017,13.77,9.61,1.052,321.3,344.99,
2019-12-23 17:00:00,12/23/2019 17:00,,-38.24,,1.555,0.008,13.85,8.72,0.701,316.8,344.78,
2019-12-23 18:00:00,12/23/2019 18:00,,-37.65,,3.165,0.036,15.6,10.44,1.459,326.4,344.69,
2019-12-23 19:00:00,12/23/2019 19:00,,-37.14,,3.554,0.039,14.47,12.33,1.367,328.1,344.2,
2019-12-23 20:00:00,12/23/2019 20:00,,-37.4,,4.054,0.039,12.84,12.77,1.329,335.6,344.22,
2019-12-23 21:00:00,12/23/2019 21:00,,-37.05,,2.999,0.019,14.03,10.11,1.047,303.8,343.89,
2019-12-23 22:00:00,12/23/2019 22:00,,-37.14,,3.165,0.02,13.37,10.44,1.016,322.7,343.94,
2019-12-23 23:00:00,12/23/2019 23:00,,-36.81,,4.332,0.063,14.1,12.94,1.416,320.5,343.42,
2019-12-24 00:00:00,12/24/2019 0:00,,-36.65,,3.721,0.064,15.23,12.22,1.362,305.6,343.59,
2019-12-24 01:00:00,12/24/2019 1:00,,-36.97,,3.887,0.043,13.65,12.38,1.001,315.5,343.8,
2019-12-24 02:00:00,12/24/2019 2:00,,-36.95,,3.776,0.1,11.49,15.99,1.639,315.6,344.01,
2019-12-24 03:00:00,12/24/2019 3:00,,-36.32,,3.998,0.125,12.82,12.33,2.313,301.4,343.83,
2019-12-24 04:00:00,12/24/2019 4:00,,-34.84,,3.832,0.072,357.8,14.11,2.627,299.0,343.7,
2019-12-24 05:00:00,12/24/2019 5:00,,-33.04,,3.887,0.094,7.352,16.6,2.743,290.2,343.33,
2019-12-24 06:00:00,12/24/2019 6:00,,-33.28,,3.499,0.104,348.7,12.44,2.152,289.0,343.31,
2019-12-24 07:00:00,12/24/2019 7:00,,-33.64,,3.61,0.171,349.0,16.88,2.129,293.5,343.06,
2019-12-24 08:00:00,12/24/2019 8:00,,-34.49,,3.388,0.117,348.9,11.61,1.573,297.0,343.49,
2019-12-24 09:00:00,12/24/2019 9:00,,-35.2,,4.054,0.122,349.0,12.55,1.602,302.3,342.67,
2019-12-24 10:00:00,12/24/2019 10:00,,-34.7,,3.332,0.015,349.0,12.05,0.592,315.3,342.95,
2019-12-24 11:00:00,12/24/2019 11:00,,-35.2,,3.332,0.026,349.3,10.61,0.792,7.137,342.87,
2019-12-24 12:00:00,12/24/2019 12:00,,-37.69,,2.166,0.008,349.7,9.55,0.573,359.2,342.83,
2019-12-24 13:00:00,12/24/2019 13:00,,-38.93,,3.165,0.024,349.5,11.72,0.8,350.2,343.75,
2019-12-24 14:00:00,12/24/2019 14:00,,-38.81,,2.61,0.009,349.8,9.5,0.757,17.89,343.85,
2019-12-24 15:00:00,12/24/2019 15:00,,-38.96,,2.61,0.028,349.8,9.39,0.876,4.477,343.93,
2019-12-24 16:00:00,12/24/2019 16:00,,-39.01,,2.055,0.012,349.8,9.27,0.823,18.38,343.58,
2019-12-24 17:00:00,12/24/2019 17:00,,-39.21,,2.721,0.012,349.7,9.66,1.35,353.9,343.77,
2019-12-24 18:00:00,12/24/2019 18:00,,-39.41,,2.055,0.004,349.8,9.94,0.478,342.8,342.37,
2019-12-24 19:00:00,12/24/2019 19:00,,-39.75,,0.833,0.002,349.8,8.5,0.967,355.7,343.01,
2019-12-24 20:00:00,12/24/2019 20:00,,-39.85,,2.332,0.007,349.9,8.83,0.874,348.9,342.38,
2019-12-24 21:00:00,12/24/2019 21:00,,-39.86,,2.499,0.021,349.9,9.77,1.036,346.5,342.27,
2019-12-24 22:00:00,12/24/2019 22:00,,-40.24,,1.444,0.003,350.0,9.05,0.6,335.0,342.41,
2019-12-24 23:00:00,12/24/2019 23:00,,-39.74,,2.832,0.016,350.0,9.66,0.688,318.2,341.91,
2019-12-25 00:00:00,12/25/2019 0:00,,-39.42,,3.443,0.093,349.6,11.11,1.465,329.5,342.29,
2019-12-25 01:00:00,12/25/2019 1:00,,-39.08,,3.776,0.069,349.8,13.44,1.765,320.7,342.33,
2019-12-25 02:00:00,12/25/2019 2:00,,-35.18,,2.443,0.028,349.8,9.33,1.173,311.3,342.71,
2019-12-25 03:00:00,12/25/2019 3:00,,-33.38,,2.221,0.035,349.5,9.77,1.032,312.7,343.17,
2019-12-25 04:00:00,12/25/2019 4:00,,-33.05,,1.722,0.013,349.5,9.61,0.697,297.4,343.62,
2019-12-25 05:00:00,12/25/2019 5:00,,-32.97,,2.166,0.029,349.6,9.27,1.176,299.1,343.58,
2019-12-25 06:00:00,12/25/2019 6:00,,-33.26,,4.109,0.068,349.1,12.5,1.346,290.4,343.21,
2019-12-25 07:00:00,12/25/2019 7:00,,-33.66,,3.61,0.067,350.2,12.55,1.679,292.6,342.7,
2019-12-25 08:00:00,12/25/2019 8:00,,-33.96,,3.388,0.114,349.5,11.44,1.834,302.7,342.7,
2019-12-25 09:00:00,12/25/2019 9:00,,-34.16,,3.499,0.059,349.2,12.83,1.187,297.7,342.26,
2019-12-25 10:00:00,12/25/2019 10:00,,-34.45,,4.221,0.052,349.6,15.44,1.46,303.6,342.28,
2019-12-25 11:00:00,12/25/2019 11:00,,-35.08,,4.276,0.028,348.0,17.55,1.056,314.7,342.28,
2019-12-25 12:00:00,12/25/2019 12:00,,-36.94,,0.555,0.001,352.7,10.05,0.72,320.1,342.18,
2019-12-25 13:00:00,12/25/2019 13:00,,-38.29,,3.554,0.01,351.2,12.27,0.965,321.8,342.53,
2019-12-25 14:00:00,12/25/2019 14:00,,-38.19,,3.276,0.023,349.3,11.27,1.242,319.7,342.65,
2019-12-25 15:00:00,12/25/2019 15:00,,-38.22,,,,,9.94,0.668,335.2,342.66,
2019-12-25 16:00:00,12/25/2019 16:00,,-38.5,,,,,8.61,0.874,330.6,342.4,
2019-12-25 17:00:00,12/25/2019 17:00,,-38.79,,3.943,0.008,350.4,12.55,1.068,356.4,342.59,
2019-12-25 18:00:00,12/25/2019 18:00,,-38.9,,3.776,0.036,349.8,12.94,1.679,337.3,341.26,
2019-12-25 19:00:00,12/25/2019 19:00,,-39.12,,3.61,0.034,349.6,12.0,2.095,324.9,341.08,
2019-12-25 20:00:00,12/25/2019 20:00,,-39.34,,3.61,0.025,349.4,12.55,1.861,329.1,340.26,
2019-12-25 21:00:00,12/25/2019 21:00,,-39.75,,4.165,0.037,348.9,13.49,1.335,323.3,340.2,
2019-12-25 22:00:00,12/25/2019 22:00,,-40.0,,3.054,0.021,348.8,10.77,1.233,324.9,340.05,
2019-12-25 23:00:00,12/25/2019 23:00,,-40.25,,4.109,0.038,350.3,12.77,1.487,315.5,338.81,
2019-12-26 00:00:00,12/26/2019 0:00,,-40.54,,3.499,0.017,350.1,14.05,1.638,342.1,339.5,
2019-12-26 01:00:00,12/26/2019 1:00,,-40.79,,3.943,0.046,348.4,18.66,1.96,341.7,339.04,
2019-12-26 02:00:00,12/26/2019 2:00,,-37.76,,4.109,0.091,349.5,14.05,2.28,310.2,339.62,
2019-12-26 03:00:00,12/26/2019 3:00,,-35.96,,4.276,0.083,349.9,14.16,1.856,295.8,340.43,
2019-12-26 04:00:00,12/26/2019 4:00,,-35.59,,3.998,0.09,348.6,14.94,2.148,290.8,340.22,
2019-12-26 05:00:00,12/26/2019 5:00,,-36.5,,3.388,0.032,350.5,12.61,2.165,314.5,340.52,
2019-12-26 06:00:00,12/26/2019 6:00,,-35.31,,4.054,0.074,348.8,13.77,1.841,312.8,340.42,
2019-12-26 07:00:00,12/26/2019 7:00,,-35.22,,3.776,0.027,347.7,12.88,1.746,318.4,339.82,
2019-12-26 08:00:00,12/26/2019 8:00,,-34.81,,3.943,0.038,347.3,16.1,1.478,298.9,339.51,
2019-12-26 09:00:00,12/26/2019 9:00,,-35.13,,4.165,0.116,349.2,15.55,2.35,306.2,338.82,
2019-12-26 10:00:00,12/26/2019 10:00,,-36.01,,3.665,0.084,348.1,17.38,2.862,286.3,338.23,
2019-12-26 11:00:00,12/26/2019 11:00,,-37.5,,5.998,0.174,334.1,20.16,4.494,280.9,338.11,
2019-12-26 12:00:00,12/26/2019 12:00,,-39.33,,4.221,0.044,317.3,18.49,3.6,281.5,337.91,
2019-12-26 13:00:00,12/26/2019 13:00,,-40.81,,5.498,0.034,315.1,18.55,2.184,285.7,337.69,
2019-12-26 14:00:00,12/26/2019 14:00,,-41.25,,2.388,0.008,317.2,19.49,1.561,298.4,337.79,
2019-12-26 15:00:00,12/26/2019 15:00,,-41.32,,0.666,0.001,318.2,16.83,1.355,296.4,337.93,
2019-12-26 16:00:00,12/26/2019 16:00,,-40.6,,10.94,0.832,300.3,29.82,11.63,112.7,336.58,
2019-12-26 17:00:00,12/26/2019 17:00,,-40.55,,14.49,1.936,295.0,30.6,19.5,114.4,335.44,
2019-12-26 18:00:00,12/26/2019 18:00,,-40.51,,7.608,0.768,294.9,30.32,12.33,103.7,336.96,
2019-12-26 19:00:00,12/26/2019 19:00,,-40.88,,7.108,0.275,296.1,24.27,12.02,102.9,336.18,
2019-12-26 20:00:00,12/26/2019 20:00,,-41.62,,3.165,0.032,296.8,23.38,6.977,96.4,336.3,
2019-12-26 21:00:00,12/26/2019 21:00,,-43.96,,,,,4.109,0.062,339.7,336.39,
2019-12-26 22:00:00,12/26/2019 22:00,,-44.52,,,,,0.5,0.035,345.8,336.15,
2019-12-26 23:00:00,12/26/2019 23:00,,-44.32,,,,,0.5,0.046,338.2,336.07,
2019-12-27 00:00:00,12/27/2019 0:00,,-43.96,,,,,2.499,0.032,343.8,336.16,
2019-12-27 01:00:00,12/27/2019 1:00,,-43.15,,,,,0.389,0.038,354.6,336.51,
2019-12-27 02:00:00,12/27/2019 2:00,,-37.16,,,,,0.555,0.027,339.7,336.86,
2019-12-27 03:00:00,12/27/2019 3:00,,-33.48,,,,,0.555,0.008,318.6,337.43,
2019-12-27 04:00:00,12/27/2019 4:00,,-29.33,,,,,0.278,0.005,327.0,337.76,
2019-12-27 05:00:00,12/27/2019 5:00,,-30.65,,,,,3.388,0.034,312.0,337.83,
2019-12-27 06:00:00,12/27/2019 6:00,,-33.03,,,,,0.333,0.009,305.9,337.64,
2019-12-27 07:00:00,12/27/2019 7:00,,-32.5,,,,,6.275,0.019,267.8,337.97,
2019-12-27 08:00:00,12/27/2019 8:00,,-33.27,,,,,5.942,0.101,280.6,337.93,
2019-12-27 09:00:00,12/27/2019 9:00,,-34.45,,,,,8.39,0.441,185.3,337.52,
2019-12-27 10:00:00,12/27/2019 10:00,,-36.29,,,,,8.94,0.539,167.7,337.77,
2019-12-27 11:00:00,12/27/2019 11:00,,-38.96,,,,,7.997,0.746,158.5,338.33,
2019-12-27 12:00:00,12/27/2019 12:00,,-40.17,,,,,8.22,0.553,127.3,338.82,
2019-12-27 13:00:00,12/27/2019 13:00,,-41.92,,,,,8.11,1.105,124.1,339.53,
2019-12-27 14:00:00,12/27/2019 14:00,,-41.22,,,,,7.608,0.123,159.4,340.3,
2019-12-27 15:00:00,12/27/2019 15:00,,-40.46,,,,,8.16,0.205,147.7,340.46,
2019-12-27 16:00:00,12/27/2019 16:00,,-40.76,,,,,9.5,0.462,157.1,340.92,
2019-12-27 17:00:00,12/27/2019 17:00,,-40.3,,,,,11.27,0.746,196.2,341.42,
2019-12-27 18:00:00,12/27/2019 18:00,,-40.99,,0.222,0.001,297.6,8.27,0.752,342.8,341.62,
2019-12-27 19:00:00,12/27/2019 19:00,,-40.71,,0.666,0.004,298.8,14.94,0.986,146.9,341.86,
2019-12-27 20:00:00,12/27/2019 20:00,,-40.96,,1.0,0.008,296.9,11.05,0.974,191.1,341.9,
2019-12-27 21:00:00,12/27/2019 21:00,,-41.05,,1.333,0.003,297.1,9.16,1.203,176.7,342.04,
2019-12-27 22:00:00,12/27/2019 22:00,,-41.2,,0.333,0.002,297.2,10.66,0.596,175.7,342.03,
2019-12-27 23:00:00,12/27/2019 23:00,,-41.1,,0.389,0.001,297.1,9.61,0.893,172.0,342.28,
2019-12-28 00:00:00,12/28/2019 0:00,,-40.56,,0.056,,296.7,9.27,1.122,149.8,342.71,
2019-12-28 01:00:00,12/28/2019 1:00,,-40.14,,0.222,0.001,296.7,13.83,2.212,150.1,343.42,
2019-12-28 02:00:00,12/28/2019 2:00,,-36.72,,0.056,,296.9,8.33,1.477,158.9,343.86,
2019-12-28 03:00:00,12/28/2019 3:00,,-35.56,,0.111,,296.3,10.66,0.763,149.9,344.72,
2019-12-28 04:00:00,12/28/2019 4:00,,-33.34,,,,,7.275,0.731,159.1,345.24,
2019-12-28 05:00:00,12/28/2019 5:00,,-31.58,,0.111,,296.0,5.775,0.305,181.3,345.46,
2019-12-28 06:00:00,12/28/2019 6:00,,-31.42,,0.111,,296.1,6.497,0.146,234.2,345.23,
2019-12-28 07:00:00,12/28/2019 7:00,,-32.08,,0.056,,295.1,8.11,0.161,269.8,344.92,
2019-12-28 08:00:00,12/28/2019 8:00,,-31.48,,0.056,,294.8,4.998,0.046,296.0,344.64,
2019-12-28 09:00:00,12/28/2019 9:00,,-31.58,,,,,5.22,0.039,331.9,344.56,
2019-12-28 10:00:00,12/28/2019 10:00,,-31.78,,0.056,,294.9,4.221,0.025,32.22,344.77,
2019-12-28 11:00:00,12/28/2019 11:00,,-31.45,,,,,2.61,0.024,35.8,344.76,
2019-12-28 12:00:00,12/28/2019 12:00,,-35.3,,0.056,,296.0,7.941,0.07,31.27,344.83,
2019-12-28 13:00:00,12/28/2019 13:00,,-39.52,,,,,0.5,0.013,10.14,345.19,
2019-12-28 14:00:00,12/28/2019 14:00,,-39.24,,,,,0.389,0.003,329.8,345.5,
2019-12-28 15:00:00,12/28/2019 15:00,,-38.59,,0.389,,297.5,7.941,0.637,123.5,345.78,
2019-12-28 16:00:00,12/28/2019 16:00,,-37.53,,0.111,,297.7,8.22,2.766,135.6,345.86,
2019-12-28 17:00:00,12/28/2019 17:00,,-37.73,,,,,8.05,2.076,140.3,346.09,
2019-12-28 18:00:00,12/28/2019 18:00,,-37.1,,,,,4.887,0.129,108.6,346.02,
2019-12-28 19:00:00,12/28/2019 19:00,,-37.17,,,,,,,,345.84,
2019-12-28 20:00:00,12/28/2019 20:00,,-37.29,,,,,,,,345.65,
2019-12-28 21:00:00,12/28/2019 21:00,,-38.29,,,,,0.056,,13.52,345.3,
2019-12-28 22:00:00,12/28/2019 22:00,,-38.67,,,,,0.222,0.001,353.6,345.16,
2019-12-28 23:00:00,12/28/2019 23:00,,-38.94,,,,,0.111,,345.0,344.88,
2019-12-29 00:00:00,12/29/2019 0:00,,-39.87,,0.056,,297.8,0.167,,335.0,344.91,
2019-12-29 01:00:00,12/29/2019 1:00,,-39.87,,,,,7.553,0.027,349.9,344.99,
2019-12-29 02:00:00,12/29/2019 2:00,,-34.16,,,,,,,,345.41,
2019-12-29 03:00:00,12/29/2019 3:00,,-31.78,,,,,,,,345.87,
2019-12-29 04:00:00,12/29/2019 4:00,,-29.82,,,,,,,,346.02,
2019-12-29 05:00:00,12/29/2019 5:00,,-30.85,,0.056,,297.8,0.444,0.011,270.2,345.87,
2019-12-29 06:00:00,12/29/2019 6:00,,-30.92,,,,,3.943,0.087,232.3,345.53,
2019-12-29 07:00:00,12/29/2019 7:00,,-30.73,,,,,6.497,0.119,220.0,345.15,
2019-12-29 08:00:00,12/29/2019 8:00,,-32.0,,0.056,,297.8,4.498,0.096,273.7,344.89,
2019-12-29 09:00:00,12/29/2019 9:00,,-30.24,,0.611,0.004,297.3,9.11,1.618,205.7,344.73,
2019-12-29 10:00:00,12/29/2019 10:00,,-31.06,,0.777,0.003,299.3,10.88,0.65,223.4,344.69,
2019-12-29 11:00:00,12/29/2019 11:00,,-29.5,,,,,0.278,0.003,11.72,344.85,
2019-12-29 12:00:00,12/29/2019 12:00,,-33.81,,,,,0.167,0.001,38.61,344.86,
2019-12-29 13:00:00,12/29/2019 13:00,,-38.93,,,,,0.5,0.015,21.42,345.19,
2019-12-29 14:00:00,12/29/2019 14:00,,-39.2,,,,,0.333,0.006,18.5,345.42,
2019-12-29 15:00:00,12/29/2019 15:00,,-39.63,,,,,0.5,0.014,350.0,345.7,
2019-12-29 16:00:00,12/29/2019 16:00,,-39.53,,,,,2.11,0.038,10.45,345.59,
2019-12-29 17:00:00,12/29/2019 17:00,,-39.9,,,,,3.721,0.071,26.47,345.48,
2019-12-29 18:00:00,12/29/2019 18:00,,-39.81,,0.111,,299.3,8.27,0.208,2.94,345.29,
2019-12-29 19:00:00,12/29/2019 19:00,,-39.6,,0.167,,300.2,7.886,0.262,0.521,345.34,
2019-12-29 20:00:00,12/29/2019 20:00,,-39.36,,0.333,0.001,300.9,10.11,0.3,23.05,345.35,
2019-12-29 21:00:00,12/29/2019 21:00,,-39.22,,,,,4.109,0.056,3.176,345.39,
2019-12-29 22:00:00,12/29/2019 22:00,,-39.44,,,,,0.666,0.051,2.809,345.4,
2019-12-29 23:00:00,12/29/2019 23:00,,-39.35,,,,,0.555,0.053,3.591,345.42,
2019-12-30 00:00:00,12/30/2019 0:00,,-39.45,,,,,0.555,0.021,351.5,345.52,
2019-12-30 01:00:00,12/30/2019 1:00,,-39.51,,,,,0.5,0.035,353.2,345.53,
2019-12-30 02:00:00,12/30/2019 2:00,,-33.97,,,,,0.444,0.03,335.8,345.96,
2019-12-30 03:00:00,12/30/2019 3:00,,-32.85,,,,,0.389,0.022,306.2,346.27,
2019-12-30 04:00:00,12/30/2019 4:00,,-31.62,,,,,4.554,0.063,302.3,346.27,
2019-12-30 05:00:00,12/30/2019 5:00,,-31.38,,,,,5.553,0.074,290.8,345.85,
2019-12-30 06:00:00,12/30/2019 6:00,,-32.32,,0.722,0.004,295.3,13.22,1.019,213.4,345.33,
2019-12-30 07:00:00,12/30/2019 7:00,,-32.76,,3.887,0.133,294.7,17.16,3.43,135.1,344.88,
2019-12-30 08:00:00,12/30/2019 8:00,,-33.24,,2.777,0.089,295.0,16.88,5.496,125.9,344.87,
2019-12-30 09:00:00,12/30/2019 9:00,,-33.58,,2.332,0.081,295.1,16.33,6.14,124.3,344.64,
2019-12-30 10:00:00,12/30/2019 10:00,,-33.28,,3.443,0.124,295.2,17.33,5.45,121.7,344.34,
2019-12-30 11:00:00,12/30/2019 11:00,,-33.12,,2.499,0.035,295.5,17.6,4.984,116.6,344.69,
2019-12-30 12:00:00,12/30/2019 12:00,,-35.01,,1.944,0.02,295.4,12.88,0.796,110.0,344.68,
2019-12-30 13:00:00,12/30/2019 13:00,,-39.14,,,,,0.389,0.005,17.15,344.87,
2019-12-30 14:00:00,12/30/2019 14:00,,-39.35,,,,,,,,345.01,
2019-12-30 15:00:00,12/30/2019 15:00,,-39.12,,,,,4.332,0.028,28.6,344.96,
2019-12-30 16:00:00,12/30/2019 16:00,,-39.49,,,,,0.278,0.002,41.05,344.94,
2019-12-30 17:00:00,12/30/2019 17:00,,-39.74,,,,,0.333,0.005,5.438,344.78,
2019-12-30 18:00:00,12/30/2019 18:00,,-39.51,,,,,0.5,0.034,26.97,344.76,
2019-12-30 19:00:00,12/30/2019 19:00,,-37.87,,3.221,0.063,296.4,17.22,6.038,117.2,344.09,
2019-12-30 20:00:00,12/30/2019 20:00,,-37.43,,3.499,0.427,296.0,17.72,11.32,124.7,343.91,
2019-12-30 21:00:00,12/30/2019 21:00,,-37.85,,3.276,0.213,296.3,18.44,13.45,114.7,343.33,
2019-12-30 22:00:00,12/30/2019 22:00,,-38.43,,3.276,0.167,296.8,20.05,13.82,104.5,343.05,
2019-12-30 23:00:00,12/30/2019 23:00,,-39.37,,1.277,0.055,296.5,18.94,11.57,117.1,342.71,
2019-12-31 00:00:00,12/31/2019 0:00,,-39.49,,4.054,0.298,297.0,19.44,11.94,106.0,342.83,
2019-12-31 01:00:00,12/31/2019 1:00,,-39.58,,2.943,0.113,297.5,19.83,12.17,103.3,342.78,
2019-12-31 02:00:00,12/31/2019 2:00,,-39.46,,4.332,0.221,296.9,19.83,12.7,111.9,342.65,
2019-12-31 03:00:00,12/31/2019 3:00,,-39.27,,3.165,0.164,296.8,20.05,12.85,107.8,343.06,
2019-12-31 04:00:00,12/31/2019 4:00,,-38.59,,3.998,0.311,295.4,25.6,13.64,116.5,343.42,
2019-12-31 05:00:00,12/31/2019 5:00,,-37.11,,4.443,0.738,293.8,17.88,10.49,134.4,343.16,
2019-12-31 06:00:00,12/31/2019 6:00,,-37.07,,4.443,0.875,293.8,18.38,10.77,139.5,342.62,
2019-12-31 07:00:00,12/31/2019 7:00,,-37.47,,4.443,0.856,294.1,17.22,10.44,136.8,342.56,
2019-12-31 08:00:00,12/31/2019 8:00,,-37.79,,4.276,0.783,294.4,16.44,10.34,137.1,342.12,
2019-12-31 09:00:00,12/31/2019 9:00,,-38.68,,3.998,0.757,294.7,17.38,10.23,137.4,341.7,
2019-12-31 10:00:00,12/31/2019 10:00,,-38.89,,3.832,0.335,295.1,16.22,10.5,133.6,341.81,
2019-12-31 11:00:00,12/31/2019 11:00,,-39.3,,3.832,0.592,295.3,18.44,10.8,133.3,341.65,
2019-12-31 12:00:00,12/31/2019 12:00,,-40.44,,3.721,0.349,295.5,17.88,10.77,133.2,341.64,
2019-12-31 13:00:00,12/31/2019 13:00,,-40.82,,3.832,0.629,296.1,19.44,11.45,128.6,341.44,
2019-12-31 14:00:00,12/31/2019 14:00,,-41.0,,3.221,0.146,296.8,21.1,11.86,123.3,342.04,
2019-12-31 15:00:00,12/31/2019 15:00,,-41.04,,4.72,0.607,296.9,19.6,12.33,114.1,341.92,
2019-12-31 16:00:00,12/31/2019 16:00,,-40.62,,9.72,0.649,297.0,23.6,12.13,105.2,342.2,
2019-12-31 17:00:00,12/31/2019 17:00,,-40.63,,5.165,0.302,296.4,22.66,9.47,104.7,342.16,
2019-12-31 18:00:00,12/31/2019 18:00,,-39.99,,12.11,0.672,295.2,24.43,9.74,102.7,341.83,
2019-12-31 19:00:00,12/31/2019 19:00,,-39.71,,14.77,1.519,294.6,26.99,14.31,108.5,341.74,
2019-12-31 20:00:00,12/31/2019 20:00,,-39.67,,20.21,1.913,293.7,26.93,15.35,115.1,341.15,
2019-12-31 21:00:00,12/31/2019 21:00,,-39.76,,14.38,1.838,292.7,27.82,15.74,122.6,341.55,
2019-12-31 22:00:00,12/31/2019 22:00,,-39.64,,5.498,1.244,292.5,25.55,14.01,129.9,341.62,
2019-12-31 23:00:00,12/31/2019 23:00,,-39.76,,13.44,1.344,293.0,27.27,15.18,121.2,341.4,
2020-01-01 00:00:00,1/1/2020 0:00,,-39.61,,5.498,1.273,292.7,27.71,14.81,116.7,341.69,
2020-01-01 01:00:00,1/1/2020 1:00,,-39.58,,8.77,1.036,292.2,27.04,13.13,112.2,342.28,
2020-01-01 02:00:00,1/1/2020 2:00,,-39.72,,3.61,0.46,291.1,25.88,9.2,103.7,341.78,
2020-01-01 03:00:00,1/1/2020 3:00,,-39.34,,11.16,0.728,291.2,26.16,12.1,112.5,342.76,
2020-01-01 04:00:00,1/1/2020 4:00,,-39.01,,4.387,0.784,289.9,26.82,14.33,114.8,342.8,
2020-01-01 05:00:00,1/1/2020 5:00,,-38.71,,4.609,0.77,290.3,26.38,12.77,125.6,342.95,
2020-01-01 06:00:00,1/1/2020 6:00,,-38.44,,3.665,0.867,290.2,25.21,12.01,128.2,342.81,
2020-01-01 07:00:00,1/1/2020 7:00,,-38.38,,10.27,0.834,289.9,25.1,13.22,126.8,342.59,
2020-01-01 08:00:00,1/1/2020 8:00,,-38.65,,3.943,0.971,289.9,25.32,12.63,126.1,341.84,
2020-01-01 09:00:00,1/1/2020 9:00,,-38.64,,4.443,0.929,290.2,24.55,12.48,124.1,342.03,
2020-01-01 10:00:00,1/1/2020 10:00,,-38.63,,11.77,1.098,291.0,25.1,13.87,118.9,342.15,
2020-01-01 11:00:00,1/1/2020 11:00,,-39.09,,4.554,0.943,291.2,24.27,11.75,120.0,342.16,
2020-01-01 12:00:00,1/1/2020 12:00,,-39.43,,4.332,1.129,290.5,24.93,12.56,124.4,342.63,
2020-01-01 13:00:00,1/1/2020 13:00,,-39.66,,3.943,0.906,290.6,23.82,13.08,120.2,342.36,
2020-01-01 14:00:00,1/1/2020 14:00,,-39.75,,15.05,0.784,290.1,25.88,14.65,115.3,342.47,
2020-01-01 15:00:00,1/1/2020 15:00,,-39.77,,14.22,1.089,289.6,27.27,16.23,114.4,342.06,
2020-01-01 16:00:00,1/1/2020 16:00,,-39.9,,14.61,1.226,289.4,26.88,15.18,122.9,342.46,
2020-01-01 17:00:00,1/1/2020 17:00,,-39.67,,16.33,1.668,289.4,25.88,15.41,122.4,341.77,
2020-01-01 18:00:00,1/1/2020 18:00,,-39.27,,11.83,1.039,289.3,25.77,15.62,124.6,341.69,
2020-01-01 19:00:00,1/1/2020 19:00,,-39.39,,7.719,1.144,289.8,24.05,13.25,128.6,341.96,
2020-01-01 20:00:00,1/1/2020 20:00,,-39.6,,12.99,1.702,289.6,23.93,13.51,133.1,341.75,
2020-01-01 21:00:00,1/1/2020 21:00,,-39.91,,4.276,1.186,290.4,21.21,11.88,137.5,341.89,
2020-01-01 22:00:00,1/1/2020 22:00,,-40.13,,7.775,1.243,289.6,24.1,14.35,142.3,341.22,
2020-01-01 23:00:00,1/1/2020 23:00,,-40.22,,6.72,1.062,289.3,24.05,14.39,159.3,341.03,
2020-01-02 00:00:00,1/2/2020 0:00,,-40.02,,,,,,,,341.36,
2020-01-02 01:00:00,1/2/2020 1:00,,-40.09,,,,,,,,341.93,
2020-01-02 02:00:00,1/2/2020 2:00,,-40.49,,,,,,,,341.89,
2020-01-02 03:00:00,1/2/2020 3:00,,-40.6,,,,,,,,342.66,
2020-01-02 04:00:00,1/2/2020 4:00,,-40.3,,,,,,,,343.08,
2020-01-02 05:00:00,1/2/2020 5:00,,-39.65,,,,,,,,342.84,
2020-01-02 06:00:00,1/2/2020 6:00,,-39.6,,,,,,,,341.93,
2020-01-02 07:00:00,1/2/2020 7:00,,-38.83,,,,,,,,341.86,
2020-01-02 08:00:00,1/2/2020 8:00,,-39.09,,,,,,,,340.63,
2020-01-02 09:00:00,1/2/2020 9:00,,-39.17,,,,,,,,341.03,
2020-01-02 10:00:00,1/2/2020 10:00,,-39.38,,,,,,,,341.0,
2020-01-02 11:00:00,1/2/2020 11:00,,-40.45,,,,,,,,341.79,
2020-01-02 12:00:00,1/2/2020 12:00,,-40.76,,,,,,,,341.45,
2020-01-02 13:00:00,1/2/2020 13:00,,-40.81,,,,,,,,342.06,
2020-01-02 14:00:00,1/2/2020 14:00,,-40.96,,,,,,,,342.03,
2020-01-02 15:00:00,1/2/2020 15:00,,-40.48,,,,,,,,342.64,
2020-01-02 16:00:00,1/2/2020 16:00,,-40.87,,,,,,,,342.02,
2020-01-02 17:00:00,1/2/2020 17:00,,-41.28,,,,,,,,341.5,
2020-01-02 18:00:00,1/2/2020 18:00,,-41.37,,,,,,,,341.29,
2020-01-02 19:00:00,1/2/2020 19:00,,-41.25,,,,,,,,341.01,
2020-01-02 20:00:00,1/2/2020 20:00,,-41.27,,,,,,,,340.39,
2020-01-02 21:00:00,1/2/2020 21:00,,-40.65,,,,,,,,340.16,
2020-01-02 22:00:00,1/2/2020 22:00,,-39.76,,,,,,,,339.81,
2020-01-02 23:00:00,1/2/2020 23:00,,-38.8,,,,,,,,340.35,
2020-01-03 00:00:00,1/3/2020 0:00,,-39.28,,,,,,,,340.41,
2020-01-03 01:00:00,1/3/2020 1:00,,-39.3,,,,,,,,340.94,
2020-01-03 02:00:00,1/3/2020 2:00,,-38.61,,,,,,,,340.43,
2020-01-03 03:00:00,1/3/2020 3:00,,-38.76,,,,,,,,340.52,
2020-01-03 04:00:00,1/3/2020 4:00,,-38.62,,,,,,,,341.11,
2020-01-03 05:00:00,1/3/2020 5:00,,-38.42,,,,,,,,340.39,
2020-01-03 06:00:00,1/3/2020 6:00,,-38.44,,,,,,,,340.16,
2020-01-03 07:00:00,1/3/2020 7:00,,-38.65,,,,,,,,339.75,
2020-01-03 08:00:00,1/3/2020 8:00,,-38.69,,,,,,,,339.56,
2020-01-03 09:00:00,1/3/2020 9:00,,-39.39,,,,,,,,338.17,
2020-01-03 10:00:00,1/3/2020 10:00,,-39.64,,,,,,,,339.05,
2020-01-03 11:00:00,1/3/2020 11:00,,-39.85,,,,,,,,339.44,
2020-01-03 12:00:00,1/3/2020 12:00,,-40.0,,,,,,,,339.32,
2020-01-03 13:00:00,1/3/2020 13:00,,-39.9,,,,,,,,339.54,
2020-01-03 14:00:00,1/3/2020 14:00,,-39.82,,,,,,,,339.71,
2020-01-03 15:00:00,1/3/2020 15:00,,-40.11,,,,,,,,339.34,
2020-01-03 16:00:00,1/3/2020 16:00,,-40.14,,,,,,,,339.68,
2020-01-03 17:00:00,1/3/2020 17:00,,-39.84,,,,,,,,339.37,
2020-01-03 18:00:00,1/3/2020 18:00,,-38.92,,,,,,,,339.01,
2020-01-03 19:00:00,1/3/2020 19:00,,-39.32,,,,,,,,339.55,
2020-01-03 20:00:00,1/3/2020 20:00,,-40.91,,,,,,,,339.21,
2020-01-03 21:00:00,1/3/2020 21:00,,-41.67,,,,,,,,338.52,
2020-01-03 22:00:00,1/3/2020 22:00,,-42.0,,,,,,,,337.89,
2020-01-03 23:00:00,1/3/2020 23:00,,-42.46,,,,,,,,338.19,
2020-01-04 00:00:00,1/4/2020 0:00,,-42.48,,,,,,,,337.27,
2020-01-04 01:00:00,1/4/2020 1:00,,-42.23,,,,,,,,338.24,
2020-01-04 02:00:00,1/4/2020 2:00,,-40.59,,,,,,,,338.52,
2020-01-04 03:00:00,1/4/2020 3:00,,-37.93,,,,,,,,338.75,
2020-01-04 04:00:00,1/4/2020 4:00,,-36.12,,,,,,,,338.47,
2020-01-04 05:00:00,1/4/2020 5:00,,-34.24,,,,,,,,338.83,
2020-01-04 06:00:00,1/4/2020 6:00,,-34.57,,,,,,,,337.93,
2020-01-04 07:00:00,1/4/2020 7:00,,-33.4,,,,,,,,337.77,
2020-01-04 08:00:00,1/4/2020 8:00,,-34.4,,,,,,,,337.78,
2020-01-04 09:00:00,1/4/2020 9:00,,-34.21,,,,,,,,337.56,
2020-01-04 10:00:00,1/4/2020 10:00,,-35.26,,,,,,,,338.2,
2020-01-04 11:00:00,1/4/2020 11:00,,-36.65,,,,,,,,337.93,
2020-01-04 12:00:00,1/4/2020 12:00,,-38.67,,,,,,,,337.93,
2020-01-04 13:00:00,1/4/2020 13:00,,-40.53,,,,,,,,337.62,
2020-01-04 14:00:00,1/4/2020 14:00,,-41.02,,,,,,,,337.76,
2020-01-04 15:00:00,1/4/2020 15:00,,-41.27,,,,,,,,337.63,
2020-01-04 16:00:00,1/4/2020 16:00,,-41.82,,,,,,,,337.38,
2020-01-04 17:00:00,1/4/2020 17:00,,-42.34,,,,,,,,336.9,
2020-01-04 18:00:00,1/4/2020 18:00,,-42.73,,,,,,,,336.63,
2020-01-04 19:00:00,1/4/2020 19:00,,-42.83,,,,,,,,336.16,
2020-01-04 20:00:00,1/4/2020 20:00,,-42.57,,,,,,,,335.69,
2020-01-04 21:00:00,1/4/2020 21:00,,-42.78,,,,,,,,335.39,
2020-01-04 22:00:00,1/4/2020 22:00,,-42.94,,,,,,,,335.02,
2020-01-04 23:00:00,1/4/2020 23:00,,-43.42,,,,,,,,334.3,
2020-01-05 00:00:00,1/5/2020 0:00,,-43.88,,,,,,,,334.22,
2020-01-05 01:00:00,1/5/2020 1:00,,-43.66,,,,,,,,334.42,
2020-01-05 02:00:00,1/5/2020 2:00,,-41.73,,,,,,,,334.51,
2020-01-05 03:00:00,1/5/2020 3:00,,-39.72,,,,,,,,334.8,
2020-01-05 04:00:00,1/5/2020 4:00,,-38.12,,,,,,,,334.94,
2020-01-05 05:00:00,1/5/2020 5:00,,-36.63,,,,,,,,335.08,
2020-01-05 06:00:00,1/5/2020 6:00,,-36.52,,,,,,,,334.48,
2020-01-05 07:00:00,1/5/2020 7:00,,-35.5,,,,,,,,334.93,
2020-01-05 08:00:00,1/5/2020 8:00,,-35.67,,,,,,,,335.32,
2020-01-05 09:00:00,1/5/2020 9:00,,-37.64,,,,,,,,335.04,
2020-01-05 10:00:00,1/5/2020 10:00,,-39.59,,,,,,,,335.31,
2020-01-05 11:00:00,1/5/2020 11:00,,-40.57,,,,,,,,336.12,
2020-01-05 12:00:00,1/5/2020 12:00,,-41.44,,,,,,,,336.13,
2020-01-05 13:00:00,1/5/2020 13:00,,-41.32,,,,,,,,338.77,
2020-01-05 14:00:00,1/5/2020 14:00,,-41.5,,,,,,,,339.19,
2020-01-05 15:00:00,1/5/2020 15:00,,-41.17,,,,,,,,340.62,
2020-01-05 16:00:00,1/5/2020 16:00,,-40.93,,,,,,,,341.21,
2020-01-05 17:00:00,1/5/2020 17:00,,-40.85,,,,,,,,341.35,
2020-01-05 18:00:00,1/5/2020 18:00,,-40.91,,,,,,,,341.19,
2020-01-05 19:00:00,1/5/2020 19:00,,-40.85,,,,,,,,341.1,
2020-01-05 20:00:00,1/5/2020 20:00,,-40.44,,,,,,,,341.56,
2020-01-05 21:00:00,1/5/2020 21:00,,-40.04,,,,,,,,341.5,
2020-01-05 22:00:00,1/5/2020 22:00,,-39.64,,,,,,,,341.0,
2020-01-05 23:00:00,1/5/2020 23:00,,-39.17,,,,,,,,343.19,
2020-01-06 00:00:00,1/6/2020 0:00,,-38.69,,,,,,,,343.35,
2020-01-06 01:00:00,1/6/2020 1:00,,-38.3,,,,,,,,343.85,
2020-01-06 02:00:00,1/6/2020 2:00,,-37.36,,,,,,,,345.24,
2020-01-06 03:00:00,1/6/2020 3:00,,-36.67,,,,,,,,346.26,
2020-01-06 04:00:00,1/6/2020 4:00,,-33.95,,,,,,,,346.12,
2020-01-06 05:00:00,1/6/2020 5:00,,-31.43,,,,,,,,346.48,
2020-01-06 06:00:00,1/6/2020 6:00,,-30.88,,,,,,,,346.16,
2020-01-06 07:00:00,1/6/2020 7:00,,-29.39,,,,,,,,346.16,
2020-01-06 08:00:00,1/6/2020 8:00,,-28.31,,,,,,,,345.89,
2020-01-06 09:00:00,1/6/2020 9:00,,-27.63,,,,,,,,345.64,
2020-01-06 10:00:00,1/6/2020 10:00,,-27.27,,,,,,,,345.8,
2020-01-06 11:00:00,1/6/2020 11:00,,-31.14,,,,,,,,346.02,
2020-01-06 12:00:00,1/6/2020 12:00,,-33.71,,,,,,,,346.21,
2020-01-06 13:00:00,1/6/2020 13:00,,-33.94,,,,,,,,346.38,
2020-01-06 14:00:00,1/6/2020 14:00,,-33.91,,,,,,,,346.78,
2020-01-06 15:00:00,1/6/2020 15:00,,-33.88,,,,,,,,346.54,
2020-01-06 16:00:00,1/6/2020 16:00,,-34.13,,,,,,,,346.56,
2020-01-06 17:00:00,1/6/2020 17:00,,-34.13,,,,,,,,346.23,
2020-01-06 18:00:00,1/6/2020 18:00,,-34.0,,,,,,,,346.13,
2020-01-06 19:00:00,1/6/2020 19:00,,-34.22,,,,,,,,345.61,
2020-01-06 20:00:00,1/6/2020 20:00,,-34.55,,,,,,,,345.53,
2020-01-06 21:00:00,1/6/2020 21:00,,-34.82,,,,,,,,345.24,
2020-01-06 22:00:00,1/6/2020 22:00,,-34.94,,,,,,,,344.76,
2020-01-06 23:00:00,1/6/2020 23:00,,-35.13,,,,,,,,344.44,
2020-01-07 00:00:00,1/7/2020 0:00,,-35.39,,,,,,,,344.51,
2020-01-07 01:00:00,1/7/2020 1:00,,-35.51,,,,,,,,344.33,
2020-01-07 02:00:00,1/7/2020 2:00,,-35.49,,,,,,,,344.46,
2020-01-07 03:00:00,1/7/2020 3:00,,-34.95,,,,,,,,344.74,
2020-01-07 04:00:00,1/7/2020 4:00,,-34.66,,,,,,,,344.36,
2020-01-07 05:00:00,1/7/2020 5:00,,-33.74,,,,,,,,344.23,
2020-01-07 06:00:00,1/7/2020 6:00,,-31.81,,,,,,,,343.72,
2020-01-07 07:00:00,1/7/2020 7:00,,-29.83,,,,,,,,343.18,
2020-01-07 08:00:00,1/7/2020 8:00,,-29.1,,,,,,,,342.62,
2020-01-07 09:00:00,1/7/2020 9:00,,-30.96,,,,,,,,342.37,
2020-01-07 10:00:00,1/7/2020 10:00,,-32.09,,,,,,,,342.24,
2020-01-07 11:00:00,1/7/2020 11:00,,-33.25,,,,,,,,342.36,
2020-01-07 12:00:00,1/7/2020 12:00,,-36.21,,,,,,,,342.49,
2020-01-07 13:00:00,1/7/2020 13:00,,-37.09,,,,,,,,342.95,
2020-01-07 14:00:00,1/7/2020 14:00,,-37.14,,,,,,,,343.26,
2020-01-07 15:00:00,1/7/2020 15:00,,-37.18,,,,,,,,343.17,
2020-01-07 16:00:00,1/7/2020 16:00,,-37.37,,,,,,,,342.65,
2020-01-07 17:00:00,1/7/2020 17:00,,-37.64,,,,,,,,342.46,
2020-01-07 18:00:00,1/7/2020 18:00,,-37.73,,,,,,,,341.98,
2020-01-07 19:00:00,1/7/2020 19:00,,-38.11,,,,,,,,341.97,
2020-01-07 20:00:00,1/7/2020 20:00,,-38.45,,,,,,,,341.6,
2020-01-07 21:00:00,1/7/2020 21:00,,-38.55,,,,,,,,340.6,
2020-01-07 22:00:00,1/7/2020 22:00,,-38.74,,,,,,,,340.44,
2020-01-07 23:00:00,1/7/2020 23:00,,-39.11,,,,,,,,340.01,
2020-01-08 00:00:00,1/8/2020 0:00,,-39.34,,,,,,,,340.74,
2020-01-08 01:00:00,1/8/2020 1:00,,-39.45,,,,,,,,340.93,
2020-01-08 02:00:00,1/8/2020 2:00,,-39.58,,,,,,,,340.8,
2020-01-08 03:00:00,1/8/2020 3:00,,-38.75,,,,,,,,340.63,
2020-01-08 04:00:00,1/8/2020 4:00,,-37.22,,,,,,,,341.32,
2020-01-08 05:00:00,1/8/2020 5:00,,-36.21,,,,,,,,340.95,
2020-01-08 06:00:00,1/8/2020 6:00,,-35.46,,,,,,,,,
2020-01-08 07:00:00,1/8/2020 7:00,,-34.8,,,,,,,,340.48,
2020-01-08 08:00:00,1/8/2020 8:00,,-36.03,,,,,,,,340.63,
2020-01-08 09:00:00,1/8/2020 9:00,,-36.88,,,,,,,,340.59,
2020-01-08 10:00:00,1/8/2020 10:00,,-37.54,,,,,,,,339.32,
2020-01-08 11:00:00,1/8/2020 11:00,,-38.0,,,,,,,,340.17,
2020-01-08 12:00:00,1/8/2020 12:00,,-37.92,,,,,,,,339.09,
2020-01-08 13:00:00,1/8/2020 13:00,,-38.09,,,,,,,,339.12,
2020-01-08 14:00:00,1/8/2020 14:00,,-38.48,,,,,,,,338.21,
2020-01-08 15:00:00,1/8/2020 15:00,,-38.98,,,,,,,,337.54,
2020-01-08 16:00:00,1/8/2020 16:00,,-38.77,,,,,,,,337.5,
2020-01-08 17:00:00,1/8/2020 17:00,,-38.09,,,,,,,,337.34,
2020-01-08 18:00:00,1/8/2020 18:00,,-38.11,,,,,,,,336.8,
2020-01-08 19:00:00,1/8/2020 19:00,,-37.64,,,,,,,,336.65,
2020-01-08 20:00:00,1/8/2020 20:00,,-37.76,,,,,,,,335.02,
2020-01-08 21:00:00,1/8/2020 21:00,,-38.43,,,,,,,,336.84,
2020-01-08 22:00:00,1/8/2020 22:00,,-38.89,,,,,,,,337.14,
2020-01-08 23:00:00,1/8/2020 23:00,,-39.65,,,,,,,,336.97,
2020-01-09 00:00:00,1/9/2020 0:00,,-39.02,,,,,,,,336.66,
2020-01-09 01:00:00,1/9/2020 1:00,,-38.99,,,,,,,,337.14,
2020-01-09 02:00:00,1/9/2020 2:00,,-38.24,,,,,,,,338.48,
2020-01-09 03:00:00,1/9/2020 3:00,,-37.05,,,,,,,,338.97,
2020-01-09 04:00:00,1/9/2020 4:00,,-35.64,,,,,,,,340.51,
2020-01-09 05:00:00,1/9/2020 5:00,,-35.33,,,,,,,,339.58,
2020-01-09 06:00:00,1/9/2020 6:00,,-34.75,,,,,,,,338.91,
2020-01-09 07:00:00,1/9/2020 7:00,,-33.53,,,,,,,,339.03,
2020-01-09 08:00:00,1/9/2020 8:00,,-32.0,,,,,,,,339.07,
2020-01-09 09:00:00,1/9/2020 9:00,,-32.78,,,,,,,,339.31,
2020-01-09 10:00:00,1/9/2020 10:00,,-33.01,,,,,,,,339.55,
2020-01-09 11:00:00,1/9/2020 11:00,,-33.56,,,,,,,,340.04,
2020-01-09 12:00:00,1/9/2020 12:00,,-37.3,,,,,,,,340.07,
2020-01-09 13:00:00,1/9/2020 13:00,,-40.63,,,,,,,,340.2,
2020-01-09 14:00:00,1/9/2020 14:00,,-41.0,,,,,,,,340.07,
2020-01-09 15:00:00,1/9/2020 15:00,,-41.21,,,,,,,,340.47,
2020-01-09 16:00:00,1/9/2020 16:00,,-41.28,,,,,,,,340.35,
2020-01-09 17:00:00,1/9/2020 17:00,,-41.57,,,,,,,,340.14,
2020-01-09 18:00:00,1/9/2020 18:00,,-41.46,,,,,,,,339.65,
2020-01-09 19:00:00,1/9/2020 19:00,,-41.46,,,,,,,,340.19,
2020-01-09 20:00:00,1/9/2020 20:00,,-41.67,,,,,,,,339.94,
2020-01-09 21:00:00,1/9/2020 21:00,,-41.88,,,,,,,,340.04,
2020-01-09 22:00:00,1/9/2020 22:00,,-41.97,,,,,,,,340.03,
2020-01-09 23:00:00,1/9/2020 23:00,,-42.09,,,,,,,,340.28,
2020-01-10 00:00:00,1/10/2020 0:00,,-42.04,,,,,,,,340.5,
2020-01-10 01:00:00,1/10/2020 1:00,,-42.01,,,,,,,,340.99,
2020-01-10 02:00:00,1/10/2020 2:00,,-36.68,,,,,,,,341.41,
2020-01-10 03:00:00,1/10/2020 3:00,,-33.29,,,,,,,,342.08,
2020-01-10 04:00:00,1/10/2020 4:00,,-32.06,,,,,,,,342.55,
2020-01-10 05:00:00,1/10/2020 5:00,,-31.85,,,,,,,,342.67,
2020-01-10 06:00:00,1/10/2020 6:00,,-32.6,,,,,,,,342.25,
2020-01-10 07:00:00,1/10/2020 7:00,,-32.51,,,,,,,,341.92,
2020-01-10 08:00:00,1/10/2020 8:00,,-31.09,,,,,,,,341.7,
2020-01-10 09:00:00,1/10/2020 9:00,,-31.92,,,,,,,,341.8,
2020-01-10 10:00:00,1/10/2020 10:00,,-32.23,,,,,,,,342.39,
2020-01-10 11:00:00,1/10/2020 11:00,,-32.39,,,,,,,,342.16,
2020-01-10 12:00:00,1/10/2020 12:00,,-35.92,,,,,,,,342.73,
2020-01-10 13:00:00,1/10/2020 13:00,,-39.92,,,,,,,,342.98,
2020-01-10 14:00:00,1/10/2020 14:00,,-40.49,,,,,,,,343.45,
2020-01-10 15:00:00,1/10/2020 15:00,,-40.6,,,,,,,,343.57,
2020-01-10 16:00:00,1/10/2020 16:00,,-40.66,,,,,,,,343.22,
2020-01-10 17:00:00,1/10/2020 17:00,,-41.47,,,,,,,,343.46,
2020-01-10 18:00:00,1/10/2020 18:00,,-41.09,,,,,,,,343.2,
2020-01-10 19:00:00,1/10/2020 19:00,,-40.21,,,,,,,,343.43,
2020-01-10 20:00:00,1/10/2020 20:00,,-39.77,,,,,,,,343.84,
2020-01-10 21:00:00,1/10/2020 21:00,,-39.37,,,,,,,,344.11,
2020-01-10 22:00:00,1/10/2020 22:00,,-39.01,,,,,,,,343.58,
2020-01-10 23:00:00,1/10/2020 23:00,,-38.42,,,,,,,,343.89,
2020-01-11 00:00:00,1/11/2020 0:00,,-38.08,,,,,,,,344.36,
2020-01-11 01:00:00,1/11/2020 1:00,,-37.61,,,,,,,,344.5,
2020-01-11 02:00:00,1/11/2020 2:00,,-33.96,,,,,,,,345.44,
2020-01-11 03:00:00,1/11/2020 3:00,,-31.06,,,,,,,,346.6,
2020-01-11 04:00:00,1/11/2020 4:00,,-29.63,,,,,,,,346.65,
2020-01-11 05:00:00,1/11/2020 5:00,,-29.22,,,,,,,,347.57,
2020-01-11 06:00:00,1/11/2020 6:00,,-28.0,,,,,,,,347.55,
2020-01-11 07:00:00,1/11/2020 7:00,,-27.06,,,,,,,,347.25,
2020-01-11 08:00:00,1/11/2020 8:00,,-26.93,,,,,,,,346.75,
2020-01-11 09:00:00,1/11/2020 9:00,,-26.41,,,,,,,,347.04,
2020-01-11 10:00:00,1/11/2020 10:00,,-26.59,,,,,,,,346.92,
2020-01-11 11:00:00,1/11/2020 11:00,,-28.63,,,,,,,,347.03,
2020-01-11 12:00:00,1/11/2020 12:00,,-31.57,,,,,,,,347.34,
2020-01-11 13:00:00,1/11/2020 13:00,,-35.2,,,,,,,,348.2,
2020-01-11 14:00:00,1/11/2020 14:00,,-34.8,,,,,,,,347.87,
2020-01-11 15:00:00,1/11/2020 15:00,,-34.08,,,,,,,,349.01,
2020-01-11 16:00:00,1/11/2020 16:00,,-34.72,,,,,,,,349.02,
2020-01-11 17:00:00,1/11/2020 17:00,,-35.27,,,,,,,,349.21,
2020-01-11 18:00:00,1/11/2020 18:00,,-35.82,,,,,,,,349.04,
2020-01-11 19:00:00,1/11/2020 19:00,,-35.65,,,,,,,,349.35,
2020-01-11 20:00:00,1/11/2020 20:00,,-35.25,,,,,,,,349.38,
2020-01-11 21:00:00,1/11/2020 21:00,,-34.62,,,,,,,,349.44,
2020-01-11 22:00:00,1/11/2020 22:00,,-34.72,,,,,,,,349.39,
2020-01-11 23:00:00,1/11/2020 23:00,,-34.87,,,,,,,,349.31,
2020-01-12 00:00:00,1/12/2020 0:00,,-34.82,,,,,,,,349.61,
2020-01-12 01:00:00,1/12/2020 1:00,,-34.59,,,,,,,,349.83,
2020-01-12 02:00:00,1/12/2020 2:00,,-29.61,,,,,,,,350.28,
2020-01-12 03:00:00,1/12/2020 3:00,,-25.51,,,,,,,,350.77,
2020-01-12 04:00:00,1/12/2020 4:00,,-24.45,,,,,,,,351.43,
2020-01-12 05:00:00,1/12/2020 5:00,,-24.94,,,,,,,,351.1,
2020-01-12 06:00:00,1/12/2020 6:00,,-24.37,,,,,,,,350.59,
2020-01-12 07:00:00,1/12/2020 7:00,,-24.56,,,,,,,,350.08,
2020-01-12 08:00:00,1/12/2020 8:00,,-24.73,,,,,,,,349.54,
2020-01-12 09:00:00,1/12/2020 9:00,,-24.07,,,,,,,,349.67,
2020-01-12 10:00:00,1/12/2020 10:00,,-23.79,,,,,,,,350.01,
2020-01-12 11:00:00,1/12/2020 11:00,,-24.14,,,,,,,,350.44,
2020-01-12 12:00:00,1/12/2020 12:00,,-26.94,,,,,,,,350.7,
2020-01-12 13:00:00,1/12/2020 13:00,,-30.63,,,,,,,,350.88,
2020-01-12 14:00:00,1/12/2020 14:00,,-30.72,,,,,,,,351.39,
2020-01-12 15:00:00,1/12/2020 15:00,,-30.61,,,,,,,,351.64,
2020-01-12 16:00:00,1/12/2020 16:00,,-30.8,,,,,,,,351.57,
2020-01-12 17:00:00,1/12/2020 17:00,,-30.71,,,,,,,,351.31,
2020-01-12 18:00:00,1/12/2020 18:00,,-30.78,,,,,,,,350.8,
2020-01-12 19:00:00,1/12/2020 19:00,,-30.88,,,,,,,,351.11,
2020-01-12 20:00:00,1/12/2020 20:00,,-30.4,,,,,,,,351.06,
2020-01-12 21:00:00,1/12/2020 21:00,,-30.16,,,,,,,,350.83,
2020-01-12 22:00:00,1/12/2020 22:00,,-30.06,,,,,,,,350.04,
2020-01-12 23:00:00,1/12/2020 23:00,,-30.29,,,,,,,,349.86,
2020-01-13 00:00:00,1/13/2020 0:00,,-29.96,,,,,,,,350.38,
2020-01-13 01:00:00,1/13/2020 1:00,,-30.4,,,,,,,,350.44,
2020-01-13 02:00:00,1/13/2020 2:00,,-26.48,,,,,,,,350.55,
2020-01-13 03:00:00,1/13/2020 3:00,,-24.42,,,,,,,,350.84,
2020-01-13 04:00:00,1/13/2020 4:00,,-23.75,,,,,,,,350.85,
2020-01-13 05:00:00,1/13/2020 5:00,,-24.02,,,,,,,,350.76,
2020-01-13 06:00:00,1/13/2020 6:00,,-24.25,,,,,,,,350.48,
2020-01-13 07:00:00,1/13/2020 7:00,,-24.81,,,,,,,,350.23,
2020-01-13 08:00:00,1/13/2020 8:00,,-25.56,,,,,,,,349.52,
2020-01-13 09:00:00,1/13/2020 9:00,,-25.2,,,,,,,,348.62,
2020-01-13 10:00:00,1/13/2020 10:00,,-25.23,,,,,,,,349.47,
2020-01-13 11:00:00,1/13/2020 11:00,,-25.74,,,,,,,,348.98,
2020-01-13 12:00:00,1/13/2020 12:00,,-28.72,,,,,,,,348.67,
2020-01-13 13:00:00,1/13/2020 13:00,,-31.1,,,,,,,,349.15,
2020-01-13 14:00:00,1/13/2020 14:00,,-31.12,,,,,,,,347.65,
2020-01-13 15:00:00,1/13/2020 15:00,,-30.96,,,,,,,,346.08,
2020-01-13 16:00:00,1/13/2020 16:00,,-30.9,,,,,,,,347.67,
2020-01-13 17:00:00,1/13/2020 17:00,,-31.29,,,,,,,,347.28,
2020-01-13 18:00:00,1/13/2020 18:00,,-32.13,,,,,,,,347.26,
2020-01-13 19:00:00,1/13/2020 19:00,,-33.15,,,,,,,,345.15,
2020-01-13 20:00:00,1/13/2020 20:00,,-33.62,,,,,,,,346.14,
2020-01-13 21:00:00,1/13/2020 21:00,,-34.63,,,,,,,,345.93,
2020-01-13 22:00:00,1/13/2020 22:00,,-34.92,,,,,,,,344.84,
2020-01-13 23:00:00,1/13/2020 23:00,,-35.09,,,,,,,,344.04,
2020-01-14 00:00:00,1/14/2020 0:00,,-34.76,,,,,,,,345.18,
2020-01-14 01:00:00,1/14/2020 1:00,,-34.99,,,,,,,,344.92,
2020-01-14 02:00:00,1/14/2020 2:00,,-32.71,,,,,,,,344.57,
2020-01-14 03:00:00,1/14/2020 3:00,,-30.61,,,,,,,,345.38,
2020-01-14 04:00:00,1/14/2020 4:00,,-30.11,,,,,,,,345.01,
2020-01-14 05:00:00,1/14/2020 5:00,,-29.99,,,,,,,,346.14,
2020-01-14 06:00:00,1/14/2020 6:00,,-30.03,,,,,,,,344.81,
2020-01-14 07:00:00,1/14/2020 7:00,,-29.6,,,,,,,,345.07,
2020-01-14 08:00:00,1/14/2020 8:00,,-29.19,,,,,,,,344.1,
2020-01-14 09:00:00,1/14/2020 9:00,,-29.12,,,,,,,,345.03,
2020-01-14 10:00:00,1/14/2020 10:00,,-29.01,,,,,,,,345.08,
2020-01-14 11:00:00,1/14/2020 11:00,,-29.4,,,,,,,,345.25,
2020-01-14 12:00:00,1/14/2020 12:00,,-31.85,,,,,,,,344.72,
2020-01-14 13:00:00,1/14/2020 13:00,,-33.53,,,,,,,,344.56,
2020-01-14 14:00:00,1/14/2020 14:00,,-33.96,,,,,,,,345.72,
2020-01-14 15:00:00,1/14/2020 15:00,,-33.89,,,,,,,,345.83,
2020-01-14 16:00:00,1/14/2020 16:00,,-33.77,,,,,,,,346.4,
2020-01-14 17:00:00,1/14/2020 17:00,,-33.84,,,,,,,,345.37,
2020-01-14 18:00:00,1/14/2020 18:00,,-33.98,,,,,,,,345.01,
2020-01-14 19:00:00,1/14/2020 19:00,,-34.11,,,,,,,,344.47,
2020-01-14 20:00:00,1/14/2020 20:00,,-34.33,,,,,,,,345.85,
2020-01-14 21:00:00,1/14/2020 21:00,,-34.53,,,,,,,,345.92,
2020-01-14 22:00:00,1/14/2020 22:00,,-34.07,,,,,,,,344.64,
2020-01-14 23:00:00,1/14/2020 23:00,,-33.92,,,,,,,,345.82,
2020-01-15 00:00:00,1/15/2020 0:00,,-34.34,,,,,,,,344.95,
2020-01-15 01:00:00,1/15/2020 1:00,,-34.42,,,,,,,,345.39,
2020-01-15 02:00:00,1/15/2020 2:00,,-31.82,,,,,,,,345.78,
2020-01-15 03:00:00,1/15/2020 3:00,,-30.23,,,,,,,,346.44,
2020-01-15 04:00:00,1/15/2020 4:00,,-29.66,,,,,,,,346.79,
2020-01-15 05:00:00,1/15/2020 5:00,,-29.1,,,,,,,,347.22,
2020-01-15 06:00:00,1/15/2020 6:00,,-28.66,,,,,,,,345.83,
2020-01-15 07:00:00,1/15/2020 7:00,,-28.58,,,,,,,,345.72,
2020-01-15 08:00:00,1/15/2020 8:00,,-28.75,,,,,,,,345.83,
2020-01-15 09:00:00,1/15/2020 9:00,,-28.47,,,,,,,,344.73,
2020-01-15 10:00:00,1/15/2020 10:00,,-27.96,,,,,,,,346.67,
2020-01-15 11:00:00,1/15/2020 11:00,,-27.79,,,,,,,,344.5,
2020-01-15 12:00:00,1/15/2020 12:00,,-30.14,,,,,,,,344.81,
2020-01-15 13:00:00,1/15/2020 13:00,,-32.32,,,,,,,,346.07,
2020-01-15 14:00:00,1/15/2020 14:00,,-31.78,,,,,,,,346.97,
2020-01-15 15:00:00,1/15/2020 15:00,,-30.26,,,,,,,,346.68,
2020-01-15 16:00:00,1/15/2020 16:00,,-29.28,,,,,,,,,
2020-01-15 17:00:00,1/15/2020 17:00,,-28.26,,,,,,,,343.29,
2020-01-15 18:00:00,1/15/2020 18:00,,-28.2,,,,,,,,345.7,
2020-01-15 19:00:00,1/15/2020 19:00,,-28.35,,,,,,,,344.53,
2020-01-15 20:00:00,1/15/2020 20:00,,-27.98,,,,,,,,344.38,
2020-01-15 21:00:00,1/15/2020 21:00,,-28.33,,,,,,,,342.77,
2020-01-15 22:00:00,1/15/2020 22:00,,-28.48,,,,,,,,345.7,
2020-01-15 23:00:00,1/15/2020 23:00,,-28.59,,,,,,,,342.74,
2020-01-16 00:00:00,1/16/2020 0:00,,-28.93,,,,,,,,342.43,
2020-01-16 01:00:00,1/16/2020 1:00,,-29.06,,,,,,,,339.07,
2020-01-16 02:00:00,1/16/2020 2:00,,-29.1,,,,,,,,342.36,
2020-01-16 03:00:00,1/16/2020 3:00,,-28.47,,,,,,,,341.4,
2020-01-16 04:00:00,1/16/2020 4:00,,-27.78,,,,,,,,343.37,
2020-01-16 05:00:00,1/16/2020 5:00,,-28.01,,,,,,,,343.95,
2020-01-16 06:00:00,1/16/2020 6:00,,-28.26,,,,,,,,342.15,
2020-01-16 07:00:00,1/16/2020 7:00,,-28.27,,,,,,,,342.51,
2020-01-16 08:00:00,1/16/2020 8:00,,-28.41,,,,,,,,339.02,
2020-01-16 09:00:00,1/16/2020 9:00,,-29.24,,,,,,,,341.33,
2020-01-16 10:00:00,1/16/2020 10:00,,-29.55,,,,,,,,341.59,
2020-01-16 11:00:00,1/16/2020 11:00,,-29.47,,,,,,,,342.24,
2020-01-16 12:00:00,1/16/2020 12:00,,-30.3,,,,,,,,342.8,
2020-01-16 13:00:00,1/16/2020 13:00,,-30.51,,,,,,,,343.46,
2020-01-16 14:00:00,1/16/2020 14:00,,-30.63,,,,,,,,342.93,
2020-01-16 15:00:00,1/16/2020 15:00,,-30.65,,,,,,,,343.47,
2020-01-16 16:00:00,1/16/2020 16:00,,-30.65,,,,,,,,342.82,
2020-01-16 17:00:00,1/16/2020 17:00,,-31.1,,,,,,,,342.03,
2020-01-16 18:00:00,1/16/2020 18:00,,-31.52,,,,,,,,341.72,
2020-01-16 19:00:00,1/16/2020 19:00,,-31.88,,,,,,,,341.93,
2020-01-16 20:00:00,1/16/2020 20:00,,-32.05,,,,,,,,341.92,
2020-01-16 21:00:00,1/16/2020 21:00,,-31.66,,,,,,,,342.35,
2020-01-16 22:00:00,1/16/2020 22:00,,-32.28,,,,,,,,341.46,
2020-01-16 23:00:00,1/16/2020 23:00,,-32.81,,,,,,,,341.85,
2020-01-17 00:00:00,1/17/2020 0:00,,-32.91,,,,,,,,342.05,
2020-01-17 01:00:00,1/17/2020 1:00,,-33.62,,,,,,,,,
2020-01-17 02:00:00,1/17/2020 2:00,,-33.64,,,,,,,,339.64,
2020-01-17 03:00:00,1/17/2020 3:00,,-33.43,,,,,,,,339.58,
2020-01-17 04:00:00,1/17/2020 4:00,,-33.33,,,,,,,,,
2020-01-17 05:00:00,1/17/2020 5:00,,-32.86,,,,,,,,340.36,
2020-01-17 06:00:00,1/17/2020 6:00,,-32.77,,,,,,,,340.79,
2020-01-17 07:00:00,1/17/2020 7:00,,-32.91,,,,,,,,339.59,
2020-01-17 08:00:00,1/17/2020 8:00,,-33.28,,,,,,,,338.98,
2020-01-17 09:00:00,1/17/2020 9:00,,-33.42,,,,,,,,338.84,
2020-01-17 10:00:00,1/17/2020 10:00,,-34.06,,,,,,,,339.94,
2020-01-17 11:00:00,1/17/2020 11:00,,-34.08,,,,,,,,339.38,
2020-01-17 12:00:00,1/17/2020 12:00,,-34.41,,,,,,,,337.61,
2020-01-17 13:00:00,1/17/2020 13:00,,-34.55,,,,,,,,340.53,
2020-01-17 14:00:00,1/17/2020 14:00,,-34.82,,,,,,,,341.07,
2020-01-17 15:00:00,1/17/2020 15:00,,-34.63,,,,,,,,341.3,
2020-01-17 16:00:00,1/17/2020 16:00,,-34.84,,,,,,,,341.38,
2020-01-17 17:00:00,1/17/2020 17:00,,-35.03,,,,,,,,340.44,
2020-01-17 18:00:00,1/17/2020 18:00,,-35.2,,,,,,,,341.45,
2020-01-17 19:00:00,1/17/2020 19:00,,-35.22,,,,,,,,338.75,
2020-01-17 20:00:00,1/17/2020 20:00,,-36.28,,,,,,,,341.64,
2020-01-17 21:00:00,1/17/2020 21:00,,-35.8,,,,,,,,340.17,
2020-01-17 22:00:00,1/17/2020 22:00,,-36.25,,,,,,,,340.97,
2020-01-17 23:00:00,1/17/2020 23:00,,-38.01,,,,,,,,340.61,
2020-01-18 00:00:00,1/18/2020 0:00,,-39.19,,,,,,,,339.56,
2020-01-18 01:00:00,1/18/2020 1:00,,-39.08,,,,,,,,339.01,
2020-01-18 02:00:00,1/18/2020 2:00,,-37.38,,,,,,,,338.76,
2020-01-18 03:00:00,1/18/2020 3:00,,-33.4,,,,,,,,340.54,
2020-01-18 04:00:00,1/18/2020 4:00,,-30.2,,,,,,,,340.72,
2020-01-18 05:00:00,1/18/2020 5:00,,-29.63,,,,,,,,340.52,
2020-01-18 06:00:00,1/18/2020 6:00,,-29.01,,,,,,,,341.51,
2020-01-18 07:00:00,1/18/2020 7:00,,-29.9,,,,,,,,340.73,
2020-01-18 08:00:00,1/18/2020 8:00,,-30.75,,,,,,,,339.87,
2020-01-18 09:00:00,1/18/2020 9:00,,-31.12,,,,,,,,339.82,
2020-01-18 10:00:00,1/18/2020 10:00,,-31.87,,,,,,,,339.63,
2020-01-18 11:00:00,1/18/2020 11:00,,-35.74,,,,,,,,340.14,
2020-01-18 12:00:00,1/18/2020 12:00,,-37.34,,,,,,,,340.09,
2020-01-18 13:00:00,1/18/2020 13:00,,-38.98,,,,,,,,338.76,
2020-01-18 14:00:00,1/18/2020 14:00,,-40.35,,,,,,,,340.32,
2020-01-18 15:00:00,1/18/2020 15:00,,-40.82,,,,,,,,340.71,
2020-01-18 16:00:00,1/18/2020 16:00,,-41.29,,,,,,,,340.32,
2020-01-18 17:00:00,1/18/2020 17:00,,-40.88,,,,,,,,339.78,
2020-01-18 18:00:00,1/18/2020 18:00,,-40.95,,,,,,,,339.82,
2020-01-18 19:00:00,1/18/2020 19:00,,-41.0,,,,,,,,337.47,
2020-01-18 20:00:00,1/18/2020 20:00,,-41.07,,,,,,,,338.08,
2020-01-18 21:00:00,1/18/2020 21:00,,-41.24,,,,,,,,337.38,
2020-01-18 22:00:00,1/18/2020 22:00,,-41.46,,,,,,,,336.77,
2020-01-18 23:00:00,1/18/2020 23:00,,-41.65,,,,,,,,336.03,
2020-01-19 00:00:00,1/19/2020 0:00,,-42.06,,,,,,,,336.05,
2020-01-19 01:00:00,1/19/2020 1:00,,-41.96,,,,,,,,336.47,
2020-01-19 02:00:00,1/19/2020 2:00,,-40.44,,,,,,,,337.76,
2020-01-19 03:00:00,1/19/2020 3:00,,-35.51,,,,,,,,337.39,
2020-01-19 04:00:00,1/19/2020 4:00,,-33.27,,,,,,,,337.38,
2020-01-19 05:00:00,1/19/2020 5:00,,-32.93,,,,,,,,337.31,
2020-01-19 06:00:00,1/19/2020 6:00,,-33.18,,,,,,,,336.52,
2020-01-19 07:00:00,1/19/2020 7:00,,-34.77,,,,,,,,336.98,
2020-01-19 08:00:00,1/19/2020 8:00,,-35.39,,,,,,,,336.99,
2020-01-19 09:00:00,1/19/2020 9:00,,-35.47,,,,,,,,337.47,
2020-01-19 10:00:00,1/19/2020 10:00,,-34.93,,,,,,,,337.16,
2020-01-19 11:00:00,1/19/2020 11:00,,-36.36,,,,,,,,337.39,
2020-01-19 12:00:00,1/19/2020 12:00,,-37.3,,,,,,,,337.81,
2020-01-19 13:00:00,1/19/2020 13:00,,-40.35,,,,,,,,337.92,
2020-01-19 14:00:00,1/19/2020 14:00,,-40.69,,,,,,,,338.27,
2020-01-19 15:00:00,1/19/2020 15:00,,-41.11,,,,,,,,338.33,
2020-01-19 16:00:00,1/19/2020 16:00,,-41.08,,,,,,,,338.55,
2020-01-19 17:00:00,1/19/2020 17:00,,-41.29,,,,,,,,338.66,
2020-01-19 18:00:00,1/19/2020 18:00,,-41.45,,,,,,,,338.44,
2020-01-19 19:00:00,1/19/2020 19:00,,-41.65,,,,,,,,337.97,
2020-01-19 20:00:00,1/19/2020 20:00,,-41.86,,,,,,,,338.09,
2020-01-19 21:00:00,1/19/2020 21:00,,-41.95,,,,,,,,338.1,
2020-01-19 22:00:00,1/19/2020 22:00,,-42.3,,,,,,,,337.91,
2020-01-19 23:00:00,1/19/2020 23:00,,-42.43,,,,,,,,338.0,
2020-01-20 00:00:00,1/20/2020 0:00,,-42.7,,,,,,,,338.48,
2020-01-20 01:00:00,1/20/2020 1:00,,-43.2,,,,,,,,338.8,
2020-01-20 02:00:00,1/20/2020 2:00,,-35.46,,,,,,,,339.23,
2020-01-20 03:00:00,1/20/2020 3:00,,-28.21,,,,,,,,339.69,
2020-01-20 04:00:00,1/20/2020 4:00,,-25.7,,,,,,,,340.06,
2020-01-20 05:00:00,1/20/2020 5:00,,-26.37,,,,,,,,340.09,
2020-01-20 06:00:00,1/20/2020 6:00,,-27.35,,,,,,,,339.9367,
2020-01-20 07:00:00,1/20/2020 7:00,,-26.55,,,,,,,,339.6383,
2020-01-20 08:00:00,1/20/2020 8:00,,-26.45,,,,,,,,339.3867,
2020-01-20 09:00:00,1/20/2020 9:00,,-27.88,,,,,,,,339.365,
2020-01-20 10:00:00,1/20/2020 10:00,,-30.57,,,,,,,,339.5067,
2020-01-20 11:00:00,1/20/2020 11:00,,-33.86,,,,,,,,339.4733,
2020-01-20 12:00:00,1/20/2020 12:00,,-37.85,,,,,,,,339.3517,
2020-01-20 13:00:00,1/20/2020 13:00,,-39.82,,,,,,,,339.335,
2020-01-20 14:00:00,1/20/2020 14:00,,-39.84,,,,,,,,339.5083,
2020-01-20 15:00:00,1/20/2020 15:00,,-39.76,,,,,,,,339.8667,
2020-01-20 16:00:00,1/20/2020 16:00,,-39.6,,,,,,,,340.2166,
2020-01-20 17:00:00,1/20/2020 17:00,,-39.56,,,,,,,,340.3933,
2020-01-20 18:00:00,1/20/2020 18:00,,-39.53,,,,,,,,340.4267,
2020-01-20 19:00:00,1/20/2020 19:00,,-40.1,,,,,,,,340.115,
2020-01-20 20:00:00,1/20/2020 20:00,,-40.06,,,,,,,,339.8717,
2020-01-20 21:00:00,1/20/2020 21:00,,-40.19,,,,,,,,339.5933,
2020-01-20 22:00:00,1/20/2020 22:00,,-40.16,,,,,,,,339.3583,
2020-01-20 23:00:00,1/20/2020 23:00,,-40.21,,,,,,,,339.1583,
2020-01-21 00:00:00,1/21/2020 0:00,,-39.9,,,,,,,,339.32,
2020-01-21 01:00:00,1/21/2020 1:00,,-39.35,,,,,,,,339.9283,
2020-01-21 02:00:00,1/21/2020 2:00,,-38.65,,,,,,,,340.215,
2020-01-21 03:00:00,1/21/2020 3:00,,-37.97,,,,,,,,340.9217,
2020-01-21 04:00:00,1/21/2020 4:00,,-37.13,,,,,,,,341.05,
2020-01-21 05:00:00,1/21/2020 5:00,,-35.93,,,,,,,,341.5017,
2020-01-21 06:00:00,1/21/2020 6:00,,-35.04,,,,,,,,341.5,
2020-01-21 07:00:00,1/21/2020 7:00,,-34.0,,,,,,,,341.545,
2020-01-21 08:00:00,1/21/2020 8:00,,-33.65,,,,,,,,341.055,
2020-01-21 09:00:00,1/21/2020 9:00,,-33.87,,,,,,,,341.182,
2020-01-21 10:00:00,1/21/2020 10:00,,-34.7,,,,,,,,341.1583,
2020-01-21 11:00:00,1/21/2020 11:00,,-35.28,,,,,,,,341.3017,
2020-01-21 12:00:00,1/21/2020 12:00,,-37.0,,,,,,,,341.2533,
2020-01-21 13:00:00,1/21/2020 13:00,,-37.91,,,,,,,,341.3933,
2020-01-21 14:00:00,1/21/2020 14:00,,-38.47,,,,,,,,341.735,
2020-01-21 15:00:00,1/21/2020 15:00,,-39.19,,,,,,,,341.9716,
2020-01-21 16:00:00,1/21/2020 16:00,,-39.86,,,,,,,,341.6967,
2020-01-21 17:00:00,1/21/2020 17:00,,-40.84,,,,,,,,341.8233,
2020-01-21 18:00:00,1/21/2020 18:00,,-41.13,,,,,,,,341.61,
2020-01-21 19:00:00,1/21/2020 19:00,,-41.19,,,,,,,,341.31,
2020-01-21 20:00:00,1/21/2020 20:00,,-41.12,,,,,,,,340.785,
2020-01-21 21:00:00,1/21/2020 21:00,,-41.05,,,,,,,,340.825,
2020-01-21 22:00:00,1/21/2020 22:00,,-41.46,,,,,,,,340.4467,
2020-01-21 23:00:00,1/21/2020 23:00,,-41.51,,,,,,,,340.44,
2020-01-22 00:00:00,1/22/2020 0:00,,-41.47,,,,,,,,340.18,
2020-01-22 01:00:00,1/22/2020 1:00,,-41.53,,,,,,,,340.63,
2020-01-22 02:00:00,1/22/2020 2:00,,-34.37,,,,,,,,340.9983,
2020-01-22 03:00:00,1/22/2020 3:00,,-25.27,,,,,,,,341.6733,
2020-01-22 04:00:00,1/22/2020 4:00,,-21.87,,,,,,,,342.325,
2020-01-22 05:00:00,1/22/2020 5:00,,-24.76,,,,,,,,342.5983,
2020-01-22 06:00:00,1/22/2020 6:00,,-24.59,,,,,,,,342.72,
2020-01-22 07:00:00,1/22/2020 7:00,,-25.5,,,,,,,,342.4016,
2020-01-22 08:00:00,1/22/2020 8:00,,-26.07,,,,,,,,342.065,
2020-01-22 09:00:00,1/22/2020 9:00,,-27.32,,,,,,,,341.6583,
2020-01-22 10:00:00,1/22/2020 10:00,,-27.97,,,,,,,,341.6067,
2020-01-22 11:00:00,1/22/2020 11:00,,-29.94,,,,,,,,341.7233,
2020-01-22 12:00:00,1/22/2020 12:00,,-34.4,,,,,,,,341.95,
2020-01-22 13:00:00,1/22/2020 13:00,,-37.45,,,,,,,,341.7533,
2020-01-22 14:00:00,1/22/2020 14:00,,-37.99,,,,,,,,341.97,
2020-01-22 15:00:00,1/22/2020 15:00,,-38.52,,,,,,,,342.1316,
2020-01-22 16:00:00,1/22/2020 16:00,,-39.19,,,,,,,,342.2183,
2020-01-22 17:00:00,1/22/2020 17:00,,-39.66,,,,,,,,341.9867,
2020-01-22 18:00:00,1/22/2020 18:00,,-40.28,,,,,,,,341.3217,
2020-01-22 19:00:00,1/22/2020 19:00,,-40.68,,,,,,,,341.2967,
2020-01-22 20:00:00,1/22/2020 20:00,,-40.71,,,,,,,,340.6217,
2020-01-22 21:00:00,1/22/2020 21:00,,-40.69,,,,,,,,340.05,
2020-01-22 22:00:00,1/22/2020 22:00,,-40.84,,,,,,,,339.8133,
2020-01-22 23:00:00,1/22/2020 23:00,,-40.93,,,,,,,,339.4083,
2020-01-23 00:00:00,1/23/2020 0:00,,-41.11,,,,,,,,339.445,
2020-01-23 01:00:00,1/23/2020 1:00,,-41.4,,,,,,,,339.405,
2020-01-23 02:00:00,1/23/2020 2:00,,-31.37,,,,,,,,339.6067,
2020-01-23 03:00:00,1/23/2020 3:00,,-23.11,,,,,,,,339.7017,
2020-01-23 04:00:00,1/23/2020 4:00,,-21.39,,,,,,,,339.6583,
2020-01-23 05:00:00,1/23/2020 5:00,,-22.5,,,,,,,,339.7067,
2020-01-23 06:00:00,1/23/2020 6:00,,-23.29,,,,,,,,338.945,
2020-01-23 07:00:00,1/23/2020 7:00,,-23.55,,,,,,,,338.456,
2020-01-23 08:00:00,1/23/2020 8:00,,-27.68,,,,,,,,337.835,
2020-01-23 09:00:00,1/23/2020 9:00,,-27.91,,,,,,,,337.51,
2020-01-23 10:00:00,1/23/2020 10:00,,-30.1,,,,,,,,337.4233,
2020-01-23 11:00:00,1/23/2020 11:00,,-32.01,,,,,,,,337.39,
2020-01-23 12:00:00,1/23/2020 12:00,,-34.97,,,,,,,,337.5767,
2020-01-23 13:00:00,1/23/2020 13:00,,-37.69,,,,,,,,338.04,
2020-01-23 14:00:00,1/23/2020 14:00,,-37.66,,,,,,,,338.6267,
2020-01-23 15:00:00,1/23/2020 15:00,,-37.97,,,,,,,,338.675,
2020-01-23 16:00:00,1/23/2020 16:00,,-38.49,,,,,,,,339.1683,
2020-01-23 17:00:00,1/23/2020 17:00,,-38.66,,,,,,,,339.1467,
2020-01-23 18:00:00,1/23/2020 18:00,,-38.97,,,,,,,,339.3383,
2020-01-23 19:00:00,1/23/2020 19:00,,-39.25,,,,,,,,338.895,
2020-01-23 20:00:00,1/23/2020 20:00,,-39.55,,,,,,,,339.1333,
2020-01-23 21:00:00,1/23/2020 21:00,,-39.67,,,,,,,,338.6933,
2020-01-23 22:00:00,1/23/2020 22:00,,-39.87,,,,,,,,338.5233,
2020-01-23 23:00:00,1/23/2020 23:00,,-40.01,,,,,,,,338.3183,
2020-01-24 00:00:00,1/24/2020 0:00,,-40.44,,,,,,,,338.4167,
2020-01-24 01:00:00,1/24/2020 1:00,,-40.91,,,,,,,,338.5866,
2020-01-24 02:00:00,1/24/2020 2:00,,-33.69,,,,,,,,339.0383,
2020-01-24 03:00:00,1/24/2020 3:00,,-26.95,,,,,,,,339.535,
2020-01-24 04:00:00,1/24/2020 4:00,,-25.87,,,,,,,,339.8667,
2020-01-24 05:00:00,1/24/2020 5:00,,-27.18,,,,,,,,340.115,
2020-01-24 06:00:00,1/24/2020 6:00,,-28.49,,,,,,,,339.9333,
2020-01-24 07:00:00,1/24/2020 7:00,,-30.16,,,,,,,,339.545,
2020-01-24 08:00:00,1/24/2020 8:00,,-30.09,,,,,,,,339.5883,
2020-01-24 09:00:00,1/24/2020 9:00,,-30.08,,,,,,,,339.6517,
2020-01-24 10:00:00,1/24/2020 10:00,,-30.91,,,,,,,,339.5016,
2020-01-24 11:00:00,1/24/2020 11:00,,-35.11,,,,,,,,339.6233,
2020-01-24 12:00:00,1/24/2020 12:00,,-39.07,,,,,,,,340.3117,
2020-01-24 13:00:00,1/24/2020 13:00,,-41.07,,,,,,,,340.5316,
2020-01-24 14:00:00,1/24/2020 14:00,,-41.53,,,,,,,,340.7033,
2020-01-24 15:00:00,1/24/2020 15:00,,-41.98,,,,,,,,341.3283,
2020-01-24 16:00:00,1/24/2020 16:00,,-42.54,,,,,,,,341.5933,
2020-01-24 17:00:00,1/24/2020 17:00,,-42.54,,,,,,,,341.6617,
2020-01-24 18:00:00,1/24/2020 18:00,,-42.64,,,,,,,,341.8966,
2020-01-24 19:00:00,1/24/2020 19:00,,-43.09,,,,,,,,341.7917,
2020-01-24 20:00:00,1/24/2020 20:00,,-42.32,,,,,,,,341.8667,
2020-01-24 21:00:00,1/24/2020 21:00,,-42.15,,,,,,,,341.535,
2020-01-24 22:00:00,1/24/2020 22:00,,-42.31,,,,,,,,341.485,
2020-01-24 23:00:00,1/24/2020 23:00,,-42.21,,,,,,,,341.2433,
2020-01-25 00:00:00,1/25/2020 0:00,,-42.16,,,,,,,,341.2716,
2020-01-25 01:00:00,1/25/2020 1:00,,-42.27,,,,,,,,341.3133,
2020-01-25 02:00:00,1/25/2020 2:00,,-32.14,,,,,,,,341.8367,
2020-01-25 03:00:00,1/25/2020 3:00,,-20.95,,,,,,,,342.4817,
2020-01-25 04:00:00,1/25/2020 4:00,,-18.23,,,,,,,,342.7433,
2020-01-25 05:00:00,1/25/2020 5:00,,-22.86,,,,,,,,342.7867,
2020-01-25 06:00:00,1/25/2020 6:00,,-22.67,,,,,,,,342.4266,
2020-01-25 07:00:00,1/25/2020 7:00,,-26.39,,,,,,,,341.9233,
2020-01-25 08:00:00,1/25/2020 8:00,,-25.49,,,,,,,,341.4983,
2020-01-25 09:00:00,1/25/2020 9:00,,-24.79,,,,,,,,341.232,
2020-01-25 10:00:00,1/25/2020 10:00,,-26.76,,,,,,,,341.2967,
2020-01-25 11:00:00,1/25/2020 11:00,,-30.01,,,,,,,,341.2417,
2020-01-25 12:00:00,1/25/2020 12:00,,-33.35,,,,,,,,341.3466,
2020-01-25 13:00:00,1/25/2020 13:00,,-36.95,,,,,,,,341.368,
2020-01-25 14:00:00,1/25/2020 14:00,,-37.82,,,,,,,,341.5483,
2020-01-25 15:00:00,1/25/2020 15:00,,-38.52,,,,,,,,341.635,
2020-01-25 16:00:00,1/25/2020 16:00,,-38.92,,,,,,,,341.545,
2020-01-25 17:00:00,1/25/2020 17:00,,-39.77,,,,,,,,341.5066,
2020-01-25 18:00:00,1/25/2020 18:00,,-40.12,,,,,,,,341.1067,
2020-01-25 19:00:00,1/25/2020 19:00,,-40.12,,,,,,,,340.8117,
2020-01-25 20:00:00,1/25/2020 20:00,,-40.14,,,,,,,,340.405,
2020-01-25 21:00:00,1/25/2020 21:00,,-39.95,,,,,,,,339.845,
2020-01-25 22:00:00,1/25/2020 22:00,,-39.86,,,,,,,,339.555,
2020-01-25 23:00:00,1/25/2020 23:00,,-39.66,,,,,,,,339.3517,
2020-01-26 00:00:00,1/26/2020 0:00,,-39.44,,,,,,,,339.1983,
2020-01-26 01:00:00,1/26/2020 1:00,,-39.15,,,,,,,,339.8466,
2020-01-26 02:00:00,1/26/2020 2:00,,-30.35,,,,,,,,340.2283,
2020-01-26 03:00:00,1/26/2020 3:00,,-23.59,,,,,,,,340.52,
2020-01-26 04:00:00,1/26/2020 4:00,,-22.26,,,,,,,,340.6117,
2020-01-26 05:00:00,1/26/2020 5:00,,-24.78,,,,,,,,340.41,
2020-01-26 06:00:00,1/26/2020 6:00,,-25.21,,,,,,,,340.782,
2020-01-26 07:00:00,1/26/2020 7:00,,-27.55,,,,,,,,340.34,
2020-01-26 08:00:00,1/26/2020 8:00,,-28.84,,,,,,,,339.7817,
2020-01-26 09:00:00,1/26/2020 9:00,,-28.88,,,,,,,,339.7367,
2020-01-26 10:00:00,1/26/2020 10:00,,-29.29,,,,,,,,340.005,
2020-01-26 11:00:00,1/26/2020 11:00,,-33.46,,,,,,,,340.5883,
2020-01-26 12:00:00,1/26/2020 12:00,,-34.69,,,,,,,,340.72,
2020-01-26 13:00:00,1/26/2020 13:00,,-35.46,,,,,,,,340.806,
2020-01-26 14:00:00,1/26/2020 14:00,,-35.81,,,,,,,,341.275,
2020-01-26 15:00:00,1/26/2020 15:00,,-35.89,,,,,,,,341.365,
2020-01-26 16:00:00,1/26/2020 16:00,,-36.1,,,,,,,,341.375,
2020-01-26 17:00:00,1/26/2020 17:00,,-36.48,,,,,,,,341.0433,
2020-01-26 18:00:00,1/26/2020 18:00,,-36.32,,,,,,,,341.5233,
2020-01-26 19:00:00,1/26/2020 19:00,,-36.55,,,,,,,,341.2667,
2020-01-26 20:00:00,1/26/2020 20:00,,-36.43,,,,,,,,340.88,
2020-01-26 21:00:00,1/26/2020 21:00,,-36.42,,,,,,,,341.1667,
2020-01-26 22:00:00,1/26/2020 22:00,,-36.03,,,,,,,,341.2766,
2020-01-26 23:00:00,1/26/2020 23:00,,-35.89,,,,,,,,341.2733,
2020-01-27 00:00:00,1/27/2020 0:00,,-36.02,,,,,,,,341.4066,
2020-01-27 01:00:00,1/27/2020 1:00,,-36.43,,,,,,,,341.2717,
2020-01-27 02:00:00,1/27/2020 2:00,,-28.56,,,,,,,,341.875,
2020-01-27 03:00:00,1/27/2020 3:00,,-23.53,,,,,,,,342.0767,
2020-01-27 04:00:00,1/27/2020 4:00,,-21.96,,,,,,,,341.735,
2020-01-27 05:00:00,1/27/2020 5:00,,-24.55,,,,,,,,342.3333,
2020-01-27 06:00:00,1/27/2020 6:00,,-25.41,,,,,,,,341.855,
2020-01-27 07:00:00,1/27/2020 7:00,,-28.28,,,,,,,,341.85,
2020-01-27 08:00:00,1/27/2020 8:00,,-28.8,,,,,,,,341.0433,
2020-01-27 09:00:00,1/27/2020 9:00,,-26.67,,,,,,,,340.8033,
2020-01-27 10:00:00,1/27/2020 10:00,,-27.25,,,,,,,,340.665,
2020-01-27 11:00:00,1/27/2020 11:00,,-30.46,,,,,,,,340.5183,
2020-01-27 12:00:00,1/27/2020 12:00,,-33.02,,,,,,,,340.6083,
2020-01-27 13:00:00,1/27/2020 13:00,,-35.62,,,,,,,,340.3416,
2020-01-27 14:00:00,1/27/2020 14:00,,-35.47,,,,,,,,340.99,
2020-01-27 15:00:00,1/27/2020 15:00,,-35.16,,,,,,,,341.0433,
2020-01-27 16:00:00,1/27/2020 16:00,,-34.72,,,,,,,,341.6716,
2020-01-27 17:00:00,1/27/2020 17:00,,-35.21,,,,,,,,341.5417,
2020-01-27 18:00:00,1/27/2020 18:00,,-35.8,,,,,,,,341.4983,
2020-01-27 19:00:00,1/27/2020 19:00,,-36.29,,,,,,,,341.0217,
2020-01-27 20:00:00,1/27/2020 20:00,,-36.9,,,,,,,,340.795,
2020-01-27 21:00:00,1/27/2020 21:00,,-37.23,,,,,,,,340.645,
2020-01-27 22:00:00,1/27/2020 22:00,,-37.43,,,,,,,,340.2983,
2020-01-27 23:00:00,1/27/2020 23:00,,-37.43,,,,,,,,340.295,
2020-01-28 00:00:00,1/28/2020 0:00,,-37.46,,,,,,,,340.2583,
2020-01-28 01:00:00,1/28/2020 1:00,,-37.06,,,,,,,,340.7033,
2020-01-28 02:00:00,1/28/2020 2:00,,-29.71,,,,,,,,341.0316,
2020-01-28 03:00:00,1/28/2020 3:00,,-23.16,,,,,,,,341.7983,
2020-01-28 04:00:00,1/28/2020 4:00,,-21.43,,,,,,,,342.065,
2020-01-28 05:00:00,1/28/2020 5:00,,-24.39,,,,,,,,342.6233,
2020-01-28 06:00:00,1/28/2020 6:00,,-24.74,,,,,,,,342.9733,
2020-01-28 07:00:00,1/28/2020 7:00,,-28.24,,,,,,,,342.67,
2020-01-28 08:00:00,1/28/2020 8:00,,-29.46,,,,,,,,342.9917,
2020-01-28 09:00:00,1/28/2020 9:00,,-27.76,,,,,,,,343.0983,
2020-01-28 10:00:00,1/28/2020 10:00,,-27.96,,,,,,,,343.455,
2020-01-28 11:00:00,1/28/2020 11:00,,-32.42,,,,,,,,343.5183,
2020-01-28 12:00:00,1/28/2020 12:00,,-33.56,,,,,,,,343.2533,
2020-01-28 13:00:00,1/28/2020 13:00,,-34.4,,,,,,,,343.1917,
2020-01-28 14:00:00,1/28/2020 14:00,,-34.95,,,,,,,,343.485,
2020-01-28 15:00:00,1/28/2020 15:00,,-35.24,,,,,,,,343.3816,
2020-01-28 16:00:00,1/28/2020 16:00,,-35.44,,,,,,,,343.8966,
2020-01-28 17:00:00,1/28/2020 17:00,,-35.19,,,,,,,,343.6083,
2020-01-28 18:00:00,1/28/2020 18:00,,-34.96,,,,,,,,343.7233,
2020-01-28 19:00:00,1/28/2020 19:00,,-35.12,,,,,,,,342.48,
2020-01-28 20:00:00,1/28/2020 20:00,,-35.03,,,,,,,,342.71,
2020-01-28 21:00:00,1/28/2020 21:00,,-35.1,,,,,,,,342.7083,
2020-01-28 22:00:00,1/28/2020 22:00,,-35.55,,,,,,,,342.2616,
2020-01-28 23:00:00,1/28/2020 23:00,,-35.55,,,,,,,,342.2383,
2020-01-29 00:00:00,1/29/2020 0:00,,-36.28,,,,,,,,341.3267,
2020-01-29 01:00:00,1/29/2020 1:00,,-37.32,,,,,,,,341.1367,
2020-01-29 02:00:00,1/29/2020 2:00,,-33.91,,,,,,,,341.6433,
2020-01-29 03:00:00,1/29/2020 3:00,,-30.59,,,,,,,,341.4967,
2020-01-29 04:00:00,1/29/2020 4:00,,-27.76,,,,,,,,341.9533,
2020-01-29 05:00:00,1/29/2020 5:00,,-27.99,,,,,,,,342.415,
2020-01-29 06:00:00,1/29/2020 6:00,,-28.33,,,,,,,,342.5383,
2020-01-29 07:00:00,1/29/2020 7:00,,-29.14,,,,,,,,342.2616,
2020-01-29 08:00:00,1/29/2020 8:00,,-29.58,,,,,,,,342.2983,
2020-01-29 09:00:00,1/29/2020 9:00,,-29.71,,,,,,,,341.2567,
2020-01-29 10:00:00,1/29/2020 10:00,,-30.61,,,,,,,,341.53,
2020-01-29 11:00:00,1/29/2020 11:00,,-33.23,,,,,,,,341.0283,
2020-01-29 12:00:00,1/29/2020 12:00,,-35.11,,,,,,,,341.694,
2020-01-29 13:00:00,1/29/2020 13:00,,-37.28,,,,,,,,341.285,
2020-01-29 14:00:00,1/29/2020 14:00,,-37.74,,,,,,,,341.4933,
2020-01-29 15:00:00,1/29/2020 15:00,,-38.05,,,,,,,,341.0783,
2020-01-29 16:00:00,1/29/2020 16:00,,-38.25,,,,,,,,341.645,
2020-01-29 17:00:00,1/29/2020 17:00,,-38.32,,,,,,,,341.3983,
2020-01-29 18:00:00,1/29/2020 18:00,,-38.47,,,,,,,,340.7667,
2020-01-29 19:00:00,1/29/2020 19:00,,-38.77,,,,,,,,340.925,
2020-01-29 20:00:00,1/29/2020 20:00,,-39.26,,,,,,,,340.5,
2020-01-29 21:00:00,1/29/2020 21:00,,-39.73,,,,,,,,340.0467,
2020-01-29 22:00:00,1/29/2020 22:00,,-40.06,,,,,,,,339.1783,
2020-01-29 23:00:00,1/29/2020 23:00,,-40.36,,,,,,,,339.13,
2020-01-30 00:00:00,1/30/2020 0:00,,-40.42,,,,,,,,338.89,
2020-01-30 01:00:00,1/30/2020 1:00,,-40.5,,,,,,,,338.9817,
2020-01-30 02:00:00,1/30/2020 2:00,,-33.94,,,,,,,,339.035,
2020-01-30 03:00:00,1/30/2020 3:00,,-29.61,,,,,,,,339.1317,
2020-01-30 04:00:00,1/30/2020 4:00,,-27.4,,,,,,,,338.9825,
2020-01-30 05:00:00,1/30/2020 5:00,,-28.44,,,,,,,,339.63,
2020-01-30 06:00:00,1/30/2020 6:00,,-27.31,,,,,,,,339.4083,
2020-01-30 07:00:00,1/30/2020 7:00,,-27.86,,,,,,,,339.0767,
2020-01-30 08:00:00,1/30/2020 8:00,,-26.21,,,,,,,,338.8617,
2020-01-30 09:00:00,1/30/2020 9:00,,-24.52,,,,,,,,338.695,
2020-01-30 10:00:00,1/30/2020 10:00,,-27.69,,,,,,,,338.535,
2020-01-30 11:00:00,1/30/2020 11:00,,-31.43,,,,,,,,338.48,
2020-01-30 12:00:00,1/30/2020 12:00,,-35.2,,,,,,,,338.7917,
2020-01-30 13:00:00,1/30/2020 13:00,,-38.72,,,,,,,,339.085,
2020-01-30 14:00:00,1/30/2020 14:00,,-39.15,,,,,,,,339.4267,
2020-01-30 15:00:00,1/30/2020 15:00,,-39.23,,,,,,,,339.54,
2020-01-30 16:00:00,1/30/2020 16:00,,-39.51,,,,,,,,339.6617,
2020-01-30 17:00:00,1/30/2020 17:00,,-39.69,,,,,,,,339.6367,
2020-01-30 18:00:00,1/30/2020 18:00,,-39.88,,,,,,,,339.46,
2020-01-30 19:00:00,1/30/2020 19:00,,-40.0,,,,,,,,339.2083,
2020-01-30 20:00:00,1/30/2020 20:00,,-39.93,,,,,,,,338.8067,
2020-01-30 21:00:00,1/30/2020 21:00,,-40.33,,,,,,,,338.4167,
2020-01-30 22:00:00,1/30/2020 22:00,,-40.48,,,,,,,,338.48,
2020-01-30 23:00:00,1/30/2020 23:00,,-40.56,,,,,,,,338.54,
2020-01-31 00:00:00,1/31/2020 0:00,,-40.36,,,,,,,,339.175,
2020-01-31 01:00:00,1/31/2020 1:00,,-40.21,,,,,,,,339.76,
2020-01-31 02:00:00,1/31/2020 2:00,,-30.13,,,,,,,,340.4167,
2020-01-31 03:00:00,1/31/2020 3:00,,-22.95,,,,,,,,341.065,
2020-01-31 04:00:00,1/31/2020 4:00,,-19.9,,,,,,,,341.245,
2020-01-31 05:00:00,1/31/2020 5:00,,-23.97,,,,,,,,341.4617,
2020-01-31 06:00:00,1/31/2020 6:00,,-24.6,,,,,,,,341.45,
2020-01-31 07:00:00,1/31/2020 7:00,,-27.17,,,,,,,,341.295,
2020-01-31 08:00:00,1/31/2020 8:00,,-27.72,,,,,,,,341.0567,
2020-01-31 09:00:00,1/31/2020 9:00,,-26.24,,,,,,,,341.145,
2020-01-31 10:00:00,1/31/2020 10:00,,-26.73,,,,,,,,340.9167,
2020-01-31 11:00:00,1/31/2020 11:00,,-31.55,,,,,,,,340.895,
2020-01-31 12:00:00,1/31/2020 12:00,,-34.88,,,,,,,,341.102,
2020-01-31 13:00:00,1/31/2020 13:00,,-38.24,,,,,,,,340.9783,
2020-01-31 14:00:00,1/31/2020 14:00,,-39.05,,,,,,,,341.0717,
2020-01-31 15:00:00,1/31/2020 15:00,,-39.73,,,,,,,,341.3133,
2020-01-31 16:00:00,1/31/2020 16:00,,-39.85,,,,,,,,341.125,
2020-01-31 17:00:00,1/31/2020 17:00,,-39.81,,,,,,,,340.7383,
2020-01-31 18:00:00,1/31/2020 18:00,,-39.86,,,,,,,,340.2033,
2020-01-31 19:00:00,1/31/2020 19:00,,-40.01,,,,,,,,339.845,
2020-01-31 20:00:00,1/31/2020 20:00,,-40.1,,,,,,,,339.4383,
2020-01-31 21:00:00,1/31/2020 21:00,,-40.36,,,,,,,,338.73,
2020-01-31 22:00:00,1/31/2020 22:00,,-40.57,,,,,,,,337.8416,
2020-01-31 23:00:00,1/31/2020 23:00,,-40.68,,,,,,,,337.895,
2020-02-01 00:00:00,2/1/2020 0:00,,-40.95,,,,,,,,337.7833,
2020-02-01 01:00:00,2/1/2020 1:00,,-41.09,,,,,,,,337.6383,
2020-02-01 02:00:00,2/1/2020 2:00,,-38.44,,,,,,,,337.6566,
2020-02-01 03:00:00,2/1/2020 3:00,,-34.57,,,,,,,,337.9267,
2020-02-01 04:00:00,2/1/2020 4:00,,-32.03,,,,,,,,338.2517,
2020-02-01 05:00:00,2/1/2020 5:00,,-31.28,,,,,,,,338.5483,
2020-02-01 06:00:00,2/1/2020 6:00,,-31.26,,,,,,,,338.5367,
2020-02-01 07:00:00,2/1/2020 7:00,,-32.39,,,,,,,,338.3833,
2020-02-01 08:00:00,2/1/2020 8:00,,-32.8,,,,,,,,338.0983,
2020-02-01 09:00:00,2/1/2020 9:00,,-33.47,,,,,,,,337.9767,
2020-02-01 10:00:00,2/1/2020 10:00,,-34.59,,,,,,,,338.12,
2020-02-01 11:00:00,2/1/2020 11:00,,-37.16,,,,,,,,337.4483,
2020-02-01 12:00:00,2/1/2020 12:00,,-39.18,,,,,,,,337.7583,
2020-02-01 13:00:00,2/1/2020 13:00,,-41.74,,,,,,,,337.55,
2020-02-01 14:00:00,2/1/2020 14:00,,-42.23,,,,,,,,338.1367,
2020-02-01 15:00:00,2/1/2020 15:00,,-42.41,,,,,,,,338.1,
2020-02-01 16:00:00,2/1/2020 16:00,,-42.65,,,,,,,,338.2583,
2020-02-01 17:00:00,2/1/2020 17:00,,-42.87,,,,,,,,338.1683,
2020-02-01 18:00:00,2/1/2020 18:00,,-42.43,,,,,,,,337.6117,
2020-02-01 19:00:00,2/1/2020 19:00,,-42.14,,,,,,,,337.27,
2020-02-01 20:00:00,2/1/2020 20:00,,-42.15,,,,,,,,337.3267,
2020-02-01 21:00:00,2/1/2020 21:00,,-42.41,,,,,,,,337.3183,
2020-02-01 22:00:00,2/1/2020 22:00,,-42.34,,,,,,,,337.49,
2020-02-01 23:00:00,2/1/2020 23:00,,-42.16,,,,,,,,337.7166,
2020-02-02 00:00:00,2/2/2020 0:00,,-41.63,,,,,,,,338.135,
2020-02-02 01:00:00,2/2/2020 1:00,,-41.49,,,,,,,,338.4817,
2020-02-02 02:00:00,2/2/2020 2:00,,-31.08,,,,,,,,339.1967,
2020-02-02 03:00:00,2/2/2020 3:00,,-23.43,,,,,,,,339.7467,
2020-02-02 04:00:00,2/2/2020 4:00,,-19.78,,,,,,,,340.3167,
2020-02-02 05:00:00,2/2/2020 5:00,,-23.38,,,,,,,,340.7033,
2020-02-02 06:00:00,2/2/2020 6:00,,-23.73,,,,,,,,340.8466,
2020-02-02 07:00:00,2/2/2020 7:00,,-26.93,,,,,,,,340.9417,
2020-02-02 08:00:00,2/2/2020 8:00,,-26.76,,,,,,,,340.7067,
2020-02-02 09:00:00,2/2/2020 9:00,,-25.73,,,,,,,,341.1483,
2020-02-02 10:00:00,2/2/2020 10:00,,-28.19,,,,,,,,341.1917,
2020-02-02 11:00:00,2/2/2020 11:00,,-31.64,,,,,,,,341.4566,
2020-02-02 12:00:00,2/2/2020 12:00,,-34.04,,,,,,,,341.6333,
2020-02-02 13:00:00,2/2/2020 13:00,,-37.32,,,,,,,,341.885,
2020-02-02 14:00:00,2/2/2020 14:00,,-38.2,,,,,,,,342.305,
2020-02-02 15:00:00,2/2/2020 15:00,,-38.66,,,,,,,,342.505,
2020-02-02 16:00:00,2/2/2020 16:00,,-39.17,,,,,,,,342.835,
2020-02-02 17:00:00,2/2/2020 17:00,,-39.59,,,,,,,,342.9666,
2020-02-02 18:00:00,2/2/2020 18:00,,-39.13,,,,,,,,342.7467,
2020-02-02 19:00:00,2/2/2020 19:00,,-39.0,,,,,,,,342.4983,
2020-02-02 20:00:00,2/2/2020 20:00,,-39.29,,,,,,,,342.1333,
2020-02-02 21:00:00,2/2/2020 21:00,,-40.2,,,,,,,,342.095,
2020-02-02 22:00:00,2/2/2020 22:00,,-40.71,,,,,,,,341.72,
2020-02-02 23:00:00,2/2/2020 23:00,,-40.89,,,,,,,,341.5183,
2020-02-03 00:00:00,2/3/2020 0:00,,-40.88,,,,,,,,341.5633,
2020-02-03 01:00:00,2/3/2020 1:00,,-40.9,,,,,,,,341.9666,
2020-02-03 02:00:00,2/3/2020 2:00,,-29.62,,,,,,,,342.2616,
2020-02-03 03:00:00,2/3/2020 3:00,,-22.04,,,,,,,,342.73,
2020-02-03 04:00:00,2/3/2020 4:00,,-20.4,,,,,,,,343.1533,
2020-02-03 05:00:00,2/3/2020 5:00,,-21.67,,,,,,,,343.4583,
2020-02-03 06:00:00,2/3/2020 6:00,,-22.53,,,,,,,,343.3383,
2020-02-03 07:00:00,2/3/2020 7:00,,-26.24,,,,,,,,342.98,
2020-02-03 08:00:00,2/3/2020 8:00,,-26.52,,,,,,,,342.5616,
2020-02-03 09:00:00,2/3/2020 9:00,,-26.82,,,,,,,,342.6633,
2020-02-03 10:00:00,2/3/2020 10:00,,-25.27,,,,,,,,342.4117,
2020-02-03 11:00:00,2/3/2020 11:00,,-31.52,,,,,,,,342.2633,
2020-02-03 12:00:00,2/3/2020 12:00,,-35.33,,,,,,,,342.2166,
2020-02-03 13:00:00,2/3/2020 13:00,,-38.1,,,,,,,,342.3,
2020-02-03 14:00:00,2/3/2020 14:00,,-38.95,,,,,,,,342.4633,
2020-02-03 15:00:00,2/3/2020 15:00,,-39.47,,,,,,,,342.7716,
2020-02-03 16:00:00,2/3/2020 16:00,,-39.83,,,,,,,,342.8183,
2020-02-03 17:00:00,2/3/2020 17:00,,-39.7,,,,,,,,342.92,
2020-02-03 18:00:00,2/3/2020 18:00,,-39.67,,,,,,,,342.6967,
2020-02-03 19:00:00,2/3/2020 19:00,,-39.43,,,,,,,,342.595,
2020-02-03 20:00:00,2/3/2020 20:00,,-38.64,,,,,,,,342.4933,
2020-02-03 21:00:00,2/3/2020 21:00,,-38.03,,,,,,,,342.1083,
2020-02-03 22:00:00,2/3/2020 22:00,,-38.29,,,,,,,,341.9233,
2020-02-03 23:00:00,2/3/2020 23:00,,-38.37,,,,,,,,341.8133,
2020-02-04 00:00:00,2/4/2020 0:00,,-38.31,,,,,,,,341.9817,
2020-02-04 01:00:00,2/4/2020 1:00,,-38.17,,,,,,,,342.2616,
2020-02-04 02:00:00,2/4/2020 2:00,,-29.22,,,,,,,,342.4716,
2020-02-04 03:00:00,2/4/2020 3:00,,-24.16,,,,,,,,342.6333,
2020-02-04 04:00:00,2/4/2020 4:00,,-22.75,,,,,,,,342.675,
2020-02-04 05:00:00,2/4/2020 5:00,,-25.16,,,,,,,,342.9083,
2020-02-04 06:00:00,2/4/2020 6:00,,-26.46,,,,,,,,342.755,
2020-02-04 07:00:00,2/4/2020 7:00,,-30.27,,,,,,,,342.31,
2020-02-04 08:00:00,2/4/2020 8:00,,-30.61,,,,,,,,341.7666,
2020-02-04 09:00:00,2/4/2020 9:00,,-30.77,,,,,,,,340.835,
2020-02-04 10:00:00,2/4/2020 10:00,,-31.04,,,,,,,,340.8183,
2020-02-04 11:00:00,2/4/2020 11:00,,-36.04,,,,,,,,340.5367,
2020-02-04 12:00:00,2/4/2020 12:00,,-38.1,,,,,,,,340.2033,
2020-02-04 13:00:00,2/4/2020 13:00,,-39.31,,,,,,,,340.205,
2020-02-04 14:00:00,2/4/2020 14:00,,-39.88,,,,,,,,340.3217,
2020-02-04 15:00:00,2/4/2020 15:00,,-40.55,,,,,,,,340.4983,
2020-02-04 16:00:00,2/4/2020 16:00,,-41.0,,,,,,,,340.6383,
2020-02-04 17:00:00,2/4/2020 17:00,,-41.26,,,,,,,,340.0883,
2020-02-04 18:00:00,2/4/2020 18:00,,-41.49,,,,,,,,340.1683,
2020-02-04 19:00:00,2/4/2020 19:00,,-41.93,,,,,,,,339.5783,
2020-02-04 20:00:00,2/4/2020 20:00,,-42.24,,,,,,,,339.125,
2020-02-04 21:00:00,2/4/2020 21:00,,-42.38,,,,,,,,338.735,
2020-02-04 22:00:00,2/4/2020 22:00,,-42.14,,,,,,,,338.1483,
2020-02-04 23:00:00,2/4/2020 23:00,,-42.25,,,,,,,,337.7883,
2020-02-05 00:00:00,2/5/2020 0:00,,-42.24,,,,,,,,337.7567,
2020-02-05 01:00:00,2/5/2020 1:00,,-42.09,,,,,,,,337.9616,
2020-02-05 02:00:00,2/5/2020 2:00,,-31.32,,,,,,,,338.2917,
2020-02-05 03:00:00,2/5/2020 3:00,,-23.6,,,,,,,,338.2433,
2020-02-05 04:00:00,2/5/2020 4:00,,-23.18,,,,,,,,338.838,
2020-02-05 05:00:00,2/5/2020 5:00,,-24.54,,,,,,,,339.2317,
2020-02-05 06:00:00,2/5/2020 6:00,,-22.09,,,,,,,,339.3317,
2020-02-05 07:00:00,2/5/2020 7:00,,-23.13,,,,,,,,339.2166,
2020-02-05 08:00:00,2/5/2020 8:00,,-26.04,,,,,,,,339.4317,
2020-02-05 09:00:00,2/5/2020 9:00,,-28.13,,,,,,,,339.3867,
2020-02-05 10:00:00,2/5/2020 10:00,,-29.79,,,,,,,,340.1483,
2020-02-05 11:00:00,2/5/2020 11:00,,-33.36,,,,,,,,340.63,
2020-02-05 12:00:00,2/5/2020 12:00,,-34.0,,,,,,,,341.2633,
2020-02-05 13:00:00,2/5/2020 13:00,,-35.86,,,,,,,,341.516,
2020-02-05 14:00:00,2/5/2020 14:00,,-36.61,,,,,,,,342.015,
2020-02-05 15:00:00,2/5/2020 15:00,,-37.13,,,,,,,,342.74,
2020-02-05 16:00:00,2/5/2020 16:00,,-37.45,,,,,,,,342.975,
2020-02-05 17:00:00,2/5/2020 17:00,,-38.4,,,,,,,,342.83,
2020-02-05 18:00:00,2/5/2020 18:00,,-38.95,,,,,,,,342.86,
2020-02-05 19:00:00,2/5/2020 19:00,,-39.1,,,,,,,,342.4567,
2020-02-05 20:00:00,2/5/2020 20:00,,-38.51,,,,,,,,342.04,
2020-02-05 21:00:00,2/5/2020 21:00,,-38.18,,,,,,,,341.7917,
2020-02-05 22:00:00,2/5/2020 22:00,,-38.04,,,,,,,,341.1817,
2020-02-05 23:00:00,2/5/2020 23:00,,-37.67,,,,,,,,341.1833,
2020-02-06 00:00:00,2/6/2020 0:00,,-37.73,,,,,,,,340.7283,
2020-02-06 01:00:00,2/6/2020 1:00,,-37.46,,,,,,,,340.9133,
2020-02-06 02:00:00,2/6/2020 2:00,,-37.33,,,,,,,,340.88,
2020-02-06 03:00:00,2/6/2020 3:00,,-34.72,,,,,,,,340.7333,
2020-02-06 04:00:00,2/6/2020 4:00,,-32.22,,,,,,,,340.9217,
2020-02-06 05:00:00,2/6/2020 5:00,,-29.04,,,,,,,,340.5533,
2020-02-06 06:00:00,2/6/2020 6:00,,-28.93,,,,,,,,340.5667,
2020-02-06 07:00:00,2/6/2020 7:00,,-31.34,,,,,,,,340.48,
2020-02-06 08:00:00,2/6/2020 8:00,,-31.76,,,,,,,,339.8733,
2020-02-06 09:00:00,2/6/2020 9:00,,-30.56,,,,,,,,339.72,
2020-02-06 10:00:00,2/6/2020 10:00,,-29.62,,,,,,,,339.5866,
2020-02-06 11:00:00,2/6/2020 11:00,,-34.38,,,,,,,,339.685,
2020-02-06 12:00:00,2/6/2020 12:00,,-37.18,,,,,,,,339.595,
2020-02-06 13:00:00,2/6/2020 13:00,,-39.3,,,,,,,,339.4016,
2020-02-06 14:00:00,2/6/2020 14:00,,-39.61,,,,,,,,339.82,
2020-02-06 15:00:00,2/6/2020 15:00,,-40.48,,,,,,,,340.345,
2020-02-06 16:00:00,2/6/2020 16:00,,-40.93,,,,,,,,340.4483,
2020-02-06 17:00:00,2/6/2020 17:00,,-41.37,,,,,,,,340.4467,
2020-02-06 18:00:00,2/6/2020 18:00,,-41.68,,,,,,,,340.12,
2020-02-06 19:00:00,2/6/2020 19:00,,-42.07,,,,,,,,339.9033,
2020-02-06 20:00:00,2/6/2020 20:00,,-42.09,,,,,,,,339.6017,
2020-02-06 21:00:00,2/6/2020 21:00,,-42.62,,,,,,,,339.0867,
2020-02-06 22:00:00,2/6/2020 22:00,,-42.76,,,,,,,,338.93,
2020-02-06 23:00:00,2/6/2020 23:00,,-42.55,,,,,,,,338.735,
2020-02-07 00:00:00,2/7/2020 0:00,,-42.31,,,,,,,,338.6233,
2020-02-07 01:00:00,2/7/2020 1:00,,-42.14,,,,,,,,338.76,
2020-02-07 02:00:00,2/7/2020 2:00,,-40.07,,,,,,,,339.1283,
2020-02-07 03:00:00,2/7/2020 3:00,,-36.23,,,,,,,,339.255,
2020-02-07 04:00:00,2/7/2020 4:00,,-32.45,,,,,,,,340.0233,
2020-02-07 05:00:00,2/7/2020 5:00,,-29.94,,,,,,,,340.18,
2020-02-07 06:00:00,2/7/2020 6:00,,-29.72,,,,,,,,340.2933,
2020-02-07 07:00:00,2/7/2020 7:00,,-30.35,,,,,,,,339.775,
2020-02-07 08:00:00,2/7/2020 8:00,,-32.26,,,,,,,,339.605,
2020-02-07 09:00:00,2/7/2020 9:00,,-32.43,,,,,,,,339.4683,
2020-02-07 10:00:00,2/7/2020 10:00,,-32.81,,,,,,,,339.3917,
2020-02-07 11:00:00,2/7/2020 11:00,,-36.88,,,,,,,,339.6733,
2020-02-07 12:00:00,2/7/2020 12:00,,-38.72,,,,,,,,339.3567,
2020-02-07 13:00:00,2/7/2020 13:00,,-40.46,,,,,,,,339.1883,
2020-02-07 14:00:00,2/7/2020 14:00,,-41.29,,,,,,,,339.0966,
2020-02-07 15:00:00,2/7/2020 15:00,,-41.66,,,,,,,,339.1483,
2020-02-07 16:00:00,2/7/2020 16:00,,-41.23,,,,,,,,339.1583,
2020-02-07 17:00:00,2/7/2020 17:00,,-40.93,,,,,,,,338.8267,
2020-02-07 18:00:00,2/7/2020 18:00,,-40.93,,,,,,,,338.4083,
2020-02-07 19:00:00,2/7/2020 19:00,,-40.86,,,,,,,,337.97,
2020-02-07 20:00:00,2/7/2020 20:00,,-39.96,,,,,,,,337.4483,
2020-02-07 21:00:00,2/7/2020 21:00,,-39.29,,,,,,,,336.7766,
2020-02-07 22:00:00,2/7/2020 22:00,,-41.67,,,,,,,,336.41,
2020-02-07 23:00:00,2/7/2020 23:00,,-42.0,,,,,,,,336.195,
2020-02-08 00:00:00,2/8/2020 0:00,,-42.13,,,,,,,,335.9267,
2020-02-08 01:00:00,2/8/2020 1:00,,-41.89,,,,,,,,336.1383,
2020-02-08 02:00:00,2/8/2020 2:00,,-36.14,,,,,,,,336.4933,
2020-02-08 03:00:00,2/8/2020 3:00,,-32.96,,,,,,,,337.0083,
2020-02-08 04:00:00,2/8/2020 4:00,,-30.77,,,,,,,,337.4917,
2020-02-08 05:00:00,2/8/2020 5:00,,-31.62,,,,,,,,337.81,
2020-02-08 06:00:00,2/8/2020 6:00,,-32.49,,,,,,,,337.2333,
2020-02-08 07:00:00,2/8/2020 7:00,,-34.09,,,,,,,,337.8017,
2020-02-08 08:00:00,2/8/2020 8:00,,-33.5,,,,,,,,338.4083,
2020-02-08 09:00:00,2/8/2020 9:00,,-32.63,,,,,,,,338.7967,
2020-02-08 10:00:00,2/8/2020 10:00,,-32.54,,,,,,,,338.3817,
2020-02-08 11:00:00,2/8/2020 11:00,,-36.35,,,,,,,,338.245,
2020-02-08 12:00:00,2/8/2020 12:00,,-37.8,,,,,,,,338.4183,
2020-02-08 13:00:00,2/8/2020 13:00,,-38.46,,,,,,,,338.2816,
2020-02-08 14:00:00,2/8/2020 14:00,,-38.06,,,,,,,,338.91,
2020-02-08 15:00:00,2/8/2020 15:00,,-37.79,,,,,,,,,
2020-02-08 16:00:00,2/8/2020 16:00,,-37.13,,,,,,,,,
2020-02-08 17:00:00,2/8/2020 17:00,,-36.78,,,,,,,,,
2020-02-08 18:00:00,2/8/2020 18:00,,-36.56,,,,,,,,,
2020-02-08 19:00:00,2/8/2020 19:00,,-36.62,,,,,,,,,
2020-02-08 20:00:00,2/8/2020 20:00,,-35.72,,,,,,,,,
2020-02-08 21:00:00,2/8/2020 21:00,,-35.51,,,,,,,,,
2020-02-08 22:00:00,2/8/2020 22:00,,-35.45,,,,,,,,,
2020-02-08 23:00:00,2/8/2020 23:00,,-36.19,,,,,,,,,
2020-02-09 00:00:00,2/9/2020 0:00,,-38.12,,,,,,,,,
2020-02-09 01:00:00,2/9/2020 1:00,,-39.76,,,,,,,,,
2020-02-09 02:00:00,2/9/2020 2:00,,-25.66,,,,,,,,,
2020-02-09 03:00:00,2/9/2020 3:00,,-16.95,,,,,,,,,
2020-02-09 04:00:00,2/9/2020 4:00,,-18.4,,,,,,,,,
2020-02-09 05:00:00,2/9/2020 5:00,,-20.23,,,,,,,,,
2020-02-09 06:00:00,2/9/2020 6:00,,-21.09,,,,,,,,,
2020-02-09 07:00:00,2/9/2020 7:00,,-25.27,,,,,,,,,
2020-02-09 08:00:00,2/9/2020 8:00,,-28.22,,,,,,,,,
2020-02-09 09:00:00,2/9/2020 9:00,,-27.43,,,,,,,,,
2020-02-09 10:00:00,2/9/2020 10:00,,-27.32,,,,,,,,,
2020-02-09 11:00:00,2/9/2020 11:00,,-34.89,,,,,,,,,
2020-02-09 12:00:00,2/9/2020 12:00,,-38.02,,,,,,,,,
2020-02-09 13:00:00,2/9/2020 13:00,,-39.55,,,,,,,,,
2020-02-09 14:00:00,2/9/2020 14:00,,-40.13,,,,,,,,,
2020-02-09 15:00:00,2/9/2020 15:00,,-40.37,,,,,,,,,
2020-02-09 16:00:00,2/9/2020 16:00,,-40.19,,,,,,,,,
2020-02-09 17:00:00,2/9/2020 17:00,,-40.3,,,,,,,,,
2020-02-09 18:00:00,2/9/2020 18:00,,-40.03,,,,,,,,,
2020-02-09 19:00:00,2/9/2020 19:00,,-39.87,,,,,,,,,
2020-02-09 20:00:00,2/9/2020 20:00,,-39.98,,,,,,,,,
2020-02-09 21:00:00,2/9/2020 21:00,,-39.85,,,,,,,,,
2020-02-09 22:00:00,2/9/2020 22:00,,-39.78,,,,,,,,,
2020-02-09 23:00:00,2/9/2020 23:00,,-39.54,,,,,,,,,
2020-02-10 00:00:00,2/10/2020 0:00,,-39.36,,,,,,,,,
2020-02-10 01:00:00,2/10/2020 1:00,,-39.08,,,,,,,,,
2020-02-10 02:00:00,2/10/2020 2:00,,-27.57,,,,,,,,,
2020-02-10 03:00:00,2/10/2020 3:00,,-20.22,,,,,,,,,
2020-02-10 04:00:00,2/10/2020 4:00,,-16.9,,,,,,,,,
2020-02-10 05:00:00,2/10/2020 5:00,,-19.1,,,,,,,,,
2020-02-10 06:00:00,2/10/2020 6:00,,-20.83,,,,,,,,,
2020-02-10 07:00:00,2/10/2020 7:00,,-25.17,,,,,,,,,
2020-02-10 08:00:00,2/10/2020 8:00,,-26.35,,,,,,,,,
