TIMESTAMP,WS_Max,WS,WD,WS_2_Max,WS_2,WD_2,OMEGA0TO30_WS_MS_Avg,OMEGA0TO30_WS_MS_Max
5/9/2022 13:00,13.63,8,116.7,12.25,4.497,295.9,NAN,NAN
5/9/2022 14:00,15.41,10.1,114,14.63,9.2,219.2,58.93,76.2
5/9/2022 15:00,19.93,11.71,101.5,18.06,10.44,231.4,42.97,52.04
5/9/2022 16:00,19.11,10.38,98.3,17.07,8.76,234.6,19.3,35.33
5/9/2022 17:00,19.66,11.38,102.9,18.12,9.9,230.2,5.999,20.84
5/9/2022 18:00,20.62,12.43,99.1,19.11,10.67,234.9,10.88,29.77
5/9/2022 19:00,20.07,11.8,100.6,19.75,10.11,232.6,9.1,29.7
5/9/2022 20:00,19.25,11.32,95.3,17.54,9.35,236.5,15.5,27.83
5/9/2022 21:00,20.62,12.36,109.6,20.39,11.07,223.8,15.18,66.67
5/9/2022 22:00,21.71,13.33,96.3,19.75,11.25,236.2,15.19,55.46
5/9/2022 23:00,22.95,14.14,90.9,21.08,11.92,242.1,16.02,40.67
5/10/2022 0:00,25.14,14.39,83.5,21.96,11.62,250.3,13.09,50.16
5/10/2022 1:00,25.14,15.24,93.1,22.25,12.88,239.7,NAN,NAN
5/10/2022 2:00,27.33,15.59,82.1,25.27,12.78,250.9,34.49,53.96
5/10/2022 3:00,22.95,13.74,88.2,20.1,11.44,244.9,41.74,46.16
5/10/2022 4:00,25.82,16.24,94.2,23.53,13.89,238.1,46.88,74.35
5/10/2022 5:00,24.73,15.76,98.3,22.36,13.74,234.8,54,90.2
5/10/2022 6:00,27.06,17.15,100.9,25.91,15.36,232.4,11.12,18.02
5/10/2022 7:00,30.89,19.11,95.4,27.83,16.82,237.9,12.37,20.86
5/10/2022 8:00,31.71,18.87,90.2,27.48,16.5,243.2,14.23,19.55
5/10/2022 9:00,30.75,18.7,94.1,26.72,16.46,238.1,15.84,21.85
5/10/2022 10:00,33.08,20.38,94.6,29.4,17.92,237.9,16.77,21.17
5/10/2022 11:00,33.91,21.05,94.5,30.79,18.5,237.8,15.69,20.6
5/10/2022 12:00,30.89,20.2,97.6,28.58,17.95,234.9,13.8,20.25
5/10/2022 13:00,28.7,20.12,99.8,27.07,18.12,232.4,7.906,17.19
5/10/2022 14:00,29.8,19.14,98.7,26.43,16.96,234,3.173,10.56
5/10/2022 15:00,30.07,20.66,102.7,28.93,18.83,229.4,0.082,4.227
5/10/2022 16:00,29.66,19.73,99.7,27.07,17.48,231.7,1.124,7.957
5/10/2022 17:00,29.25,19.85,102.6,28.41,18.18,229.4,1.299,17.09
5/10/2022 18:00,24.18,17.35,103.1,23.58,15.68,229.4,29.87,37.83
5/10/2022 19:00,32.26,19.15,96.3,29.28,16.83,236.4,7.854,33.45
5/10/2022 20:00,30.89,19.26,86.8,27.36,16.31,245.8,11.5,41.46
5/10/2022 21:00,27.47,16.01,85,24.51,13.52,247.9,55.56,60.97
5/10/2022 22:00,27.74,14.95,86.2,24.11,12.51,246,46.61,59.04
5/10/2022 23:00,25.69,14,88.9,22.25,11.78,244.1,35.27,45.9
5/11/2022 0:00,25.27,13.8,92.7,23.12,11.67,239.5,34.2,42.78
5/11/2022 1:00,22.4,13.21,100.4,20.97,11.32,232,26.24,36.49
5/11/2022 2:00,25.41,12.24,102.1,23.53,10.4,231.2,24.94,33.23
5/11/2022 3:00,23.08,11.89,99.6,22.6,10.11,232.9,17.23,28.27
5/11/2022 4:00,16.37,9.64,101.5,15.27,8.39,231.4,19.64,26.57
5/11/2022 5:00,12.67,8.43,95.4,11.78,7.098,238.3,17.42,26.44
5/11/2022 6:00,10.2,6.637,111.4,9.69,5.939,223,26.39,45.1
5/11/2022 7:00,9.93,5.841,120.9,9.86,5.001,212.5,45.34,52.56
5/11/2022 8:00,10.2,5.751,117.3,9.81,5.012,215.2,53.17,58.68
5/11/2022 9:00,10.07,5.639,107.5,9.28,4.877,225.5,53.95,62.97
5/11/2022 10:00,11.3,7.969,91.2,10.39,6.914,243.3,46.72,55.37
5/11/2022 11:00,13.08,8.19,99.9,11.49,7.029,233.2,54.22,58.82
5/11/2022 12:00,11.57,7.622,98.8,10.97,6.606,234.3,53.93,58.33
5/11/2022 13:00,9.38,6.393,101.4,9.17,5.415,232.8,60.04,62.47
5/11/2022 14:00,9.52,4.704,99.8,8.59,3.649,234.1,60.88,63.63
5/11/2022 15:00,7.738,3.056,138,7.714,2.085,198.9,59.54,61.22
5/11/2022 16:00,6.231,3.248,143.1,6.028,2.202,191.1,53.01,58.67
5/11/2022 17:00,7.875,4.092,122,7.307,3.079,211.6,51.71,53.09
5/11/2022 18:00,10.48,5.348,101.2,8.93,4.145,231.6,53.43,55.57
5/11/2022 19:00,10.48,6.493,95.2,9.28,4.973,237.2,55.24,56.93
5/11/2022 20:00,11.44,7.733,109.6,10.97,6.772,223.8,53.45,55.78
5/11/2022 21:00,11.99,8.63,107.4,11.49,7.549,225.7,56.05,59.51
5/11/2022 22:00,11.71,8.31,106.4,11.49,7.231,226.2,53.23,59.04
5/11/2022 23:00,12.53,8.02,104.3,12.13,6.863,227.8,47.42,53.06
5/12/2022 0:00,9.93,6.816,121.1,9.17,5.862,211.6,42.13,47.79
5/12/2022 1:00,10.34,6.625,114.4,10.04,5.72,219.6,32.63,35.22
5/12/2022 2:00,9.79,7.093,121.8,9.46,6.303,212.8,28.8,36.64
5/12/2022 3:00,9.79,6.473,114,9.69,5.585,219.8,21.74,29.53
5/12/2022 4:00,9.79,6.805,114.7,9.57,6.2,219.5,19.6,25.4
5/12/2022 5:00,9.38,6.529,111.9,8.64,5.868,221.7,30.88,36.81
5/12/2022 6:00,8.29,5.317,110.6,8.18,4.649,223.2,39.54,46.28
5/12/2022 7:00,9.79,6.135,108.9,9.46,5.49,224.5,42.37,54.14
5/12/2022 8:00,13.63,8.98,97.2,13.35,7.753,235.6,39.74,53.12
5/12/2022 9:00,15.14,9.85,101.7,13.76,8.67,231.1,46.87,54.53
5/12/2022 10:00,15.96,10.24,101.2,14.81,9.03,232.1,53.27,57.21
5/12/2022 11:00,14.45,10.26,100,14.34,9.08,232.7,46.54,54.54
5/12/2022 12:00,16.09,11.07,99.5,15.74,9.87,232.4,43.77,49.5
5/12/2022 13:00,16.09,10.2,111.1,15.33,9.2,221.3,44.9,49.67
5/12/2022 14:00,19.66,11.3,100.9,17.65,9.78,232.4,41.64,47.35
5/12/2022 15:00,17.74,10.47,103.9,16.2,9.06,228.9,44.97,49.97
5/12/2022 16:00,21.71,10,127.8,20.56,8.94,205.6,40.78,44.1
5/12/2022 17:00,14.59,8.26,114.1,14.05,7.181,219,42.62,46.02
5/12/2022 18:00,14.18,8.96,97.3,13.35,7.502,236.8,48.46,54.53
5/12/2022 19:00,17.19,10.58,100.1,15.85,9.09,232.2,59.36,63.13
5/12/2022 20:00,14.04,7.649,104.4,13.12,7.056,228.8,62.23,63.9
5/12/2022 21:00,10.75,5.609,141.2,11.55,5.317,191.2,58.04,61.15
5/12/2022 22:00,13.77,7.865,108.7,12.83,6.744,224.6,29.25,51.48
5/12/2022 23:00,14.31,7.516,102.6,13.35,6.192,228.9,29.69,38.41
5/13/2022 0:00,11.99,5.815,86.7,11.32,3.972,240.2,39.13,41.38
5/13/2022 1:00,13.9,7.291,104.8,12.48,5.899,226.8,NAN,NAN
5/13/2022 2:00,11.71,6.47,103.4,11.14,5.316,228.7,37.53,42.69
5/13/2022 3:00,15.96,8.44,115.7,16.08,7.588,218.1,30.28,37.4
5/13/2022 4:00,16.37,8.24,103,15.33,6.861,228.7,37.45,41.9
5/13/2022 5:00,17.88,9.93,100.9,16.55,8.65,231.6,41.73,44.69
5/13/2022 6:00,19.93,11.41,99.1,18.18,10.02,233.5,37.87,45.68
5/13/2022 7:00,19.52,12.45,92.6,17.83,10.8,240.7,40.01,43.84
5/13/2022 8:00,21.16,12.97,93.1,19.46,11.28,239.9,38.58,44.47
5/13/2022 9:00,24.86,13.82,99.2,24.92,12.23,233.2,16.46,33.77
5/13/2022 10:00,24.45,13,93.2,22.25,10.96,240,11.68,22.56
5/13/2022 11:00,26.37,13.84,96,25.39,11.93,234.7,13.31,32.99
5/13/2022 12:00,26.1,14.3,102.4,26.08,12.32,229.8,47.22,55.36
5/13/2022 13:00,24.73,14.44,105.1,22.77,13.09,227.2,40.45,54.11
5/13/2022 14:00,23.08,12.82,97,20.56,10.94,235,10.95,27.13
5/13/2022 15:00,19.11,11.26,91.7,18.82,9.25,241.2,0,0
5/13/2022 16:00,13.49,8.24,124.5,12.54,7.155,208.5,0,0
5/13/2022 17:00,17.19,9.89,114.6,15.79,8.92,218.5,0.12,11.93
5/13/2022 18:00,18.97,11.71,98.3,18.12,10.01,233.7,41.18,48.64
5/13/2022 19:00,20.21,11.08,89.7,17.71,9.11,242.9,47.54,51.16
5/13/2022 20:00,16.92,8.46,109.1,16.55,7.21,222.8,47.05,48.52
5/13/2022 21:00,11.57,5.833,119.9,10.79,4.626,211.4,42.99,49.45
5/13/2022 22:00,14.86,7.155,147.9,14.22,6.217,184.2,9.24,38.38
5/13/2022 23:00,15.96,7.989,134.7,16.43,7.039,196.6,0.033,5.911
5/14/2022 0:00,15.41,7.218,137.2,15.1,6.254,195.1,6.878,26.79
5/14/2022 1:00,11.57,6.837,115.4,11.72,6.073,217.7,17.76,27.25
5/14/2022 2:00,16.23,9.12,92,13.93,7.502,239.9,19.12,43.1
5/14/2022 3:00,20.62,10.77,95.7,20.1,9.01,236.3,58.54,63.74
5/14/2022 4:00,18.56,9.61,93.5,18.88,8.02,238.3,61.57,64.48
5/14/2022 5:00,12.81,6.947,109.8,12.95,6.237,223.8,61.44,63.23
5/14/2022 6:00,10.2,7.097,105.1,10.74,6.327,229,60.94,63.65
5/14/2022 7:00,12.94,7.188,110.3,12.19,6.392,223,57.96,62.21
5/14/2022 8:00,13.77,8.7,107.7,12.95,7.935,225.3,57.32,63.98
5/14/2022 9:00,14.45,9.26,99.3,13.82,8.18,233.9,58.16,62.14
5/14/2022 10:00,14.31,9.7,107.2,14.11,8.68,225.5,60.03,64.17
5/14/2022 11:00,17.74,8.76,119.1,17.54,7.822,213.8,59.06,64.74
5/14/2022 12:00,15.14,9.03,120.2,14.75,8.14,212.5,43.88,52.61
5/14/2022 13:00,18.01,6.567,121.4,16.26,5.113,211.1,32.23,54.34
5/14/2022 14:00,17.05,7.886,129.5,15.33,6.554,200.5,22.69,28.97
5/14/2022 15:00,18.42,8.25,134.1,18.47,7.046,197.6,22.23,29.92
5/14/2022 16:00,17.05,7.733,121.8,16.14,6.718,211.8,16.58,33.55
5/14/2022 17:00,14.59,6.48,118.7,14.05,5.388,214.2,10.37,20.36
5/14/2022 18:00,13.49,5.637,131.4,12.71,4.429,200.2,7.006,16.12
5/14/2022 19:00,10.89,5.092,122.2,9.92,3.957,207.4,1.733,19.36
5/14/2022 20:00,11.99,6.824,120.4,11.26,5.743,212.2,0,0
5/14/2022 21:00,13.49,7.638,125,12.77,6.787,208.6,2.945,10.84
5/14/2022 22:00,11.44,6.644,136.7,11.96,5.713,196.7,0,0
5/14/2022 23:00,11.57,6.267,142.9,11.61,5.265,186.6,4.004,15.05
5/15/2022 0:00,12.12,6.41,132.9,11.32,5.43,197.2,22.04,28.05
5/15/2022 1:00,12.81,7.585,151.2,12.95,6.747,181.4,26.01,27.25
5/15/2022 2:00,12.94,7.538,159.6,12.13,6.773,173.2,21.94,28
5/15/2022 3:00,10.2,5.993,149.6,10.79,5.297,183.8,23.19,25.83
5/15/2022 4:00,10.34,5.871,148.5,10.04,5.329,185.7,24.52,28.29
5/15/2022 5:00,10.48,6.776,131.8,10.79,6.137,201.9,12.75,27.56
5/15/2022 6:00,9.25,5.846,113.5,9.23,5.119,220.2,10.02,23.26
5/15/2022 7:00,10.07,6.471,99.1,9.86,5.628,235.2,22.94,44.93
5/15/2022 8:00,11.16,7.151,107.1,11.38,6.38,226.9,38.42,48.31
5/15/2022 9:00,10.48,6.553,127.8,10.21,5.867,205.5,46.92,53.15
5/15/2022 10:00,8.7,5.421,92.3,8.12,4.504,241.7,45.78,55.62
5/15/2022 11:00,11.03,6.614,88.6,9.69,5.622,246.2,33.74,44.27
5/15/2022 12:00,12.4,8.39,93,12.13,7.289,241.2,20.57,36.86
5/15/2022 13:00,11.71,7.387,97.1,11.03,6.316,235.5,10.27,21.99
5/15/2022 14:00,7.464,5.186,118.4,7.365,4.485,215,8.1,14.11
5/15/2022 15:00,6.779,4.339,108.5,6.551,3.511,223.7,7.745,12.54
5/15/2022 16:00,8.42,5.047,123.6,8.18,4.379,208.8,6.894,17.01
5/15/2022 17:00,8.29,5.452,115.6,8,4.802,216.3,1.369,15.8
5/15/2022 18:00,10.34,6.149,124.2,10.27,5.505,209.4,0.363,8.86
5/15/2022 19:00,9.52,6.768,111.9,9.4,6.113,222.2,0,0
5/15/2022 20:00,13.22,6.392,115.4,12.65,5.762,218.5,0.663,28.57
5/15/2022 21:00,10.2,7.137,113.1,9.92,6.381,220.7,43.96,48.6
5/15/2022 22:00,9.38,5.852,109.9,8.99,5.214,223.8,50.63,53.87
5/15/2022 23:00,9.11,4.552,111.6,8.82,3.735,222.8,26.7,52.05
5/16/2022 0:00,10.48,5.946,116.9,10.79,5.179,214.5,2.472,23.7
5/16/2022 1:00,14.45,7.183,111,14.17,6.336,220.9,0,0
5/16/2022 2:00,11.85,8.04,138.8,11.78,7.49,196.1,0,0
5/16/2022 3:00,12.81,8.51,141.6,12.71,7.85,192.7,25.07,36.65
5/16/2022 4:00,16.23,6.538,97.8,14.98,5.417,234,34.9,46.21
5/16/2022 5:00,17.19,8.94,111.7,16.43,8.07,222.4,25.46,38.9
5/16/2022 6:00,15.68,10.29,119,15.74,9.46,215,17.81,33.38
5/16/2022 7:00,13.63,8.03,102.5,14.28,6.587,231.3,19.37,41.88
5/16/2022 8:00,14.45,6.061,83.2,13.93,4.188,250.3,9.92,28.35
5/16/2022 9:00,12.81,7.231,89,11.72,5.856,243,19.96,37.19
5/16/2022 10:00,15.82,9.22,95.8,14.92,7.849,237,39.7,47.34
5/16/2022 11:00,12.4,7.87,101.6,11.38,6.841,231.5,48.32,60.41
5/16/2022 12:00,13.77,8.15,96.5,12.6,6.738,235.4,56.57,63.16
5/16/2022 13:00,15.55,9.67,102,14.98,8.41,230.6,52.77,57.18
5/16/2022 14:00,10.2,6.635,111.7,9.81,5.61,221.1,58.84,62.16
5/16/2022 15:00,12.53,7.318,102.9,10.97,6.256,229.8,59.5,63.4
5/16/2022 16:00,15.14,9.55,88.5,13.76,7.627,243.8,57.15,62.7
5/16/2022 17:00,13.22,7.86,103.4,12.02,7.208,229.5,62.32,63.8
5/16/2022 18:00,10.34,6.121,108.2,11.38,6.096,224.9,61.06,61.48
5/16/2022 19:00,10.62,5.572,98.3,11.67,5.276,235,61.03,61.48
5/16/2022 20:00,8.97,6.094,110.3,10.85,6.589,223.5,61.02,61.56
5/16/2022 21:00,9.93,6.212,107.1,13.12,7.506,226.9,61.2,61.51
5/16/2022 22:00,12.94,7.301,95.8,17.42,8.9,237.4,60.9,61.55
5/16/2022 23:00,15,8.31,101.9,17.54,8.2,229.5,52.97,60.31
5/17/2022 0:00,20.48,10.66,97.3,18.12,8.91,234.7,9.87,37.46
5/17/2022 1:00,19.52,12.26,105.8,19.17,11.14,226.8,0.333,7.906
5/17/2022 2:00,21.58,10.87,102.4,19.34,9.47,230,0.011,5.528
5/17/2022 3:00,22.26,12.57,84,20.1,10.34,248.9,0,0
5/17/2022 4:00,26.1,12.68,84.9,23.76,10.44,246.8,0,0
5/17/2022 5:00,23.36,12.54,80.7,21.55,10.37,251.8,0,0
5/17/2022 6:00,23.22,14.58,85.7,20.74,12.41,247.2,0,0
5/17/2022 7:00,25,15.33,77.75,21.14,12.75,255.1,0.025,5.001
5/17/2022 8:00,27.6,15.89,74.07,23.12,12.99,259.2,0,0
5/17/2022 9:00,31.99,16.58,77.46,28.64,13.63,254.8,1.999,14.48
5/17/2022 10:00,31.71,18.3,82.4,28.58,15.13,250.3,13.95,23.73
5/17/2022 11:00,37.19,20.09,73.54,32.3,16.51,259.1,2.622,11.46
5/17/2022 12:00,44.04,24.91,76.27,37.01,20.76,255.9,0.725,7.624
5/17/2022 13:00,44.87,23.52,71.85,38.47,19.39,260.2,0,0
5/17/2022 14:00,37.6,20.06,77.37,33,16.53,255,0.003,3.451
5/17/2022 15:00,41.99,19.05,81.6,37.77,15.55,250.7,0.015,14.23
5/17/2022 16:00,38.29,19.29,80.8,36.95,15.96,250.5,0,0
5/17/2022 17:00,35.82,18.69,89.2,32.01,15.85,243.4,0,0
5/17/2022 18:00,37.19,16.8,97.3,32.54,14.36,234.7,0.352,9.65
5/17/2022 19:00,28.29,16.81,101.8,26.14,14.99,230,32.52,58.91
5/17/2022 20:00,28.29,17.59,99,24.63,15.28,233,39.22,51.99
5/17/2022 21:00,23.9,14.79,90.2,20.15,11.97,242.1,27.18,62.12
5/17/2022 22:00,18.01,10.64,96.4,17.83,9.65,235.6,60.12,62.06
5/17/2022 23:00,11.71,7.133,104.7,13.64,7.663,228.4,60.13,60.77
5/18/2022 0:00,14.18,6.77,106.8,17.77,7.445,225.7,59.88,60.64
5/18/2022 1:00,14.59,6.941,105,13.47,5.498,225.1,40.38,59.4
5/18/2022 2:00,15.82,9.17,107,15.85,8.06,225.8,7.921,28.77
5/18/2022 3:00,15,8.41,101.7,14.63,7.162,230,0.247,13.33
5/18/2022 4:00,16.51,8.98,94.7,16.43,7.403,237,0,0
5/18/2022 5:00,21.71,11.45,89.9,19.75,9.7,242.7,0,0
5/18/2022 6:00,21.85,13.22,91.3,21.26,11.21,241.5,0,0
5/18/2022 7:00,25,14.29,89.9,22.19,12.37,243.1,0,0
5/18/2022 8:00,26.51,15.68,89.2,23.82,13.34,243.5,0.013,9.73
5/18/2022 9:00,26.1,16.47,89.1,23.7,13.57,242.4,0.555,8.86
5/18/2022 10:00,28.01,17.24,95.9,26.08,14.71,235.6,0.97,10.32
5/18/2022 11:00,28.7,17.45,95.2,25.79,14.56,235.9,0.003,3.106
5/18/2022 12:00,25,15.25,97.7,22.94,13.09,233.4,0.011,5.066
5/18/2022 13:00,21.99,14.42,98.7,18.82,12.52,233.1,0,0
5/18/2022 14:00,20.75,12.3,90.7,17.89,9.96,240.7,0,0
5/18/2022 15:00,20.34,9.93,91.7,18.06,7.264,238.2,0,0
5/18/2022 16:00,18.7,8.1,92.5,16.55,5.902,236.5,11,35.75
5/18/2022 17:00,15.82,7.53,86.4,13.41,5.437,243.1,41.79,45.7
5/18/2022 18:00,19.93,8.82,98,19.34,7.078,232.3,28.94,37.41
5/18/2022 19:00,17.47,9.33,88.8,16.08,7.306,243.3,18.17,26.38
5/18/2022 20:00,13.63,7.138,113.2,11.2,6.12,219.5,27.41,33.68
5/18/2022 21:00,10.89,6.521,122.5,10.5,5.644,211,18.24,28.52
5/18/2022 22:00,12.12,7.041,116.2,11.78,5.888,216.1,0.784,17.48
5/18/2022 23:00,13.22,8.32,110.7,13.06,7.183,222,0,0
5/19/2022 0:00,10.75,7.65,112.5,10.33,6.664,221.4,0,0
5/19/2022 1:00,9.93,6.977,120.5,10.27,6.106,213.7,0,0
5/19/2022 2:00,9.66,6.865,123.8,9.34,6.065,210.4,0,0
5/19/2022 3:00,14.18,8.14,114.8,14.17,7.272,218.8,5.84,15.69
5/19/2022 4:00,11.71,7.383,103.4,11.43,6.284,228.9,7.672,22.21
5/19/2022 5:00,12.94,8.27,104.5,13.24,7.288,228.9,29.78,33.65
5/19/2022 6:00,13.08,8.7,97.3,12.36,7.594,236.6,32.33,40.71
5/19/2022 7:00,12.53,7.843,86.5,11.9,6.555,247.9,30.05,45.8
5/19/2022 8:00,12.12,8.08,91.7,10.62,6.855,242.7,31.2,43.2
5/19/2022 9:00,15.68,10.12,94.1,15.79,8.84,238.9,35.75,46.75
5/19/2022 10:00,19.93,12.63,97.1,19.98,11.09,235.3,14.51,35.79
5/19/2022 11:00,22.53,13.18,92.7,20.33,11.35,239.8,23.13,34.98
5/19/2022 12:00,18.29,12.53,106.9,18.18,11.45,225.3,5.901,23.76
5/19/2022 13:00,13.9,9.25,106.3,13.12,8.12,225.8,4.373,16.38
5/19/2022 14:00,17.6,9.8,99.7,15.68,8.4,232.9,0.001,1.186
5/19/2022 15:00,16.09,7.973,93.3,15.15,6.442,237.7,0,0
5/19/2022 16:00,11.44,6.51,112.5,11.2,5.498,220.3,5.902,15.31
5/19/2022 17:00,11.99,5.255,129.4,11.72,4.165,201,22.57,33.5
5/19/2022 18:00,8.83,4.887,131.4,8.41,4.039,201.8,35.63,43.61
5/19/2022 19:00,8.15,5.175,134.6,7.539,4.314,198.7,36.39,45.41
5/19/2022 20:00,11.85,6.178,125,12.31,5.022,208.4,31.01,43.11
5/19/2022 21:00,18.29,9.61,70.87,16.49,7.182,259.2,8.36,25.9
5/19/2022 22:00,20.34,11.39,79.75,17.71,9.11,252.4,48.4,56.42
5/19/2022 23:00,13.36,7.345,110.5,12.48,6.17,221.5,57.65,59.74
5/20/2022 0:00,8.83,5.924,126.3,9.11,5.151,206.7,60.71,62.16
5/20/2022 1:00,11.16,7.701,125.8,10.79,6.932,207.6,59.8,61.26
5/20/2022 2:00,15.96,8.46,105.1,14.05,7.27,227.3,58.81,62.4
5/20/2022 3:00,18.84,9.64,85.7,16.96,7.776,246,58.66,60.78
5/20/2022 4:00,18.97,11.96,85.9,16.38,10.02,246.2,59.88,61.63
5/20/2022 5:00,20.07,11.51,83.1,18.47,9.56,248.3,60.13,61.46
5/20/2022 6:00,17.6,8.01,103.2,15.97,6.88,228.9,58.77,61.88
5/20/2022 7:00,17.6,8.91,108.8,19.05,7.973,223.6,44.65,58.33
5/20/2022 8:00,22.12,9.02,104.7,22.13,7.845,226.4,35.52,45.13
5/20/2022 9:00,20.62,8.26,92.3,18.82,6.789,238.8,35.21,54.95
5/20/2022 10:00,21.16,7.874,93.6,18.99,6.294,236.4,25.38,42.59
5/20/2022 11:00,20.07,10.27,72.88,17.42,8.25,257.9,14.58,42.64
5/20/2022 12:00,16.64,10.86,75.23,15.5,8.96,256.8,34.34,40.43
5/20/2022 13:00,18.15,9.14,90.8,16.32,7.502,239.5,28.21,38.35
5/20/2022 14:00,11.3,6.696,117.7,11.43,5.712,213.1,35.97,44.78
5/20/2022 15:00,6.916,3.729,134.1,6.609,2.586,194,39.1,44.04
5/20/2022 16:00,8.01,3.133,169.1,6.783,2.141,167.2,36.15,38.55
5/20/2022 17:00,6.916,3.392,149.1,6.725,2.404,187.7,36.54,39.48
5/20/2022 18:00,5.135,2.529,127.7,4.458,1.526,197.4,40.08,41.81
5/20/2022 19:00,4.313,2.54,128.8,3.528,1.553,196.4,38.28,41.42
5/20/2022 20:00,4.313,2.322,155.8,3.644,1.331,180.1,36.26,38.6
5/20/2022 21:00,4.861,3.283,145.6,4.226,2.303,188.7,39.5,41.95
5/20/2022 22:00,4.861,2.977,140.4,4.4,1.977,194,43.33,46.05
5/20/2022 23:00,3.628,1.42,147.3,2.772,0.513,174.4,45.53,48.11
5/21/2022 0:00,3.354,1.091,217.4,2.889,0.414,153.1,45.61,47.48
5/21/2022 1:00,3.217,1.921,165,2.714,1.097,186.1,44.47,45.71
5/21/2022 2:00,4.176,1.371,208.5,3.935,0.99,88.1,47.87,53.04
5/21/2022 3:00,3.217,1.066,144.2,2.714,0.636,227.6,46.11,48.85
5/21/2022 4:00,3.217,1.977,98.3,2.54,1.248,247.8,46.42,48.33
5/21/2022 5:00,4.176,2.151,75.8,3.819,1.434,265.4,47.15,50.56
5/21/2022 6:00,7.053,3.435,97.7,6.551,2.555,236.9,47.12,50.34
5/21/2022 7:00,9.52,5.154,83.2,8.59,4.213,251.3,51.07,58.01
5/21/2022 8:00,11.57,7.084,86.8,11.26,6.115,247.1,59.05,65.16
5/21/2022 9:00,12.53,7.104,86.6,11.2,5.944,246.8,60.15,64.45
5/21/2022 10:00,12.26,7.07,83.4,10.68,5.757,249.7,60.62,62.23
5/21/2022 11:00,9.66,6.26,83.8,8.7,5.069,250.1,60.48,62.47
5/21/2022 12:00,8.7,5.83,92.3,7.714,4.757,240.8,61,63
5/21/2022 13:00,10.48,6.563,97.8,10.16,5.447,233.6,59.63,62.24
5/21/2022 14:00,13.9,8.26,80.8,12.48,6.483,250.1,48.23,57.16
5/21/2022 15:00,9.38,6.287,82.7,8.29,4.834,249.6,45.54,49.49
5/21/2022 16:00,11.57,6.283,97.9,10.91,5.042,232.3,50.88,52.36
5/21/2022 17:00,11.85,6.156,99.3,10.33,4.848,230.9,47.78,52.26
5/21/2022 18:00,12.26,5.974,119.9,11.84,4.777,211.5,40.4,46.7
5/21/2022 19:00,22.4,10.33,105.8,21.9,9,224.4,27.44,57.41
5/21/2022 20:00,30.75,15.93,83.3,26.61,13.31,246.6,29.86,51.24
5/21/2022 21:00,35.82,19.42,83.4,31.03,16.22,247.8,38.16,47.75
5/21/2022 22:00,31.3,18.31,81.3,26.84,15.31,249.9,51.2,58.34
5/21/2022 23:00,29.8,14.96,85,24.63,12.62,247.1,58.24,65.38
5/22/2022 0:00,20.21,11.28,99.7,19.86,10.04,231.4,57.84,59.22
5/22/2022 1:00,16.37,11.81,104.2,15.85,11.07,228.6,NAN,NAN
5/22/2022 2:00,17.33,9.62,103.4,17.13,7.659,228,26.14,60.45
5/22/2022 3:00,16.64,11.01,103.4,16.08,9.46,228.6,0.811,12.32
5/22/2022 4:00,16.92,10.88,102.3,16.49,9.74,229.6,26.24,60.73
5/22/2022 5:00,20.07,11.53,97.4,18,10.08,234,60.72,64.02
5/22/2022 6:00,18.97,12.6,103.5,19.34,11.6,228.7,58.79,70.8
5/22/2022 7:00,23.49,12.45,99.1,21.55,11.26,232.9,57.16,80.8
5/22/2022 8:00,19.38,12.2,110.4,18.7,11.32,221.8,56.04,87.3
5/22/2022 9:00,18.97,11.28,104.5,18.47,10.03,226.6,53.96,83.3
5/22/2022 10:00,17.47,10.72,105.6,17.07,9.61,225.8,49,67.19
5/22/2022 11:00,15.96,10.3,107,15.74,9.26,224.4,51.88,68.41
5/22/2022 12:00,15.41,10.57,103.2,15.33,9.57,228.2,51.92,62.48
5/22/2022 13:00,18.15,12.56,103.9,16.9,11.49,228,50.23,53.52
5/22/2022 14:00,14.86,10.91,99.5,14.75,9.59,233.3,48.05,54.95
5/22/2022 15:00,14.45,9.55,98.8,13.99,8.11,233.5,44.14,49.17
5/22/2022 16:00,15.96,8.75,94.7,14.92,6.837,236.3,52.08,55.67
5/22/2022 17:00,17.33,9.78,99.8,16.84,8.35,231,48.28,51.61
5/22/2022 18:00,15.41,7.857,93,14.11,6.182,236.7,54.29,58.18
5/22/2022 19:00,8.97,5.095,112.4,8.35,3.809,216.5,52.73,55.57
5/22/2022 20:00,15,7.467,106.8,14.69,6.347,225.6,46.48,48
5/22/2022 21:00,14.73,10.39,107.3,13.99,9.34,225.7,36.86,46.46
5/22/2022 22:00,19.79,11.88,102.5,19.4,10.38,229.3,30.07,36.85
5/22/2022 23:00,21.03,11.72,94.1,19.86,9.86,237.1,57.59,60.62
5/23/2022 0:00,16.23,10.54,104.8,16.49,9.47,227.8,57.43,59.6
5/23/2022 1:00,18.01,11.55,98.3,16.78,10.1,232.6,54.64,58.2
5/23/2022 2:00,20.21,13.08,100,19.69,11.7,231.2,59.56,61.26
5/23/2022 3:00,28.43,16.64,101.7,27.83,15.08,229.8,58.71,62.35
5/23/2022 4:00,26.78,18.85,102.1,26.61,17.35,229.4,58.29,61.24
5/23/2022 5:00,28.29,17.18,101.8,28.12,15.83,229.5,58.17,62.83
5/23/2022 6:00,24.45,15.97,101.4,24.05,14.98,229.8,59.59,61.53
5/23/2022 7:00,24.04,15.45,104.2,23,14.58,228.3,59.76,61.54
5/23/2022 8:00,17.74,11.67,101.4,18,10.43,229.2,59.14,61.32
5/23/2022 9:00,16.09,10.45,98.5,14.63,8.87,231.8,50.85,57.33
5/23/2022 10:00,25.14,12.24,97.5,22.19,10.66,234.2,42.67,47.73
5/23/2022 11:00,21.3,11.28,96,18.18,9.74,234.4,43.62,47.12
5/23/2022 12:00,22.12,11.82,95.9,20.85,10.37,236,37.47,44.1
5/23/2022 13:00,19.93,13.24,106.2,19.34,12.25,226.6,17.95,31.23
5/23/2022 14:00,16.64,10.9,106.1,16.14,9.93,227,8.5,26.53
5/23/2022 15:00,14.73,10.34,105.3,15.21,9.22,227.9,0,0
5/23/2022 16:00,15.82,11.03,104.4,15.15,9.89,228.6,0,0
5/23/2022 17:00,18.84,11.34,115.4,18.12,10.37,217.8,0,0
5/23/2022 18:00,16.64,9.02,111.5,15.85,7.54,220.9,0,0
5/23/2022 19:00,13.9,7.414,107.1,13.41,5.907,224.6,0,0
5/23/2022 20:00,14.73,9.39,105.5,15.62,7.849,227,0,0
5/23/2022 21:00,16.64,13,106,16.08,11.89,227.2,0,0
5/23/2022 22:00,18.56,13.34,106.2,18.29,12.35,226.8,14.88,32.98
5/23/2022 23:00,17.88,10.12,104.5,17.07,8.91,228.1,42.46,51.57
5/24/2022 0:00,12.67,7.32,104.5,11.96,6.106,226.7,51.05,52.81
5/24/2022 1:00,19.38,10.73,101.5,17.6,9.39,230.6,46.41,49.18
5/24/2022 2:00,14.73,10.22,103.2,14.22,9.21,228.6,49.16,50.73
5/24/2022 3:00,14.59,9.77,101.6,13.76,8.76,231.1,51.45,55.58
5/24/2022 4:00,20.34,9.66,69.99,18,8.08,261.7,59.21,61.33
5/24/2022 5:00,23.22,12.86,42.25,23,11.09,288.8,60.6,63.31
5/24/2022 6:00,23.63,13.35,53.18,21.78,11.32,278.8,59.59,62.73
5/24/2022 7:00,19.93,11.64,62.65,18.99,10.66,269.7,60.21,61.32
5/24/2022 8:00,18.42,10.03,60.09,19.11,9.56,272.9,60.53,68
5/24/2022 9:00,17.6,9.28,54.03,21.2,9.55,277.9,60.46,63.5
5/24/2022 10:00,15.55,8.08,43.75,20.21,8.8,288.3,60.49,69.63
5/24/2022 11:00,14.18,7.618,53.05,17.48,8.19,279,60.2,65.46
5/24/2022 12:00,17.33,8.24,74.56,19.11,9.31,258.1,59.75,68.73
5/24/2022 13:00,19.38,12.66,84.8,22.83,14.06,249.2,59.28,61.96
5/24/2022 14:00,22.95,12.61,53.55,26.32,12.93,277.8,58.4,60.91
5/24/2022 15:00,26.64,15.14,48.05,27.83,14.49,283.6,54.52,57.93
5/24/2022 16:00,25.27,12.21,22.5,27.07,12.6,307.9,53.3,57.83
5/24/2022 17:00,26.64,13.65,22.14,28.18,14.31,308.3,49.97,58.59
5/24/2022 18:00,29.11,10.66,25.69,28.7,10.47,304.6,49.71,57.67
5/24/2022 19:00,22.95,10.17,24.81,23.99,10.38,306.2,51.84,133.2
5/24/2022 20:00,18.42,5.491,16.71,23.64,5.276,313.6,52.09,168.4
5/24/2022 21:00,22.81,9.16,18.5,22.65,9.51,311.3,52.12,147.9
5/24/2022 22:00,25,11.55,19.36,25.27,12.22,311.3,40.13,121.2
5/24/2022 23:00,30.34,15.23,25.05,30.73,14.6,305.7,26.35,96.4
5/25/2022 0:00,36.1,19.62,31.86,35.27,17.71,298.5,18.21,95
5/25/2022 1:00,31.03,17.56,23.95,30.5,16.37,305.2,NAN,NAN
5/25/2022 2:00,30.75,16.46,34.43,29.63,14.51,295.5,45.96,89.8
5/25/2022 3:00,30.48,16.18,52.27,26.67,13.82,278.7,54.36,67.4
5/25/2022 4:00,26.64,14.68,34.35,23.06,12.73,295.5,54.06,57.54
5/25/2022 5:00,25.55,16.41,30.04,24.57,14.7,300.1,56.2,60.04
5/25/2022 6:00,31.17,15.4,27.77,28.47,13.85,302.3,59.08,61.64
5/25/2022 7:00,31.71,16.96,28.74,31.84,15.1,301.7,59.22,62.48
5/25/2022 8:00,16.37,4.935,336,16.14,4.006,357.3,58.5,63.05
5/25/2022 9:00,17.74,5.605,354.5,15.97,4.921,334.7,58.83,60.39
5/25/2022 10:00,31.99,14.02,32.76,29.34,12.41,297.2,59.46,61.11
5/25/2022 11:00,31.3,16.18,45.78,27.71,13.74,285,59.58,62.17
5/25/2022 12:00,24.18,13.5,34.53,23.7,11.76,295.3,59.51,62.28
5/25/2022 13:00,25.82,13.45,42.59,22.77,11.62,287.5,59.91,63.17
5/25/2022 14:00,27.06,13.43,33.59,26.61,12.09,296,59.29,63.11
5/25/2022 15:00,29.52,14.01,52.97,26.55,12.59,277.1,55.65,71.09
5/25/2022 16:00,34.73,17.22,74.73,32.65,14.71,256.8,40.4,91.3
5/25/2022 17:00,32.54,19.07,51.11,29.51,15.91,280.4,39.6,54.85
5/25/2022 18:00,31.44,20.13,36.59,29.57,17.49,293.8,38.03,54.32
5/25/2022 19:00,30.21,18.3,27.93,29.11,16.62,302,18.52,25.1
5/25/2022 20:00,28.97,15.76,31.09,26.49,14.16,299.2,18.98,34.55
5/25/2022 21:00,28.97,13.73,88.9,23.64,12.37,244.1,35.02,43.13
5/25/2022 22:00,21.99,16.73,114.6,21.96,15.93,218.8,49.3,54.37
5/25/2022 23:00,21.3,15.38,112.6,20.91,14.6,220.8,56.21,58.13
5/26/2022 0:00,22.95,12.97,114.9,21.2,12.1,218,52.25,58.29
5/26/2022 1:00,24.32,11.49,111.4,20.15,10.57,221.2,19.79,45.97
5/26/2022 2:00,20.62,10.45,109.6,18.18,9.45,222.5,6.83,26.88
5/26/2022 3:00,18.84,11.33,91.4,18.99,9.83,238.6,0.027,6.362
5/26/2022 4:00,21.3,10.92,99.4,18.64,9.65,232.8,0.004,4.896
5/26/2022 5:00,16.64,10.37,103.7,15.91,9.22,228.2,0.869,11.28
5/26/2022 6:00,20.62,9.81,98.1,18.41,8.35,233.4,11.79,22.97
5/26/2022 7:00,22.4,9.61,85.7,19.81,7.96,243.9,32.84,46.69
5/26/2022 8:00,17.88,8.02,49.83,17.6,6.263,279.8,44.52,50.21
5/26/2022 9:00,22.12,9.21,49.94,18.76,7.494,280.7,46.53,53.49
5/26/2022 10:00,21.99,10.76,62.26,21.14,9.01,268.7,52.48,56.72
5/26/2022 11:00,18.29,8.21,40.71,16.32,6.595,288.7,57.42,60.94
5/26/2022 12:00,16.37,5.688,47.24,16.03,4.496,284.2,52.74,61.05
5/26/2022 13:00,11.71,5.195,44.65,11.32,3.979,282.1,49.83,58.49
5/26/2022 14:00,11.44,4.673,68.31,10.45,3.067,253,34.91,42.48
5/26/2022 15:00,13.36,6.616,100.3,13.64,5.176,227.6,32.63,46.48
5/26/2022 16:00,12.53,4.682,98.9,12.6,3.357,226.6,49.4,51.4
5/26/2022 17:00,4.176,2.703,295.9,3.354,1.658,48.49,55,58.38
5/26/2022 18:00,4.998,3.41,259.2,4.284,2.436,70.79,56.69,59.81
5/26/2022 19:00,6.642,4.435,258.4,6.26,3.558,69.93,50.84,57.98
5/26/2022 20:00,11.99,7.551,271.7,11.55,6.889,58.24,54.78,57.91
5/26/2022 21:00,12.81,10.71,291.4,12.36,10.15,39.64,58.43,60.12
5/26/2022 22:00,15.27,11.3,284.3,15.1,10.84,46.77,57.79,58.45
5/26/2022 23:00,15,12.73,289.1,15.04,12.36,41.98,58,58.41
5/27/2022 0:00,14.45,12.23,287.1,15.1,11.99,43.9,57.92,58.32
5/27/2022 1:00,17.33,13.78,278.2,16.96,13.27,52.6,57.95,58.79
5/27/2022 2:00,19.66,15.39,281.1,19.51,14.92,49.33,57.14,61.17
5/27/2022 3:00,19.25,14.77,284.9,18.99,14.38,45.29,55.6,59.71
5/27/2022 4:00,15.82,11.23,275.6,16.67,10.9,54.65,55.48,59.76
5/27/2022 5:00,15,10.83,279,15.56,10.44,51.13,47.62,57.07
5/27/2022 6:00,12.94,7.187,284.2,12.71,6.734,45.54,58.08,61.15
5/27/2022 7:00,6.505,2.319,79.13,6.783,1.425,235.8,58.85,61.95
5/27/2022 8:00,12.12,3.573,291.9,12.02,2.927,33.15,59.05,61.62
5/27/2022 9:00,10.07,3.209,303.2,10.39,2.478,10.88,57.23,62.45
5/27/2022 10:00,6.231,2.929,82.4,5.621,2.226,268.6,60.28,63.31
5/27/2022 11:00,14.45,5.575,306,14.28,4.903,19.43,57.33,61.84
5/27/2022 12:00,12.26,4.422,285.1,12.31,3.607,40.4,57.94,62.78
5/27/2022 13:00,17.19,11.39,270,17.07,10.82,59.15,60.02,63.05
5/27/2022 14:00,15.55,9.68,270.5,15.33,9.25,59.58,60.03,62.54
5/27/2022 15:00,15.82,9.61,288.9,15.74,9.1,40.9,60.13,60.73
5/27/2022 16:00,15.55,8.98,265.5,15.62,8.54,64.72,60.27,60.93
5/27/2022 17:00,18.42,9.19,279.7,17.65,8.63,50.32,60.33,61
5/27/2022 18:00,7.053,1.979,192.2,6.958,1.227,165.1,60.08,60.71
5/27/2022 19:00,4.039,1.717,138.7,3.761,0.924,177.8,59.93,60.52
5/27/2022 20:00,4.587,2.098,136.2,4.342,1.388,207.7,60.17,60.63
5/27/2022 21:00,4.039,2.376,135.1,3.702,1.669,193.4,59.83,60.24
5/27/2022 22:00,4.313,2.432,120.2,4.226,1.677,209.8,60.03,60.4
5/27/2022 23:00,5.272,1.982,183.3,5.621,1.37,153.1,59.87,60.47
5/28/2022 0:00,2.258,1.444,202.7,2.075,0.854,127.9,59.68,60.49
5/28/2022 1:00,2.532,1.355,202.3,2.714,0.854,139.5,NAN,NAN
5/28/2022 2:00,4.176,2.061,176,3.935,1.453,161,58.91,62.21
5/28/2022 3:00,4.587,2.665,152.5,4.574,2.126,180.7,58.85,61.07
5/28/2022 4:00,3.354,1.788,169.3,3.295,1.334,172,57.57,60.63
5/28/2022 5:00,3.08,1.557,179.2,2.714,1.134,185.2,56.01,59.66
5/28/2022 6:00,5.683,3.254,128.5,5.446,2.791,210.1,51.84,58.34
5/28/2022 7:00,5.409,2.935,118.7,5.563,2.36,214.9,51.91,62.29
5/28/2022 8:00,7.601,4.004,95.2,7.307,3.325,238,54.16,60.21
5/28/2022 9:00,8.15,4.611,115,7.946,3.989,217.4,59.92,63.14
5/28/2022 10:00,8.56,5.487,110.5,8.18,4.75,221.5,60.21,64.12
5/28/2022 11:00,7.875,5.351,96.6,7.423,4.58,237.6,51.88,55.48
5/28/2022 12:00,10.75,5.882,88.9,9.46,4.963,245.4,51.16,55.98
5/28/2022 13:00,9.93,4.561,112.7,8.88,3.533,224.1,50.81,58.6
5/28/2022 14:00,9.52,2.918,113.6,9.11,2.01,187.8,59.47,61.32
5/28/2022 15:00,7.601,3.745,268.6,7.249,2.9,62.02,60.67,61.45
5/28/2022 16:00,7.327,3.464,266.1,7.307,2.697,62.12,60.02,60.67
5/28/2022 17:00,2.806,1.744,224.6,1.9,0.756,193.6,58.27,59.9
5/28/2022 18:00,4.039,1.358,142.7,3.179,0.68,198.1,56.72,58.3
5/28/2022 19:00,3.354,1.339,204.7,2.772,0.469,148.1,57.1,58.36
5/28/2022 20:00,3.902,2.072,173.9,3.295,1.013,156,57.22,58.16
5/28/2022 21:00,3.765,2.212,152,3.179,1.226,176.4,57.21,58.71
5/28/2022 22:00,2.121,0.963,165.2,1.435,0.227,150.2,57.49,58.59
5/28/2022 23:00,2.943,1.771,181.4,2.249,0.771,147.4,58.02,59.15
5/29/2022 0:00,4.039,2.061,131.7,3.179,0.972,189.1,57.86,59.58
5/29/2022 1:00,4.313,1.796,78.22,3.528,0.877,240.8,55.51,57.97
5/29/2022 2:00,6.094,2.94,112,5.911,2.143,209.7,53.19,57.5
5/29/2022 3:00,5.272,2.145,111,4.807,1.311,225.4,50.43,53.93
5/29/2022 4:00,5.683,2.963,118.9,6.26,2.254,213.2,44.58,51.06
5/29/2022 5:00,5.82,3.587,127.6,5.795,3.083,209.7,42.16,45.16
5/29/2022 6:00,6.779,4.039,107.1,6.725,3.389,225.4,44.02,46.25
5/29/2022 7:00,6.368,3.662,93.2,6.202,2.719,236.1,45.44,48.07
5/29/2022 8:00,7.738,4.623,101.8,7.19,3.842,230.7,46.42,53.15
5/29/2022 9:00,7.738,4.764,104.3,7.249,3.989,227.3,53.49,57.91
5/29/2022 10:00,7.875,4.86,107.9,7.249,4.151,224.2,55.04,60.01
5/29/2022 11:00,8.42,5.759,90.2,7.83,4.933,243.3,53.03,59.98
5/29/2022 12:00,7.464,4.943,84.5,6.667,4.053,250.5,48.23,53.53
5/29/2022 13:00,5.683,2.979,80.6,4.865,2.066,252.3,48.78,51.83
5/29/2022 14:00,5.409,1.797,279.9,5.156,1.032,99.8,45.04,51.86
5/29/2022 15:00,5.683,3.352,256.3,5.272,2.621,87.5,33.17,47.15
5/29/2022 16:00,9.52,5.965,257.5,9.46,5.406,73.68,27.57,30.61
5/29/2022 17:00,9.66,5.813,258.6,9.46,5.25,72.9,33.2,36.83
5/29/2022 18:00,8.29,5.666,277.1,8.12,5.061,53.41,34.85,38.99
5/29/2022 19:00,7.327,3.955,216.6,7.016,3.194,101.5,21.46,40.66
5/29/2022 20:00,6.779,3.08,143,6.377,2.06,178.4,1.212,15.36
5/29/2022 21:00,6.779,3.655,155.6,6.377,2.692,167.5,1.878,9.74
5/29/2022 22:00,6.094,3.781,134.6,5.563,2.808,194.7,3.148,8.14
5/29/2022 23:00,8.15,4.007,148.9,7.307,3.029,182.8,6.646,13.29
5/30/2022 0:00,6.916,4.127,154.7,6.551,3.18,176.6,1.912,8.38
5/30/2022 1:00,6.505,3.897,164.6,6.667,3.153,165.9,0,0
5/30/2022 2:00,5.957,3.245,150.8,5.97,2.555,179.2,0,0
5/30/2022 3:00,7.19,4.247,161,6.9,3.586,171.7,0,0
5/30/2022 4:00,9.11,5.62,119.1,8.88,4.962,214.6,0.09,7.554
5/30/2022 5:00,7.738,5.17,136.1,7.597,4.684,197.4,3.5,14.02
5/30/2022 6:00,8.56,5.84,135.7,8.59,5.412,198.3,14.01,21.84
5/30/2022 7:00,10.34,6.04,118.3,10.16,5.234,213.5,22.53,31.85
5/30/2022 8:00,9.66,6.7,100.3,9.52,5.755,231.2,32.69,45.71
5/30/2022 9:00,10.07,6.165,102.7,9.05,5.216,228.8,33.76,45.01
5/30/2022 10:00,10.48,5.931,108.6,10.21,5.005,221.5,34.43,46.71
5/30/2022 11:00,11.57,6.111,97.1,10.79,5.083,235.1,35.18,46.11
5/30/2022 12:00,11.85,8.13,104.4,11.72,7.219,227.7,22.18,40.63
5/30/2022 13:00,10.34,7.345,107.8,9.75,6.576,224.2,10.33,22.39
5/30/2022 14:00,10.75,5.585,120,10.85,4.659,211.5,0.164,8.84
5/30/2022 15:00,9.66,5.74,113.5,9.28,4.814,218.5,0,0
5/30/2022 16:00,9.52,5.28,131,8.24,4.383,201.9,0,0
5/30/2022 17:00,8.29,4.613,145.2,7.714,3.736,188.8,0,0
5/30/2022 18:00,6.779,4.84,146.5,6.377,4.014,187.7,0,0
5/30/2022 19:00,7.875,5.781,140.5,7.423,4.996,193.4,0.13,6.974
5/30/2022 20:00,8.56,5.861,130.9,7.946,5.061,201.7,5.447,16.87
5/30/2022 21:00,8.29,5.157,111.7,7.19,4.291,220.2,25.58,43.23
5/30/2022 22:00,7.327,4.507,101.5,6.667,3.429,230.4,46.59,49.45
5/30/2022 23:00,6.642,4.445,131.3,6.435,3.618,199.4,45.32,49.43
5/31/2022 0:00,7.464,4.833,143.1,7.307,4.034,190.4,38.03,48.8
5/31/2022 1:00,7.738,4.476,147.5,8.35,3.785,187.1,NAN,NAN
5/31/2022 2:00,5.683,3.531,135.1,5.505,2.898,199.4,9.79,32.44
5/31/2022 3:00,6.916,3.627,140.5,7.539,3.037,194.8,0.354,5.604
5/31/2022 4:00,6.779,4.22,130.6,6.958,3.64,205,0.149,5.51
5/31/2022 5:00,7.464,4.629,109.8,7.074,3.992,223.2,3.295,14
5/31/2022 6:00,9.25,6.13,96.1,8.29,5.324,237.3,5.425,16.7
5/31/2022 7:00,9.66,6.481,99.9,9.05,5.626,232.7,14.88,22.25
5/31/2022 8:00,9.66,5.817,108.5,8.7,5.046,224,26.06,33.88
5/31/2022 9:00,10.62,6.698,95.5,9.81,5.702,237.6,35.58,45.19
5/31/2022 10:00,11.44,6.001,95.5,10.04,4.912,237.2,42.7,52.19
5/31/2022 11:00,9.93,6.321,113.8,9.23,5.567,218.5,35.48,43.12
5/31/2022 12:00,8.29,4.548,123.7,8.12,3.624,205.4,31.94,49.34
5/31/2022 13:00,7.738,3.889,126.3,7.655,3.072,207.4,17.38,28.39
5/31/2022 14:00,6.368,2.336,128.7,6.202,1.409,218.4,4.318,21.62
5/31/2022 15:00,5.272,2.545,152.8,4.807,1.715,191.7,7.439,14.71
5/31/2022 16:00,4.587,2.203,181,3.935,1.316,148.1,0.193,6.061
5/31/2022 17:00,3.765,1.69,168.7,3.237,0.942,161.1,5.363,17.28
5/31/2022 18:00,5.135,3.124,139.7,4.633,2.2,191.1,17.2,22.39
5/31/2022 19:00,4.724,3.36,132.5,4.4,2.432,198.7,20.22,22.79
5/31/2022 20:00,4.998,3.576,155.6,4.4,2.623,177.2,26.6,29.46
5/31/2022 21:00,5.409,3.856,151.9,4.981,2.966,181.2,26.25,27.93
5/31/2022 22:00,6.505,3.425,143.2,6.26,2.472,189.6,20.65,25.93
5/31/2022 23:00,5.546,3.433,143.6,4.749,2.508,190.3,15.13,19.56
6/1/2022 0:00,5.957,3.947,138.2,5.33,3.085,195.1,3.552,14.72
6/1/2022 1:00,6.231,3.646,141,5.911,2.915,192.4,0,0
6/1/2022 2:00,4.998,3.45,142.7,4.749,2.839,190.9,0,0
6/1/2022 3:00,5.409,3.445,144.6,5.33,2.854,189.1,0,0
6/1/2022 4:00,5.957,3.887,135.2,5.853,3.319,199.2,0,0
6/1/2022 5:00,6.094,3.952,111.1,5.911,3.35,221.6,0,0
6/1/2022 6:00,6.642,4.344,108,6.493,3.69,224.7,5.603,16.33
6/1/2022 7:00,9.25,5.537,87.3,8.12,4.509,245.9,11.16,20.01
6/1/2022 8:00,9.38,5.744,97.7,8.53,4.906,235.3,16.12,27.68
6/1/2022 9:00,9.52,6.193,92,8.88,5.22,241.9,26.46,36.06
6/1/2022 10:00,9.38,5.642,113.2,8.99,4.867,218.7,45.54,53.91
6/1/2022 11:00,9.38,5.298,107.3,9.86,4.486,225,44.74,56.28
6/1/2022 12:00,10.62,5.855,109.5,9.92,5.012,222.2,35.78,50.45
6/1/2022 13:00,10.2,4.862,101.8,10.1,3.877,231.6,37.05,43.24
6/1/2022 14:00,9.11,4.689,117.8,8.59,3.708,214.4,30.81,39.08
6/1/2022 15:00,6.642,3.487,149.1,7.132,2.514,189.6,24.65,34.09
6/1/2022 16:00,8.29,4.028,144.6,7.772,3.101,187,7.855,28.32
6/1/2022 17:00,6.231,3.698,148.5,6.086,2.743,183,7.183,17.32
6/1/2022 18:00,6.231,3.573,154.2,6.086,2.686,182,14.65,20.45
6/1/2022 19:00,5.546,3.069,134.9,5.272,2.15,194.8,14.82,17.4
6/1/2022 20:00,5.546,2.749,144.6,4.807,1.801,187.6,26.84,34.78
6/1/2022 21:00,5.957,3.684,149.4,5.098,2.767,184.1,36.47,39.5
6/1/2022 22:00,6.505,4.336,157.2,5.911,3.494,176.5,35.66,39.04
6/1/2022 23:00,5.82,3.964,146.4,5.388,3.139,188.3,19.43,29.63
6/2/2022 0:00,6.505,4.294,142.6,6.318,3.504,191.9,0.484,6.471
6/2/2022 1:00,7.464,4.766,135.1,7.016,4.031,198.9,4.698,21.02
6/2/2022 2:00,7.601,3.742,119.3,7.249,2.947,212.3,21.78,27.17
6/2/2022 3:00,9.66,5.332,130.5,9.4,4.676,201.8,11.41,21.73
6/2/2022 4:00,9.66,5.732,120.8,9.63,5.196,212.1,0.003,4.081
6/2/2022 5:00,10.34,5.527,114,10.45,4.967,219.4,0,0
6/2/2022 6:00,8.83,5.481,94.7,8.76,4.676,239.8,12.9,29.62
6/2/2022 7:00,11.44,7.188,86.6,10.68,6.138,247.1,13.61,34.78
6/2/2022 8:00,12.26,7.871,89.3,11.67,6.751,243.9,5.58,24.1
6/2/2022 9:00,11.44,8.07,90.8,10.62,6.986,242.4,8.65,18.49
6/2/2022 10:00,11.71,7.622,89.7,10.62,6.446,242.8,26.29,36.57
6/2/2022 11:00,12.4,8.16,88.9,11.38,6.948,244.4,40.82,47.15
6/2/2022 12:00,10.89,7.333,94.7,9.92,6.294,238.2,40.16,48.23
6/2/2022 13:00,10.89,6.492,103,9.81,5.526,229.5,19.56,33.69
6/2/2022 14:00,9.52,6.015,102.7,8.24,4.936,229.1,5.605,21.5
6/2/2022 15:00,7.601,3.894,122.1,7.132,2.978,208.3,0.1,5.406
6/2/2022 16:00,5.82,3.06,126,5.33,2.127,201.1,0.349,8.33
6/2/2022 17:00,5.957,3.701,125.5,5.33,2.729,204.3,0,0
6/2/2022 18:00,5.272,3.155,135,4.865,2.217,191.9,0,0
6/2/2022 19:00,4.861,2.731,152.3,4.342,1.754,186.3,0,0
6/2/2022 20:00,4.587,3.235,134.9,3.935,2.312,198.8,0,0
6/2/2022 21:00,4.861,3.316,121.1,4.109,2.329,208.2,0,0
6/2/2022 22:00,5.683,3.25,140.5,5.098,2.308,192,0,0
6/2/2022 23:00,5.546,3.518,135.5,4.981,2.553,194.7,0,0
6/3/2022 0:00,5.683,3.056,131.4,5.563,2.122,196.3,0,0
6/3/2022 1:00,6.094,3.834,121.4,5.853,3.065,206.1,0,0
6/3/2022 2:00,6.779,4.235,134.8,6.435,3.628,197.6,0,0
6/3/2022 3:00,7.327,4.981,128.1,7.19,4.406,204.5,0,0
6/3/2022 4:00,6.505,4.008,118.7,6.725,3.49,213.9,0,0
6/3/2022 5:00,8.29,5.359,105.9,8.24,4.646,227.5,0,0
6/3/2022 6:00,11.03,6.447,86.3,9.81,5.369,247.1,0,0
6/3/2022 7:00,13.63,7.405,84.4,12.13,6.167,249.3,0,0
6/3/2022 8:00,11.3,7.655,94.8,10.1,6.629,238.4,0.459,13.5
6/3/2022 9:00,10.34,6.43,99.6,10.21,5.335,231.8,0.688,8.1
6/3/2022 10:00,12.12,7.051,101.8,11.2,6.096,231.1,0.042,5.209
6/3/2022 11:00,10.75,8.08,96.5,10.39,6.959,236.1,0,0
6/3/2022 12:00,12.26,7.296,107.9,10.33,6.347,224.1,0.202,7.819
6/3/2022 13:00,9.79,7.45,100.1,9.46,6.448,232.4,0.053,9
6/3/2022 14:00,9.52,6.074,111.7,9.46,5.115,220.6,0.022,5.604
6/3/2022 15:00,9.79,4.393,133.1,10.04,3.329,197.5,0,0
6/3/2022 16:00,9.11,4.068,110.6,8.76,2.988,222.7,0,0
6/3/2022 17:00,7.053,3.619,109.3,7.132,2.578,219.8,0,0
6/3/2022 18:00,7.327,4.187,111.2,6.725,3.122,219.6,0,0
6/3/2022 19:00,6.642,3.524,106.3,5.853,2.46,222.7,0,0
6/3/2022 20:00,6.368,3.878,123.4,5.97,2.977,208.6,0,0
6/3/2022 21:00,6.779,3.347,130.5,6.318,2.273,210.3,0.047,2.43
6/3/2022 22:00,5.546,2.118,146.2,5.388,1.082,204.8,3.034,13.7
6/3/2022 23:00,4.724,2.015,136.3,3.993,0.923,204.8,7.312,28.19
6/4/2022 0:00,4.313,2.288,113.7,3.761,1.356,215.3,1.383,9.7
6/4/2022 1:00,4.861,2.52,127.4,4.458,1.689,205.8,0.041,3.49
6/4/2022 2:00,5.546,2.928,142.3,4.865,2.246,192.1,0,0
6/4/2022 3:00,5.683,2.898,132.8,5.214,2.241,207.6,0,0
6/4/2022 4:00,4.45,2.222,107,4.226,1.562,231.9,0,0
6/4/2022 5:00,4.861,3.132,79.88,4.4,2.383,255.6,0,0
6/4/2022 6:00,5.409,3.475,77.34,4.807,2.739,258.9,1.015,13.89
6/4/2022 7:00,4.998,3.21,66.19,4.458,2.428,267.8,28.14,35.55
6/4/2022 8:00,6.505,4.369,74.7,5.795,3.515,260.6,17.93,42.55
6/4/2022 9:00,7.19,4.784,78.72,6.318,3.921,257.2,1.826,21.72
6/4/2022 10:00,7.19,4.814,79.73,6.9,3.986,255.9,4.097,17.57
6/4/2022 11:00,7.738,4.171,83.1,7.481,3.274,251.7,7.366,30.63
6/4/2022 12:00,6.505,3.545,69.02,5.853,2.617,266.9,19.15,32.47
6/4/2022 13:00,4.587,2.828,115.6,4.458,2.019,212.6,11.65,31.96
6/4/2022 14:00,3.902,1.428,139,3.354,0.78,186.3,1.85,13.96
6/4/2022 15:00,2.395,0.529,168.5,1.842,0.197,125.7,0.874,10.16
6/4/2022 16:00,3.354,1.524,187.9,3.063,0.822,91.5,0,0
6/4/2022 17:00,3.491,1.022,229.6,2.947,0.611,104.2,0,0
6/4/2022 18:00,4.861,2.775,250,4.4,2.19,76.11,0,0
6/4/2022 19:00,4.587,2.471,192,3.877,1.602,137.6,0,0
6/4/2022 20:00,3.902,2.374,193.5,3.295,1.485,128.8,0,0
6/4/2022 21:00,4.176,1.848,204.9,3.47,0.94,118.1,0,0
6/4/2022 22:00,4.039,2.142,211.1,3.702,1.282,113.5,0,0
6/4/2022 23:00,8.83,2.576,289,7.249,1.759,39.16,0,0
6/5/2022 0:00,7.19,3.405,302.7,7.132,2.562,27.26,0,0
6/5/2022 1:00,5.135,2.378,244.2,5.214,1.704,91.8,0,0
6/5/2022 2:00,3.765,2.103,202.3,3.179,1.605,133,0,0
6/5/2022 3:00,3.354,1.277,201.9,3.237,0.999,138.8,1.132,14.47
6/5/2022 4:00,3.08,1.322,163.7,2.772,0.856,204.4,7.511,40.28
6/5/2022 5:00,3.902,1.92,65.98,3.295,1.203,272.7,14.91,28.53
6/5/2022 6:00,4.724,2.593,54.92,4.051,1.831,279.6,25.14,29.15
6/5/2022 7:00,4.998,3.124,55.53,4.691,2.32,278.7,25.46,32.01
6/5/2022 8:00,5.409,2.815,31.37,5.098,1.995,299.2,31.18,43.78
6/5/2022 9:00,7.327,3.229,23.87,6.435,2.243,306.9,45.51,54.8
6/5/2022 10:00,8.56,3.549,295.8,8.76,2.846,29.6,46.53,57.67
6/5/2022 11:00,9.25,4.371,254.9,9.34,3.681,69.23,53.37,60.56
6/5/2022 12:00,15.55,8.64,269.3,15.21,8.21,60.66,49.42,59.84
6/5/2022 13:00,15.41,11.47,296.7,15.74,11.07,34.17,35.02,43.95
6/5/2022 14:00,15.96,11.6,298.3,16.14,11.14,32.21,47.42,51.14
6/5/2022 15:00,13.22,10.59,292.4,12.95,10.08,38.2,49.43,51.24
6/5/2022 16:00,12.26,9.53,272.6,12.07,9.05,57.94,46.89,48.9
6/5/2022 17:00,11.57,9.47,288.4,11.49,8.98,42.05,48.44,50.29
6/5/2022 18:00,13.22,10.9,294.9,13,10.37,35.73,43.33,46.96
6/5/2022 19:00,12.26,9.91,286.2,12.13,9.39,44.16,48.96,50.29
6/5/2022 20:00,12.53,9.66,286.4,12.07,9.12,44.16,51.23,52.55
6/5/2022 21:00,12.81,10.25,289.2,12.42,9.76,41.12,52.63,55.75
6/5/2022 22:00,10.48,8.84,274.9,10.33,8.43,55.37,57.06,59.43
6/5/2022 23:00,10.75,8.62,279.2,10.62,8.16,51.06,57.37,60.41
6/6/2022 0:00,9.66,7.301,267.4,9.86,6.845,62.68,52.31,58.61
6/6/2022 1:00,11.16,7.409,261.7,11.03,6.908,68.67,NAN,NAN
6/6/2022 2:00,11.16,7.854,268.2,10.97,7.421,61.71,52.59,55.72
6/6/2022 3:00,14.18,8.81,268.6,13.88,8.41,61.48,54.56,56.71
6/6/2022 4:00,12.4,8.87,277.2,12.36,8.49,52.81,56.98,59.06
6/6/2022 5:00,10.75,7.882,283.7,10.5,7.582,45.75,57.23,60.67
6/6/2022 6:00,10.07,5.469,296.7,9.81,4.969,30.15,55.6,59.87
6/6/2022 7:00,9.93,4.485,300.9,10.16,3.671,21.63,55.28,60.22
6/6/2022 8:00,8.15,3.478,358.2,8.41,2.493,321.9,45.91,55.02
6/6/2022 9:00,8.42,3.216,324.1,8.41,2.356,359.4,43.46,49.5
6/6/2022 10:00,7.327,3.789,278.4,7.249,3.216,45.29,40.27,50.29
6/6/2022 11:00,7.738,3.984,279.2,8.24,3.32,46.57,39.19,54.6
6/6/2022 12:00,7.053,1.982,316,6.9,1.297,19.24,46.73,59.79
6/6/2022 13:00,3.765,1.432,4.442,3.528,0.776,354.7,48.27,63.16
6/6/2022 14:00,2.943,1.061,226.8,2.365,0.703,48.29,45.44,59.27
6/6/2022 15:00,5.957,1.524,209.9,5.853,1.237,72.81,54.22,60.95
6/6/2022 16:00,9.25,4.983,254,9.23,4.426,75.81,47.31,59.65
6/6/2022 17:00,9.11,6.052,254.6,9.05,5.652,75.35,56.81,59.61
6/6/2022 18:00,7.327,5.187,258.8,7.249,4.835,70.02,54.75,59.41
6/6/2022 19:00,7.327,5.125,277.3,7.19,4.762,51.79,36.81,43.58
6/6/2022 20:00,7.464,5.351,256.9,7.365,5.038,73.25,21.55,34.07
6/6/2022 21:00,6.094,3.887,280.1,6.202,3.427,47.83,27.22,33.09
6/6/2022 22:00,6.094,4.137,263.7,5.911,3.713,65.47,26.77,30.14
6/6/2022 23:00,9.93,5.774,269.6,10.1,5.426,59.2,34.98,39.78
6/7/2022 0:00,10.07,8.1,281.4,9.86,7.794,49.11,46.38,50.01
6/7/2022 1:00,9.79,7.504,275.2,9.63,7.236,54.98,52.24,57.33
6/7/2022 2:00,10.48,6.996,269.7,10.74,6.663,60.63,54.11,58.6
6/7/2022 3:00,11.71,7.316,271.6,12.31,7.009,58.15,51,60.33
6/7/2022 4:00,10.89,6.13,276,11.09,5.784,53.03,51.49,58.06
6/7/2022 5:00,5.546,2.843,289.2,5.563,2.282,34.55,56.36,62.98
6/7/2022 6:00,5.82,3.269,268.2,5.795,2.755,57.6,58.28,63.48
6/7/2022 7:00,4.039,2.133,298.5,3.819,1.519,15.57,60.72,66.16
6/7/2022 8:00,7.327,3.966,62.08,6.783,3.111,271.5,62.96,65.2
6/7/2022 9:00,8.01,4.714,66.1,7.074,3.72,267.9,60.78,64.11
6/7/2022 10:00,8.15,4.124,81,7.365,3.03,253.9,61.71,64.83
6/7/2022 11:00,7.327,4.29,71.16,7.074,3.046,262.1,62.23,65.16
6/7/2022 12:00,7.19,4.492,75.96,6.551,3.374,257.2,59.17,63.25
6/7/2022 13:00,6.642,3.462,75.65,6.086,2.372,258.1,50.44,58.63
6/7/2022 14:00,6.505,2.753,95.3,5.388,1.769,233.5,56.75,59.62
6/7/2022 15:00,3.902,2.054,96.6,3.005,1.135,227.1,54.32,58.9
6/7/2022 16:00,3.491,1.495,112.5,2.482,0.672,227.1,53.6,57.42
6/7/2022 17:00,4.039,1.47,196,3.644,1.071,88.2,57.28,62.13
6/7/2022 18:00,5.957,3.499,255.6,6.202,3.213,77.48,60.1,64.55
6/7/2022 19:00,7.464,5.189,260.6,7.307,4.854,70.06,56.22,59.04
6/7/2022 20:00,7.875,5.647,265.1,7.83,5.326,65.43,57.72,59.56
6/7/2022 21:00,9.38,6.437,279.5,9.57,6.123,50.69,60.63,63.12
6/7/2022 22:00,8.29,6.415,270.6,8.59,6.352,59.86,61.71,62.58
6/7/2022 23:00,9.93,7.568,276.3,10.62,7.877,54.08,61.52,62
6/8/2022 0:00,10.07,8.35,275.6,10.85,8.69,55.33,61.41,62.14
6/8/2022 1:00,11.03,8.62,275.1,10.97,8.27,55.49,61.03,61.7
6/8/2022 2:00,9.93,7.3,276.3,9.75,7.03,54.16,58.56,63.62
6/8/2022 3:00,10.62,7.472,280.9,10.85,7.201,49.15,48.84,54.17
6/8/2022 4:00,8.7,5.723,278.6,8.76,5.464,50.95,53.66,56.91
6/8/2022 5:00,6.231,3.272,277,6.435,2.85,47.85,59.64,62.97
6/8/2022 6:00,4.313,2.094,309.5,4.458,1.467,4.134,60.79,64.52
6/8/2022 7:00,5.135,2.919,57.27,4.691,2.123,274.7,62.92,66.67
6/8/2022 8:00,7.19,4.478,73.47,6.435,3.568,260.5,62.81,64.51
6/8/2022 9:00,8.56,5.006,67.78,8.06,4.075,265.4,60.85,65.33
6/8/2022 10:00,8.42,4.03,74.9,7.83,3.128,259,61.46,65.83
6/8/2022 11:00,6.642,3.412,86.3,5.97,2.513,247.9,62.61,64.98
6/8/2022 12:00,6.368,2.483,67.44,5.039,1.602,262.5,60.82,64.03
6/8/2022 13:00,4.45,2.04,93.1,4.051,1.2,244.1,62.17,64.18
6/8/2022 14:00,3.217,0.977,71.96,2.365,0.387,258.5,62.15,65.2
6/8/2022 15:00,3.08,2.095,108.6,2.365,1.29,212.9,60.96,63.32
6/8/2022 16:00,3.628,2.102,129.9,3.179,1.244,183.4,55.4,62.29
6/8/2022 17:00,7.327,2.086,119.5,7.19,1.529,206.9,57.21,63.47
6/8/2022 18:00,6.368,2.744,162.9,5.911,1.899,161.9,58.05,59.43
6/8/2022 19:00,3.765,1.831,225.5,3.354,1.074,123.4,58.07,59.81
6/8/2022 20:00,3.354,0.726,206.5,2.83,0.627,117.9,55.26,57.94
6/8/2022 21:00,6.094,4.253,255.1,5.911,3.773,74.59,57.5,59.29
6/8/2022 22:00,6.642,5.08,259.8,6.493,4.744,70.59,57.27,58.42
6/8/2022 23:00,6.642,4.907,256.9,6.318,4.573,73.38,58.73,60.77
6/9/2022 0:00,5.409,3.886,261.7,5.214,3.467,68.75,59.58,62.13
6/9/2022 1:00,4.039,1.534,254.2,3.644,1.094,78.93,NAN,NAN
6/9/2022 2:00,3.08,0.914,188.2,2.889,0.615,174.5,56.16,58.45
6/9/2022 3:00,2.532,1.034,169.1,2.191,0.603,310.3,55.06,57.15
6/9/2022 4:00,2.806,1.418,46.32,2.365,0.82,304.4,54.94,57.81
6/9/2022 5:00,3.765,2.075,34.91,3.121,1.403,299.5,58.08,62.67
6/9/2022 6:00,5.409,2.283,320.2,5.214,1.59,357.8,62.58,65.21
6/9/2022 7:00,5.683,3.133,70.73,5.272,2.31,266.6,62.51,64.55
6/9/2022 8:00,6.094,3.67,60.98,5.563,2.886,274,62.7,64.03
6/9/2022 9:00,6.779,4.558,74.6,6.086,3.659,260.1,63.39,65.97
6/9/2022 10:00,7.464,4.717,74.89,6.783,3.828,259.5,63.26,64.93
6/9/2022 11:00,6.642,3.858,82.9,6.377,3.035,252,63.06,65.02
6/9/2022 12:00,7.738,4.641,81.1,7.19,3.766,253.9,62.83,64.39
6/9/2022 13:00,7.19,4.29,98.4,6.028,3.495,235.4,62.7,65.17
6/9/2022 14:00,6.368,3.373,145.3,6.086,2.651,187.1,62.57,66.16
6/9/2022 15:00,4.587,3.014,127,4.458,2.318,206,62.15,63.12
6/9/2022 16:00,6.231,2.735,127.3,6.377,1.95,206,61.62,62.32
6/9/2022 17:00,6.094,3.713,133.5,5.505,2.91,195,60.53,61.34
6/9/2022 18:00,7.19,4.237,150.1,6.667,3.378,182.3,59.93,60.75
6/9/2022 19:00,6.231,3.799,118.7,5.911,2.968,212.7,59.91,61.29
6/9/2022 20:00,5.957,2.914,129.9,5.214,2,204.8,59.31,59.93
6/9/2022 21:00,4.998,2.962,136.3,4.516,2.081,192,58.36,59.04
6/9/2022 22:00,3.902,2.262,140.9,3.354,1.314,188.2,57.54,58.68
6/9/2022 23:00,2.806,2.017,146,2.191,1.037,179.7,57.1,58.09
6/10/2022 0:00,6.642,3.427,113.9,5.737,2.504,218.6,57.48,61.49
6/10/2022 1:00,7.601,4.403,113.4,7.423,3.646,218.8,60.98,61.97
6/10/2022 2:00,9.66,5.415,113.6,9.4,4.726,219,60.74,63.7
6/10/2022 3:00,7.464,4.329,117.3,7.016,3.665,215.5,55.1,60.25
6/10/2022 4:00,8.56,4.915,106,8.35,4.191,226.9,54.44,56.87
6/10/2022 5:00,8.56,5.504,94.9,7.946,4.606,238.9,53.12,57.62
6/10/2022 6:00,9.93,6.974,88.2,8.76,5.808,245.8,39.59,49.08
6/10/2022 7:00,9.66,6.024,84,9.11,5.042,250.1,38.08,53.07
6/10/2022 8:00,11.3,7.48,90.2,10.85,6.335,243.7,33.05,49.08
6/10/2022 9:00,12.26,8.4,91.9,11.67,7.11,240.7,21.52,38.43
6/10/2022 10:00,13.77,9.22,94,12.31,7.92,238.9,19.23,36.12
6/10/2022 11:00,13.36,9.28,96.6,12.77,7.927,235.5,13.42,22.27
6/10/2022 12:00,11.16,7.086,107,11.03,6.128,224.6,16.34,24.8
6/10/2022 13:00,13.08,6.421,116.7,12.83,5.686,216.2,8.25,21.22
6/10/2022 14:00,10.75,5.497,111.6,10.62,4.662,221.2,6.931,21.89
6/10/2022 15:00,11.03,5.793,113.9,9.98,4.771,218.7,0.435,7.825
6/10/2022 16:00,8.7,4.897,114.4,8.24,4,219,0,0
6/10/2022 17:00,9.52,5.927,108.6,9.11,4.934,223.1,3.76,12.54
6/10/2022 18:00,8.56,4.647,108.1,7.946,3.498,222.3,7.522,10.9
6/10/2022 19:00,9.93,6.251,111.4,8.99,5.346,220.7,5.637,19
6/10/2022 20:00,9.11,6.042,114.5,8.99,5.202,218.4,10.39,33.28
6/10/2022 21:00,12.94,8.38,106.8,12.95,7.325,225.9,47.65,58.98
6/10/2022 22:00,15.82,9.35,102.7,14.69,8.2,230.2,17.71,24.89
6/10/2022 23:00,14.86,8.93,104.4,14.46,7.844,227.9,10.6,14.07
6/11/2022 0:00,11.71,7.15,104.8,11.43,6.029,228.2,6.359,10.73
6/11/2022 1:00,10.48,5.377,96.4,10.33,3.916,235.1,6.283,10.9
6/11/2022 2:00,8.56,4.406,88.6,8.24,3.172,241.3,7.848,16.47
6/11/2022 3:00,9.25,4.873,78.4,8.41,3.489,251,30.57,37.49
6/11/2022 4:00,9.66,5.225,89.7,9.28,4.101,242.8,26.09,33.05
6/11/2022 5:00,8.83,5.675,105.8,8.76,4.928,227.5,11.9,22.43
6/11/2022 6:00,9.79,5.821,106.8,9.63,5.004,225.4,17.48,30.38
6/11/2022 7:00,9.93,6.143,98.9,10.16,5.256,233.9,8.33,19.42
6/11/2022 8:00,11.85,6.668,97.5,11.2,5.454,234,16.84,24.99
6/11/2022 9:00,13.36,7.548,93,13.24,6.432,240.1,20.91,37.91
6/11/2022 10:00,15.27,8.15,91.3,13.82,6.884,241.9,28.68,48.02
6/11/2022 11:00,18.97,11.98,97.9,18.64,10.59,234.3,34.73,48.47
6/11/2022 12:00,15.27,8.21,99.4,14.86,7.054,233,51.37,59.19
6/11/2022 13:00,10.75,6.461,91.7,9.75,5.364,241.4,49.15,53.2
6/11/2022 14:00,8.56,4.749,107,7.83,3.735,225.2,44.92,53.28
6/11/2022 15:00,4.998,2.693,132.6,4.284,1.785,201,29.73,36.83
6/11/2022 16:00,7.19,4.58,114.6,6.9,3.56,216,14.07,26.72
6/11/2022 17:00,7.464,4.623,121.8,7.132,3.713,210.2,9.99,13.11
6/11/2022 18:00,7.19,4.693,135.6,6.667,3.884,196.6,0.396,8.33
6/11/2022 19:00,6.642,4.499,134,6.26,3.697,199.7,7.033,13.2
6/11/2022 20:00,8.29,5.156,111.5,7.946,4.099,219.5,9.87,13.27
6/11/2022 21:00,9.11,4.737,119.7,8.59,3.881,212.8,1.162,10.49
6/11/2022 22:00,5.135,3.122,126.5,4.516,2.288,203,0,0
6/11/2022 23:00,7.327,3.69,111.9,6.9,2.666,220.5,0,0
6/12/2022 0:00,7.053,2.319,123.6,6.783,1.753,191.2,4.192,16.96
6/12/2022 1:00,6.094,3.717,127.4,5.853,3.086,205.3,NAN,NAN
6/12/2022 2:00,8.83,5.292,111.4,8.47,4.637,221.3,0.009,6.759
6/12/2022 3:00,9.25,5.035,94.9,8.29,4.091,237.7,2.785,22.11
6/12/2022 4:00,8.15,4.465,88.7,8.47,3.184,240.9,20.03,26.67
6/12/2022 5:00,8.83,5.117,101.2,8.47,4.237,230.6,2.105,14.53
6/12/2022 6:00,7.738,4.984,103.3,7.714,4.16,228.4,6.769,22.19
6/12/2022 7:00,10.07,5.406,95.6,8.93,4.432,236.8,35.59,64.03
6/12/2022 8:00,11.99,6.801,102.1,11.55,5.869,230.8,61.99,63.95
6/12/2022 9:00,12.26,8.02,102.4,12.42,6.97,229.6,62.28,64.17
6/12/2022 10:00,16.51,10.26,100.6,15.74,9.01,231.6,57.07,63.87
6/12/2022 11:00,13.49,8.7,95,13,7.349,237,55.08,61.72
6/12/2022 12:00,13.22,7.785,99.8,12.6,6.72,232.8,46.84,60.52
6/12/2022 13:00,13.63,8.54,98.2,13,7.193,233.7,26.52,40.18
6/12/2022 14:00,11.85,6.795,99.2,11.67,5.49,232.8,11.92,22.94
6/12/2022 15:00,9.79,6.149,121.9,9.63,5.118,209.9,12.9,22.44
6/12/2022 16:00,10.07,6.592,107,9.17,5.604,225.8,19.48,23.39
6/12/2022 17:00,9.38,4.814,116.7,9.05,3.921,214.4,2.151,12.03
6/12/2022 18:00,5.135,2.812,129.5,4.749,1.889,198.7,0,0
6/12/2022 19:00,5.409,3.151,134.3,4.923,2.256,196.7,0,0
6/12/2022 20:00,7.327,5.04,126.7,6.725,4.256,205.9,0,0
6/12/2022 21:00,8.01,5.741,133.5,8,5.005,199.2,0,0
6/12/2022 22:00,7.053,4.609,132.7,6.725,3.712,198.8,0,0
6/12/2022 23:00,6.779,4.19,146.2,6.202,3.338,187.3,0,0
6/13/2022 0:00,4.998,3.062,152.3,4.4,2.15,180.8,0,0
6/13/2022 1:00,6.916,4.123,141.3,6.551,3.436,193.5,0,0
6/13/2022 2:00,6.642,4.171,145.5,6.202,3.558,188.4,1.188,12.56
6/13/2022 3:00,6.231,4.023,141.1,6.318,3.471,194.2,6.279,14.56
6/13/2022 4:00,7.19,4.542,129.1,7.016,3.882,204.2,4.276,14.94
6/13/2022 5:00,6.779,4.366,109.5,6.493,3.57,223.7,7.237,22.15
6/13/2022 6:00,8.83,5.192,111.9,8.53,4.519,220.7,30.66,35.99
6/13/2022 7:00,12.4,7.919,87.7,11.2,6.685,246,25.24,31.2
6/13/2022 8:00,12.12,7.665,90.5,11.09,6.545,243.1,27.23,32.19
6/13/2022 9:00,10.2,5.585,106,10.5,4.657,226.2,27.38,39.02
6/13/2022 10:00,10.48,5.775,92.2,9.46,4.645,239.1,42.92,51.54
6/13/2022 11:00,11.3,6.004,108.8,10.56,5.005,221.9,45.37,52.61
6/13/2022 12:00,11.16,6.452,103.2,11.14,5.463,229.4,38.81,49.7
6/13/2022 13:00,11.16,7.332,99.3,10.79,6.398,233.6,38.61,44.59
6/13/2022 14:00,11.57,6.027,95.5,10.97,4.98,237.2,33.06,39.44
6/13/2022 15:00,13.22,6.423,83.5,11.32,5.116,248.7,31.8,33.94
6/13/2022 16:00,7.601,2.902,103.3,6.667,1.916,222.1,35.37,38.34
6/13/2022 17:00,7.464,2.513,121.8,7.249,1.592,201.6,33.45,41.9
6/13/2022 18:00,8.83,5.065,156.1,8.06,4.16,177.2,41.24,44.53
6/13/2022 19:00,8.83,4.717,138.8,8.35,3.774,193.8,32.25,38.23
6/13/2022 20:00,8.29,4.685,137.4,8.24,3.834,195.7,25.68,30.13
6/13/2022 21:00,6.094,4.141,126.2,5.563,3.342,205.9,29.99,33.69
6/13/2022 22:00,7.19,5.13,116.4,6.783,4.303,216.2,36.72,39.5
6/13/2022 23:00,7.327,3.887,133.9,6.725,2.974,197.7,33.85,39.43
6/14/2022 0:00,7.875,4.206,160.3,7.714,3.329,172,31.09,34.95
6/14/2022 1:00,6.231,2.809,153.3,5.853,1.995,179.2,33.48,37.99
6/14/2022 2:00,5.546,2.316,118.3,5.156,1.572,217.8,36.46,43.12
6/14/2022 3:00,8.42,3.361,104.1,8,2.451,232.4,32.75,41.65
6/14/2022 4:00,7.601,3.873,111.7,7.423,3.121,221,32.95,44.26
6/14/2022 5:00,7.738,4.086,99,6.958,3.226,232.7,33.07,38.98
6/14/2022 6:00,7.601,4.596,101.3,7.481,3.801,231.1,36.02,42.93
6/14/2022 7:00,10.07,4.555,100.7,10.16,3.514,230.7,40.5,44.99
6/14/2022 8:00,10.89,5.256,100.6,10.62,4.335,230.7,39.89,48.3
6/14/2022 9:00,11.03,6.668,100.1,10.5,5.691,232.9,38.81,47.91
6/14/2022 10:00,14.31,8.84,112.7,14.11,8.15,219.7,37.54,49.67
6/14/2022 11:00,17.88,11.35,101.8,17.6,10.14,230.7,34.93,45.11
6/14/2022 12:00,17.74,10.92,100.4,16.78,9.6,231.8,34.9,43.86
6/14/2022 13:00,15.82,9.07,106.6,15.56,7.97,226.1,40.62,53.91
6/14/2022 14:00,16.37,8.38,96.4,15.97,7.102,235.9,42.32,47.53
6/14/2022 15:00,18.15,8.86,117.2,17.89,7.902,215.3,43.34,48.27
6/14/2022 16:00,14.04,5.637,129.6,14.11,4.727,200.7,42.56,47.14
6/14/2022 17:00,10.34,4.988,146.8,10.27,4.072,187.1,48.64,51.18
6/14/2022 18:00,18.56,8.58,99,17.25,7.293,234.3,44.38,49.24
6/14/2022 19:00,9.66,5.916,128.4,8.99,5.077,203.3,47.39,51.04
6/14/2022 20:00,11.57,5.922,132.3,9.98,4.947,199,44.23,50.23
6/14/2022 21:00,7.738,2.634,128.6,7.539,1.797,207.7,48.73,58.14
6/14/2022 22:00,6.231,3.21,150.9,5.795,2.3,183.9,46.56,50.71
6/14/2022 23:00,10.75,4.989,108,10.45,3.964,223,43.22,46.37
6/15/2022 0:00,8.42,4.199,132,7.888,3.288,201.3,44.49,48.31
6/15/2022 1:00,8.01,4.953,145.5,7.772,4.164,188.6,NAN,NAN
6/15/2022 2:00,6.916,3.866,140.1,7.481,3.031,194.6,46.74,52.52
6/15/2022 3:00,7.875,4.365,115.5,7.714,3.707,217.2,48.71,54.85
6/15/2022 4:00,7.464,5.058,101.7,6.958,4.267,232.2,43.74,48.36
6/15/2022 5:00,8.29,5.408,105.7,7.655,4.668,227.6,45.63,49.27
6/15/2022 6:00,11.16,6.745,99.2,10.33,5.813,234.1,50.35,53.44
6/15/2022 7:00,11.3,7.924,98.7,11.2,6.928,233.9,48.77,53.58
6/15/2022 8:00,12.26,8.52,104.2,12.07,7.503,227.7,50.18,54.95
6/15/2022 9:00,14.04,8.66,100.8,12.36,7.599,231.6,52.5,59.85
6/15/2022 10:00,11.71,7.513,105,11.49,6.277,226.2,55.24,65.31
6/15/2022 11:00,16.92,11.01,103.6,16.03,9.95,228.4,49.91,57.79
6/15/2022 12:00,17.19,10.98,105.6,16.03,9.91,226,50.46,61.87
6/15/2022 13:00,13.77,8.52,115.7,13.7,7.559,216.8,54.96,59.63
6/15/2022 14:00,14.86,8.49,107.8,13.93,7.39,224.4,53.63,57.26
6/15/2022 15:00,13.36,7.505,114.8,12.36,6.445,217.3,51.54,56.23
6/15/2022 16:00,10.75,5.916,109,9.75,4.916,222.7,44.7,48.59
6/15/2022 17:00,8.97,5.181,114,8.41,4.22,215,48.26,52.17
6/15/2022 18:00,8.29,3.368,142.6,8.41,2.415,192.9,49.92,54.51
6/15/2022 19:00,7.601,3.48,120.5,7.249,2.65,209,53.45,62.76
6/15/2022 20:00,5.135,2.325,115.5,4.516,1.546,190.9,55.98,63.5
6/15/2022 21:00,6.505,3.995,122.3,5.795,3.21,204.8,57.49,62.28
6/15/2022 22:00,7.601,4.774,119,7.365,4.087,213.8,61.71,64.44
6/15/2022 23:00,9.11,5.492,115,9.34,4.92,218.2,62.02,63.4
6/16/2022 0:00,5.957,3.409,106.7,5.737,3.14,226.5,61.65,62.58
6/16/2022 1:00,4.587,3.14,112.4,5.621,3.106,221.8,61.38,62.13
6/16/2022 2:00,9.11,5.416,97,11.84,6.001,235.7,62.15,64.23
6/16/2022 3:00,9.11,5.219,106.4,10.79,5.383,227.2,62.09,63.9
6/16/2022 4:00,8.7,5.038,100.1,9.52,4.433,233.2,61.36,63.42
6/16/2022 5:00,11.85,6.742,114.9,11.2,6.078,218.5,57.59,62.95
6/16/2022 6:00,13.22,8.9,108.4,13.24,8.2,224.6,48.4,56.03
6/16/2022 7:00,15.14,9.14,111.3,15.15,8.35,221.1,36.43,46.71
6/16/2022 8:00,16.51,9.46,101.5,15.97,8.32,230.2,30.31,46.79
6/16/2022 9:00,17.74,9.68,102.6,17.36,8.55,229.6,45.85,57.68
6/16/2022 10:00,17.47,10.51,105.3,16.03,9.43,227.3,54.8,60.52
6/16/2022 11:00,22.53,12.4,95.9,21.03,10.91,235.6,52.65,61.32
6/16/2022 12:00,18.15,11.13,96.2,16.96,9.63,235.2,57.09,64.12
6/16/2022 13:00,26.92,14.59,99.4,24.28,12.84,232.1,50.3,65.96
6/16/2022 14:00,23.63,14.8,97.5,22.89,12.77,234,54.06,59.75
6/16/2022 15:00,21.58,13.47,99.4,20.44,11.77,231.9,46.82,59.77
6/16/2022 16:00,19.66,11.59,97.4,19.22,9.83,233.7,57.26,64.08
6/16/2022 17:00,17.33,10.72,96,16.84,9.21,235.8,59.45,63.59
6/16/2022 18:00,14.73,9.62,104.3,14.63,8.49,227.7,61.06,71.71
6/16/2022 19:00,13.77,7.279,109.3,13.29,6.549,222.8,60.56,61.5
6/16/2022 20:00,10.34,7.099,111.6,9.69,6.202,220,60.56,61.52
6/16/2022 21:00,11.44,6.889,105,12.31,6.283,228,61.68,62.81
6/16/2022 22:00,15.82,8.58,100.4,15.04,8.33,232.7,61.24,62.3
6/16/2022 23:00,14.31,7.606,107.7,18.82,8.25,224.5,60.34,76.29
6/17/2022 0:00,17.6,8.72,106.4,18.29,8.76,225.3,55.77,76.08
6/17/2022 1:00,17.05,10.74,110.9,18.24,10.1,221.3,62.72,84.9
6/17/2022 2:00,13.9,8.42,102.9,13.59,7.246,228.9,57.36,64.18
6/17/2022 3:00,15,9.31,98.9,14.34,7.955,233,61.6,63.63
6/17/2022 4:00,24.45,10.92,94.2,22.31,9.21,236.9,61.21,63.22
6/17/2022 5:00,22.95,10.73,88.3,20.39,8.88,241.7,58.8,64.2
6/17/2022 6:00,18.15,9.85,92.2,16.43,8.45,239.4,56.15,65.12
6/17/2022 7:00,25,12.25,85.5,23,10.3,247.1,42.23,63.92
6/17/2022 8:00,22.95,12.35,91.9,20.62,10.36,239.2,34.88,48.09
6/17/2022 9:00,24.86,10.08,99.6,23.93,8.5,231.5,42.35,55.66
6/17/2022 10:00,14.31,8.98,92.6,13.99,7.76,240,29.43,41.65
6/17/2022 11:00,12.81,7.215,99.3,11.78,6.171,233,22.83,40.01
6/17/2022 12:00,9.93,5.756,100,9.4,4.801,233.1,16.03,37.82
6/17/2022 13:00,10.2,4.809,114.6,9.28,3.887,217.1,8.22,32.3
6/17/2022 14:00,6.779,2.792,108.8,7.365,1.829,213.7,1.804,12.28
6/17/2022 15:00,11.71,4.169,127.7,11.49,3.07,201.6,7.568,22.02
6/17/2022 16:00,12.67,5.47,86,12.83,4.167,243,27.06,31.6
6/17/2022 17:00,12.53,4.6,92,11.9,3.43,237.5,33.95,39.11
6/17/2022 18:00,11.85,6.219,103.7,11.32,5.074,227.8,43.34,46.54
6/17/2022 19:00,14.18,7.462,130.1,13.7,6.595,202,47.32,52.17
6/17/2022 20:00,10.75,6.858,132.2,10.39,5.945,200.6,51,53.91
6/17/2022 21:00,8.01,3.845,121.8,7.481,2.808,209.4,50.81,57.4
6/17/2022 22:00,6.642,3.92,123.6,6.26,3.002,209.9,58.11,60.33
6/17/2022 23:00,5.272,3.244,123.2,4.749,2.366,201,56.7,57.94
6/18/2022 0:00,6.779,3.432,116.5,6.086,2.481,216,55.48,57.85
6/18/2022 1:00,8.01,4.256,111,7.074,3.316,220.8,NAN,NAN
6/18/2022 2:00,9.38,5.522,107.7,9.17,4.639,224.3,58.17,59.36
6/18/2022 3:00,14.45,8.14,101,12.89,7.177,231.4,59.2,61.28
6/18/2022 4:00,12.12,7.493,107.6,11.9,6.613,225,59.22,64.08
6/18/2022 5:00,16.78,8.91,95.3,15.39,7.653,237.7,61.71,65.5
6/18/2022 6:00,13.36,8.49,99.5,12.95,7.393,232.4,53.34,60.34
6/18/2022 7:00,11.99,8.5,105.4,12.02,7.606,227.1,48.36,60.31
6/18/2022 8:00,13.36,8.77,111.5,13.53,7.928,220.5,29.87,43.51
6/18/2022 9:00,13.49,8.95,112.4,13.24,8.21,220.2,25.56,33.16
6/18/2022 10:00,14.04,8.65,99.4,13.76,7.603,233.2,16.52,24.29
6/18/2022 11:00,14.04,9.32,97.5,13.18,8.14,235.7,2.057,11.26
6/18/2022 12:00,15,10.1,93.8,14.52,8.64,238.8,1.039,13.5
6/18/2022 13:00,17.05,10.35,102.5,17.42,9.21,230.1,4.889,18.52
6/18/2022 14:00,12.53,7.223,101.9,10.91,6.037,230.6,2.182,14.07
6/18/2022 15:00,9.25,6.826,116.3,9.28,5.93,216,0,0
6/18/2022 16:00,8.83,4.832,151.2,8.88,3.956,183.5,0,0
6/18/2022 17:00,7.464,3.617,112.4,6.551,2.457,220.7,0,0
6/18/2022 18:00,7.053,4.474,125.9,7.19,3.6,205,0,0
6/18/2022 19:00,9.38,5.633,113.5,8.88,4.743,219.2,10.61,17.87
6/18/2022 20:00,7.19,4.954,121.7,6.667,4.074,210.3,16.55,31.28
6/18/2022 21:00,4.998,3.272,130.4,4.458,2.321,195.9,17.81,29.11
6/18/2022 22:00,4.998,2.69,123.2,4.4,1.799,203.8,21.61,31.59
6/18/2022 23:00,6.916,3.649,116.9,6.783,2.744,218.3,41.16,64.74
6/19/2022 0:00,6.916,4.456,101.5,6.493,3.605,231.6,62.19,64.17
6/19/2022 1:00,11.99,7.119,105.5,11.9,6.262,227.6,61.76,62.81
6/19/2022 2:00,11.16,5.655,97.5,10.97,4.26,234.7,61.71,64.18
6/19/2022 3:00,9.25,5.566,98.1,8.53,4.51,234.5,61.73,63.63
6/19/2022 4:00,11.71,6.782,105.9,11.61,5.965,226.8,61.78,63.79
6/19/2022 5:00,11.99,7.7,104.7,11.78,6.841,227.9,61.34,63.9
6/19/2022 6:00,10.75,5.972,99.4,10.56,4.823,232.9,53.86,61.83
6/19/2022 7:00,15.14,8.28,102.7,15.1,7.268,229,46,57.29
6/19/2022 8:00,16.51,8.99,99.3,16.49,7.776,232.4,48.82,62.5
6/19/2022 9:00,14.59,8.85,92.7,13.18,7.49,239.6,43.1,54.85
6/19/2022 10:00,14.45,10.21,94.6,14.22,8.76,238.1,36.49,51.93
6/19/2022 11:00,17.6,11.31,98,16.43,9.85,234.2,28.6,39.73
6/19/2022 12:00,14.73,10.33,102.3,14.34,9.11,229.6,35.98,45.98
6/19/2022 13:00,12.94,8.66,104.1,12.54,7.553,227.8,46.16,52.02
6/19/2022 14:00,15.68,9.58,97.9,14.46,8.08,234.6,44.14,49.77
6/19/2022 15:00,15,8.51,88.2,13.35,6.877,244.5,46.41,49.52
6/19/2022 16:00,13.49,7.038,99.1,11.96,5.604,230.9,48.8,50.49
6/19/2022 17:00,9.79,4.952,110.4,9.75,4.013,222.1,47.77,50.59
6/19/2022 18:00,12.53,6.621,103.4,12.54,5.6,229.7,48.42,51.56
6/19/2022 19:00,12.81,6.762,110.8,12.54,5.803,222.4,42.36,49.3
6/19/2022 20:00,12.81,7.429,102.5,11.84,6.231,229.8,37.25,41.81
6/19/2022 21:00,14.04,7.248,105.4,13.59,6.077,226.6,36.07,42.2
6/19/2022 22:00,12.12,6.681,106.6,11.55,5.485,225,14.67,33.14
6/19/2022 23:00,11.44,6.757,102.6,10.97,5.451,228.9,37.29,51.83
6/20/2022 0:00,14.31,8.39,108.4,14.28,7.313,224.5,28.36,41.51
6/20/2022 1:00,12.4,8.7,108.8,11.55,7.681,224.3,9.11,22.51
6/20/2022 2:00,13.08,8.96,107.5,12.42,7.862,226.1,5.36,25.12
6/20/2022 3:00,13.22,9.32,108.2,13.59,8.18,224.8,0.223,6.629
6/20/2022 4:00,14.18,10.31,104.4,13.99,9.35,229.2,0,0
6/20/2022 5:00,15.82,11.85,104.9,16.08,11.01,228,1.207,21.94
6/20/2022 6:00,15.55,11.51,107.4,15.45,10.81,226.4,12.66,26.5
6/20/2022 7:00,18.42,11.37,104.5,18.18,10.42,228.1,30.92,44.8
6/20/2022 8:00,19.93,11.65,103.1,18.64,10.42,228.8,38.33,48.68
6/20/2022 9:00,20.21,11.23,99.3,17.19,9.96,231.7,50.51,58.54
6/20/2022 10:00,17.33,11.78,101.7,16.67,10.65,230.2,53.25,57.22
6/20/2022 11:00,15.82,11.45,106.3,16.61,10.54,226.1,51.33,63.35
6/20/2022 12:00,15.68,11.74,106.1,14.75,10.95,226.7,47.94,54.09
6/20/2022 13:00,16.09,10.65,102.1,15.62,9.54,230,55.12,58.14
6/20/2022 14:00,8.56,5.001,102.9,7.83,3.942,228.6,60,63.84
6/20/2022 15:00,15.14,7.893,102.7,15.15,6.801,230.1,61.44,63.73
6/20/2022 16:00,14.45,7.871,104.8,14.98,6.788,227.8,61.95,64.19
6/20/2022 17:00,10.89,7.359,103.3,10.97,6.501,230.3,61.37,64.37
6/20/2022 18:00,12.94,6.004,104.5,13.12,5.675,228.7,62.19,62.82
6/20/2022 19:00,7.19,4.147,89.6,8.59,4.107,243.2,62.27,62.8
6/20/2022 20:00,6.916,3.936,68.31,8,3.914,265.4,62.26,62.87
6/20/2022 21:00,7.327,3.499,59.86,8.35,3.778,273.1,62.21,62.69
6/20/2022 22:00,4.998,2.985,81.7,6.958,3.469,252.8,62.1,62.47
6/20/2022 23:00,6.368,3.217,111.5,9.4,4.167,223.1,61.9,62.22
6/21/2022 0:00,7.464,4.41,126.2,10.04,5.691,207.7,60.89,62.11
6/21/2022 1:00,14.04,8.02,124.8,13.82,7.556,208.4,NAN,NAN
6/21/2022 2:00,14.73,9.88,128.3,13.7,9.21,204.8,23.35,29.7
6/21/2022 3:00,11.16,8.67,125.5,11.03,8.12,208.1,17.62,21.8
6/21/2022 4:00,17.05,10.01,119.8,16.96,9.39,213.7,18.79,31.03
6/21/2022 5:00,14.45,9.94,110.4,13.7,9.25,223.5,6.843,21.78
6/21/2022 6:00,17.88,8.66,93.6,17.31,7.539,239.5,3.016,15.78
6/21/2022 7:00,13.63,8.49,89.4,14.22,7.294,243.6,25.09,32.49
6/21/2022 8:00,13.22,7.287,90.9,12.54,6.07,241.4,30.41,38.19
6/21/2022 9:00,19.11,8.83,85.5,16.9,7.518,246,26.33,33.18
6/21/2022 10:00,14.86,8.84,85.9,13.29,7.542,246.1,29.94,33.5
6/21/2022 11:00,15.41,7.128,90.5,13.18,5.818,240.7,32.17,41.11
6/21/2022 12:00,10.62,6.147,105.9,9.69,5.333,226.2,23.97,33.51
6/21/2022 13:00,10.2,5.525,104.1,8.41,4.774,228.6,13.71,23.31
6/21/2022 14:00,7.053,3.821,86.9,6.958,2.541,245.1,27.43,36.21
6/21/2022 15:00,5.683,3.331,96.8,5.156,2.244,232.7,28.6,34.72
6/21/2022 16:00,4.313,1.987,75.5,3.761,0.998,266.3,39.23,42.81
6/21/2022 17:00,4.724,1.939,44.81,4.284,1.076,287.2,39.49,47.95
6/21/2022 18:00,8.15,2.252,48.44,7.772,1.218,289.7,49.74,51.48
6/21/2022 19:00,8.56,3.229,4.615,8.29,2.186,299.5,49.53,51.8
6/21/2022 20:00,14.45,4.764,9.06,12.6,3.927,319.4,48.91,50.99
6/21/2022 21:00,13.22,4.896,350.1,11.72,4.302,339.6,39.93,45.72
6/21/2022 22:00,11.71,4.736,356,10.16,3.966,333.6,37.52,42.35
6/21/2022 23:00,11.3,4.557,7.246,10.91,3.543,329.4,45.85,52.94
6/22/2022 0:00,13.9,6.866,215.5,12.25,5.991,114.6,53.29,56.83
6/22/2022 1:00,14.59,6.582,285.3,13.41,6.263,43.61,54.05,57.95
6/22/2022 2:00,14.73,4.621,340.6,13.47,3.987,345.9,49.92,55.55
6/22/2022 3:00,13.9,5.122,320.9,14.92,4.522,3.939,50.42,52.68
6/22/2022 4:00,12.53,4.678,330.8,12.31,4.016,350.5,44.67,50.15
6/22/2022 5:00,14.86,5.111,326.1,15.45,4.344,0.634,40.84,48.12
6/22/2022 6:00,10.2,3.856,354.5,10.1,3.165,329.8,39.48,50.47
6/22/2022 7:00,10.2,5.404,33.3,10.68,4.658,297.1,37.28,45.66
6/22/2022 8:00,8.29,4.275,60.69,7.423,3.378,272.2,47.49,53.17
6/22/2022 9:00,5.135,2.703,1.444,5.039,1.893,325.3,54.03,61.1
6/22/2022 10:00,5.82,2.56,343,5.563,1.834,341.1,60.29,66.21
6/22/2022 11:00,8.83,4.39,306.6,8.93,3.866,24.19,56.28,64.86
6/22/2022 12:00,8.97,3.656,279.3,8.64,3.063,49.72,45.01,53.91
6/22/2022 13:00,11.44,6.819,288.3,11.61,6.312,42.52,34.91,41.35
6/22/2022 14:00,11.16,6.593,269,11.14,5.868,61.45,32.32,38.21
6/22/2022 15:00,8.7,6.42,255.6,8.47,5.789,75.07,33.42,34.82
6/22/2022 16:00,8.97,6.323,252.7,8.76,5.644,77.46,31.55,33.66
6/22/2022 17:00,10.48,6.695,254.6,10.16,6.096,75.93,32.15,33.98
6/22/2022 18:00,12.81,7.369,275,12.19,6.709,55.95,36.41,39.57
6/22/2022 19:00,12.67,7.104,276.1,12.71,6.373,54.45,40.61,45.6
6/22/2022 20:00,12.53,8.18,274.1,12.31,7.511,56.88,45.45,48.41
6/22/2022 21:00,15.27,8.79,283.8,16.2,8.21,46.68,49.25,56.07
6/22/2022 22:00,17.74,8.86,278.5,17.95,8.28,51.97,44.21,48.97
6/22/2022 23:00,12.53,6.576,264.8,11.26,5.88,65.59,45.35,49.78
6/23/2022 0:00,12.53,6.675,268.7,12.77,6.016,61.82,48.12,55.03
6/23/2022 1:00,11.57,6.859,264.1,11.84,6.388,66.57,53.85,60.25
6/23/2022 2:00,9.52,6.879,280.5,9.81,6.472,49.67,60.99,63.35
6/23/2022 3:00,12.4,7.677,265.3,12.6,7.284,65.47,53.23,61.14
6/23/2022 4:00,15,8.57,284.9,15.04,8.13,44.94,45.66,49.86
6/23/2022 5:00,12.12,5.443,257.8,12.42,4.813,73.28,39.92,43.58
6/23/2022 6:00,9.79,5.803,145.5,9.17,5.1,187.1,37.86,47.81
6/23/2022 7:00,5.957,3.483,65.24,5.853,2.653,267.6,45.54,52.11
6/23/2022 8:00,5.272,3.061,42.21,4.574,2.228,287.9,48.47,57.88
6/23/2022 9:00,4.724,2.269,13.53,4.516,1.445,315,58.03,64.29
6/23/2022 10:00,7.601,3.244,297.7,7.597,2.621,29.94,55.04,60.2
6/23/2022 11:00,4.724,2.162,277.3,4.633,1.58,52.11,49.81,60.7
6/23/2022 12:00,3.354,1.657,257.5,3.179,1.101,58.68,43.5,45.95
6/23/2022 13:00,5.957,2.623,270.2,5.97,2.113,53.32,41.13,45.51
6/23/2022 14:00,6.505,4.122,265.3,6.958,3.591,63.06,45.81,48.09
6/23/2022 15:00,6.916,4.605,265.4,6.958,4.106,63.7,39.53,47.36
6/23/2022 16:00,9.38,6.715,286.6,9.05,6.386,43.66,46.31,48.33
6/23/2022 17:00,10.2,7.421,282.8,10.27,7.048,47.74,47.78,49.25
6/23/2022 18:00,9.52,7.037,268.6,9.4,6.717,61.78,47.76,50.35
6/23/2022 19:00,10.07,7.294,256.3,10.1,6.967,73.94,51.58,58.09
6/23/2022 20:00,11.03,7.85,268.8,10.97,7.553,61.43,56.15,59.19
6/23/2022 21:00,11.57,7.853,264,12.02,7.549,66.59,57.16,58.28
6/23/2022 22:00,9.38,6.784,256.8,9.75,6.503,73.55,58.67,63.11
6/23/2022 23:00,10.48,6.575,256.3,10.56,6.335,73.87,57.32,63.38
6/24/2022 0:00,11.44,7.942,260.5,11.72,7.625,69.97,56.14,62.11
6/24/2022 1:00,12.67,7.614,265.1,13.7,7.284,65.39,NAN,NAN
6/24/2022 2:00,9.66,7.245,271.6,9.98,6.987,58.74,49.35,54.06
6/24/2022 3:00,9.11,6.477,272.1,9.4,6.212,57.59,60.09,63.93
6/24/2022 4:00,7.601,4.826,268.8,8.24,4.404,60.78,62.27,64.39
6/24/2022 5:00,6.368,3.999,265.3,6.377,3.642,63.49,60.94,64.31
6/24/2022 6:00,4.724,2.347,282.4,5.098,1.828,39.58,52.47,58.18
6/24/2022 7:00,5.272,2.313,305.4,5.272,1.662,19.65,51.65,57.42
6/24/2022 8:00,4.861,2.316,0.803,4.633,1.565,322,55.38,58.82
6/24/2022 9:00,5.82,2.371,319.7,4.865,1.634,358,61.01,66.14
6/24/2022 10:00,7.327,3.18,308.8,7.714,2.578,14.71,62.35,64.93
6/24/2022 11:00,5.957,2.389,301.1,5.621,1.762,29.11,62.24,66.05
6/24/2022 12:00,4.039,2.483,17.7,3.47,1.69,310.4,61.95,66.73
6/24/2022 13:00,4.587,1.846,2.83,4.342,1.122,334.4,61.23,65.99
6/24/2022 14:00,3.765,1.643,278.8,3.412,1.059,41.77,62.36,66.02
6/24/2022 15:00,4.587,3.215,266.5,4.109,2.594,63.32,61.5,63.81
6/24/2022 16:00,4.861,2.743,260.3,4.633,2.038,62.71,58.64,60.23
6/24/2022 17:00,3.217,0.702,223.9,2.947,0.446,120.9,57.34,62.44
6/24/2022 18:00,4.313,1.352,220.8,3.935,1.011,103,61.3,63.18
6/24/2022 19:00,1.984,0.881,204.8,1.261,0.278,88.3,62.18,64.82
6/24/2022 20:00,4.313,1.587,244.4,4.109,1.39,76.11,59.27,60.26
6/24/2022 21:00,5.409,3.482,246.6,5.272,3.088,81.6,60.35,62.08
6/24/2022 22:00,6.368,4.39,257,6.377,4.054,71.61,57.72,60.33
6/24/2022 23:00,7.053,5.203,258.5,7.132,4.913,71.3,53.01,59.36
6/25/2022 0:00,6.505,3.288,244.5,6.609,2.841,91.8,54.06,57.01
6/25/2022 1:00,7.053,3.835,256.4,7.016,3.552,74.69,55.48,59.29
6/25/2022 2:00,5.546,3.632,261.5,5.33,3.244,66.5,55.99,63.85
6/25/2022 3:00,5.957,4.257,269.2,6.202,3.939,59.17,56.25,61.6
6/25/2022 4:00,6.368,3.456,276,6.435,3.021,50.03,61.37,64.02
6/25/2022 5:00,7.738,4.635,284.6,7.772,4.28,44.29,62.69,64.34
6/25/2022 6:00,6.916,2.92,287.4,7.249,2.416,35.94,60.93,64.15
6/25/2022 7:00,6.642,2.847,281.5,7.074,2.376,40.93,60.03,64.8
6/25/2022 8:00,4.45,2.297,344.8,4.4,1.661,343.9,60.89,65.73
6/25/2022 9:00,5.409,2.859,45.62,4.691,2.059,279.1,63.69,65.74
6/25/2022 10:00,5.683,3.022,63.43,5.214,2.201,270,63.34,64.88
6/25/2022 11:00,6.779,3.665,63.01,5.853,2.797,272,63.69,65.72
6/25/2022 12:00,5.546,2.784,69.55,4.749,1.98,263,63,65.92
6/25/2022 13:00,5.683,2.248,69.18,5.388,1.361,256.9,62.93,65.2
6/25/2022 14:00,3.628,2.036,93.3,2.889,1.173,231.4,62.32,64.2
6/25/2022 15:00,5.546,2.69,95.4,4.807,1.787,225.3,61.18,62.49
6/25/2022 16:00,3.354,1.926,107,2.83,1.073,225.8,61.22,62.89
6/25/2022 17:00,6.094,2.371,126,5.911,1.562,197.7,60.55,62.15
6/25/2022 18:00,6.779,2.862,150,6.318,1.941,188.1,59.71,61.04
6/25/2022 19:00,5.82,3.176,152.8,5.33,2.355,185.3,61.16,62.17
6/25/2022 20:00,4.313,2.064,154.4,3.761,1.201,193.6,62.45,64.07
6/25/2022 21:00,3.354,1.922,157.2,2.598,1.054,186,63.26,64.15
6/25/2022 22:00,3.628,1.698,149.7,3.063,0.935,195.7,63.16,63.91
6/25/2022 23:00,3.628,1.758,115,3.528,1.079,210.4,62.91,63.67
6/26/2022 0:00,3.491,1.563,170.2,3.179,0.973,176.9,62.7,63.49
6/26/2022 1:00,2.806,1.242,162.5,2.365,0.778,197.1,62.89,64.02
6/26/2022 2:00,4.861,3.059,105.5,4.574,2.31,226.2,62.8,65.64
6/26/2022 3:00,4.45,2.902,87.4,3.644,2.121,248.1,63.28,64.83
6/26/2022 4:00,3.491,2.08,108.4,3.121,1.5,232.1,63.9,65.98
6/26/2022 5:00,3.765,2.072,69.12,3.295,1.508,270.7,62.03,64.28
6/26/2022 6:00,3.902,2.483,81.8,3.586,1.927,257.2,61.89,64.39
6/26/2022 7:00,3.765,2.664,84.3,3.47,2.169,255.4,61.24,64.07
6/26/2022 8:00,4.861,2.924,88.4,4.516,2.419,249.7,60.23,62.59
6/26/2022 9:00,4.998,2.696,77.82,4.4,2.116,258.5,60.67,63.06
6/26/2022 10:00,7.053,4.211,78.16,6.202,3.514,256.1,62.41,63.94
6/26/2022 11:00,6.231,4.054,79.87,5.505,3.353,255,62.49,64.61
6/26/2022 12:00,8.15,4.165,83.5,7.481,3.346,249.2,62.74,64.61
6/26/2022 13:00,3.491,1.624,85.3,2.947,0.856,244.3,62.7,65.13
6/26/2022 14:00,4.313,1.256,169.5,3.761,0.702,140.7,62.53,65.59
6/26/2022 15:00,2.669,1.022,193.1,2.075,0.438,170.3,62.54,63.05
6/26/2022 16:00,3.354,2.574,132.4,2.947,1.895,214.2,62.48,62.96
6/26/2022 17:00,4.039,3.047,132.4,3.528,2.428,206.9,62.42,62.77
6/26/2022 18:00,5.546,3.254,128.1,5.156,2.626,207,62.59,63.06
6/26/2022 19:00,6.094,3.19,108.3,5.156,2.453,221.5,62.83,63.32
6/26/2022 20:00,5.546,3.234,112.9,5.098,2.503,214.8,62.84,63.32
6/26/2022 21:00,4.998,2.138,137.1,4.284,1.53,158.7,62.72,63.12
6/26/2022 22:00,4.587,1.336,190.5,4.691,0.836,202.4,62.77,63.11
6/26/2022 23:00,5.546,1.131,208.7,5.156,0.222,144.6,62.77,63.1
6/27/2022 0:00,13.36,5.827,246.4,12.95,5.074,82.3,62.33,63.13
6/27/2022 1:00,16.51,12.44,288.3,15.15,11.25,42.49,NAN,NAN
6/27/2022 2:00,19.11,15.21,288.7,16.78,13.45,42.62,61.63,64.09
6/27/2022 3:00,19.93,15.38,278.2,17.6,13.19,52.98,61.84,64.14
6/27/2022 4:00,17.47,12.06,273.2,16.14,10.27,57.72,61.85,63.36
6/27/2022 5:00,14.73,11.99,273.8,13,10.24,56.91,61.54,63.66
6/27/2022 6:00,13.08,9.01,274.1,12.77,8.43,56.22,61.51,62.94
6/27/2022 7:00,8.7,6.023,272.7,8.59,5.71,57.28,61.79,64.33
6/27/2022 8:00,8.01,2.554,334.6,7.772,1.996,326.6,63.04,64.9
6/27/2022 9:00,4.861,2.536,68.57,4.516,1.922,268.4,63.4,66.66
6/27/2022 10:00,5.546,1.935,103.5,5.446,1.52,268.6,62.54,64.91
6/27/2022 11:00,4.861,2.082,173.5,5.156,1.554,172.5,62.53,64.22
6/27/2022 12:00,4.176,1.182,99.5,3.354,0.723,235.8,63.36,66.61
6/27/2022 13:00,4.587,1.529,98.3,3.993,0.817,221.1,63.17,65.49
6/27/2022 14:00,2.943,1.258,117.6,2.656,0.581,211.7,62.94,65.09
6/27/2022 15:00,4.039,1.993,128.1,3.47,1.308,210,62.77,63.22
6/27/2022 16:00,5.272,1.398,80.2,4.923,0.74,155.8,62.75,63.21
6/27/2022 17:00,5.272,2.433,196.4,4.574,1.634,184.8,62.65,63.12
6/27/2022 18:00,18.84,6.441,242.2,19.22,5.826,85.7,62.47,62.95
6/27/2022 19:00,22.67,14.04,287.2,23.58,14.55,43.42,62.34,64.03
6/27/2022 20:00,19.52,12.88,284.9,21.14,13.76,45.44,62.07,63.66
6/27/2022 21:00,20.07,12.02,287.1,21.84,12.82,43.14,61.8,62.95
6/27/2022 22:00,19.38,13.73,305.6,20.04,14.06,24.87,61.46,62.54
6/27/2022 23:00,19.93,12.56,283.5,19.98,12.69,47.11,61.44,62.56
6/28/2022 0:00,23.77,16.07,307.6,23.47,15.76,23.21,61.13,62.18
6/28/2022 1:00,25.96,17.25,300.2,25.79,17.05,30.47,60.98,61.82
6/28/2022 2:00,23.63,16.4,295.2,23.64,16.17,35.42,60.88,63.13
6/28/2022 3:00,22.53,15.69,286.1,22.83,15.4,44.46,60.07,62.56
6/28/2022 4:00,22.26,14.56,277.2,22.25,14.31,53.34,60.69,63.02
6/28/2022 5:00,19.79,12.26,263.5,19.86,11.84,66.97,61.22,63.08
6/28/2022 6:00,16.64,8.81,257.7,16.43,8.33,66.76,61.56,63.28
6/28/2022 7:00,12.81,7.218,282.7,12.77,6.933,46.87,61.52,63.15
6/28/2022 8:00,8.42,4.137,267.4,8.47,3.873,61.64,61.83,63.59
6/28/2022 9:00,4.313,1.265,208.5,4.458,0.905,25.82,62.29,63.73
6/28/2022 10:00,4.998,1.945,71.22,4.807,1.499,268.1,62.63,64.89
6/28/2022 11:00,4.724,2.008,68.02,4.109,1.358,273.1,62.72,64.08
6/28/2022 12:00,5.82,1.796,92.9,5.039,1.24,246.4,62.92,64.83
6/28/2022 13:00,5.957,1.653,53.17,5.621,0.868,276.9,63.08,65.81
6/28/2022 14:00,7.19,3.685,272,7.481,3.07,53.02,62.86,64.3
6/28/2022 15:00,8.7,6.443,282.7,9.81,6.944,47.96,62.27,63.02
6/28/2022 16:00,7.464,6.479,276.7,8.88,7.457,53.58,62.03,62.5
6/28/2022 17:00,8.83,7.245,273.2,9.86,8,57.18,61.78,62.18
6/28/2022 18:00,7.053,4.198,275.8,7.772,4.251,51.51,61.76,62.33
6/28/2022 19:00,5.82,4.659,266.9,6.318,4.795,63.47,61.92,62.38
6/28/2022 20:00,4.724,2.913,256.1,5.098,2.739,76.38,61.94,62.53
6/28/2022 21:00,4.313,3.25,248.5,4.574,3.159,82.4,62.07,62.6
6/28/2022 22:00,4.587,2.567,245.3,4.807,2.319,85.2,61.95,62.56
6/28/2022 23:00,5.135,2.357,247.4,5.272,1.936,83,61.84,62.34
6/29/2022 0:00,3.628,1.834,236.1,3.47,1.425,95.1,61.75,62.38
6/29/2022 1:00,6.094,4.059,261.6,6.202,3.891,67.49,61.74,62.5
6/29/2022 2:00,7.053,4.726,267.9,7.132,4.559,61.39,61.95,63.77
6/29/2022 3:00,6.505,4.638,276.7,6.842,4.574,52.73,61.95,63.72
6/29/2022 4:00,6.368,4.3,277.8,6.377,4.013,50.48,62.07,64.08
6/29/2022 5:00,6.231,3.327,282.4,6.493,2.97,46.68,62.12,63.33
6/29/2022 6:00,6.231,2.753,296.5,6.202,2.395,23.5,62.44,64.77
6/29/2022 7:00,5.957,2.796,290.1,5.795,2.395,20.9,62.36,63.7
6/29/2022 8:00,5.683,2.482,47.11,5.214,1.943,284.4,62.65,64.48
6/29/2022 9:00,6.505,3.707,279.2,6.609,3.485,52.28,62.08,64.45
6/29/2022 10:00,5.683,2.889,308.4,5.446,2.479,24.34,62.61,64.73
6/29/2022 11:00,3.628,1.578,336.3,3.47,1.119,13.2,62.85,64.62
6/29/2022 12:00,2.806,1.313,300.8,2.423,0.717,20.02,62.81,64.41
6/29/2022 13:00,3.217,1.526,277.3,2.947,1.019,43.17,62.78,65.41
6/29/2022 14:00,2.943,0.999,278.1,2.598,0.645,6.471,62.83,64.89
6/29/2022 15:00,3.354,1.013,293.8,3.005,0.805,299.8,62.86,63.19
6/29/2022 16:00,3.491,1.494,313.5,3.005,0.79,317.6,62.8,63.84
6/29/2022 17:00,3.902,1.778,258,3.354,1.265,80.1,62.64,62.94
6/29/2022 18:00,3.902,2.108,163.9,3.586,1.326,235.3,62.69,63.26
6/29/2022 19:00,3.217,1.63,98,2.482,0.966,253.2,62.39,62.92
6/29/2022 20:00,3.628,1.584,75.17,2.83,0.986,235.4,62.23,62.56
6/29/2022 21:00,2.121,1.17,77.37,1.668,0.576,202.6,61.99,62.82
6/29/2022 22:00,1.436,0.48,77.38,0.912,0.28,185.2,61.94,62.52
6/29/2022 23:00,1.025,0.256,77.38,0.97,0.169,141.5,61.83,62.38
6/30/2022 0:00,2.669,0.863,229.4,3.993,0.933,86.8,61.74,62.29
6/30/2022 1:00,3.628,2.146,277.9,5.156,2.722,54.58,NAN,NAN
6/30/2022 2:00,6.779,5.093,276.4,6.493,4.313,54.67,62.18,64.89
6/30/2022 3:00,9.11,7.218,275.3,9.46,6.855,54.99,62.14,64.11
6/30/2022 4:00,8.01,6.247,274,7.888,5.995,55.88,62.22,64.32
6/30/2022 5:00,8.83,7.144,274.3,8.82,6.964,55.56,61.88,63.53
6/30/2022 6:00,10.62,8.28,272.1,10.45,8.15,57.76,61.41,62.97
6/30/2022 7:00,10.89,7.52,273.8,10.85,7.385,55.93,61.25,62.62
6/30/2022 8:00,8.7,5.925,275.4,8.99,5.709,53.6,61.27,63
6/30/2022 9:00,6.231,2.757,298,6.26,2.296,18.82,61.95,63.48
6/30/2022 10:00,4.039,1.878,16.87,3.412,1.292,270.1,62.3,63.93
6/30/2022 11:00,5.546,2.072,42.32,5.272,1.593,340,62.53,65.4
6/30/2022 12:00,5.409,1.246,200.1,5.214,0.93,310.2,62.38,63.48
6/30/2022 13:00,6.916,2.601,187.2,7.19,2.087,148.4,62.25,64.83
6/30/2022 14:00,7.738,4.402,238.1,7.888,3.925,90.6,61.71,63.03
6/30/2022 15:00,8.15,4.328,258.4,7.83,3.76,71.66,61.54,62
6/30/2022 16:00,7.601,5.561,277.1,7.249,5.017,52.66,61.61,62.18
6/30/2022 17:00,6.368,5.601,269.9,6.086,5.101,60.52,61.37,62.14
6/30/2022 18:00,8.83,6.857,283.5,8.47,6.379,47.02,61.09,62.08
6/30/2022 19:00,8.15,5.335,253.4,8.24,5,76.26,61.39,61.95
6/30/2022 20:00,7.738,4.833,251.4,7.888,4.379,80.2,61.31,61.78
6/30/2022 21:00,4.45,2.49,233.5,4.226,1.788,90.9,61.19,61.98
6/30/2022 22:00,4.861,2.993,249.8,4.749,2.326,81.9,61.23,62.24
6/30/2022 23:00,4.587,2.922,261.4,4.109,2.192,68.39,60.97,61.78
7/1/2022 0:00,7.875,5.276,265.9,7.714,4.823,62.89,61.27,62.25
7/1/2022 1:00,7.738,4.731,269.8,7.481,4.228,59.46,61.22,61.66
7/1/2022 2:00,6.231,4.535,266.2,6.028,4.133,63.45,61.16,61.74
7/1/2022 3:00,5.957,4.256,266,5.911,3.911,63.97,61.23,61.81
7/1/2022 4:00,5.546,3.507,267.4,5.505,3.169,59.11,61.47,62.28
7/1/2022 5:00,6.368,3.145,284.6,6.609,2.762,38.57,61.53,62.49
7/1/2022 6:00,8.15,4.826,285.9,8.12,4.561,42.15,61.17,62.49
7/1/2022 7:00,4.039,1.296,160.2,4.051,0.903,248.4,62.13,64.41
7/1/2022 8:00,4.45,1.842,226,4.691,1.479,0.012,61.91,63.7
7/1/2022 9:00,8.15,2.515,282.8,8.53,2.237,39.16,61.98,64.38
7/1/2022 10:00,8.42,3.255,232.5,8.82,2.883,70.11,61.44,63.37
7/1/2022 11:00,8.83,5.94,272.2,9.75,5.636,58.09,61.38,62.67
7/1/2022 12:00,6.779,3.025,266.9,7.016,2.338,55.77,62.24,63.3
7/1/2022 13:00,9.66,4.691,253.4,10.39,4.155,74.28,62.25,62.79
7/1/2022 14:00,13.77,10.16,272.7,14.22,9.86,57.97,61.89,63.01
7/1/2022 15:00,11.85,8.4,279.7,11.67,8.23,50.97,61.84,62.53
7/1/2022 16:00,16.92,6.837,254.7,17.42,6.436,73.79,62.32,63.28
7/1/2022 17:00,16.92,12.56,263.2,17.42,12.79,67.63,62.12,62.87
7/1/2022 18:00,12.67,8.79,268.7,14.63,9.68,61.93,61.88,62.43
7/1/2022 19:00,11.16,8.68,276.2,14.28,10.71,54.9,61.78,62.28
7/1/2022 20:00,10.34,7.731,273.8,13.64,10.3,57.5,61.81,62.27
7/1/2022 21:00,8.15,5.977,280,11.72,8.82,51.41,61.71,62.97
7/1/2022 22:00,5.546,2.809,255.1,10.45,4.82,73.93,61.63,62.17
7/1/2022 23:00,6.368,4.188,273.3,11.32,6.786,57.32,61.76,62.87
7/2/2022 0:00,8.01,4.826,262.3,11.03,6.635,67.88,61.58,62.46
7/2/2022 1:00,5.82,4.17,267.4,7.481,5.238,61.97,61.37,62.02
7/2/2022 2:00,5.683,3.157,267.9,7.714,4.034,61.64,61,62.16
7/2/2022 3:00,4.724,0.977,264.3,4.516,1.236,112.2,62.03,63.57
7/2/2022 4:00,7.738,3.909,268.7,7.772,3.56,56.55,61.28,62.48
7/2/2022 5:00,2.532,0.748,245.2,2.249,0.504,94.6,62.25,64.66
7/2/2022 6:00,4.176,1.611,269.3,4.051,1.336,41.44,61.77,62.74
7/2/2022 7:00,3.765,1.172,20.62,3.586,0.756,289.3,62.93,64.98
7/2/2022 8:00,4.039,1.691,339.4,3.877,1.215,332.7,62.04,63.51
7/2/2022 9:00,4.039,1.522,29.84,3.702,0.986,283.8,62.74,64.14
7/2/2022 10:00,8.29,2.603,230.5,8.24,2.107,63.57,62.08,63.75
7/2/2022 11:00,6.505,2.914,304.6,6.26,2.454,38.9,62.19,63.16
7/2/2022 12:00,8.29,5.609,272,8.12,5.094,57.64,61.9,62.59
7/2/2022 13:00,11.44,4.195,252.1,9.75,3.505,70.26,62.25,63.24
7/2/2022 14:00,13.22,8.77,283.9,12.31,8.06,47.1,61.9,62.56
7/2/2022 15:00,12.53,9.96,283.7,11.9,9.33,46.64,62.07,62.61
7/2/2022 16:00,11.99,9.33,284.3,11.72,8.83,46.08,61.81,62.34
7/2/2022 17:00,10.34,7.732,278.3,9.92,7.152,52.35,61.58,61.98
7/2/2022 18:00,11.3,8.85,290.5,10.56,8.22,39.99,61.53,61.93
7/2/2022 19:00,10.89,7.894,272,10.33,7.318,58.51,61.42,61.82
7/2/2022 20:00,5.683,4.266,261.3,5.388,3.644,67.83,61.18,61.54
7/2/2022 21:00,8.42,5.925,267.2,8.12,5.38,62.19,61.35,62.08
7/2/2022 22:00,6.916,5.836,264.5,6.725,5.305,66.09,61.17,61.88
7/2/2022 23:00,6.505,4,256.4,6.26,3.362,72.89,61.54,62.07
7/3/2022 0:00,5.546,4.134,257.7,5.388,3.534,71.69,61.11,61.52
7/3/2022 1:00,8.42,5.068,268.3,8.41,4.561,61.22,NAN,NAN
7/3/2022 2:00,8.83,7.048,283.9,8.64,6.705,46.49,60.91,61.52
7/3/2022 3:00,11.71,7.173,275.6,11.84,6.875,54.86,61.21,62.11
7/3/2022 4:00,15.82,12,279.2,15.62,11.67,51.46,60.9,61.71
7/3/2022 5:00,16.23,12.5,280.6,15.85,12.22,49.87,60.75,61.94
7/3/2022 6:00,12.26,9.69,278.4,12.07,9.47,51.78,60.32,61.76
7/3/2022 7:00,14.04,8.7,287.5,13.82,8.28,42.42,61.23,63
7/3/2022 8:00,12.94,6.734,254.7,13.12,6.343,75.98,61.32,63.12
7/3/2022 9:00,16.92,11.65,290.1,16.84,11.32,40.45,61.43,63.02
7/3/2022 10:00,11.44,6.961,269.6,11.67,6.659,60.66,61.57,62.6
7/3/2022 11:00,13.9,9.8,277.9,14.22,9.6,52.77,60.83,62.19
7/3/2022 12:00,17.33,12.28,279.9,17.19,11.96,50.69,61.39,62.48
7/3/2022 13:00,17.6,13.66,287.9,17.71,13.47,42.57,61.45,62.17
7/3/2022 14:00,16.64,8.34,277.9,15.91,8.75,52.33,61.55,62.49
7/3/2022 15:00,22.53,14.12,259.8,24.8,13.49,70.51,61.26,62.83
7/3/2022 16:00,24.59,15.25,253.7,24.4,14.39,77.11,NAN,NAN
7/3/2022 17:00,25.69,14.76,247.9,25.68,13.86,82.3,NAN,NAN
7/3/2022 18:00,23.08,14.02,245.7,23.7,13.23,84.7,NAN,NAN
7/3/2022 19:00,29.8,14.17,247,29.4,13.21,83.4,NAN,NAN
7/3/2022 20:00,26.78,16.67,261.6,26.49,16.01,68.9,NAN,NAN
7/3/2022 21:00,25.69,16.23,245.4,26.03,15.4,85.2,NAN,NAN
7/3/2022 22:00,26.37,17,243.4,26.43,16.06,87,NAN,NAN
7/3/2022 23:00,24.59,14,240.4,24.75,13.09,89.7,NAN,NAN
7/4/2022 0:00,22.12,11.29,236.9,21.61,10.29,92.7,67.06,131.2
7/4/2022 1:00,21.44,10.48,247.8,21.08,9.61,82.7,65.73,113.2
7/4/2022 2:00,25.14,18.42,284.1,24.57,17.93,46.57,NAN,NAN
7/4/2022 3:00,23.63,16.49,271.7,23.18,15.9,58.64,NAN,NAN
7/4/2022 4:00,23.77,14.66,269.3,23.18,13.92,61.3,NAN,NAN
7/4/2022 5:00,25.69,15.15,253.4,25.85,14.45,76.77,58.61,87.9
7/4/2022 6:00,24.73,14.93,259.4,24.17,14.21,70.86,NAN,NAN
7/4/2022 7:00,24.59,13.48,272.1,24.46,12.83,57,59.17,69.68
7/4/2022 8:00,24.73,13.68,264.8,23.58,12.96,65.58,60.21,64.42
7/4/2022 9:00,20.34,12.51,275.9,20.33,11.97,54.36,61.1,63
7/4/2022 10:00,24.45,17.37,287.7,24.4,16.99,42.77,NAN,NAN
7/4/2022 11:00,26.1,18.02,271.4,27.3,17.46,59.77,NAN,NAN
7/4/2022 12:00,23.9,13.72,304.3,23.58,13.18,26.58,NAN,NAN
7/4/2022 13:00,28.7,10.57,331.4,28.23,9.81,4.658,NAN,NAN
7/4/2022 14:00,29.52,19.58,243.4,29.69,18.75,87.1,NAN,NAN
7/4/2022 15:00,28.56,18.35,243.6,28.64,17.32,86.8,NAN,NAN
7/4/2022 16:00,30.34,18.56,248.3,30.04,17.62,82.5,NAN,NAN
7/4/2022 17:00,28.84,16.7,245.1,29.16,16.15,85.2,NAN,NAN
7/4/2022 18:00,9.93,3.546,146.8,9.4,2.555,198.2,63.4,69.37
7/4/2022 19:00,21.99,6.68,224,22.07,5.796,102.6,59.94,131.1
7/4/2022 20:00,23.22,7.252,197.3,22.36,6.276,132,60.08,102.2
7/4/2022 21:00,25.27,10.32,240.4,26.61,9.45,89.7,55.58,121.2
7/4/2022 22:00,24.59,12.62,235.5,25.91,12.1,94.1,62.73,136.8
7/4/2022 23:00,22.95,12.15,240.4,23.7,11.82,88.1,59.38,125.2
7/5/2022 0:00,22.95,11.45,248.2,23.93,11.02,81.9,60.13,61.32
7/5/2022 1:00,21.99,11.8,251.4,21.9,11.33,78.74,60.09,61.34
7/5/2022 2:00,21.71,14.35,262.5,21.78,13.95,67.92,60.13,61.46
7/5/2022 3:00,20.75,11.43,250.6,19.98,10.79,79.21,59.89,61.22
7/5/2022 4:00,20.48,13.9,263.3,19.86,13.32,67.32,59.46,63.38
7/5/2022 5:00,17.33,11.35,255,17.31,10.88,75.56,59.44,64
7/5/2022 6:00,16.37,10.39,256.3,16.72,10.05,73.74,60.21,63.3
7/5/2022 7:00,16.64,10.52,271.8,16.67,10.13,58.08,60.63,67.31
7/5/2022 8:00,18.29,12.57,275.4,18,12.19,54.68,60.08,73.2
7/5/2022 9:00,19.25,11.93,276.8,19.81,11.56,53.29,57.8,69.62
7/5/2022 10:00,19.11,14.31,283.7,18.7,13.92,46.35,NAN,NAN
7/5/2022 11:00,19.52,15.79,290.7,19.63,15.44,40.25,NAN,NAN
7/5/2022 12:00,20.89,16.47,277.4,20.79,16.07,53.36,NAN,NAN
7/5/2022 13:00,23.77,15.12,251.5,24.11,14.43,78.82,NAN,NAN
7/5/2022 14:00,24.18,16.01,244.5,24.05,15.15,85.4,NAN,NAN
7/5/2022 15:00,21.3,11.28,240.1,19.98,10.2,89.7,58.72,100.5
7/5/2022 16:00,20.89,11.64,243.5,20.79,10.7,86.4,59.16,110.5
7/5/2022 17:00,23.63,15.6,248,23.24,14.91,82.3,NAN,NAN
7/5/2022 18:00,23.08,10.92,240.2,23.47,9.68,89.2,60.51,72.57
7/5/2022 19:00,21.99,13.1,241.1,22.77,12.08,88.4,58.57,88.9
7/5/2022 20:00,22.95,16.42,255.4,22.94,15.79,74.97,56.26,100
7/5/2022 21:00,22.53,14.7,250.5,23,13.98,80.1,59.18,88.5
7/5/2022 22:00,21.58,15.57,265.6,21.55,15.04,64.82,NAN,NAN
7/5/2022 23:00,22.12,14.7,252.4,21.84,14.08,77.98,NAN,NAN
7/6/2022 0:00,21.58,15.3,264,21.26,14.79,66.39,NAN,NAN
7/6/2022 1:00,22.95,15.67,270.9,22.25,16.31,59.32,NAN,NAN
7/6/2022 2:00,18.56,14.68,267.3,20.74,15.91,63.41,58.62,82.7
7/6/2022 3:00,20.34,14.23,271.7,21.84,15.37,58.79,59.52,73.38
7/6/2022 4:00,21.3,13.63,261.5,20.44,12.93,68.65,59.67,72.53
7/6/2022 5:00,21.44,14.79,269.6,21.43,14.43,60.58,59.66,69.55
7/6/2022 6:00,20.07,11.86,258.9,19.75,11.32,71.1,59.48,64.86
7/6/2022 7:00,18.7,12.94,258.9,18.7,12.6,71.14,59.99,63.58
7/6/2022 8:00,18.29,11.74,264.6,17.36,11.37,65.69,60.8,62.74
7/6/2022 9:00,15.68,11.67,264.5,15.56,11.37,65.5,60.06,62.5
7/6/2022 10:00,16.64,11.58,266.2,16.61,11.25,64.07,60.23,61.17
7/6/2022 11:00,16.92,13.08,277.5,16.61,12.7,53.09,59.89,60.88
7/6/2022 12:00,18.42,15.62,289.2,18.18,15.19,41.96,59.88,60.7
7/6/2022 13:00,20.89,15.81,286.6,20.56,15.27,44.75,59.45,61.61
7/6/2022 14:00,20.07,15.86,295.8,19.86,15.4,35.13,59.25,61.02
7/6/2022 15:00,18.42,14.56,292.3,18.06,14.14,38.47,60.42,61.99
7/6/2022 16:00,17.88,10.8,283.1,17.25,11.37,47.13,61.07,62.17
7/6/2022 17:00,14.31,9.31,261.4,16.55,10.04,68.86,60.72,62.97
7/6/2022 18:00,16.23,11.55,287.3,17.25,12.75,43.23,60.97,63.79
7/6/2022 19:00,13.9,8.9,266.2,15.79,10.52,63.65,60.91,62.86
7/6/2022 20:00,13.77,8.67,255.5,16.55,9.81,74.67,60.87,62.27
7/6/2022 21:00,15.68,8.59,253.4,18.41,9.4,76.39,60.92,63.05
7/6/2022 22:00,14.04,7.979,252.6,15.97,8.66,77,60.81,61.46
7/6/2022 23:00,14.31,9.92,260.7,15.91,10.41,69.47,60.78,61.57
7/7/2022 0:00,12.94,8.33,264.9,13.93,8.46,64.88,60.85,61.49
7/7/2022 1:00,15,9.57,260,16.49,10.09,70,60.78,61.47
7/7/2022 2:00,17.47,11.25,265.1,17.95,10.82,65.06,60.17,61.95
7/7/2022 3:00,16.51,11.28,264,16.38,10.83,66.14,60.39,61.16
7/7/2022 4:00,15.82,11.75,275.2,16.14,11.34,54.74,60.24,61.34
7/7/2022 5:00,15.41,12.17,276.9,15.33,11.89,53.01,59.8,60.88
7/7/2022 6:00,14.86,10.82,269.8,14.75,10.51,59.99,59.77,60.58
7/7/2022 7:00,14.18,9.42,263.8,14.34,9.13,66.06,59.73,60.84
7/7/2022 8:00,13.22,8.81,274,13.7,8.53,55.63,59.78,62.2
7/7/2022 9:00,13.77,7.493,277.2,13.88,7.167,52.22,59.65,61.54
7/7/2022 10:00,13.22,9.3,276.9,13.12,9.07,53.1,59.07,60.2
7/7/2022 11:00,15.55,9.33,288.7,16.2,9.02,41.98,59.48,60.38
7/7/2022 12:00,15.14,10.94,283.2,14.81,10.58,47.57,59.43,60.49
7/7/2022 13:00,16.64,14.1,297.1,16.26,13.68,34.25,59.23,60.86
7/7/2022 14:00,16.64,14,291.2,16.32,13.5,39.51,58.53,59.75
7/7/2022 15:00,20.21,15.87,281.9,19.46,15.38,48.95,58.53,64.42
7/7/2022 16:00,20.48,15.58,285.4,19.92,15.11,45.4,59.78,71.87
7/7/2022 17:00,18.84,14.24,273.5,18.82,13.81,56.93,59.58,77.88
7/7/2022 18:00,18.7,12.46,264.7,18.41,11.91,65.62,60.78,68.33
7/7/2022 19:00,17.88,13.23,274.5,18.18,12.79,55.64,60.88,67.26
7/7/2022 20:00,21.58,12.46,271.4,22.77,11.99,59.13,60.69,68.81
7/7/2022 21:00,20.21,12.88,274.8,21.32,12.36,55.71,60.05,63.55
7/7/2022 22:00,19.11,13,276.3,18.82,12.45,54.46,58.79,63.48
7/7/2022 23:00,23.36,12.35,273.7,23.35,11.69,56.84,52.79,57.18
7/8/2022 0:00,14.18,9.12,260.2,14.34,8.42,70.21,54.9,57.47
7/8/2022 1:00,15.41,8.84,253.1,15.5,8.18,77.22,43.65,52.83
7/8/2022 2:00,18.15,9.23,262.7,18,8.56,67.26,40.57,46.31
7/8/2022 3:00,15.14,11.32,274.3,15.33,10.89,55.98,43.31,52.34
7/8/2022 4:00,15.41,9.29,263.7,15.33,8.76,66.27,51,57.54
7/8/2022 5:00,15.14,6.563,249,14.98,5.882,81.6,47.19,54.77
7/8/2022 6:00,15.82,7.678,253.5,15.74,7.054,75.27,53.28,59.3
7/8/2022 7:00,17.74,11.53,277.5,18,11.17,52.87,59.59,62.47
7/8/2022 8:00,20.21,14.57,279,20.1,14.28,51.28,60.09,61.88
7/8/2022 9:00,23.22,15.97,277.5,23.24,15.58,52.85,56.12,60.94
7/8/2022 10:00,23.36,16.31,285.1,23,15.95,45.51,59.04,68.11
7/8/2022 11:00,24.04,15.1,266.7,24.51,14.47,63.39,NAN,NAN
7/8/2022 12:00,25.14,16.31,266.7,24.75,15.89,63.66,59.16,69.87
7/8/2022 13:00,22.12,13.2,259.9,23.64,12.67,70.47,61.91,74.22
7/8/2022 14:00,20.07,9.5,241.9,20.1,8.77,87.2,61.59,72.09
7/8/2022 15:00,19.66,7.893,243.5,20.15,7.315,86.5,61.4,68.73
7/8/2022 16:00,15.96,7.735,251.8,16.72,7.237,78.38,61.34,72.66
7/8/2022 17:00,15.55,7.784,248.7,16.78,7.548,80.3,61.44,67.11
7/8/2022 18:00,14.31,9.36,273.6,16.61,10.48,56.36,61.31,65.1
7/8/2022 19:00,15.41,8.98,284,16.96,10.47,46.02,61.14,62.92
7/8/2022 20:00,14.59,8.78,267.6,17.36,10,62.35,61.02,65.53
7/8/2022 21:00,15.14,9.43,266.4,18.88,10.61,63.58,61.01,63.54
7/8/2022 22:00,15.82,9.15,262.3,18.35,10.19,67.79,61.03,64.6
7/8/2022 23:00,15.41,9.91,263.5,17.77,11.11,66.54,61.06,63.27
7/9/2022 0:00,16.64,9.73,259.3,19.46,10.89,71.15,61.01,64.32
7/9/2022 1:00,18.84,9.75,252.3,21.72,10.72,77.47,NAN,NAN
7/9/2022 2:00,22.12,8.94,251.4,24.63,8.41,78.88,59.21,65.95
7/9/2022 3:00,22.4,10.53,249.3,21.9,9.6,80.3,48.48,57.79
7/9/2022 4:00,19.52,8.32,243.5,19.81,7.426,85.1,45.05,50.62
7/9/2022 5:00,23.08,9.36,253.1,22.94,8.59,77.09,43.71,50.38
7/9/2022 6:00,20.89,6.349,241.9,21.72,5.447,86.7,50.15,57.15
7/9/2022 7:00,17.88,7.24,245.2,18.06,6.453,80.3,58,63.16
7/9/2022 8:00,18.7,8.04,259.3,19.05,7.384,69.5,60.26,63.51
7/9/2022 9:00,15.68,8.96,266.6,16.38,8.39,62.19,61.17,63.25
7/9/2022 10:00,15.82,7.112,257.7,15.21,6.493,71.71,57.78,62.13
7/9/2022 11:00,14.45,6.207,257.8,14.52,5.578,70.47,47.68,56.27
7/9/2022 12:00,12.26,6.351,263.4,12.25,5.708,66.53,41.01,44.57
7/9/2022 13:00,10.48,6.286,263.9,10.5,5.82,67.42,44.06,47.03
7/9/2022 14:00,11.44,5.985,253,11.09,5.404,76.79,41.7,45.65
7/9/2022 15:00,10.75,5.814,250.5,10.97,5.168,79.21,35.61,39.13
7/9/2022 16:00,11.03,5.092,254.5,11.43,4.381,75.22,37.78,41.83
7/9/2022 17:00,8.7,5.678,249.7,9.05,5.193,78.98,43.53,55.52
7/9/2022 18:00,8.01,4.896,249.9,8.12,4.442,80.1,40.88,54.85
7/9/2022 19:00,9.79,6.062,251.6,9.92,5.594,78.34,38.76,45.26
7/9/2022 20:00,9.25,6.89,254.6,9.46,6.554,75.72,49.93,53.55
7/9/2022 21:00,9.79,6.786,269,9.63,6.434,60.95,52.02,54.95
7/9/2022 22:00,12.81,9.08,276.6,12.54,8.7,54.04,57.02,61.08
7/9/2022 23:00,13.9,8.89,282.9,13.59,8.57,47.55,61.39,63.21
7/10/2022 0:00,10.75,6.056,259.6,10.79,5.811,69.99,61.13,61.82
7/10/2022 1:00,11.85,8.35,269.7,11.84,8.13,60.16,59.52,61.35
7/10/2022 2:00,13.08,9.82,272.6,12.71,9.61,57.58,53.56,56.19
7/10/2022 3:00,15.41,11.15,280.7,15.39,10.89,49.34,51.76,54.14
7/10/2022 4:00,13.9,8.93,275.8,13.93,8.64,54.15,51.54,57.49
7/10/2022 5:00,10.07,7.492,273.4,10.1,7.275,56.15,55.75,59.68
7/10/2022 6:00,9.52,6.633,277.9,9.34,6.399,51.49,57.97,61.65
7/10/2022 7:00,9.38,4.373,295.1,9.86,3.887,25.41,60.75,64.1
7/10/2022 8:00,6.779,2.291,295.9,6.667,1.598,21.58,62.34,64.05
7/10/2022 9:00,3.765,1.859,105.5,3.877,1.149,257.5,60.63,65.36
7/10/2022 10:00,3.765,1.45,34.21,3.586,0.906,6.574,57.85,63.41
7/10/2022 11:00,4.587,2.073,17.45,4.749,1.305,310.5,61.02,65.68
7/10/2022 12:00,5.957,3.456,287.9,5.853,2.992,48.66,59.51,64.11
7/10/2022 13:00,7.327,5.879,269.9,7.539,5.603,60.79,27.13,41.3
7/10/2022 14:00,7.875,6.37,265.3,8.06,6.096,64.69,42.79,51.57
7/10/2022 15:00,10.62,8.43,268.8,10.45,8.23,60.13,42.83,61.51
7/10/2022 16:00,13.08,10.17,277.4,13,9.93,52.87,59.75,62.76
7/10/2022 17:00,14.86,11.1,277.2,14.75,10.88,53.2,58.36,62.14
7/10/2022 18:00,18.01,14.52,288.3,17.89,14.19,42.4,60.28,63.4
7/10/2022 19:00,16.78,12.66,290.4,16.78,12.45,40.07,61.91,62.84
7/10/2022 20:00,14.31,11.23,284.3,13.99,11.18,45.98,61.88,62.51
7/10/2022 21:00,12.67,9.81,269.8,14.46,10.36,60.39,61.65,62.5
7/10/2022 22:00,12.12,8.88,268.2,13.7,9.59,62.19,61.3,61.9
7/10/2022 23:00,11.85,7.886,258.1,13.18,7.66,71.73,58.42,62.08
7/11/2022 0:00,13.22,8.97,261.4,13.06,8.72,68.99,59.54,62.33
7/11/2022 1:00,11.85,7.518,257.8,12.02,7.108,72.34,48.72,56.29
7/11/2022 2:00,13.08,7.459,257.3,13.35,7.038,72.8,48.04,51.79
7/11/2022 3:00,13.9,8.95,263.4,13.99,8.51,66.76,54.45,60.17
7/11/2022 4:00,11.44,6.833,259.9,11.67,6.365,69.42,56.44,60.46
7/11/2022 5:00,11.57,6.788,282.5,12.31,6.417,46.62,61.12,62.64
7/11/2022 6:00,9.66,6.123,293.6,9.75,5.677,35.48,61.15,62.64
7/11/2022 7:00,11.16,6.473,297.6,11.26,6.081,31.01,61.22,64.05
7/11/2022 8:00,11.99,3.57,290.2,12.19,2.942,50.44,62.56,64.33
7/11/2022 9:00,8.42,3.394,273,8.18,2.765,48.65,62.64,64.09
7/11/2022 10:00,7.053,3.89,279.2,7.016,3.455,49.6,61.87,63.05
7/11/2022 11:00,7.327,5.044,273.2,7.481,4.73,56.14,59.26,62.13
7/11/2022 12:00,9.25,5.581,255.5,9.17,5.094,73.43,53.02,56.43
7/11/2022 13:00,10.48,7.299,257,10.56,6.889,72.89,49.12,52.18
7/11/2022 14:00,14.73,9,266.9,15.33,8.67,63.42,51.07,53.57
7/11/2022 15:00,12.94,7.935,256.3,13.24,7.555,73.42,50.04,51.59
7/11/2022 16:00,10.07,7.36,256.3,10.16,7.073,73.3,56.34,61.33
7/11/2022 17:00,8.97,6.316,258.1,9.11,6.01,71.4,54.67,59.98
7/11/2022 18:00,7.738,5.51,259.7,7.772,5.197,69.26,50.27,53.17
7/11/2022 19:00,8.83,6.941,264.9,8.99,6.685,64.46,51.13,53.06
7/11/2022 20:00,10.75,8.79,266.6,10.79,8.57,63.23,56.65,59.78
7/11/2022 21:00,9.25,7.842,266.8,9.57,7.618,62.68,58.52,61.73
7/11/2022 22:00,10.48,8.16,264.8,10.62,7.935,65.1,50.27,59.16
7/11/2022 23:00,11.03,8.29,266,11.14,8.06,63.72,47.52,56.21
7/12/2022 0:00,10.07,7.692,263.7,10.16,7.44,66.32,42.87,44.32
7/12/2022 1:00,11.3,8.58,265.6,11.61,8.33,64.47,NAN,NAN
7/12/2022 2:00,12.12,9.42,277.3,12.25,9.2,52.54,53.85,60.62
7/12/2022 3:00,15.96,9.82,271.7,15.91,9.51,58.26,54,58.97
7/12/2022 4:00,14.73,8.77,271.4,15.15,8.37,58.19,54.96,61.76
7/12/2022 5:00,11.99,7.389,269.3,12.36,7.023,60,54.8,60.45
7/12/2022 6:00,13.63,7.644,267.1,13.29,7.204,61.17,58.17,61.34
7/12/2022 7:00,12.94,6.82,271.1,13.06,6.388,57.84,59.58,62.67
7/12/2022 8:00,13.08,6.015,269.2,12.6,5.533,58.1,56.4,63.73
7/12/2022 9:00,13.63,5.576,273.6,13.41,5.028,55.4,52.89,59.26
7/12/2022 10:00,8.56,4.552,272.1,8.7,4.054,55.2,50.87,60.55
7/12/2022 11:00,8.7,5.1,279.3,8.7,4.622,49.73,55.44,63.75
7/12/2022 12:00,9.25,5.243,265.5,9.46,4.774,64.32,43.81,55.31
7/12/2022 13:00,9.25,5.842,259,9.28,5.334,70.66,45.77,49.34
7/12/2022 14:00,9.93,6.5,252,9.75,6.054,77.9,45.71,47.22
7/12/2022 15:00,9.52,6.384,255.7,9.52,5.931,74.51,47.19,50.38
7/12/2022 16:00,10.34,7.149,255.2,10.74,6.81,74.59,54.38,62.05
7/12/2022 17:00,10.48,7.803,256.2,10.85,7.503,73.65,61.02,64.18
7/12/2022 18:00,11.16,7.671,255.4,11.2,7.355,74.41,52.36,57.44
7/12/2022 19:00,11.71,8.19,257.6,12.02,7.877,72.41,53.88,59.51
7/12/2022 20:00,10.2,6.527,256.3,10.33,6.121,73.62,57.05,62.48
7/12/2022 21:00,8.42,6.307,256.1,8.64,5.961,73.61,58.37,60.83
7/12/2022 22:00,6.642,4.229,257.2,6.842,3.731,72.06,58.64,60.43
7/12/2022 23:00,6.368,4.677,259.9,6.435,4.267,68.25,60.88,62.66
7/13/2022 0:00,7.053,4.424,251.3,6.842,3.984,78.47,53.6,58.78
7/13/2022 1:00,7.601,4.947,255.1,7.249,4.567,75.08,49.33,54.15
7/13/2022 2:00,10.07,5.971,252.2,10.5,5.644,78.23,58.71,63.53
7/13/2022 3:00,10.89,7.661,266.3,11.38,7.325,63.48,60.6,63.31
7/13/2022 4:00,12.26,7.818,263.1,12.65,7.437,67.03,61.47,63.06
7/13/2022 5:00,13.9,7.337,260.9,14.46,6.813,69.79,60.63,62.26
7/13/2022 6:00,13.63,6.742,263.3,13.82,6.158,66.39,60.35,62.66
7/13/2022 7:00,14.04,5.721,268.4,14.69,5.044,60.56,61.14,64.43
7/13/2022 8:00,9.66,3.241,334.8,9.57,2.549,305.5,62.05,63.82
7/13/2022 9:00,7.875,3.323,280,7.946,2.808,47.88,61.66,63.68
7/13/2022 10:00,7.327,3.895,258.1,7.423,3.444,62.81,57.65,62.55
7/13/2022 11:00,5.82,2.222,284.4,5.911,1.718,33.74,57.67,63.6
7/13/2022 12:00,7.875,4.204,299.3,7.772,3.679,34.37,61.71,62.9
7/13/2022 13:00,8.01,4.874,279.9,7.714,4.463,48.38,61.18,62.43
7/13/2022 14:00,8.15,5.405,255.3,8.06,4.979,74.85,57.95,62.03
7/13/2022 15:00,6.642,5.185,262.9,6.667,4.824,66.1,58,62.15
7/13/2022 16:00,8.7,5.947,254.7,8.88,5.627,75.61,59.02,61.34
7/13/2022 17:00,7.601,4.692,250.8,7.714,4.372,79.08,60.8,62.69
7/13/2022 18:00,6.231,4.065,261.3,6.144,3.645,67.56,58.53,61.79
7/13/2022 19:00,7.327,4.528,260.3,7.423,4.202,68.86,60.39,61.66
7/13/2022 20:00,7.601,5.334,254.9,7.888,5.324,74.89,62.1,63.88
7/13/2022 21:00,8.29,4.471,262.9,9.05,4.626,65.61,61.67,62.42
7/13/2022 22:00,9.79,4.072,262.6,11.09,3.856,65.66,61.48,62.65
7/13/2022 23:00,5.272,1.486,283.3,5.795,1.296,58.88,61.26,61.88
7/14/2022 0:00,6.642,2.122,252.5,9.05,1.903,98.2,61.05,61.75
7/14/2022 1:00,8.15,3.587,250.1,7.946,3.259,80.4,60.93,61.79
7/14/2022 2:00,9.93,5.809,253.1,9.86,5.262,77.54,58.44,61.7
7/14/2022 3:00,12.53,6.399,250.6,12.42,5.911,80.4,54.82,58.66
7/14/2022 4:00,10.34,4.988,254.6,10.5,4.484,73.98,53.13,57.41
7/14/2022 5:00,11.57,6.794,264.5,11.96,6.422,64.89,55.71,60.77
7/14/2022 6:00,10.75,6.272,270.5,10.74,5.89,57.85,59.25,62.64
7/14/2022 7:00,10.89,3.863,261.9,10.91,3.283,45.75,61.37,63.25
7/14/2022 8:00,8.01,3.348,245.5,8.06,2.815,61.69,60.62,63.18
7/14/2022 9:00,7.053,3.88,284.3,7.423,3.549,44.74,60.61,62.54
7/14/2022 10:00,10.89,6.234,265.1,11.03,5.868,64.09,59.45,61.95
7/14/2022 11:00,8.15,5.44,266.8,8.12,5.074,62.74,59.03,60.23
7/14/2022 12:00,7.601,5.88,271.6,7.539,5.587,57.86,57.93,59.5
7/14/2022 13:00,8.42,6.023,266.2,8.18,5.601,62.65,57.44,59.65
7/14/2022 14:00,8.7,5.885,254.7,8.64,5.304,74.84,56.45,62.09
7/14/2022 15:00,12.53,6.935,256.2,12.54,6.272,74.13,55.94,59.78
7/14/2022 16:00,11.44,6.559,258.8,11.49,5.869,72.88,58.86,62
7/14/2022 17:00,10.48,6.077,256.2,10.56,5.512,73.52,61.57,62.22
7/14/2022 18:00,9.79,6.214,265.6,9.75,5.664,64.05,60.35,62
7/14/2022 19:00,11.3,5.862,254.6,11.49,5.195,76.08,61.08,62.35
7/14/2022 20:00,8.97,5.452,257.4,9.28,4.757,72.38,61.27,62.54
7/14/2022 21:00,13.49,7.149,261.4,14.17,6.559,68.68,61.16,61.73
7/14/2022 22:00,13.08,7.19,258.6,13.29,6.671,72.54,58.09,61.93
7/14/2022 23:00,12.67,7.025,253.9,12.6,6.239,76.39,46.13,51.43
7/15/2022 0:00,13.49,8.23,260.3,13.35,7.599,70.35,37.69,41.88
7/15/2022 1:00,15.14,9.1,272.8,15.33,8.78,57.71,NAN,NAN
7/15/2022 2:00,11.71,7.86,254.5,12.19,7.465,76.38,44.79,49.52
7/15/2022 3:00,13.08,8.23,258.7,12.95,7.815,71.75,45,48.98
7/15/2022 4:00,13.36,6.539,263,13,5.916,67.11,39.38,50.14
7/15/2022 5:00,15.41,8.89,273.6,15.39,8.5,55.97,43.88,50.26
7/15/2022 6:00,14.04,7.812,264.8,13.7,7.441,64.45,38.25,45.94
7/15/2022 7:00,8.7,5.539,274.1,8.53,5.273,53.83,49.2,60.01
7/15/2022 8:00,9.52,5.401,279.3,9.86,5.037,47.96,57.7,62.22
7/15/2022 9:00,8.42,4.796,274.3,8.64,4.434,53.04,60.46,62.85
7/15/2022 10:00,7.738,3.647,278,7.772,3.273,47.23,49.72,62.23
7/15/2022 11:00,4.313,1.662,346.4,3.877,1.073,322.6,51.55,60.66
7/15/2022 12:00,3.08,1.738,37.71,2.947,1.037,297.9,59.52,62.96
7/15/2022 13:00,5.409,1.702,284.5,5.214,1.363,50.18,50.65,56.46
7/15/2022 14:00,7.327,3.136,259.9,7.016,2.512,70.92,45.71,53.59
7/15/2022 15:00,6.779,3.623,249.2,6.493,3.058,84.1,41.92,51.4
7/15/2022 16:00,6.916,4.497,254.3,6.842,3.881,75.52,40.35,44.29
7/15/2022 17:00,5.546,2.774,228.5,5.33,2.037,100.6,43.13,49.58
7/15/2022 18:00,5.957,3.865,252.2,5.679,3.177,75.44,53.38,56.73
7/15/2022 19:00,6.094,3.458,247.6,5.911,2.677,79.76,51.73,55.87
7/15/2022 20:00,5.409,3.093,243.4,4.865,2.325,83.3,52.9,59.17
7/15/2022 21:00,5.683,3.543,244.2,5.388,2.816,79.31,56.71,58.62
7/15/2022 22:00,6.779,3.748,254.1,6.493,2.98,70.87,53.1,57.37
7/15/2022 23:00,6.094,4.195,255,5.853,3.529,75.7,50.35,52.79
7/16/2022 0:00,5.409,3.637,262.1,4.865,2.941,65.58,47.94,49.78
7/16/2022 1:00,5.546,3.464,267,5.33,2.834,60.94,48.5,50.61
7/16/2022 2:00,9.52,5.793,282.3,9.63,5.352,47.14,50.29,52.72
7/16/2022 3:00,10.62,7.678,289,10.68,7.348,40.39,51.34,55.84
7/16/2022 4:00,10.48,3.94,313.3,10.1,3.422,12.5,52.15,59.79
7/16/2022 5:00,5.546,2.052,303,5.621,1.523,346.6,53.92,61.52
7/16/2022 6:00,7.053,2.73,28.77,6.435,2.082,303.9,50.94,62.22
7/16/2022 7:00,6.368,2.759,1.384,6.842,2.172,327.4,57.26,64.97
7/16/2022 8:00,3.628,1.708,57.37,3.005,1.018,274.7,60.44,66.76
7/16/2022 9:00,3.765,1.65,68.6,3.354,1.058,291.8,59.21,63.45
7/16/2022 10:00,7.738,3.082,278.2,7.772,2.688,3.12,61.04,63.28
7/16/2022 11:00,8.15,5.533,278.1,8.06,5.227,52.01,55.06,62.14
7/16/2022 12:00,7.464,5.71,265.9,7.714,5.389,63.6,53.28,56.41
7/16/2022 13:00,8.15,5.746,261.1,8.06,5.365,68.89,51.16,54.15
7/16/2022 14:00,9.38,6.702,263.1,9.11,6.298,66.75,48.73,51.01
7/16/2022 15:00,9.25,6.916,261.8,9.05,6.499,68.09,45.04,46.28
7/16/2022 16:00,8.42,6.061,256.8,8.7,5.534,73.11,45.26,46.38
7/16/2022 17:00,6.779,4.206,254.5,6.609,3.533,75.06,48.22,54.63
7/16/2022 18:00,6.916,4.363,251.6,6.667,3.774,73.71,54.9,57.52
7/16/2022 19:00,10.48,6.4,268.5,10.04,5.886,57.88,59.43,63.03
7/16/2022 20:00,12.94,9.95,268.2,13,9.63,61.68,61.33,62.01
7/16/2022 21:00,11.3,9.34,267.3,11.38,8.98,62.91,58.22,59.75
7/16/2022 22:00,10.75,7.614,257,10.85,7.199,73.3,57.72,59.23
7/16/2022 23:00,8.01,5.721,256,7.714,5.217,73.91,53.07,57.8
7/17/2022 0:00,9.38,6.788,255,9.34,6.259,75.32,50.67,54.58
7/17/2022 1:00,11.57,8.72,260.7,11.32,8.32,70.14,47.89,52.89
7/17/2022 2:00,10.75,7.93,266.4,10.91,7.579,63.91,53.63,59.06
7/17/2022 3:00,12.4,8.83,271.5,12.07,8.5,58.78,52.09,58.55
7/17/2022 4:00,11.16,8.11,274,11.09,7.842,55.84,51.25,58.79
7/17/2022 5:00,8.83,5.987,276.5,9.57,5.624,52.71,55.61,63.12
7/17/2022 6:00,9.93,6.013,278,10.33,5.696,51.29,61.58,63.57
7/17/2022 7:00,8.01,4.595,298.7,8.06,4.167,28.25,60.9,64.41
7/17/2022 8:00,10.48,5.052,301.7,10.39,4.607,25.19,61.7,64.18
7/17/2022 9:00,7.464,3.18,331.2,7.597,2.611,348.6,61.92,64.33
7/17/2022 10:00,4.313,1.899,73.85,3.877,1.206,256.6,62.08,64.13
7/17/2022 11:00,5.409,1.806,346.9,5.214,1.482,38.88,58.83,64.16
7/17/2022 12:00,5.409,1.607,271.7,5.33,1.15,341.8,58.16,63.3
7/17/2022 13:00,6.094,3.762,278.3,6.144,3.353,48.82,46.16,51.1
7/17/2022 14:00,6.642,5.365,264.1,6.725,5.005,67.49,43.96,51.17
7/17/2022 15:00,7.464,5.641,262.3,7.655,5.321,67.73,40.77,43.79
7/17/2022 16:00,8.01,5.852,263.4,8.24,5.573,66.07,44.54,48.68
7/17/2022 17:00,7.464,5.616,263.7,7.655,5.311,66.12,46.18,48.59
7/17/2022 18:00,9.52,6.475,271.7,9.69,6.153,58.49,46.3,50.75
7/17/2022 19:00,8.29,6.379,279.2,8.24,6.044,51.31,47.68,49.91
7/17/2022 20:00,6.916,5.591,267.9,6.842,5.292,61.38,50.39,54.82
7/17/2022 21:00,7.464,6.113,265,7.597,5.874,64.97,54.32,58.75
7/17/2022 22:00,9.11,6.799,263.4,9.34,6.589,66.49,54.71,56.9
7/17/2022 23:00,9.93,8.36,274.5,9.86,8.15,55.5,57.28,60.16
7/18/2022 0:00,13.22,10.38,284,13.18,10.13,46.38,58.19,59.7
7/18/2022 1:00,16.37,10.19,267.4,16.43,9.95,63.07,NAN,NAN
7/18/2022 2:00,12.94,9.41,268.1,13.06,9.26,62.28,61.59,63.11
7/18/2022 3:00,13.9,8.73,273,14.92,8.66,57.02,61.95,62.76
7/18/2022 4:00,12.26,8.56,274.8,12.19,8.22,55.17,62.05,62.91
7/18/2022 5:00,12.81,5.693,268.5,12.42,5.259,57.77,62.2,63.56
7/18/2022 6:00,7.327,1.986,276.6,7.132,1.679,22.05,62.52,63.89
7/18/2022 7:00,7.19,2.386,322.7,7.249,1.936,352.2,62.66,65.45
7/18/2022 8:00,5.82,2.081,286.9,5.795,1.712,356.9,62.64,64.2
7/18/2022 9:00,7.464,3.601,90.3,6.783,3.019,236.6,62.94,65.18
7/18/2022 10:00,7.19,1.989,183.1,7.365,1.661,134.7,62.5,63.55
7/18/2022 11:00,3.354,1.09,301.1,3.063,0.551,192.3,62.87,64.33
7/18/2022 12:00,6.094,2.441,241.9,6.26,2.134,59.57,62.31,64.3
7/18/2022 13:00,4.176,1.675,223.3,3.993,1.045,152.6,62.18,62.81
7/18/2022 14:00,3.765,0.914,209,3.237,0.746,137.1,62.43,63.09
7/18/2022 15:00,3.08,1.361,182.6,2.772,0.785,141,62.29,62.85
7/18/2022 16:00,6.094,2.309,249.3,6.202,1.917,64.88,62.41,63.15
7/18/2022 17:00,10.89,5.967,248.1,10.56,5.305,78.27,62.58,63.4
7/18/2022 18:00,11.99,7.95,263.4,13.41,8.36,66.6,62.6,63.06
7/18/2022 19:00,9.52,6.905,268.1,11.61,8.13,61.9,62.32,62.97
7/18/2022 20:00,8.15,4.055,267.2,9.86,4.815,64.79,62.69,63.23
7/18/2022 21:00,6.094,4.228,257.7,7.772,5.003,71.96,62.68,63.06
7/18/2022 22:00,8.29,4.766,246.7,10.33,5.718,83.6,62.57,63.02
7/18/2022 23:00,8.56,6.629,274.8,10.39,7.729,54.85,62.17,62.82
7/19/2022 0:00,8.29,5.357,275.7,9.46,6.414,61.42,62.07,62.81
7/19/2022 1:00,7.053,4.413,275.7,8.06,5.376,56.71,61.85,63.11
7/19/2022 2:00,7.875,5.936,275.8,9.23,6.731,41.98,62.48,63.21
7/19/2022 3:00,7.601,5.96,276,13.64,9.04,47.39,62.04,62.7
7/19/2022 4:00,7.738,5.747,276.2,13.76,10.31,51.41,61.73,62.33
7/19/2022 5:00,6.094,3.794,276.1,11.49,7.257,53.73,62.04,62.97
7/19/2022 6:00,3.902,1.222,276.1,8.53,2.751,68.96,62.38,63.35
7/19/2022 7:00,4.039,1.784,277,7.539,3.544,50.28,63.58,65.95
7/19/2022 8:00,1.847,0.483,275.2,5.388,1.708,41.99,64.9,66.97
7/19/2022 9:00,1.436,0.203,287.2,3.237,0.81,303,64.94,67.08
7/19/2022 10:00,1.847,0.619,23.62,2.714,0.894,212.9,64.08,65.07
7/19/2022 11:00,1.984,0.998,100.1,3.005,1.257,241.2,63.34,64.42
7/19/2022 12:00,2.532,1.752,92.6,3.819,2.309,239,62.98,63.57
7/19/2022 13:00,2.943,2.105,101,3.993,2.763,232.4,63.03,64.15
7/19/2022 14:00,3.217,2.254,89.7,4.516,2.886,244,62.96,64.48
7/19/2022 15:00,3.08,1.976,105.3,4.923,2.555,227.6,62.93,63.22
7/19/2022 16:00,2.669,1.702,108.2,3.761,2.146,220.3,62.86,63.14
7/19/2022 17:00,1.71,0.969,94.1,2.365,1.237,231,62.64,62.99
7/19/2022 18:00,0.888,0.031,119.5,1.958,0.231,144.4,62.28,62.88
7/19/2022 19:00,1.573,0.606,164.1,2.191,0.761,161.8,61.67,62.1
7/19/2022 20:00,1.984,0.925,165.1,3.354,1.35,164.9,61.03,61.73
7/19/2022 21:00,1.299,0.884,165.7,2.191,1.28,164.7,60.87,61.48
7/19/2022 22:00,1.984,0.903,164.3,2.772,1.255,167,60.99,61.71
7/19/2022 23:00,1.71,1.117,142.2,3.354,1.908,199.5,61.7,62.29
7/20/2022 0:00,2.943,1.089,151.6,4.226,1.707,190.4,61.89,62.3
7/20/2022 1:00,1.71,1.145,132.2,3.354,1.952,205.6,62.15,62.56
7/20/2022 2:00,1.436,0.474,140.4,2.656,0.823,197,63.16,64.52
7/20/2022 3:00,4.176,0.818,110.8,3.761,0.851,224.1,64.81,65.68
7/20/2022 4:00,2.669,0.825,102.8,2.656,0.635,223.3,65.61,67.32
7/20/2022 5:00,4.176,0.832,88.8,3.935,0.913,245.8,63.74,65.38
7/20/2022 6:00,7.19,2.849,91.3,7.016,2.451,250,61.81,64.35
7/20/2022 7:00,8.29,5.377,90.2,8.18,4.686,243.8,62.54,64.93
7/20/2022 8:00,9.25,6.294,98,8.47,5.622,235.9,62.77,64.89
7/20/2022 9:00,9.79,6.272,91.8,9.28,5.432,241.8,62.89,65.32
7/20/2022 10:00,9.52,6.446,88,9.05,5.595,245.9,62.51,63.74
7/20/2022 11:00,12.94,7.966,102,12.19,7.009,231.8,62.73,63.93
7/20/2022 12:00,12.67,8.29,102.2,11.96,7.335,231.3,62.95,63.68
7/20/2022 13:00,11.3,6.484,99.3,11.09,5.885,235.5,63.12,63.55
7/20/2022 14:00,12.94,6.473,108,13.29,6.166,226.2,62.74,63.41
7/20/2022 15:00,10.48,6.255,112.1,11.84,6.318,221.9,62.88,63.4
7/20/2022 16:00,8.97,5.591,113.6,10.1,6.055,225.1,62.8,63.4
7/20/2022 17:00,5.546,0.219,113.5,7.481,4.841,226.1,62.66,63.05
7/20/2022 18:00,0,0,0,7.307,3.883,229.4,62.2,62.89
7/20/2022 19:00,0,0,0,5.563,2.954,231.8,62.22,62.67
7/20/2022 20:00,0,0,0,5.563,3.019,215.5,61.97,62.45
7/20/2022 21:00,0,0,0,6.202,1.775,199,61.67,62.1
7/20/2022 22:00,0,0,0,3.644,2.185,183.1,61.52,61.9
7/20/2022 23:00,0,0,0,3.644,1.838,175,61.32,61.65
7/21/2022 0:00,0,0,0,1.958,0.531,149.9,61.18,61.7
7/21/2022 1:00,0,0,0,0.04,0.04,102.1,NAN,NAN
7/21/2022 2:00,0,0,0,0.04,0.04,67.13,62.16,62.85
7/21/2022 3:00,0,0,0,0.04,0.04,120.1,62.31,63.66
7/21/2022 4:00,0,0,0,2.075,0.055,164.4,63.98,67.09
7/21/2022 5:00,0.477,0,113.8,5.272,0.955,301.5,63.82,68.15
7/21/2022 6:00,2.669,0.786,130.7,2.772,0.672,238.5,66.89,68.2
7/21/2022 7:00,3.354,1.318,88.9,2.889,1.043,265.9,65.6,68.59
7/21/2022 8:00,4.861,2.594,78.09,4.865,2.143,259.9,64.79,66.62
7/21/2022 9:00,3.354,1.966,86,3.295,1.481,258.5,64.29,66.92
7/21/2022 10:00,6.916,3.497,78.18,6.377,2.862,258.9,63,65.21
7/21/2022 11:00,5.409,2.675,94.9,4.923,2.009,244.7,64.02,65.1
7/21/2022 12:00,3.765,1.132,80.8,3.237,0.865,260.4,63.35,64.2
7/21/2022 13:00,3.628,2.386,93.4,3.179,1.687,241.3,63.45,64.2
7/21/2022 14:00,4.039,2.004,99.8,3.528,1.421,242.4,63.1,63.47
7/21/2022 15:00,0,0,0,0.04,0.04,272.7,63.04,63.39
7/21/2022 16:00,0,0,0,0.04,0.04,251.9,62.9,63.25
7/21/2022 17:00,0,0,0,0.04,0.04,60.18,62.82,63.25
7/21/2022 18:00,0,0,0,0.04,0.04,26.95,62.86,63.16
7/21/2022 19:00,0,0,0,0.04,0.04,260.1,62.71,63.11
7/21/2022 20:00,0,0,0,0.04,0.04,105.7,62.31,62.76
7/21/2022 21:00,0,0,0,0.04,0.04,52.29,62.37,62.82
7/21/2022 22:00,0,0,0,0.04,0.04,67.45,62.4,63.94
7/21/2022 23:00,0,0,0,0.04,0.04,162,62.2,62.61
7/22/2022 0:00,0,0,0,0.04,0.04,94.1,61.85,62.35
7/22/2022 1:00,0,0,0,0.04,0.04,88.8,62.13,62.69
7/22/2022 2:00,0,0,0,2.889,0.24,65.03,62.5,63.14
7/22/2022 3:00,0,0,0,4.4,2.11,55.35,62.55,63.64
7/22/2022 4:00,2.121,0.32,134.5,3.121,1.037,38.29,63.71,65.66
7/22/2022 5:00,5.135,1.389,284.7,5.33,1.022,8.8,63.53,65.39
7/22/2022 6:00,2.532,0.949,304,2.307,0.647,12.24,64.38,66.4
7/22/2022 7:00,4.313,2.461,278.9,4.342,2.106,31.12,63.43,66.59
7/22/2022 8:00,5.546,2.378,262.8,5.679,2.013,64.27,62.77,63.92
7/22/2022 9:00,4.724,2.943,267.7,4.807,2.58,55.4,62.85,64.82
7/22/2022 10:00,3.628,1.936,261.4,3.528,1.522,46.89,62.59,63.78
7/22/2022 11:00,3.354,1.156,269.4,3.005,0.871,31.57,63.72,66.22
7/22/2022 12:00,4.587,1.897,67.52,4.226,1.394,267.1,63.48,65.9
7/22/2022 13:00,5.272,2.821,12.9,4.923,2.294,328,62.53,63.82
7/22/2022 14:00,7.19,4.721,270.1,7.19,4.41,60.47,62.24,62.87
7/22/2022 15:00,6.916,5.284,270,7.307,5.184,59.72,62.64,63.24
7/22/2022 16:00,7.601,4.971,261.1,8.12,4.949,68.28,62.45,62.95
7/22/2022 17:00,6.368,5.286,270.6,7.132,5.675,58.55,62.27,62.73
7/22/2022 18:00,7.601,5.268,272.4,8.53,5.845,56.86,62.28,62.7
7/22/2022 19:00,7.875,5.931,272.4,8.41,6.111,54.82,62.23,62.65
7/22/2022 20:00,6.505,3.771,272.4,5.737,3.529,61.94,62.13,62.82
7/22/2022 21:00,1.436,0.027,272.4,3.237,1.742,70.04,62.01,62.32
7/22/2022 22:00,3.902,2.074,272.4,4.4,2.972,73.11,62.14,62.68
7/22/2022 23:00,3.765,1.912,272.4,3.644,2.244,71.98,62.14,62.42
7/23/2022 0:00,5.135,1.466,272.4,2.889,2.027,80.4,61.98,62.34
7/23/2022 1:00,3.354,0.241,272.4,2.191,1.452,78.76,62.08,62.53
7/23/2022 2:00,0,0,0,1.028,0.164,208.2,63.19,64.55
7/23/2022 3:00,0,0,0,2.191,0.978,28.98,64.44,65.09
7/23/2022 4:00,0,0,0,2.365,0.521,346.1,64.83,66.72
7/23/2022 5:00,0,0,0,2.365,1.343,265.9,66.17,67.02
7/23/2022 6:00,0,0,0,2.249,0.824,272.9,65.6,66.88
7/23/2022 7:00,0,0,0,2.249,0.864,293.9,64.53,66.6
7/23/2022 8:00,0,0,0,1.958,0.835,288.1,64.49,65.93
7/23/2022 9:00,0,0,0,2.598,1.369,250,66.12,67.01
7/23/2022 10:00,0,0,0,2.423,1.267,255.6,65.5,66.95
7/23/2022 11:00,0,0,0,1.958,0.662,253.3,64.26,65.4
7/23/2022 12:00,0,0,0,1.493,0.268,226.1,65.18,65.8
7/23/2022 13:00,0,0,0,2.365,0.521,125.9,62.6,65.02
7/23/2022 14:00,0,0,0,4.516,1.489,53.52,62.01,62.44
7/23/2022 15:00,0,0,0,4.226,1.914,95.5,61.55,62.59
7/23/2022 16:00,0,0,0,4.051,1.725,93,61.8,62.62
7/23/2022 17:00,0,0,0,4.4,2.226,84.6,61.47,62.06
7/23/2022 18:00,0,0,0,6.493,4.902,47.69,61.83,62.24
7/23/2022 19:00,0,0,0,8.64,5.028,52.06,61.75,62.26
7/23/2022 20:00,0,0,0,8.99,7.556,47.94,61.79,62.3
7/23/2022 21:00,0,0,0,8.41,6.387,52.44,61.5,61.86
7/23/2022 22:00,0,0,0,7.132,5.749,71.88,61.18,61.65
7/23/2022 23:00,0,0,0,7.83,5.843,65.87,61.29,62.07
7/24/2022 0:00,0,0,0,6.202,4.863,71.2,61.1,61.71
7/24/2022 1:00,0,0,0,7.655,5.732,73.5,NAN,NAN
7/24/2022 2:00,0.614,0.002,257.2,8.88,6.047,62.18,61.46,62.16
7/24/2022 3:00,8.29,0.516,256.6,11.55,6.76,67.9,61.95,62.55
7/24/2022 4:00,2.532,0.268,259.9,9.69,5.124,66.24,62.31,63.08
7/24/2022 5:00,3.354,0.18,255.1,8.53,3.538,72.29,62.84,64.15
7/24/2022 6:00,5.409,0.357,254.9,9.05,3.688,61.35,63.01,65.01
7/24/2022 7:00,0.614,0.04,261.1,8.7,6.221,57.99,62.02,64.25
7/24/2022 8:00,0,0,0,6.609,4.936,57.92,62.16,63.99
7/24/2022 9:00,0,0,0,5.737,4.102,56.92,62.4,63.06
7/24/2022 10:00,0,0,0,2.947,1.269,3.44,63.49,65.42
7/24/2022 11:00,0,0,0,4.284,0.47,83.6,64.92,65.86
7/24/2022 12:00,3.354,0.057,251,5.853,4.172,60.95,61.28,62.5
7/24/2022 13:00,0.614,0.049,254,6.144,3.865,61.81,61.72,62.64
7/24/2022 14:00,2.258,0.158,251.4,4.981,3.413,73.01,61.73,62.29
7/24/2022 15:00,0.751,0.056,254.1,5.679,3.779,71.28,61.57,62.73
7/24/2022 16:00,3.765,0.207,236.7,6.144,2.787,73.07,61.87,62.33
7/24/2022 17:00,3.354,0.267,251.5,6.609,2.308,79.39,61.87,62.25
7/24/2022 18:00,3.765,0.137,247.5,7.016,3.375,69.59,61.68,62.11
7/24/2022 19:00,1.025,0.037,277.6,4.051,1.465,75.36,60.9,61.49
7/24/2022 20:00,2.258,0.498,248.8,2.307,1.148,89.8,60.95,61.54
7/24/2022 21:00,4.176,1.009,229.4,4.923,1.562,95.8,61.43,62.15
7/24/2022 22:00,2.395,0.184,224.9,1.319,0.256,105.5,60.78,61.5
7/24/2022 23:00,2.669,0.255,227.5,1.784,0.345,106.9,60.57,61.01
7/25/2022 0:00,5.135,1.382,230.1,3.993,2.501,93.8,61.08,61.87
7/25/2022 1:00,1.162,0.035,247.2,5.795,3.091,73.4,61.24,61.87
7/25/2022 2:00,1.025,0.007,254.5,6.667,4.373,60.51,61.64,62.28
7/25/2022 3:00,0.614,0.077,275.5,8.29,4.525,55.72,62.26,63.02
7/25/2022 4:00,0.614,0.021,272.9,7.481,3.288,60.21,62.57,63.9
7/25/2022 5:00,2.258,0.526,274.6,7.714,3.379,49.58,62.71,63.86
7/25/2022 6:00,2.395,1.395,269.7,7.365,4.768,58.26,61.99,62.92
7/25/2022 7:00,3.765,1.51,273.4,6.725,3.255,44.69,62.63,64.02
7/25/2022 8:00,6.916,3.478,283.9,7.365,3.235,39.23,62.55,63.81
7/25/2022 9:00,5.135,1.595,280.9,5.272,1.319,300.6,62.92,65.26
7/25/2022 10:00,3.491,2.132,107.3,2.947,1.639,237.2,64.02,64.97
7/25/2022 11:00,6.916,3.312,126,7.132,2.683,210.6,63.37,66.35
7/25/2022 12:00,3.765,0.594,139,3.354,0.07,8.85,63.12,63.82
7/25/2022 13:00,8.01,3.02,152.5,6.202,2.071,185,62.07,63.24
7/25/2022 14:00,6.779,2.854,258.1,7.016,2.66,71.67,61.48,62.29
7/25/2022 15:00,8.42,5.953,265.4,8.59,5.88,64.35,61.67,62.35
7/25/2022 16:00,9.25,3.876,260.3,10.04,4.291,68.4,61.7,62.53
7/25/2022 17:00,4.861,1.896,260.9,5.737,1.682,75.2,61.6,62.17
7/25/2022 18:00,2.943,1.493,190.3,2.83,1.01,171.7,60.94,61.42
7/25/2022 19:00,4.861,1.329,170.4,1.842,0.656,128,61.16,61.59
7/25/2022 20:00,6.094,2.347,173.9,2.947,0.919,149,60.79,61.27
7/25/2022 21:00,6.231,2.157,246.1,5.214,2.104,88.3,61.1,61.85
7/25/2022 22:00,5.135,1.618,209.6,1.9,0.656,118.6,60.59,61.12
7/25/2022 23:00,1.984,0.501,185,0.796,0.144,117.7,60.75,61.43
7/26/2022 0:00,3.354,0.866,204.7,2.133,0.325,95.6,60.83,61.47
7/26/2022 1:00,3.628,2.469,251.6,4.226,2.724,66.73,61.1,61.82
7/26/2022 2:00,5.135,3.127,256.4,5.214,3.086,73.1,61.36,61.94
7/26/2022 3:00,7.327,4.728,278.8,7.714,4.491,49.84,61.66,62.42
7/26/2022 4:00,7.053,4.558,279.9,7.074,4.198,48.6,61.87,62.57
7/26/2022 5:00,5.272,2.017,293.2,5.33,1.582,11.59,62.15,63.43
7/26/2022 6:00,4.176,1.98,290,4.284,1.55,19.6,62.5,64.44
7/26/2022 7:00,2.943,0.952,324.6,2.947,0.847,265.4,63.61,65.6
7/26/2022 8:00,3.08,1.502,8.4,3.121,1.035,284.5,62.04,65.27
7/26/2022 9:00,2.806,1.112,104.6,2.482,0.797,280.1,63.1,65.76
7/26/2022 10:00,4.176,1.579,82,4.574,1.2,297.6,61.7,64.29
7/26/2022 11:00,7.875,2.567,201,7.423,2.47,152.6,62.44,65.17
7/26/2022 12:00,10.75,8.64,272.4,10.68,8.49,57.67,61.68,62.24
7/26/2022 13:00,10.48,8.44,270.5,10.62,8.22,59.56,61.14,61.66
7/26/2022 14:00,13.08,10.19,294.7,13.88,10.15,35.32,60.62,62.61
7/26/2022 15:00,14.73,12.57,292.9,15.21,12.51,37.89,61.35,63.18
7/26/2022 16:00,13.77,10.57,277.9,16.32,12.16,52.38,59.44,61.49
7/26/2022 17:00,9.66,6.048,271.4,12.36,8,58.48,61.71,62.46
7/26/2022 18:00,6.642,3.802,263.4,8.76,5.059,65.06,61.84,62.45
7/26/2022 19:00,4.45,2.219,261.3,6.086,2.718,65.24,61.77,62.28
7/26/2022 20:00,5.409,4.225,268.3,6.667,4.954,61.1,61.67,62.08
7/26/2022 21:00,5.272,3.834,255.3,6.377,4.483,74.33,61.35,61.73
7/26/2022 22:00,2.943,1.242,242.3,3.586,1.519,95,60.98,61.69
7/26/2022 23:00,5.272,0.924,239.2,6.493,1.404,101.6,61.03,61.6
7/27/2022 0:00,5.683,2.797,246,7.016,3.331,85,61.18,61.93
7/27/2022 1:00,6.094,3.755,257.4,7.539,4.631,72.26,NAN,NAN
7/27/2022 2:00,8.15,3.19,252.3,8,3.074,76.37,61.47,62.42
7/27/2022 3:00,7.19,4.885,273.1,7.539,4.682,56.06,61.75,62.54
7/27/2022 4:00,9.52,5.387,270,9.57,5.115,59.21,62.12,63.06
7/27/2022 5:00,9.11,5.576,274.5,9.11,5.373,54.32,62.22,62.81
7/27/2022 6:00,7.601,4.204,274.5,8.29,3.859,51.76,62.56,63.72
7/27/2022 7:00,6.368,3.64,273.2,6.435,3.337,54.72,62.6,64.71
7/27/2022 8:00,5.683,2.493,276.1,5.679,2.38,41.18,62.78,64.3
7/27/2022 9:00,3.08,1.507,319.2,3.005,1.227,280.3,64.08,66.59
7/27/2022 10:00,4.45,2.44,75.74,4.226,1.954,239.6,65.5,67.76
7/27/2022 11:00,3.628,1.86,110.5,3.237,1.453,235.6,64.56,67.51
7/27/2022 12:00,6.779,2.299,298.8,7.074,2.09,29.82,61.95,63.53
7/27/2022 13:00,5.546,3.588,256.4,5.679,3.141,76.93,61.37,62.05
7/27/2022 14:00,4.176,3.289,257.1,3.761,2.745,75.22,61.49,62.34
7/27/2022 15:00,6.505,4.035,259.3,6.842,3.951,74.28,61.72,62.73
7/27/2022 16:00,5.272,3.344,253.6,5.388,3.134,82.3,61.21,62.18
7/27/2022 17:00,5.82,4.56,255.1,5.737,4.296,77.5,61.16,62.28
7/27/2022 18:00,6.505,5.04,260.2,6.551,4.662,70.99,61.18,61.96
7/27/2022 19:00,6.231,4.501,257.7,6.144,4.303,73.24,61.31,62.08
7/27/2022 20:00,4.039,2.382,255.3,4.284,2.103,86.9,61.15,62.12
7/27/2022 21:00,3.217,2.192,244.5,3.005,1.7,83,60.97,61.74
7/27/2022 22:00,3.354,1.553,206.6,2.482,0.744,153.4,60.69,61.39
7/27/2022 23:00,3.217,1.179,206.6,2.307,0.511,134,60.68,61.35
7/28/2022 0:00,2.121,0.813,206.6,2.249,0.35,116.3,60.76,61.39
7/28/2022 1:00,4.45,1.745,214.2,4.923,1.291,97.9,60.88,61.69
7/28/2022 2:00,6.642,3.168,251.9,6.609,2.71,87.9,61.41,63.76
7/28/2022 3:00,2.395,0.969,263.2,2.307,0.728,140.9,62.03,64.7
7/28/2022 4:00,2.669,0.868,263.2,2.249,0.658,131.5,63.07,66.89
7/28/2022 5:00,2.532,0.267,263.2,2.656,0.276,198.5,65.37,68.24
7/28/2022 6:00,3.08,1.012,263.2,3.412,0.817,6.265,62.6,67.33
7/28/2022 7:00,3.765,1.918,114.2,3.761,1.568,238.8,63.93,69.21
7/28/2022 8:00,5.272,2.258,130.8,5.388,1.792,207.4,61.5,65.13
7/28/2022 9:00,2.669,1.438,209.3,2.714,1.065,217.6,64.36,66.93
7/28/2022 10:00,4.861,1.98,191.2,4.691,1.507,159.4,61.82,64.26
7/28/2022 11:00,4.313,1.636,193.4,3.993,1.271,235.5,62.93,64.76
7/28/2022 12:00,1.984,0.909,188.8,1.61,0.523,230.2,63.7,65.07
7/28/2022 13:00,2.806,1.249,188.8,2.365,0.521,208.7,62.5,63.21
7/28/2022 14:00,2.943,1.79,188.8,2.307,1.016,190.5,62.34,62.72
7/28/2022 15:00,3.765,1.438,189.1,3.237,0.76,125.7,61.38,62.59
7/28/2022 16:00,3.08,1.334,195.1,2.017,0.637,126.8,61.85,63.04
7/28/2022 17:00,2.806,1.428,207.6,2.54,0.878,97.6,61.54,62.35
7/28/2022 18:00,5.683,3.64,263.6,6.783,3.328,64,61.24,62.51
7/28/2022 19:00,6.779,4.054,261,6.842,3.576,70.19,61.28,62.08
7/28/2022 20:00,8.15,5.134,262.7,8.35,4.799,67.06,61.24,62.35
7/28/2022 21:00,5.409,2.633,254.5,5.33,2.105,79.02,61.24,62.91
7/28/2022 22:00,4.039,2.051,235.7,4.691,1.779,91.6,61.58,62.13
7/28/2022 23:00,4.45,1.24,266.9,5.388,1.1,41.48,61.41,62.15
7/29/2022 0:00,3.628,2.135,250,4.691,2.062,84.3,60.77,61.61
7/29/2022 1:00,2.395,1.558,241.2,2.947,1.303,88.4,61.02,61.74
7/29/2022 2:00,9.38,3.188,258.3,9.98,3.497,65.35,61.08,64.44
7/29/2022 3:00,8.56,5.692,279.5,8.41,5.354,47.47,59.2,61.69
7/29/2022 4:00,7.464,4.454,278.8,7.539,4.189,48.53,58.33,61.72
7/29/2022 5:00,4.724,1.982,276.2,4.981,1.647,27.95,61.62,67.96
7/29/2022 6:00,1.436,0.1,222.6,1.377,0.315,241.1,65.26,68.41
7/29/2022 7:00,3.491,1.523,114.5,3.412,1.156,254.7,61.39,67.56
7/29/2022 8:00,4.587,2.034,94.9,3.877,1.536,243.6,61.01,65.22
7/29/2022 9:00,7.053,3.621,97.9,6.783,3.065,234.9,60.13,63.8
7/29/2022 10:00,5.683,2.289,93.1,5.505,1.797,233.9,60.91,64.93
7/29/2022 11:00,3.765,1.511,77.88,3.47,1.096,262,61.94,64.72
7/29/2022 12:00,7.053,1.601,119.3,6.783,1.094,200.1,62.65,64.36
7/29/2022 13:00,10.62,4.473,272.3,11.09,3.912,53.74,60.17,63.1
7/29/2022 14:00,14.73,7.491,253.9,15.04,7.068,77.3,60.3,62.38
7/29/2022 15:00,14.18,9.75,268.5,14.17,9.44,61.74,60.35,62.12
7/29/2022 16:00,14.45,9.77,283.9,14.46,9.57,46.21,61.81,63.05
7/29/2022 17:00,15.14,9.94,276.7,15.1,10.42,53.44,61.74,64.56
7/29/2022 18:00,9.66,6.495,270.4,11.67,7.696,59.76,62.83,64.06
7/29/2022 19:00,6.779,4.436,269.8,8.76,5.286,60.17,62.56,63.2
7/29/2022 20:00,4.176,2.669,262.6,4.865,3.027,66.24,61.77,62.29
7/29/2022 21:00,5.409,2.848,265.8,6.318,3.062,62.84,61.57,62.06
7/29/2022 22:00,3.491,1.47,263.1,3.935,1.411,67.85,61.59,62.32
7/29/2022 23:00,2.121,0.544,253.5,2.54,0.5,72.17,60.86,62.21
7/30/2022 0:00,1.573,0.471,233.9,1.726,0.428,110,58.49,60.79
7/30/2022 1:00,2.532,0.673,234.9,2.423,0.421,110,NAN,NAN
7/30/2022 2:00,3.08,1.69,214.9,2.423,1.131,122.6,54.47,57.3
7/30/2022 3:00,3.491,2.234,185.9,3.237,1.727,145.4,57.18,60.13
7/30/2022 4:00,4.039,2.286,162.2,3.702,1.829,172.5,56.9,63.93
7/30/2022 5:00,3.217,2.02,155.9,3.237,1.663,187,59.03,64.92
7/30/2022 6:00,3.08,1.722,122,2.714,1.371,221.3,58.06,64.7
7/30/2022 7:00,5.135,2.475,98,4.749,2.055,243,58.39,65.22
7/30/2022 8:00,9.11,3.135,150.7,9.81,2.77,184,59.98,63.65
7/30/2022 9:00,5.82,2.808,91.7,5.505,2.248,242.7,59.44,62.79
7/30/2022 10:00,5.82,3.492,103.1,5.388,3.009,219.5,58.24,62.06
7/30/2022 11:00,6.505,3.491,131.6,6.609,2.962,200.3,58.27,61.74
7/30/2022 12:00,7.19,3.262,152.9,6.551,2.674,180.5,59.37,62.09
7/30/2022 13:00,4.998,2.604,169.8,4.167,1.913,159.3,57.73,63.02
7/30/2022 14:00,5.409,2.709,158.4,5.039,1.961,172,59.7,62.6
7/30/2022 15:00,7.875,4.064,156.8,7.481,3.312,175.5,59.73,63.66
7/30/2022 16:00,7.327,3.143,165.1,7.249,2.455,167.5,61.93,63.89
7/30/2022 17:00,6.642,3.041,183.2,6.551,2.4,150.3,60.32,63.54
7/30/2022 18:00,4.861,2.612,166.5,4.458,1.853,162.4,62.54,63.7
7/30/2022 19:00,4.861,2.353,165.9,4.226,1.559,164.4,62.82,63.84
7/30/2022 20:00,4.861,2.289,151.8,4.807,1.631,180.9,62.43,63.16
7/30/2022 21:00,3.08,1.503,165.5,2.54,0.747,167.9,61.59,62.67
7/30/2022 22:00,3.354,2.106,155.5,2.54,1.337,177.7,61.26,62.22
7/30/2022 23:00,3.08,1.874,158.7,2.423,1.16,174.5,61.56,62.52
7/31/2022 0:00,2.669,1.72,157.7,2.017,0.985,176.3,61.04,61.84
7/31/2022 1:00,3.217,1.507,169.9,3.121,0.926,160.1,61.33,63.48
7/31/2022 2:00,3.354,1.714,183.3,4.051,1.286,137.3,60.5,63.64
7/31/2022 3:00,5.957,3.012,159.2,5.621,2.499,169.7,56.78,59.41
7/31/2022 4:00,6.779,3.244,160.9,6.725,2.727,170.9,56.51,62.43
7/31/2022 5:00,8.01,2.61,147.8,8.29,2.22,184.4,55.89,61.87
7/31/2022 6:00,5.272,3.268,119.7,4.923,2.892,213.7,53.35,57.52
7/31/2022 7:00,5.135,3.316,111.4,4.749,2.92,226.2,51.9,57.49
7/31/2022 8:00,10.07,4.384,96.5,8.64,3.798,238.4,52.49,58.53
7/31/2022 9:00,7.464,4.146,105.5,6.725,3.673,227.9,55.52,59.03
7/31/2022 10:00,6.916,3.08,103,6.086,2.598,230.9,55.78,58.2
7/31/2022 11:00,4.861,2.536,100.7,4.458,1.997,230,58.59,60.66
7/31/2022 12:00,2.121,0.917,86.8,1.784,0.526,213.4,57.3,62.01
7/31/2022 13:00,1.573,0.102,98.6,1.086,0.205,162.4,63.4,64.98
7/31/2022 14:00,3.902,0.885,46.44,3.005,0.556,106.5,63.72,65.8
7/31/2022 15:00,3.491,0.602,1.875,2.54,0.287,347,63.66,64.53
7/31/2022 16:00,3.08,1.527,26.43,2.307,0.829,267.3,63.59,64.52
7/31/2022 17:00,2.121,1.102,83.6,1.726,0.547,215.8,63.1,63.64
7/31/2022 18:00,1.847,0.423,83.9,0.679,0.05,236.4,63.05,63.51
7/31/2022 19:00,4.039,1.502,126.3,3.528,0.619,185.3,62.92,63.29
7/31/2022 20:00,3.765,1.791,104.7,3.063,1.158,224.6,63.1,63.61
7/31/2022 21:00,3.628,1.892,250.7,3.586,0.888,86.7,62.73,63.46
7/31/2022 22:00,3.217,1.586,256.2,3.295,1.012,74.32,62.66,63.53
7/31/2022 23:00,3.217,2.046,237.9,3.005,1.667,94.5,62.62,63.84
8/1/2022 0:00,3.765,1.973,247,3.47,1.638,90.4,61.97,63.19
8/1/2022 1:00,2.395,1.066,247.8,2.191,0.81,99.3,61.99,63.47
8/1/2022 2:00,3.217,1.95,280,3.819,1.757,46.59,62.91,63.42
8/1/2022 3:00,3.08,1.437,281.2,4.516,1.529,35.31,63.02,64.62
8/1/2022 4:00,3.217,0.784,279.2,3.121,0.54,275.3,64.65,68.49
8/1/2022 5:00,3.08,1.289,85.1,2.947,0.936,264.5,62.78,66.17
8/1/2022 6:00,6.231,1.965,128.7,6.144,1.503,183.3,58.6,66.95
8/1/2022 7:00,5.957,3.122,117.5,5.97,2.681,218.5,54.09,57.19
8/1/2022 8:00,4.861,2.553,96.6,4.342,2.053,235.2,50.09,55
8/1/2022 9:00,4.724,2.058,110.7,4.633,1.655,209.7,55.24,62.68
8/1/2022 10:00,3.628,1.874,72.52,3.354,1.398,225.2,54.11,59.75
8/1/2022 11:00,6.505,3.074,84.2,5.911,2.445,244.4,61.88,64.06
8/1/2022 12:00,3.628,1.69,109.1,3.179,1.151,179.5,61.74,63.21
8/1/2022 13:00,4.176,2.07,189.9,3.702,1.297,134.4,62.87,63.6
8/1/2022 14:00,4.039,1.428,195.5,3.644,0.744,137.6,63.04,63.51
8/1/2022 15:00,6.505,3.61,244.2,6.609,3.054,85.8,61.66,63.74
8/1/2022 16:00,1.984,0.943,239,1.261,0.363,155.9,62.92,63.7
8/1/2022 17:00,1.847,0.658,239.1,1.086,0.234,92.4,62.56,63.87
8/1/2022 18:00,1.71,0.52,239.1,1.203,0.192,126.1,62.57,63.61
8/1/2022 19:00,3.491,1.108,246.8,3.179,0.784,99.8,61.98,62.89
8/1/2022 20:00,0,0,0,0.04,0.04,119.7,62.18,63.08
8/1/2022 21:00,0,0,0,0.796,0.1,64.21,62.39,63.82
8/1/2022 22:00,4.861,1.557,166.4,4.051,0.565,213.1,62.76,63.64
8/1/2022 23:00,2.669,1.034,89.3,1.9,0.385,254.4,62.83,64.13
8/2/2022 0:00,1.71,0.462,106.1,1.319,0.158,59.21,62.58,64.19
8/2/2022 1:00,2.395,0.407,325.2,1.842,0.248,90.6,NAN,NAN
8/2/2022 2:00,2.806,1.353,325.1,2.54,0.891,62.09,62.8,64.35
8/2/2022 3:00,3.08,1.238,325,3.179,0.878,42.76,62.74,63.96
8/2/2022 4:00,1.162,0.065,325,1.145,0.099,293.2,58.47,65.92
8/2/2022 5:00,2.669,0.586,325.1,2.54,0.465,338.2,58.58,63.48
8/2/2022 6:00,2.258,0.742,325.6,1.9,0.454,296,58.17,60.89
8/2/2022 7:00,5.683,1.511,330.4,5.911,1.246,331.3,60.79,65.25
8/2/2022 8:00,5.82,2.407,73.07,5.388,1.88,266,59.07,62.7
8/2/2022 9:00,4.176,2.12,72.91,3.993,1.524,268.1,60.54,63.32
8/2/2022 10:00,8.15,2.78,327.1,8.35,2.207,337.2,63.39,64.59
8/2/2022 11:00,8.56,3.758,264.9,9.05,3.369,60.48,63.53,64.26
8/2/2022 12:00,6.505,3.328,263.5,6.609,2.864,64.6,63.51,65.01
8/2/2022 13:00,4.724,2.577,262.8,4.865,2.092,65.08,63.55,64
8/2/2022 14:00,4.176,1.555,266.9,4.342,1.144,83.2,63.37,64.24
8/2/2022 15:00,5.409,1.933,270,5.621,1.695,66.99,63.23,64.27
8/2/2022 16:00,5.957,3.835,271.6,6.144,3.639,55.36,62.85,63.62
8/2/2022 17:00,4.998,3.136,249.9,5.214,2.883,81.4,62.47,63.22
8/2/2022 18:00,2.806,0.937,254.9,2.54,0.602,83.9,62.5,63.31
8/2/2022 19:00,1.573,0.255,252.9,0.04,0.04,19.53,62.87,63.39
8/2/2022 20:00,1.847,0.76,254.4,0.04,0.04,266.8,62.94,63.44
8/2/2022 21:00,4.176,2.514,290.9,0.04,0.04,32.81,62.59,63.32
8/2/2022 22:00,3.765,1.569,266.7,0.04,0.04,63.48,62.25,62.75
8/2/2022 23:00,3.354,1.893,263.3,0.04,0.04,69.58,62.25,62.66
8/3/2022 0:00,1.984,0.436,264.3,0.04,0.04,122.9,62.05,62.67
8/3/2022 1:00,2.943,0.758,264.1,0.04,0.04,93.5,61.87,62.83
8/3/2022 2:00,3.628,2.172,244.9,0.04,0.04,85.3,61.55,62.48
8/3/2022 3:00,4.176,2.943,251,4.051,2.443,75.69,62.07,63.18
8/3/2022 4:00,4.176,1.811,257.8,4.574,1.527,72.16,62.19,64.56
8/3/2022 5:00,4.45,2.545,266.4,4.342,2.306,60.69,61.34,62.47
8/3/2022 6:00,6.505,3.803,277.2,6.783,3.567,49.36,61.7,62.93
8/3/2022 7:00,6.368,3.487,276.6,6.435,3.208,50.69,61.84,64.85
8/3/2022 8:00,7.875,3.38,264.4,8.06,2.996,61.61,62.69,65.35
8/3/2022 9:00,7.327,4.669,277,7.597,4.428,52.11,62.64,64.31
8/3/2022 10:00,5.409,3.629,267.2,5.621,3.356,61.91,61.09,62.98
8/3/2022 11:00,5.957,3.366,261.4,6.028,3.06,55.54,61.46,63.9
8/3/2022 12:00,5.409,2.972,292.1,5.679,2.476,35.13,62.94,64.14
8/3/2022 13:00,7.601,3.788,270.4,7.597,3.281,55.12,63.18,64.28
8/3/2022 14:00,5.957,3.388,274.2,5.563,2.949,56.34,62.72,63.88
8/3/2022 15:00,5.135,3.849,249.8,4.981,3.483,79.18,60.97,61.82
8/3/2022 16:00,5.82,4.087,247,5.795,3.724,82.4,59.78,61
8/3/2022 17:00,5.409,3.322,245.5,5.446,2.833,83,59.92,61.62
8/3/2022 18:00,4.724,3.5,250.6,4.458,3.074,79.46,60.18,61.06
8/3/2022 19:00,5.82,4.562,255,5.853,4.242,74.41,61.6,62.92
8/3/2022 20:00,5.409,3.701,251.7,5.272,3.339,77.08,61.15,62.54
8/3/2022 21:00,4.861,3.407,253.2,4.865,2.978,76.17,59.97,61.25
8/3/2022 22:00,5.135,2.826,247.8,4.923,2.348,82.6,58.04,61.04
8/3/2022 23:00,5.957,4.368,249.9,5.853,4.039,78.65,58.26,60.08
8/4/2022 0:00,6.779,5.552,253.9,6.783,5.345,76.4,58.19,59.68
8/4/2022 1:00,6.094,4.954,254.7,6.26,4.725,75.02,57.42,59.64
8/4/2022 2:00,7.601,5.215,254.5,7.597,4.974,75.17,60.02,62.66
8/4/2022 3:00,6.642,4.8,258.1,6.551,4.562,70.82,60.84,61.55
8/4/2022 4:00,8.01,4.621,266.1,8.06,4.411,61.61,61.38,63.15
8/4/2022 5:00,8.56,5.369,270.6,8.82,5.122,58.21,60.86,63.43
8/4/2022 6:00,8.01,4.978,267.7,8.12,4.735,61.57,62.44,64
8/4/2022 7:00,7.327,4.614,268.7,8.41,4.352,59.36,61.13,64.17
8/4/2022 8:00,8.97,6.084,281.2,9.57,5.936,47.73,62.57,64.5
8/4/2022 9:00,8.7,4.431,271.1,8.99,4.096,56.68,61.61,64.18
8/4/2022 10:00,8.15,2.962,276,8.41,2.554,45.34,61.84,63.71
8/4/2022 11:00,5.409,3.423,267.5,5.737,3.132,59.13,62.37,64.14
8/4/2022 12:00,7.464,5.459,259.5,7.655,5.24,69.85,59.5,62.32
8/4/2022 13:00,8.15,6.106,254.1,8.41,5.786,75.56,60.19,61.93
8/4/2022 14:00,9.11,6.067,254.4,8.99,5.738,75.45,62.2,63.46
8/4/2022 15:00,10.48,6.835,250,10.62,6.547,79.7,61.21,63.15
8/4/2022 16:00,11.03,6.37,251.1,11.2,5.961,78.91,58.18,61.59
8/4/2022 17:00,10.34,5.781,255.3,11.03,5.303,74.72,55.84,58.75
8/4/2022 18:00,9.79,6.666,250.3,10.39,6.309,79.27,55.17,56.86
8/4/2022 19:00,8.42,5.276,245.5,8.29,4.829,83.8,55.08,56.54
8/4/2022 20:00,10.07,5.868,251.8,10.21,5.457,78.24,54.83,57.2
8/4/2022 21:00,8.7,4.811,257.8,8.82,4.362,70.37,54.93,57.82
8/4/2022 22:00,8.01,4.683,256,8.35,4.211,73.65,53.36,55.69
8/4/2022 23:00,8.01,5.178,251.4,8.24,4.791,78.45,52.35,54.34
8/5/2022 0:00,7.601,4.583,252.1,7.481,4.215,77.4,51,53.03
8/5/2022 1:00,9.25,5.251,249.1,9.05,4.964,81.3,NAN,NAN
8/5/2022 2:00,8.56,5.597,255.4,9.23,5.333,74.84,48.35,55.13
8/5/2022 3:00,8.83,5.172,254.8,9.05,4.814,74.81,48.55,53.95
8/5/2022 4:00,8.42,4.587,248.8,8.7,4.113,80.3,42.7,46.36
8/5/2022 5:00,8.97,5.339,244.8,9.69,4.923,86,43.65,47.26
8/5/2022 6:00,8.56,5.665,250.1,9.34,5.269,79.57,46.63,57.09
8/5/2022 7:00,10.2,6.257,255.6,10.5,5.971,73.59,50.08,58.36
8/5/2022 8:00,8.15,5.015,266,8.24,4.687,63.59,57.18,61.53
8/5/2022 9:00,7.464,5.207,263.9,7.597,4.972,64.99,53.61,60.91
8/5/2022 10:00,11.44,3.5,260.3,12.07,2.95,69.47,62.73,64.08
8/5/2022 11:00,6.916,2.944,265.3,7.365,2.569,72.58,58.84,63.57
8/5/2022 12:00,6.505,4.703,256.2,6.667,4.39,72.9,41.86,47.41
8/5/2022 13:00,7.053,4.887,254.2,7.365,4.514,75.39,37.71,39.21
8/5/2022 14:00,7.464,4.938,249.4,7.539,4.568,80,38.24,40.37
8/5/2022 15:00,8.15,4.731,247.1,8.06,4.392,82.2,37.82,40.17
8/5/2022 16:00,5.683,2.649,240.8,5.621,2.144,86.8,39.92,43.94
8/5/2022 17:00,6.505,3.794,237.4,6.26,3.388,91.8,46.43,53.44
8/5/2022 18:00,8.15,5.811,255.4,8.35,5.572,73.79,57.28,62.67
8/5/2022 19:00,9.11,7.105,273.8,9.34,7.018,56.31,62.31,63.18
8/5/2022 20:00,7.875,6.026,262.2,8.12,5.85,67.28,62.11,62.9
8/5/2022 21:00,9.11,6.983,265,9.52,7.066,64.89,62.37,62.8
8/5/2022 22:00,8.29,6.349,267.9,9.46,7.041,61.96,62.39,62.78
8/5/2022 23:00,6.094,3.884,259.3,7.481,4.208,68.86,62.36,62.8
8/6/2022 0:00,6.642,3.957,250.5,7.597,4.265,76.89,62.37,62.76
8/6/2022 1:00,6.779,4.962,259.1,7.481,5.084,70.09,62.36,62.69
8/6/2022 2:00,10.89,6.131,252.9,11.09,5.772,76.29,62.27,62.62
8/6/2022 3:00,13.08,7.288,260.6,13.53,6.922,69.07,62.34,62.77
8/6/2022 4:00,11.57,6.574,258.1,12.07,6.18,71.69,62.37,62.9
8/6/2022 5:00,9.25,5.491,269,9.46,5.201,59.81,62.6,63.22
8/6/2022 6:00,6.094,1.695,182.1,5.97,1.26,272,62.77,64.37
8/6/2022 7:00,9.11,4.104,278.4,9.23,3.709,48.02,62.7,64.57
8/6/2022 8:00,10.48,5.333,271.6,10.85,4.985,58.17,62.78,64.78
8/6/2022 9:00,9.93,6.235,279.6,10.1,6.034,49.73,62.89,64.68
8/6/2022 10:00,9.66,6.315,279.9,10.21,6.128,49.32,62.84,63.49
8/6/2022 11:00,9.79,6.06,269,10.1,5.817,60.22,62.53,63.22
8/6/2022 12:00,9.93,5.94,271.2,9.86,5.664,58.02,62.48,63.32
8/6/2022 13:00,7.875,5.081,257.3,7.772,4.654,71.91,62.07,62.88
8/6/2022 14:00,7.738,5.457,256.9,7.946,5.081,72.47,61.65,62.19
8/6/2022 15:00,8.01,5.247,251.2,8.35,4.862,78.69,61.12,61.86
8/6/2022 16:00,9.52,5.221,247.6,10.1,4.719,82,60.37,61.24
8/6/2022 17:00,10.2,5.27,255.9,10.79,4.766,73.94,60.19,60.99
8/6/2022 18:00,7.601,4.399,265.9,7.655,3.994,63.92,60.05,61.9
8/6/2022 19:00,5.957,3.118,256.5,5.795,2.658,75.99,61.95,62.96
8/6/2022 20:00,4.039,2.017,95.4,3.702,1.509,243.9,62.16,62.79
8/6/2022 21:00,3.902,1.507,104.2,3.528,1.014,311,61.99,62.8
8/6/2022 22:00,10.2,3.794,259.4,10.27,3.341,64.49,62.05,62.75
8/6/2022 23:00,8.97,5.042,262.3,8.99,4.728,67.92,62.22,62.77
8/7/2022 0:00,6.505,4.564,274,7.132,4.622,55.5,61.72,62.41
8/7/2022 1:00,7.601,5.108,271.5,8.7,5.403,57.52,61.73,62.43
8/7/2022 2:00,10.75,5.461,277.2,9.28,5.393,50.23,62.01,62.54
8/7/2022 3:00,12.12,5.941,272.3,11.78,5.515,56.81,61.86,62.63
8/7/2022 4:00,6.779,3.443,258.5,6.9,3.163,60.37,62.14,64.13
8/7/2022 5:00,8.42,3.744,258.5,8.82,3.338,66.65,61.21,63.01
8/7/2022 6:00,10.2,6.861,261.3,10.27,6.578,68.33,60.07,62.01
8/7/2022 7:00,10.62,7.766,264.5,10.74,7.616,64.76,60.78,62.85
8/7/2022 8:00,10.89,6.507,271.2,10.97,6.208,57.97,61.72,64.73
8/7/2022 9:00,9.52,7.044,266.5,9.98,6.86,62.8,61,63.44
8/7/2022 10:00,11.85,8.63,271.3,11.84,8.45,58.55,60.57,62.37
8/7/2022 11:00,10.48,7.042,260,10.5,6.84,69.75,58.55,61.65
8/7/2022 12:00,10.89,7.112,257,11.26,6.853,72.52,58.47,63.31
8/7/2022 13:00,11.03,6.483,260.1,11.2,5.99,69.75,59.84,63.62
8/7/2022 14:00,11.3,6.3,251.9,11.43,5.825,78.05,60.45,63.18
8/7/2022 15:00,12.12,6.959,254.8,12.02,6.577,75.24,56.56,58.22
8/7/2022 16:00,11.03,7.449,282,11.32,7.074,47.76,59.87,62.91
8/7/2022 17:00,9.93,5.069,258.5,10.21,4.561,70.51,60.11,61.66
8/7/2022 18:00,7.875,4.041,254.4,7.714,3.522,74.21,61.58,62.99
8/7/2022 19:00,9.66,5.479,262,9.69,5.115,67.03,60.78,62.89
8/7/2022 20:00,8.83,5.211,257.8,8.88,4.746,71.97,54.41,58.67
8/7/2022 21:00,8.56,5.671,255.9,8.41,5.291,73.53,48.78,50.89
8/7/2022 22:00,11.44,7.757,259,11.32,7.5,71.26,54.58,61.42
8/7/2022 23:00,8.97,6.423,256,8.93,6.141,74.05,50.26,60.81
8/8/2022 0:00,9.25,6.679,256.7,9.52,6.413,73.39,46.33,49.23
8/8/2022 1:00,8.01,6.556,256.8,8,6.363,73.25,NAN,NAN
8/8/2022 2:00,10.07,6.238,257,9.98,6.027,72.92,46.66,53.09
8/8/2022 3:00,10.2,7.151,263.2,10.68,6.988,66.31,51.45,57.71
8/8/2022 4:00,10.62,7.861,262.8,11.03,7.69,66.77,56.72,60.67
8/8/2022 5:00,11.03,6.711,251.6,11.09,6.386,77.96,58.51,62.78
8/8/2022 6:00,14.04,9.04,252.1,14.28,8.73,77.9,61.5,62.49
8/8/2022 7:00,18.29,7.918,248.6,18.53,7.204,80.6,62.27,68.84
8/8/2022 8:00,15.41,9,254.4,16.14,8.58,75.38,62.34,64.27
8/8/2022 9:00,14.59,6.596,250.3,15.74,6.049,78.24,62.44,64.11
8/8/2022 10:00,14.18,6.538,247,13.93,5.892,80.3,62.53,63.63
8/8/2022 11:00,16.09,7.937,253.9,16.32,7.291,75.8,62.48,63.76
8/8/2022 12:00,17.19,9.94,248.4,17.95,9.34,81.3,62.92,66.68
8/8/2022 13:00,18.56,9.37,253,18.58,8.78,76.27,62.02,64.14
8/8/2022 14:00,15.27,8.86,256.3,16.61,8.75,73.31,61.41,62.05
8/8/2022 15:00,13.49,6.675,246,15.91,6.466,82.9,61.28,61.91
8/8/2022 16:00,16.78,7.947,257.8,17.42,7.801,71.91,60.98,61.87
8/8/2022 17:00,16.78,7.722,256.9,17.07,7.283,72.67,60.76,61.3
8/8/2022 18:00,16.78,6.779,248.4,16.78,6.022,81.2,59.06,60.55
8/8/2022 19:00,15.14,7.708,264.3,16.03,7.29,65.46,59.86,62.73
8/8/2022 20:00,13.36,7.209,273.5,12.19,6.837,56.9,62.35,62.78
8/8/2022 21:00,14.86,5.353,237.4,15.15,4.698,90.6,62.41,62.9
8/8/2022 22:00,10.89,5.002,258.3,11.09,4.56,68.4,61.98,62.61
8/8/2022 23:00,19.66,6.503,252.7,19.98,5.776,75.08,61.13,61.88
8/9/2022 0:00,14.86,5.453,240.1,14.57,4.637,87.6,61.53,62.07
8/9/2022 1:00,16.51,8.57,258.5,16.55,8.07,72.16,61.74,62.99
8/9/2022 2:00,15.41,7.22,248.5,15.15,6.521,80.9,61.46,62.33
8/9/2022 3:00,18.84,9.7,258.4,19.22,9.14,72.09,60.6,61.63
8/9/2022 4:00,22.26,9.41,254.9,23.12,8.78,75.44,56.13,59.13
8/9/2022 5:00,15.55,4.852,225.5,15.85,3.998,102.8,54.37,56.73
8/9/2022 6:00,20.48,7.81,246.4,20.74,7.089,82.5,48.44,51.61
8/9/2022 7:00,15.68,6.807,254.7,16.2,6.117,73.91,50.29,55.46
8/9/2022 8:00,17.47,7.526,247.4,18.47,6.789,80.2,51.19,57.87
8/9/2022 9:00,21.99,9.15,254.1,21.49,8.46,74.85,48.51,55.96
8/9/2022 10:00,20.21,10.09,243.8,20.79,9.44,85.6,50.98,59.95
8/9/2022 11:00,25.69,13.15,260.7,26.14,12.63,69.94,53.12,59.68
8/9/2022 12:00,22.12,11.2,249.8,22.54,10.51,79.49,51.3,59.02
8/9/2022 13:00,21.85,11.58,250.7,21.84,10.88,79.16,44.9,53.04
8/9/2022 14:00,28.7,12.7,262.4,28.41,12.04,67.88,49.24,65.37
8/9/2022 15:00,19.93,12.91,273.6,20.27,12.46,56.26,58.8,66.32
8/9/2022 16:00,18.97,12.46,269.5,19.46,12.19,60.63,55.24,65.37
8/9/2022 17:00,17.19,11.76,258.6,18.06,11.52,71.7,59.46,63.81
8/9/2022 18:00,15,10.36,254.6,15.85,9.99,75.22,50.36,58.64
8/9/2022 19:00,15.14,9.77,254.3,16.32,9.33,75.62,48.19,57.46
8/9/2022 20:00,16.23,8.93,256.3,16.26,8.44,73.55,45.29,52.01
8/9/2022 21:00,13.08,8.12,254.8,13.41,7.698,74.99,50.56,56.67
8/9/2022 22:00,13.9,8.2,254.8,14.57,7.807,74.91,59.72,62.69
8/9/2022 23:00,14.59,9.18,255.6,14.69,8.74,74.5,55.1,62.65
8/10/2022 0:00,18.29,11.39,259.5,18.53,11,70.72,59.96,62.8
8/10/2022 1:00,21.99,15.91,270.8,22.31,15.6,59.63,57.65,62.47
8/10/2022 2:00,22.81,15.04,257.6,22.83,14.65,72.85,58.5,74.88
8/10/2022 3:00,21.99,14.24,255.5,22.42,13.7,75.15,49.9,76.8
8/10/2022 4:00,24.59,17.78,267.3,24.34,17.48,63.53,29.85,74.84
8/10/2022 5:00,23.36,12.39,253,23.29,11.85,77.27,49.36,67.22
8/10/2022 6:00,24.73,12.12,263.6,24.51,11.6,66.07,57.51,70.83
8/10/2022 7:00,22.81,11.15,253.7,22.42,10.52,76.08,67.23,87.2
8/10/2022 8:00,17.47,5.524,224,17.48,4.922,99.9,64.99,70.79
8/10/2022 9:00,9.38,3.247,171.6,9.63,2.559,142.5,63.87,75.48
8/10/2022 10:00,17.19,6.503,228.1,17.71,5.652,99,62.91,70.86
8/10/2022 11:00,22.12,8.98,251.8,21.61,8.16,77.01,59.52,79.71
8/10/2022 12:00,21.71,10.43,259.2,22.13,9.82,72.06,59.74,81.1
8/10/2022 13:00,13.63,5.978,243.2,13.88,5.274,84.9,66.27,73.69
8/10/2022 14:00,14.45,4.816,228.4,14.34,4.221,94.7,64.94,67.35
8/10/2022 15:00,9.66,5.913,250.3,9.81,5.842,79.21,64,65.47
8/10/2022 16:00,13.49,4.407,241.2,14.81,4.076,83.3,63.89,64.95
8/10/2022 17:00,8.01,4.324,262.5,8.64,4.287,60.87,63.56,64.09
8/10/2022 18:00,12.26,6.225,251.4,13.88,6.463,78.28,63.15,63.99
8/10/2022 19:00,14.45,5.082,225.9,17.01,5.183,101.3,62.65,67.98
8/10/2022 20:00,21.58,5.107,162.5,24.57,5.101,161.7,61.76,73.18
8/10/2022 21:00,22.95,9.23,249.2,26.2,9.93,81,60.33,77.89
8/10/2022 22:00,25.55,8.48,255.1,28.23,8.61,74.39,59.68,78.73
8/10/2022 23:00,20.07,7.506,246.4,20.33,7.109,83.8,60.11,70.22
8/11/2022 0:00,25.55,8.96,250.5,25.91,8.19,78.64,57.81,81.2
8/11/2022 1:00,23.49,10.24,253.9,23,9.4,76.56,NAN,NAN
8/11/2022 2:00,18.01,5.82,236.1,17.83,5.124,95.2,51.33,57.94
8/11/2022 3:00,17.88,5.15,228.4,18.12,4.376,99.4,45.18,50.62
8/11/2022 4:00,17.6,8.4,255.2,17.42,7.792,74.33,41.8,48.16
8/11/2022 5:00,18.42,8.14,252.9,18.88,7.508,76.79,39.28,46.89
8/11/2022 6:00,16.78,8.44,259.6,17.42,7.955,69.06,44.07,54.81
8/11/2022 7:00,17.05,9.84,264.9,17.36,9.61,64.7,46.93,58.97
8/11/2022 8:00,13.9,6.719,259.6,14.17,6.345,69.94,41.92,54.06
8/11/2022 9:00,12.94,7.504,261.7,13.06,7.197,68.01,52.42,62.49
8/11/2022 10:00,14.04,7.543,266.7,14.28,7.143,62.68,47.21,58.21
8/11/2022 11:00,14.45,8.98,264.3,14.69,8.59,65.36,35.68,41.05
8/11/2022 12:00,15.55,9.07,258,16.14,8.71,72,33.05,43.72
8/11/2022 13:00,16.37,8.04,255.8,17.42,7.536,74.36,29.69,41.13
8/11/2022 14:00,12.81,8.57,256.5,12.83,8.18,73.56,41.25,45.85
8/11/2022 15:00,13.22,6.892,257.5,13.7,6.358,71.59,48.27,52.08
8/11/2022 16:00,13.49,7.173,255.4,14.22,6.511,75.17,41.44,47.69
8/11/2022 17:00,13.36,5.221,247.7,13.24,4.16,77.77,37.27,39.59
8/11/2022 18:00,15.82,7.216,251.4,15.74,6.567,77.95,39.79,42.22
8/11/2022 19:00,18.97,6.429,251.8,18.76,5.531,74.47,39.16,45.93
8/11/2022 20:00,17.05,6.631,249.3,16.78,5.698,78.21,35.84,40.99
8/11/2022 21:00,16.78,7.983,261.4,17.25,7.287,67.89,31.49,34.35
8/11/2022 22:00,13.77,6.993,255.4,13.53,6.289,73.95,32.7,35.85
8/11/2022 23:00,14.04,7.848,256.5,14.86,7.222,72.55,24.5,29.88
8/12/2022 0:00,12.12,5.852,249.3,12.54,5.094,79.63,19.8,22.31
8/12/2022 1:00,11.85,5.073,253.1,11.61,4.4,75.48,21.8,24.82
8/12/2022 2:00,11.71,6.306,253.3,11.55,5.814,76.49,28.85,33.7
8/12/2022 3:00,11.44,7.632,254,12.42,7.257,75.95,35.07,43.85
8/12/2022 4:00,12.81,7.361,246.5,12.95,6.833,83.5,30.52,41.75
8/12/2022 5:00,15.55,7.015,251.7,15.45,6.369,76.93,30.54,39.07
8/12/2022 6:00,14.73,7.419,251.4,14.86,6.843,78.6,32.95,37.52
8/12/2022 7:00,15.96,7.315,257.7,17.07,6.691,74.62,36.75,43.13
8/12/2022 8:00,15.68,9.59,262.8,15.56,9.24,66.34,47.64,59.29
8/12/2022 9:00,14.18,8.03,261.5,14.28,7.574,67.22,59.75,63.51
8/12/2022 10:00,11.44,6.668,253.9,11.78,6.265,75.24,48.42,62.6
8/12/2022 11:00,14.45,8.88,249.7,15.21,8.41,79.62,44,60.61
8/12/2022 12:00,15.14,9.85,253.3,15.21,9.33,76.8,61.01,64.05
8/12/2022 13:00,19.25,12.81,253.1,18.82,12.36,77.16,56.28,69.62
8/12/2022 14:00,20.89,13.96,260.2,20.68,13.54,70.07,55.83,80.9
8/12/2022 15:00,24.59,13.56,260.8,24.63,13.01,69.61,58.59,93.5
8/12/2022 16:00,22.26,12.18,251.8,22.07,11.47,78.22,59.86,88.1
8/12/2022 17:00,18.01,6.363,232.4,18.24,5.653,96.5,65.26,85.7
8/12/2022 18:00,15.82,5.489,246,15.79,4.672,84.7,62.52,84.2
8/12/2022 19:00,18.7,10.77,268.5,18.53,10.62,61.36,60.05,97.8
8/12/2022 20:00,12.26,8.68,275.2,13.59,10.11,54.77,63.94,70.63
8/12/2022 21:00,11.16,7.93,273.1,15.21,10.3,57.08,61.71,67
8/12/2022 22:00,10.89,7.165,258.4,14.52,10.08,71.54,61.18,69.03
8/12/2022 23:00,10.34,6.599,260.5,13.59,9.31,69.52,61.57,70.27
8/13/2022 0:00,8.01,5.381,252.2,11.67,7.645,77.45,61.74,64.98
8/13/2022 1:00,7.327,4.995,249.8,10.33,7.217,79.45,61.4,64.69
8/13/2022 2:00,8.29,5.007,247.4,11.2,7.352,82.4,61.57,62.93
8/13/2022 3:00,8.83,5.934,259,13,8.58,70.93,61.69,64.95
8/13/2022 4:00,10.34,6.661,269.1,14.28,9.61,60.31,62.17,63.71
8/13/2022 5:00,13.63,8.58,281.9,14.17,9.05,47.67,62.29,63.34
8/13/2022 6:00,15.27,9,278.3,15.39,8.6,51.08,62.28,63.34
8/13/2022 7:00,13.9,8.64,281.6,14.28,8.52,47.49,62.39,64.07
8/13/2022 8:00,13.22,8.02,270.7,13.93,7.926,58.76,62.36,65.24
8/13/2022 9:00,14.18,7.416,274.9,14.05,7.2,53.81,62.1,64.63
8/13/2022 10:00,8.83,5.939,263.9,9.11,5.696,65.41,62.12,62.95
8/13/2022 11:00,9.38,6.529,256.7,9.52,6.276,72.71,61.04,61.76
8/13/2022 12:00,9.93,6.991,257.6,9.92,6.684,72.34,54.92,60.82
8/13/2022 13:00,13.22,8,261.5,13.18,7.721,68.34,43.98,49.3
8/13/2022 14:00,14.18,10.81,299.5,14.11,10.54,31.26,50.32,63.25
8/13/2022 15:00,16.37,12.65,296.7,16.32,12.46,33.86,60.38,64.22
8/13/2022 16:00,18.84,14.56,294.9,18.88,14.33,36.01,58.98,66.26
8/13/2022 17:00,15.96,8.68,256.5,15.97,8.08,74.25,58.32,67.78
8/13/2022 18:00,18.01,13.08,278.7,17.95,12.74,51.91,57.38,70.01
8/13/2022 19:00,19.66,12.39,270.2,19.57,12.12,60.28,58.99,72.66
8/13/2022 20:00,15.14,10.93,265.5,16.61,11.65,64.67,60.97,76.67
8/13/2022 21:00,17.47,9.69,255.5,19.34,10.24,74.48,60.61,82.9
8/13/2022 22:00,14.04,6.875,249.9,15.5,6.841,79.75,62.42,80.4
8/13/2022 23:00,14.45,9.23,261.9,16.2,9.76,68.37,63.24,77.77
8/14/2022 0:00,15.14,8.85,261.3,17.19,9.93,68.93,62.51,77.5
8/14/2022 1:00,11.3,5.814,244.4,13.99,6.61,85.5,NAN,NAN
8/14/2022 2:00,12.94,6.023,255.7,15.21,6.962,73.48,62.73,67.77
8/14/2022 3:00,7.875,4.496,265.2,9.4,5.463,63.32,62.79,63.52
8/14/2022 4:00,5.135,2.414,264.6,6.9,2.757,39.68,63.49,66.83
8/14/2022 5:00,9.52,2.96,284.8,9.86,4.209,51.14,62.51,65.82
8/14/2022 6:00,12.26,5.655,259.1,13.12,5.171,69.62,62.18,63.31
8/14/2022 7:00,11.99,7.02,252.6,12.42,6.637,77.43,62.28,64.06
8/14/2022 8:00,12.12,7.725,267.3,12.48,7.455,62.14,62.3,64.2
8/14/2022 9:00,10.89,6.056,261.5,11.26,5.714,67.86,62.25,63.53
8/14/2022 10:00,11.71,5.842,254.9,11.84,5.34,73.24,62.09,63.49
8/14/2022 11:00,11.16,6.181,264.5,11.61,5.832,64.75,62.04,63.38
8/14/2022 12:00,17.05,6.688,270.6,17.25,6.286,58.5,61.9,67.48
8/14/2022 13:00,11.99,5.789,260.1,11.84,5.205,68.45,61.93,63
8/14/2022 14:00,8.15,3.206,241,8.59,2.622,89.6,62.63,63.39
8/14/2022 15:00,8.29,4.426,258.2,8.18,4.162,66.86,62.62,63.36
8/14/2022 16:00,7.053,3.346,256.2,8,2.958,69.38,62.51,63.04
8/14/2022 17:00,7.738,2.983,241.8,8.47,2.511,97.3,62.33,62.8
8/14/2022 18:00,8.56,5.139,261.9,8.93,5.224,67.88,61.94,62.49
8/14/2022 19:00,5.546,2.09,269.9,6.144,2.066,60.63,61.92,62.27
8/14/2022 20:00,6.505,2.749,268.2,7.365,2.644,62.05,62.23,62.64
8/14/2022 21:00,6.916,3.655,266.9,8.12,3.686,58.72,62.03,62.66
8/14/2022 22:00,8.42,4.545,255.4,9.28,4.611,77.14,62.1,62.7
8/14/2022 23:00,9.25,4.814,250.7,10.91,5.193,80.2,61.38,62.52
8/15/2022 0:00,8.97,4.872,256.6,10.1,5.008,73.04,60.79,61.9
8/15/2022 1:00,8.97,3.564,241.7,9.17,3.424,84.4,60.89,61.58
8/15/2022 2:00,11.44,5.288,255.6,12.54,5.022,75.38,60.96,61.58
8/15/2022 3:00,12.67,7.565,257.6,12.77,7.222,71.39,60.79,62.58
8/15/2022 4:00,16.23,7.911,273,16.08,7.59,56.22,60.32,63.08
8/15/2022 5:00,13.22,5.634,284.5,13.59,5.209,42.37,60.67,62.03
8/15/2022 6:00,9.79,4.908,279.3,9.75,4.585,48.13,60.91,61.96
8/15/2022 7:00,8.97,6.416,277.1,9.63,6.219,51.83,61.63,63.32
8/15/2022 8:00,11.16,5.434,269,12.02,5.058,59.16,61.82,63.47
8/15/2022 9:00,9.11,5.709,283.8,9.05,5.445,45.01,62,63.85
8/15/2022 10:00,9.38,6.104,299.2,8.88,5.823,31.77,60.48,61.85
8/15/2022 11:00,6.779,4.234,280.6,7.132,3.891,49.6,59.65,60.82
8/15/2022 12:00,7.464,4.206,265.7,7.539,3.705,64.24,59.02,60.91
8/15/2022 13:00,9.11,4.696,270.2,9.23,4.046,59.5,57.64,59.56
8/15/2022 14:00,11.03,6.535,257.5,11.32,6.078,72.5,56.92,58.25
8/15/2022 15:00,10.89,7.368,254.2,10.85,6.963,75.68,56.29,58.13
8/15/2022 16:00,10.34,6.842,255,10.68,6.407,74.99,57.78,59.01
8/15/2022 17:00,11.16,5.941,255.1,11.38,5.374,75.37,57.34,59.53
8/15/2022 18:00,10.62,5.249,252.9,10.45,4.58,74.9,59.02,60.64
8/15/2022 19:00,11.16,4.616,261,11.61,3.689,65.92,57.86,59.06
8/15/2022 20:00,11.99,4.739,243,11.67,3.841,83.8,56.01,58.16
8/15/2022 21:00,12.26,4.943,254.7,12.42,4.111,71.31,54.45,56.79
8/15/2022 22:00,12.67,5.312,260,12.65,4.571,68.49,52.2,54.62
8/15/2022 23:00,13.9,6.198,261.6,13.59,5.517,67,48.57,52.66
8/16/2022 0:00,11.03,3.958,259.2,11.26,3.162,68.29,47.7,49.55
8/16/2022 1:00,9.79,4.046,254.5,9.92,3.451,73.91,44.13,46.43
8/16/2022 2:00,10.34,5.056,257.6,10.1,4.607,72.51,48.7,53.56
8/16/2022 3:00,10.48,5.771,264.6,10.68,5.449,64.25,49.51,53.64
8/16/2022 4:00,9.52,5.405,277.6,9.23,5.118,50.73,45.8,55.68
8/16/2022 5:00,9.11,4.732,267.3,9.05,4.363,61.01,55.15,63.07
8/16/2022 6:00,8.97,3.929,277.5,9.05,3.491,49.05,61.59,62.89
8/16/2022 7:00,7.327,3.981,283.8,7.365,3.586,40.58,59.29,63.22
8/16/2022 8:00,9.52,3.332,344.9,9.86,2.822,357.1,60.13,62.91
8/16/2022 9:00,8.29,4.915,291.8,8.24,4.625,39.41,60.67,62.46
8/16/2022 10:00,8.97,4.936,271.6,9.17,4.665,57.47,56.82,60.62
8/16/2022 11:00,6.368,3.847,257.3,6.435,3.559,70.95,54.36,55.9
8/16/2022 12:00,5.683,2.677,256.2,5.388,2.274,70.32,53.59,61.87
8/16/2022 13:00,6.779,4.372,256.7,6.609,3.938,73.99,49.75,56.34
8/16/2022 14:00,8.42,5.389,264.3,8.64,5.049,66.27,42.51,44.75
8/16/2022 15:00,7.738,5.428,254.9,7.597,5.134,75.67,48.17,50.89
8/16/2022 16:00,6.231,4.118,241.6,6.202,3.702,85.8,47.21,48.97
8/16/2022 17:00,5.82,4.125,254.3,6.086,3.728,76.08,42.46,46.23
8/16/2022 18:00,5.409,3.704,254.7,5.446,3.289,79.04,37.52,41.65
8/16/2022 19:00,4.724,2.381,252.4,4.458,1.797,82.7,35.84,38.14
8/16/2022 20:00,7.464,4.546,253.8,7.365,4.146,76.45,34.33,39.76
8/16/2022 21:00,7.738,5.949,255.9,7.714,5.688,74.7,38.9,40.91
8/16/2022 22:00,7.738,5.791,256.9,7.888,5.484,73.52,36.56,38.29
8/16/2022 23:00,7.327,5.42,253.8,7.249,5.107,75.88,37.9,40.03
8/17/2022 0:00,7.053,5.112,258.9,7.074,4.783,70.91,32.8,39.22
8/17/2022 1:00,10.62,7.09,264.6,10.62,6.856,66.43,NAN,NAN
8/17/2022 2:00,11.16,8.55,268.8,11.38,8.3,61.6,61.25,62.57
8/17/2022 3:00,11.85,7.513,266.4,11.78,7.185,63.92,61.27,62.22
8/17/2022 4:00,13.08,8.27,264.3,13.18,7.947,64.43,61.24,62.52
8/17/2022 5:00,14.45,10,268.5,14.75,9.71,62.09,60.83,62.82
8/17/2022 6:00,16.51,9.02,269,16.78,8.79,61.04,61.45,63.69
8/17/2022 7:00,13.36,8.61,269,13.59,8.46,61.07,61.46,62.7
8/17/2022 8:00,14.04,6.881,273,14.11,6.588,55.01,61.62,63.77
8/17/2022 9:00,12.81,6.504,273.1,12.89,6.055,50.75,62.31,65.33
8/17/2022 10:00,10.2,7.62,272.1,10.45,7.455,57.95,62.34,63.74
8/17/2022 11:00,10.48,6.061,260.4,10.68,5.802,69.46,62.02,62.76
8/17/2022 12:00,12.81,8.58,259.1,13.12,8.34,71.29,62.06,62.9
8/17/2022 13:00,10.07,6.588,251.8,10.27,6.269,78.26,61.83,62.75
8/17/2022 14:00,8.83,5.791,252.4,8.76,5.418,77.8,60.89,62.11
8/17/2022 15:00,11.16,6.589,251.7,11.26,6.188,78.46,59.7,61.12
8/17/2022 16:00,11.57,8.02,254.9,12.13,7.72,75.36,61.45,63.14
8/17/2022 17:00,11.03,6.697,256.8,11.32,6.47,73.45,61.99,62.85
8/17/2022 18:00,10.48,6.472,253.6,10.56,6.228,76.71,59.08,62.09
8/17/2022 19:00,12.81,7.282,252.7,12.71,6.796,77.77,57.5,61.37
8/17/2022 20:00,12.67,7.89,254.8,12.83,7.447,75.67,61.58,62.88
8/17/2022 21:00,12.53,9.11,256.3,12.83,8.85,73.84,59.65,62.49
8/17/2022 22:00,15.68,11.84,261.4,15.85,11.65,68.66,56.05,59.9
8/17/2022 23:00,14.86,10.85,259.6,14.86,10.62,70.72,58.24,60.79
8/18/2022 0:00,12.12,8.58,254.6,12.19,8.34,75.54,52.72,59.76
8/18/2022 1:00,11.99,7.993,256.2,12.54,7.595,74.57,31.73,34.66
8/18/2022 2:00,11.71,7.77,255.5,12.07,7.412,75.06,37.47,47.04
8/18/2022 3:00,11.85,8.25,253.7,12.42,7.915,76.98,42.23,54.51
8/18/2022 4:00,11.3,7.555,258.4,11.72,7.218,71.63,40.07,51.13
8/18/2022 5:00,11.85,7.097,259.8,12.07,6.802,69.98,42.45,60.87
8/18/2022 6:00,13.49,8.31,263.9,13.47,8.04,66.23,59.39,63.5
8/18/2022 7:00,13.9,7.233,259.3,13.93,6.83,68.05,61.79,63.68
8/18/2022 8:00,13.63,9.93,269.7,13.82,9.77,60.03,60.27,62.81
8/18/2022 9:00,13.49,8.41,262.1,13.59,8.21,67.68,54.29,62.34
8/18/2022 10:00,8.83,6.389,261.7,9.11,6.173,67.51,47.72,53.28
8/18/2022 11:00,6.642,4.37,257.8,6.609,4.057,71.03,45.03,48.85
8/18/2022 12:00,6.916,4.298,259.9,6.783,3.987,70.1,46.52,57.03
8/18/2022 13:00,10.89,6.473,256.2,10.97,6.16,74.7,56.75,65.48
8/18/2022 14:00,18.15,10.26,274.5,18.06,9.97,55.59,57.19,64.93
8/18/2022 15:00,13.22,9.83,273,14.11,10.34,56.9,61.85,68.35
8/18/2022 16:00,12.53,8.34,270.7,16.32,10.85,59.27,62.38,68.4
8/18/2022 17:00,12.12,6.201,263.4,17.77,8.17,67.64,62.36,78.42
8/18/2022 18:00,10.07,2.973,247.4,11.03,2.738,78,63.58,67.18
8/18/2022 19:00,13.63,6.82,251.3,15.1,7.003,76.77,62.8,66.55
8/18/2022 20:00,14.45,7.506,246.9,15.74,7.919,83.3,62.31,71.2
8/18/2022 21:00,11.99,7.726,260.6,14.46,9.11,69.89,63.13,69.98
8/18/2022 22:00,8.97,6.633,274.6,11.03,8.19,55.24,62.73,63.57
8/18/2022 23:00,7.601,4.522,269.7,9.75,5.792,59.38,62.58,63.04
8/19/2022 0:00,8.01,4.327,261,10.68,5.355,68.41,62.63,63.23
8/19/2022 1:00,7.875,4.212,250.6,10.33,5.536,78.77,62.61,63.29
8/19/2022 2:00,6.368,3.32,252,9.52,4.168,77.18,62.54,62.93
8/19/2022 3:00,8.42,3.683,247.2,10.97,4.47,79.99,62.23,62.99
8/19/2022 4:00,13.77,6.896,255.9,14.11,6.53,73.75,61.91,62.83
8/19/2022 5:00,14.31,6.605,254.1,14.57,6.097,75.17,61.39,63.79
8/19/2022 6:00,14.31,6.634,254.9,14.34,6.039,74.62,61.95,63.28
8/19/2022 7:00,14.73,6.603,255.8,14.98,6.033,71.25,62.1,64.16
8/19/2022 8:00,11.99,6.622,255.7,12.07,6.245,74.02,62.02,62.96
8/19/2022 9:00,10.48,6.517,265,10.56,6.232,64.13,62.07,63.23
8/19/2022 10:00,11.99,8.3,266.4,12.19,8.04,63.71,61.65,63.32
8/19/2022 11:00,11.85,8.27,262.4,11.96,8.02,67.94,59.52,61.82
8/19/2022 12:00,9.11,6.807,274.5,9.34,6.575,55.13,61.17,63.71
8/19/2022 13:00,10.48,6.836,256.8,11.03,6.415,73.46,59.08,62.63
8/19/2022 14:00,12.26,7.38,254.5,12.36,6.955,75.78,59.06,60.02
8/19/2022 15:00,14.31,7.501,254.3,14.57,6.958,75.42,58.57,60.76
8/19/2022 16:00,12.4,7.531,253.1,12.83,7.125,77.04,59.64,61.75
8/19/2022 17:00,8.15,4.169,247.8,8.06,3.64,78.86,60.62,62.12
8/19/2022 18:00,8.42,4.992,254.8,8.47,4.494,75.15,59.29,61.44
8/19/2022 19:00,8.56,5.407,258.7,8.59,4.999,70.61,61.04,63.58
8/19/2022 20:00,10.48,5.513,261.7,10.74,5.239,67.78,62.48,63.36
8/19/2022 21:00,6.916,4.018,246.6,7.132,3.694,81.3,62,62.59
8/19/2022 22:00,9.66,6.306,254.7,10.39,6.244,74.91,61.64,62.76
8/19/2022 23:00,11.16,5.838,254.3,11.49,5.541,75.31,60.54,62.23
8/20/2022 0:00,12.67,5.968,253.3,12.95,5.603,76.25,60.9,62.4
8/20/2022 1:00,13.08,6.187,249.5,13.35,5.691,79.99,NAN,NAN
8/20/2022 2:00,15.82,7.977,256.7,16.03,7.438,73.28,59.12,61.7
8/20/2022 3:00,16.37,7.903,255.1,16.26,7.295,75.66,57.93,61.52
8/20/2022 4:00,15.68,6.632,260.2,16.38,6.167,69.69,60.37,63.68
8/20/2022 5:00,10.48,5.499,257.4,10.62,5.053,71.25,61.73,62.87
8/20/2022 6:00,11.3,3.943,230.4,11.38,3.416,93.3,61.29,62.57
8/20/2022 7:00,11.16,4.257,255.2,11.96,3.683,67.72,60.73,63.08
8/20/2022 8:00,13.36,4.65,265.4,13.29,4.189,59.35,61.48,63.91
8/20/2022 9:00,7.875,4.092,266.8,8.06,3.632,54.9,61.04,64.28
8/20/2022 10:00,10.48,5.104,275.6,11.2,4.699,51.95,62.33,63.28
8/20/2022 11:00,7.875,4.465,262.1,8.06,4.189,65.83,61.45,62.47
8/20/2022 12:00,9.52,6.304,260.5,9.57,5.907,69.51,59.19,60.86
8/20/2022 13:00,9.93,6.109,259.2,10.33,5.657,70.9,54.46,58.54
8/20/2022 14:00,12.94,6.468,253.7,13.53,5.979,76.34,51.04,54.79
8/20/2022 15:00,9.25,6.229,252.2,9.28,5.799,77.87,48.19,51.45
8/20/2022 16:00,11.71,6.059,256,11.67,5.565,73.68,51.78,58.88
8/20/2022 17:00,12.4,6.62,252.9,12.31,6.057,76.2,57.83,59.35
8/20/2022 18:00,12.94,4.511,258.1,13.47,3.655,69.27,47.8,53.09
8/20/2022 19:00,8.7,3.793,240,8.93,3.169,86.2,38.09,44
8/20/2022 20:00,9.79,4.286,252.1,9.34,3.488,73.73,28.42,32.19
8/20/2022 21:00,12.53,5.371,253.1,13.06,4.83,75.26,27.7,30.7
8/20/2022 22:00,7.601,4.208,258.5,7.772,3.659,70.46,31.64,36.6
8/20/2022 23:00,5.82,3.228,249.1,5.795,2.663,81.4,37.46,46.54
8/21/2022 0:00,4.313,1.441,257.5,3.935,0.907,83.8,45.4,48.6
8/21/2022 1:00,5.546,2.59,236,5.33,2.029,98.4,47.04,51.28
8/21/2022 2:00,12.26,3.321,178,12.07,2.835,143.6,50.73,55.41
8/21/2022 3:00,8.56,5.042,231.9,8.47,4.662,95.9,52.88,60.16
8/21/2022 4:00,8.15,5.13,273,8.53,4.897,55.34,60.47,62.08
8/21/2022 5:00,7.601,4.993,282.6,7.423,4.727,45.97,62.34,64.34
8/21/2022 6:00,9.38,6.37,278.6,9.57,6.118,50.33,61.85,62.73
8/21/2022 7:00,11.44,5.93,269.6,11.67,5.671,59.16,61.68,63.42
8/21/2022 8:00,8.01,3.915,260.1,8.29,3.488,59.37,61.77,63.91
8/21/2022 9:00,6.094,3.254,270.3,5.911,2.825,48.53,61.61,63.17
8/21/2022 10:00,4.176,1.745,278.6,3.935,1.344,1.906,61.37,63.12
8/21/2022 11:00,6.642,4.429,269.2,6.725,4.133,58.58,60.62,62.45
8/21/2022 12:00,6.779,4.871,261,6.609,4.561,68.41,52.94,59.04
8/21/2022 13:00,9.25,6.03,261.9,9.17,5.647,68.14,41.29,46.14
8/21/2022 14:00,10.07,7.131,268.3,9.86,6.755,62.24,42.7,52.11
8/21/2022 15:00,9.52,7.013,258,9.63,6.687,71.98,51.96,61.1
8/21/2022 16:00,8.56,5.615,256.5,8.59,5.477,72.55,61.67,63.33
8/21/2022 17:00,9.38,4.815,279.8,10.85,4.943,48.59,62.24,63.12
8/21/2022 18:00,4.45,2.707,265.1,5.388,2.798,62.97,62.24,62.66
8/21/2022 19:00,3.491,1.017,255.1,4.051,1.058,139,62.03,62.5
8/21/2022 20:00,4.313,0.669,247.6,4.981,0.627,167.3,62.17,62.66
8/21/2022 21:00,5.546,3.038,272,6.551,3.356,56.27,62.23,62.89
8/21/2022 22:00,3.902,2.044,245.9,4.691,2.181,89.8,61.44,62.42
8/21/2022 23:00,1.847,0.443,238.3,2.133,0.411,94.7,60.44,61.4
8/22/2022 0:00,4.313,2.778,262.5,5.679,3.289,64,61.24,61.96
8/22/2022 1:00,4.45,2.819,269.8,5.97,3.49,57.71,61.76,62.63
8/22/2022 2:00,4.587,2.425,268.4,7.249,3.099,58.8,62.19,63.38
8/22/2022 3:00,4.313,2.855,275.7,7.655,4.782,51.64,62.3,63.16
8/22/2022 4:00,7.875,3.422,265.6,8.29,4.346,63.15,62.57,64.36
8/22/2022 5:00,8.7,5.909,276.4,9.46,5.732,51.81,62.18,62.92
8/22/2022 6:00,10.07,6.423,278.7,10.45,6.219,50,61.91,62.83
8/22/2022 7:00,8.01,4.661,272,8.29,4.353,56.06,62.08,63.76
8/22/2022 8:00,5.683,2.438,111.4,5.737,1.921,169.9,61.84,65.03
8/22/2022 9:00,7.738,5.129,260.5,7.946,4.866,67.8,61.14,62.68
8/22/2022 10:00,8.7,6.472,262.5,9.17,6.264,66.82,54.89,60.23
8/22/2022 11:00,9.66,6.789,255.2,10.33,6.494,74.46,43.11,47.53
8/22/2022 12:00,10.48,5.919,255.7,11.03,5.478,71.77,47.06,55.46
8/22/2022 13:00,10.89,6.938,256,10.79,6.551,73.61,51.29,54.44
8/22/2022 14:00,10.62,7.146,255.2,10.79,6.767,74.59,52.42,53.48
8/22/2022 15:00,10.62,7.481,253.5,10.68,7.053,76.23,54.71,59.7
8/22/2022 16:00,13.36,7.762,253.7,13.18,7.306,76.45,59.37,60.99
8/22/2022 17:00,15,8.94,256.3,14.75,8.56,73.69,59.88,61.97
8/22/2022 18:00,11.44,7.33,253.5,11.49,6.904,76.37,58.45,60.73
8/22/2022 19:00,10.07,5.899,261.7,9.81,5.57,67.11,60.26,62.43
8/22/2022 20:00,11.03,5.502,264.2,11.72,5.07,65.21,61.76,63.43
8/22/2022 21:00,9.79,5.814,276.3,9.69,5.536,53.56,61.97,62.92
8/22/2022 22:00,10.89,6.861,262.6,11.67,7.138,67.51,61.65,63.39
8/22/2022 23:00,11.99,6.617,256.8,14.34,6.833,73.16,61.65,63.22
8/23/2022 0:00,12.53,7.281,262.1,15.56,8.78,68.36,61.42,64.55
8/23/2022 1:00,10.34,6.611,259,13.93,8.35,71.49,NAN,NAN
8/23/2022 2:00,12.94,8.42,271.7,18.29,11.66,58.85,58.66,68.73
8/23/2022 3:00,13.49,7.316,253.3,16.96,9.72,76.78,60.27,68.52
8/23/2022 4:00,19.79,12.69,265,21.61,13.14,65.31,55.12,73.35
8/23/2022 5:00,18.29,12.63,263.6,18.64,12.43,66.31,59.6,67.02
8/23/2022 6:00,15.55,10.84,272.9,16.14,10.68,56.65,59.98,62.67
8/23/2022 7:00,12.94,8.86,265.8,13.41,8.64,63.99,61.36,63.62
8/23/2022 8:00,12.67,6.568,267.9,12.6,6.254,60.47,61.85,63.34
8/23/2022 9:00,11.16,7.604,258.4,11.14,7.3,71.5,62.32,63.56
8/23/2022 10:00,10.89,6.977,260.1,10.97,6.652,69.63,61.91,62.73
8/23/2022 11:00,13.77,7.463,259.2,13.64,7.091,70.88,61.47,62.35
8/23/2022 12:00,12.4,7.321,259.6,13.29,6.878,70.52,62.52,63.78
8/23/2022 13:00,9.11,3.033,257.8,9.11,2.448,87.1,63.91,65.32
8/23/2022 14:00,4.45,2.105,253,4.167,1.691,78.82,63.41,64.44
8/23/2022 15:00,4.039,2.301,248,3.877,1.822,79.18,62.88,63.4
8/23/2022 16:00,9.38,2.647,246.3,9.57,2.114,78.83,62.93,63.35
8/23/2022 17:00,7.327,4.652,266.6,7.365,4.301,58.24,62.77,64.08
8/23/2022 18:00,6.779,5.112,271.2,7.249,5.049,57.63,62.58,63.59
8/23/2022 19:00,8.7,5.537,283.6,8.7,6.067,44.76,62.47,62.82
8/23/2022 20:00,8.01,1.925,294.5,6.26,1.754,33.81,61.75,62.2
8/23/2022 21:00,6.094,3.504,263,7.365,3.899,64.07,62.01,62.61
8/23/2022 22:00,8.29,4.389,262.2,9.81,4.868,66.64,61.51,62.36
8/23/2022 23:00,11.85,4.384,258,13.18,4.314,69.31,60.8,61.52
8/24/2022 0:00,11.3,4.599,258.6,12.13,4.269,67.95,60.47,61.22
8/24/2022 1:00,10.34,5.744,247.3,10.45,5.427,83.3,60.34,61.01
8/24/2022 2:00,13.77,7.102,254.4,13.88,6.619,76.14,59.31,60.32
8/24/2022 3:00,16.92,10.42,265.1,17.01,10.06,65.08,54.72,60.34
8/24/2022 4:00,14.45,8.91,257.1,14.34,8.46,72.77,52.33,56.12
8/24/2022 5:00,11.3,7.47,267.2,11.2,7.193,62.14,57.2,61.07
8/24/2022 6:00,12.12,5.265,264.9,12.19,4.684,63.15,47.68,59.44
8/24/2022 7:00,12.12,5.488,249.8,12.77,4.911,73.43,38.44,49.79
8/24/2022 8:00,12.53,5.012,257.4,12.77,4.454,68.31,41.04,48.92
8/24/2022 9:00,9.66,3.258,269.7,9.63,2.637,50.86,46.5,54.75
8/24/2022 10:00,7.601,4.566,261.1,7.772,4.252,68.05,45.13,55.57
8/24/2022 11:00,7.875,5.43,262.2,7.888,5.197,66.95,37.8,44.93
8/24/2022 12:00,8.97,5.655,248.3,9.57,5.206,81,31.83,41.49
8/24/2022 13:00,11.3,6.538,256.7,11.03,6.071,72.9,33.42,40.07
8/24/2022 14:00,13.08,8.22,251,13.29,7.735,78.82,38.51,42.81
8/24/2022 15:00,12.12,8.44,256,12.13,8.05,73.88,43.7,49.19
8/24/2022 16:00,10.89,7.325,252.3,11.09,6.849,77.92,40.32,48.7
8/24/2022 17:00,11.99,6.839,252.4,12.13,6.249,77.69,39.06,41.96
8/24/2022 18:00,11.85,7.194,249.6,12.95,6.684,80.5,39.45,41.83
8/24/2022 19:00,10.62,6.015,256,11.14,5.395,73.22,39.24,40.65
8/24/2022 20:00,10.07,4.956,258.1,10.33,4.327,70.93,38.35,40.37
8/24/2022 21:00,10.89,5.072,256.3,11.43,4.42,73.29,37.85,38.95
8/24/2022 22:00,11.3,6.617,260.5,12.02,6.085,69.82,36.53,41.44
8/24/2022 23:00,9.93,6.277,251.6,10.21,5.776,78.72,37.72,40.95
8/25/2022 0:00,12.26,7.185,251.2,12.54,6.682,79.37,35.32,38.95
8/25/2022 1:00,12.4,7.58,255.5,12.36,7.059,74.95,38.99,42.53
8/25/2022 2:00,13.63,6.516,252,13.99,5.949,78.41,41.04,43.2
8/25/2022 3:00,13.08,7.644,257.5,13.18,7.26,72.66,42.92,46.52
8/25/2022 4:00,11.44,7.331,253.4,11.55,7.058,76.24,48.87,53.3
8/25/2022 5:00,10.89,6.589,251.8,10.62,6.156,77.92,47.9,49.4
8/25/2022 6:00,12.67,7.862,263.7,13.47,7.567,65.18,49.63,52.97
8/25/2022 7:00,10.07,6.484,250.7,10.39,6.143,78.41,51.08,57.7
8/25/2022 8:00,11.71,7.546,266.3,12.07,7.223,62.93,51.43,56.12
8/25/2022 9:00,11.71,6.8,261.3,12.02,6.401,67.48,52.33,56.88
8/25/2022 10:00,12.94,8.61,266.7,13.18,8.26,62.88,49.73,52.66
8/25/2022 11:00,13.77,9.19,261.9,13.82,8.87,67.98,53.77,58.98
8/25/2022 12:00,11.85,8.78,265.6,11.9,8.57,63.92,60.55,62.31
8/25/2022 13:00,12.94,9.28,260.9,13.59,8.97,68.87,61.64,62.54
8/25/2022 14:00,13.9,8.36,255.4,14.11,7.866,73.92,62.04,63.47
8/25/2022 15:00,13.36,8.12,249.4,13.41,7.767,80.7,61.61,65.48
8/25/2022 16:00,13.49,8.54,258.8,14.57,8.32,70.48,61.9,65.36
8/25/2022 17:00,13.08,6.988,252.2,13.18,6.547,77.8,62.26,64.88
8/25/2022 18:00,18.84,9.22,256.4,18.58,8.65,74,59.22,76.72
8/25/2022 19:00,15.27,6.424,241.5,15.56,5.645,88.2,62.05,74.35
8/25/2022 20:00,17.88,9.95,258.8,18.99,10.56,71.23,61.21,73.47
8/25/2022 21:00,13.77,8.55,258.5,16.78,10.41,71.2,60.62,72.9
8/25/2022 22:00,12.67,7.089,255,16.08,9.13,74.65,62.62,82.5
8/25/2022 23:00,11.57,6.076,252.7,15.04,8.31,76.65,62.9,70.67
8/26/2022 0:00,10.34,6.283,260.2,14.52,8.97,69.63,62.33,70.7
8/26/2022 1:00,9.93,5.736,259.9,14.34,8.17,69.55,NAN,NAN
8/26/2022 2:00,9.38,7.638,281.5,14.75,11.8,48.4,62.38,64.4
8/26/2022 3:00,9.52,6.524,271.7,15.21,10.93,57.96,62.3,64.19
8/26/2022 4:00,8.29,5.387,275.4,14.28,9.21,53.86,62.49,63.63
8/26/2022 5:00,9.66,5.434,274.6,14.11,9.31,56.15,62.65,63.9
8/26/2022 6:00,14.73,8.06,274.4,17.77,10.15,55.78,62.31,64.76
8/26/2022 7:00,16.51,9.17,268.4,15.5,8.94,61.18,62.39,63.91
8/26/2022 8:00,11.85,6.616,270.4,11.49,6.206,58.1,63.18,64.67
8/26/2022 9:00,7.464,5.126,262.3,7.597,4.82,65.42,62.55,64.33
8/26/2022 10:00,6.505,4.363,262.3,6.377,4.056,65.47,62.03,62.88
8/26/2022 11:00,7.327,4.974,258.7,7.365,4.684,70.36,61.57,62.54
8/26/2022 12:00,11.57,8.23,257,11.49,7.953,72.91,61.52,62.45
8/26/2022 13:00,11.3,8.05,262.3,11.43,7.677,67.66,61.27,62.25
8/26/2022 14:00,12.4,8.63,254.6,12.77,8.21,75.43,61.54,62.16
8/26/2022 15:00,12.53,8.15,253.7,12.42,7.592,76.23,61.8,62.52
8/26/2022 16:00,12.26,8.33,254.9,12.19,7.801,75.14,62.09,62.7
8/26/2022 17:00,9.79,5.697,254.4,9.92,5.087,75.99,61.46,63.1
8/26/2022 18:00,9.38,5.857,249,9.63,5.245,80.5,61.11,61.79
8/26/2022 19:00,8.56,6.054,248.8,8.7,5.468,80.5,60.08,60.94
8/26/2022 20:00,8.01,5.511,251,8,4.968,78.48,58.35,59.58
8/26/2022 21:00,7.875,5.771,250.5,7.655,5.285,78.81,56.12,57.94
8/26/2022 22:00,8.83,5.504,251.1,8.88,4.946,78.34,51.98,55
8/26/2022 23:00,9.11,6.016,256.7,8.99,5.505,72.8,49.14,55.66
8/27/2022 0:00,7.738,5.203,255.4,7.481,4.668,73.61,42.19,43.49
8/27/2022 1:00,8.29,5.423,257.3,8.29,4.962,71.88,42.57,43.61
8/27/2022 2:00,10.07,6.456,260.7,9.98,6.082,68.76,43.91,45.91
8/27/2022 3:00,8.15,5.058,253.1,8.12,4.62,76.37,46.58,49.69
8/27/2022 4:00,7.327,3.797,251.7,7.307,3.286,76.5,43.58,46.53
8/27/2022 5:00,8.01,5.341,270.2,8,5.071,57.81,51.6,63.18
8/27/2022 6:00,9.25,4.538,268.2,9.34,4.054,56.65,59.3,63.18
8/27/2022 7:00,8.97,3.844,254.9,9.34,3.337,71.85,59.85,62.73
8/27/2022 8:00,9.93,6.56,274.6,10.1,6.26,54.17,61.95,63.64
8/27/2022 9:00,8.56,3.58,258.1,8.53,3.077,58.7,62.62,63.97
8/27/2022 10:00,7.327,2.935,255.6,7.597,2.497,50.73,62.8,64
8/27/2022 11:00,6.505,2.743,259.7,6.377,2.575,26.56,60.44,63.61
8/27/2022 12:00,5.957,4.2,257.7,6.202,3.855,69.12,56.84,61.26
8/27/2022 13:00,5.957,4.459,253.8,5.853,4.042,75.01,58.14,61.55
8/27/2022 14:00,6.642,4.172,252.4,6.435,3.668,76.47,52.83,54.65
8/27/2022 15:00,6.779,4.128,250.5,6.842,3.66,80,54.47,56.42
8/27/2022 16:00,9.11,5.204,251.9,9.23,4.763,77.88,58.78,62.18
8/27/2022 17:00,12.53,8.38,256.6,12.54,8.04,73.02,58.73,62.34
8/27/2022 18:00,12.53,9.28,268.4,12.83,9.09,60.89,61.63,63.18
8/27/2022 19:00,10.2,6.707,284.3,10.33,6.422,45.34,62.71,64.5
8/27/2022 20:00,7.601,4.361,258.3,7.423,4.001,70.28,62.84,63.32
8/27/2022 21:00,5.82,2.723,274.7,6.028,2.234,52.01,62.83,63.47
8/27/2022 22:00,6.779,3.659,263.1,6.783,3.277,67.46,62.34,62.93
8/27/2022 23:00,7.19,4.745,253.3,7.249,4.55,75.41,62.36,63.04
8/28/2022 0:00,5.683,4.447,259.9,6.26,4.541,67.35,62.41,63.22
8/28/2022 1:00,3.765,1.999,253.8,4.051,1.774,72.95,62.01,62.93
8/28/2022 2:00,6.916,2.753,131.3,6.609,2.23,225.9,60.83,63.2
8/28/2022 3:00,6.368,1.696,110,6.551,1.264,251.9,57.72,60.41
8/28/2022 4:00,9.79,5.027,282,9.46,4.65,46.84,62.35,63.79
8/28/2022 5:00,8.01,2.987,283.4,7.83,2.592,21.59,62.72,64.35
8/28/2022 6:00,7.738,4.328,285.8,7.714,4.037,39.19,62.98,63.93
8/28/2022 7:00,7.875,3.809,278.8,8,3.376,43.84,62.91,64.89
8/28/2022 8:00,8.7,5.468,287.6,8.76,5.169,41.04,62.76,64.1
8/28/2022 9:00,6.779,2.499,0.218,7.016,2.092,313.3,63.18,64.58
8/28/2022 10:00,4.039,1.875,58.95,3.528,1.303,279.4,63.07,64.01
8/28/2022 11:00,8.7,1.749,337.9,8.53,1.59,357.7,62.52,63.66
8/28/2022 12:00,10.75,3.504,68.18,10.27,2.888,258.4,62.21,64.56
8/28/2022 13:00,8.42,3.635,43.89,8.88,3.005,307.8,60.62,62.8
8/28/2022 14:00,11.16,3.841,173.8,10.91,3.158,161.7,56.4,60.32
8/28/2022 15:00,12.81,6.526,121.2,12.77,5.801,210.8,57.82,62.64
8/28/2022 16:00,13.22,7.123,126.9,12.89,6.469,206.2,58.99,63.87
8/28/2022 17:00,5.957,2.369,102.4,6.202,1.489,223.6,56.53,57.57
8/28/2022 18:00,8.83,3.219,105.4,8.93,2.206,220.2,57.67,59.19
8/28/2022 19:00,8.7,3.499,122.4,7.83,2.605,207.5,57.23,58.79
8/28/2022 20:00,5.683,3.308,133.5,5.563,2.577,196.9,56.63,57.8
8/28/2022 21:00,5.409,3.043,159.9,4.981,2.353,168.4,55.18,57.96
8/28/2022 22:00,3.491,2.263,174.4,3.005,1.486,151.5,53.42,54.36
8/28/2022 23:00,4.039,2.443,175.2,3.47,1.703,153,55.18,58.35
8/29/2022 0:00,4.313,2.422,176.8,4.051,1.678,147.3,54.57,58.05
8/29/2022 1:00,2.532,1.596,204.3,2.307,1.165,107.1,NAN,NAN
8/29/2022 2:00,2.669,1.806,197.7,2.598,1.513,121.1,49.84,52.93
8/29/2022 3:00,2.806,0.949,201.5,2.772,0.902,103.3,51.7,55.32
8/29/2022 4:00,4.861,2.174,240.5,4.923,2.042,53.27,56.05,59.77
8/29/2022 5:00,3.08,1.835,261.4,3.063,1.509,60.37,59.55,61.66
8/29/2022 6:00,2.121,0.327,261.3,1.842,0.286,234.2,53.75,60.99
8/29/2022 7:00,4.039,1.062,201.4,3.993,0.978,248.9,54.47,57.96
8/29/2022 8:00,4.039,2.451,107.4,4.167,1.984,238.1,58.14,62.77
8/29/2022 9:00,4.039,1.709,70.54,3.47,1.209,258.6,58.21,61.2
8/29/2022 10:00,3.491,2.086,75.18,2.947,1.453,260.3,59.48,62.32
8/29/2022 11:00,2.532,0.671,60.2,2.017,0.372,280.7,57.06,60.56
8/29/2022 12:00,2.395,0.921,71.53,1.9,0.579,252,57.18,61.73
8/29/2022 13:00,4.587,1.432,283.9,4.284,1.141,73.88,59.25,61.69
8/29/2022 14:00,3.902,2.236,253.3,3.586,1.556,92.6,57.48,61.08
8/29/2022 15:00,4.724,1.564,242.4,4.4,0.935,108,58.4,61.29
8/29/2022 16:00,3.354,1.528,238.5,2.772,0.931,107.6,57.92,59.54
8/29/2022 17:00,2.806,1.694,237.4,1.842,0.952,122.9,57.52,60.04
8/29/2022 18:00,2.532,1.642,251.6,2.017,0.85,91.1,55.99,58.19
8/29/2022 19:00,3.08,1.397,258.9,2.54,0.762,81.5,56.75,59.62
8/29/2022 20:00,5.409,3.623,254.7,5.214,3.195,77.85,57.2,59.13
8/29/2022 21:00,5.409,3.903,256.2,5.33,3.452,75.01,58.45,60.33
8/29/2022 22:00,4.998,3.235,246.9,4.749,2.746,82.5,58.36,61.23
8/29/2022 23:00,4.861,2.759,239.8,4.633,2.29,90.7,57.75,62
8/30/2022 0:00,5.272,2.645,233.2,4.923,2.028,92.9,58.47,62.39
8/30/2022 1:00,6.094,3.338,242.1,5.795,2.795,91.4,55.55,58.68
8/30/2022 2:00,8.01,5.142,263.4,8.06,4.683,65.98,56.57,59
8/30/2022 3:00,4.45,2.267,263.4,4.284,1.865,67.35,55.43,59.85
8/30/2022 4:00,7.053,4.597,272.6,7.074,4.322,54.65,55.51,61.08
8/30/2022 5:00,4.861,2.517,271.1,4.981,2.207,49.59,58.85,62.29
8/30/2022 6:00,4.45,2.75,266.5,4.4,2.447,51.12,58.71,61.49
8/30/2022 7:00,4.587,1.786,269,4.633,1.446,32.94,58.37,63.12
8/30/2022 8:00,4.176,0.974,259.6,4.284,0.758,90.5,55.96,61.97
8/30/2022 9:00,3.08,0.941,151.9,3.063,0.736,225.9,54.76,60.12
8/30/2022 10:00,3.491,1.229,159.7,3.237,0.955,124.9,57.74,59.67
8/30/2022 11:00,8.42,4.265,253.2,0.04,0.04,65.92,55.78,61.19
8/30/2022 12:00,5.546,2.619,250.4,5.505,2.228,67.7,51.13,59.45
8/30/2022 13:00,4.313,2.951,255.6,3.935,2.472,74.8,51.18,52.58
8/30/2022 14:00,6.368,4.317,254.8,6.202,3.875,75.81,51.89,61.19
8/30/2022 15:00,6.505,2.958,243.8,6.377,2.464,98.8,57.45,62.8
8/30/2022 16:00,5.272,3.004,247.5,4.981,2.407,81.8,46.46,55.99
8/30/2022 17:00,5.272,2.056,233.8,4.807,1.556,100.2,53.29,64.44
8/30/2022 18:00,4.861,3.533,243.5,4.574,2.846,86.2,45.27,54.26
8/30/2022 19:00,3.628,1.975,222.6,3.121,1.121,126.7,49.72,55.36
8/30/2022 20:00,3.765,1.745,187.3,3.063,0.904,120.9,56.91,64.61
8/30/2022 21:00,4.998,3.071,245.3,4.633,2.338,87.4,45.47,53.74
8/30/2022 22:00,4.861,3.618,246.8,4.633,2.964,83.4,45.9,48.71
8/30/2022 23:00,4.313,2.799,237.5,3.877,2.079,93,48.67,50.3
8/31/2022 0:00,4.176,1.38,235.4,3.586,0.897,101.2,49.42,51.5
8/31/2022 1:00,3.08,1.421,239.5,2.423,0.644,89.4,48.91,51.48
8/31/2022 2:00,3.217,1.6,238.7,3.005,1.16,92.7,48.36,51.85
8/31/2022 3:00,3.217,1.402,236.1,3.121,1.209,99.1,50.14,55.68
8/31/2022 4:00,5.272,1.84,250.7,5.039,1.679,103.1,55.23,63.23
8/31/2022 5:00,2.258,0.472,253.9,2.598,0.476,94.2,47.09,55.09
8/31/2022 6:00,3.354,0.562,215.8,3.063,0.494,205.5,43.96,51.89
8/31/2022 7:00,3.08,0.792,144.6,3.063,0.567,178.4,48.95,55.67
8/31/2022 8:00,3.08,1.245,144.7,2.889,0.914,235,56.34,60.15
8/31/2022 9:00,3.08,1.417,150.6,3.005,1.053,165,55.34,60.37
8/31/2022 10:00,4.176,1.808,63.75,3.819,1.313,251.5,58.6,60.82
8/31/2022 11:00,3.902,1.388,70.71,3.295,0.994,275.2,60.87,63.83
8/31/2022 12:00,2.806,0.603,68.76,2.598,0.457,53.99,61.69,63.56
8/31/2022 13:00,4.861,0.881,68.2,4.691,0.837,110.5,61.67,64.74
8/31/2022 14:00,5.135,0.918,221.4,4.865,0.756,115.7,62.68,64.95
8/31/2022 15:00,3.08,1.012,146.7,2.482,0.417,176.2,63.03,64.59
8/31/2022 16:00,2.943,1.253,176.6,2.307,0.558,156,62,63.55
8/31/2022 17:00,1.299,0.566,166.8,0.796,0.2,137.3,61.66,63.67
8/31/2022 18:00,3.354,1.44,235.6,3.354,1.233,90.5,54.94,60.86
8/31/2022 19:00,2.532,1.062,223.2,2.017,0.524,105.6,54.81,62.52
8/31/2022 20:00,4.176,1.476,228.3,3.935,0.778,94,52.31,58.57
8/31/2022 21:00,6.642,3.93,245.7,6.609,3.371,82.1,53.52,55.52
8/31/2022 22:00,7.464,4.849,255.6,7.423,4.486,73,56.61,59.78
8/31/2022 23:00,5.135,3.18,254.7,4.923,2.688,75.01,54.75,61.33
9/1/2022 0:00,5.957,4.46,264.3,5.795,4.077,65.8,55.1,62.29
9/1/2022 1:00,4.176,2.227,242.3,3.935,1.722,96.1,NAN,NAN
9/1/2022 2:00,3.08,1.231,236.6,2.83,0.989,97.4,50.94,57.92
9/1/2022 3:00,3.902,2.471,247.3,3.761,2.102,86.8,49.1,56.4
9/1/2022 4:00,6.231,3.815,257.3,6.377,3.496,72.43,60.73,63.73
9/1/2022 5:00,7.053,4.878,273.4,6.842,4.599,55.68,62.29,63.27
9/1/2022 6:00,4.998,2.215,282.2,5.039,1.782,14.67,61.95,63.43
9/1/2022 7:00,2.258,0.614,309.7,1.958,0.352,61.47,60.1,64.7
9/1/2022 8:00,3.628,1.95,359.4,3.354,1.383,235,59.56,61.48
9/1/2022 9:00,4.45,2.117,79.09,3.586,1.555,241.8,60.93,62.7
9/1/2022 10:00,4.176,2.456,88.6,3.644,1.831,249.6,61.67,63.55
9/1/2022 11:00,3.902,1.76,75.01,3.644,1.21,271,61.68,62.96
9/1/2022 12:00,3.491,1.557,70.58,3.063,0.925,269.4,61.45,63.22
9/1/2022 13:00,3.765,1.941,95.9,3.412,1.245,228.9,62.62,64.73
9/1/2022 14:00,3.491,2.263,141.8,3.005,1.424,172,59.69,61.45
9/1/2022 15:00,3.628,2.621,152.9,3.121,1.731,176.4,61.11,62.55
9/1/2022 16:00,2.395,1.645,175.4,1.61,0.786,141.2,61.45,62.93
9/1/2022 17:00,2.532,1.807,177.6,1.958,0.993,145.1,60.92,63.79
9/1/2022 18:00,3.491,2.036,170.3,2.83,1.21,154.6,60.34,63.02
9/1/2022 19:00,3.628,1.815,151.4,3.644,1.137,185.5,62.9,65.02
9/1/2022 20:00,1.71,0.617,176.3,0.04,0.04,156.4,62.26,63.42
9/1/2022 21:00,1.847,0.709,221.7,0.04,0.04,114.5,61.66,62.85
9/1/2022 22:00,2.532,1.486,216.2,0.04,0.04,151.4,61.23,62.86
9/1/2022 23:00,3.491,2.371,167.6,0.04,0.04,162.4,60.45,61.59
9/2/2022 0:00,2.806,1.218,189.3,0.04,0.04,122.7,57.75,60.77
9/2/2022 1:00,3.491,1.955,180,0.04,0.04,149.1,57.76,60.34
9/2/2022 2:00,3.628,2.373,175.9,4.051,1.284,154.3,56.75,60.19
9/2/2022 3:00,3.902,1.816,167.4,3.412,1.331,169.9,54.34,59.56
9/2/2022 4:00,3.628,1.496,115.3,3.47,0.971,218,54.43,59.36
9/2/2022 5:00,3.628,2.242,110.8,3.237,1.789,228.9,54.27,56.03
9/2/2022 6:00,3.491,1.73,113.6,3.237,1.327,224.4,54.69,58
9/2/2022 7:00,5.272,2.549,93.5,5.214,2.016,243.1,58.91,63.74
9/2/2022 8:00,4.998,3.233,101.5,4.807,2.758,232.3,61.01,63.59
9/2/2022 9:00,5.546,3.096,90.7,5.33,2.502,242.7,61.39,63.29
9/2/2022 10:00,8.56,4.458,96.8,7.249,3.863,236.1,61.43,63.2
9/2/2022 11:00,7.464,4.971,114.4,7.249,4.432,218.8,58.98,62.51
9/2/2022 12:00,6.505,3.993,93.5,5.795,3.359,240.7,55.03,57.79
9/2/2022 13:00,8.15,4.256,107.8,7.597,3.618,224.5,54.81,57.6
9/2/2022 14:00,5.683,4.075,135.8,5.505,3.386,196.6,52.54,54.54
9/2/2022 15:00,5.546,3.699,131.9,5.388,3.029,200.9,56.69,62.5
9/2/2022 16:00,5.82,3.696,119.6,5.388,3.1,213.7,60.67,62.77
9/2/2022 17:00,5.272,3.127,136.1,5.33,2.457,195.3,61.6,63.53
9/2/2022 18:00,4.313,2.134,146.2,3.993,1.43,186.1,61.27,63.73
9/2/2022 19:00,4.998,2.615,168.9,4.516,1.944,156.2,57.89,59.88
9/2/2022 20:00,4.45,2.813,156.2,4.284,2.104,177.1,57.06,59.16
9/2/2022 21:00,4.998,2.949,156.9,4.923,2.296,176.4,57.68,60.65
9/2/2022 22:00,5.135,3.462,144.4,4.691,2.91,188.5,59.84,62.61
9/2/2022 23:00,5.409,3.776,145,5.446,3.304,188.2,59.77,61.5
9/3/2022 0:00,5.957,3.755,148.2,5.97,3.343,184.7,60.61,61.64
9/3/2022 1:00,6.368,4.519,146.5,6.609,4.231,186.9,60.19,62.33
9/3/2022 2:00,6.779,4.529,144,6.9,4.163,189.6,58.68,61.09
9/3/2022 3:00,7.19,4.562,137.6,7.365,4.131,196.7,57.28,59.02
9/3/2022 4:00,7.464,4.857,131.5,7.423,4.486,203.5,56.38,58.17
9/3/2022 5:00,7.053,5.055,121.9,6.958,4.659,212.4,56.24,57.22
9/3/2022 6:00,6.642,4.709,126.2,6.609,4.38,208.6,55.62,57.26
9/3/2022 7:00,5.135,3.41,106.2,5.156,3.004,229.4,57.68,61.52
9/3/2022 8:00,7.053,4.681,98.6,6.086,4.133,235.7,61.98,64.22
9/3/2022 9:00,7.601,5.144,96.7,7.423,4.574,238,59.74,64.01
9/3/2022 10:00,8.01,5.124,103,7.946,4.575,230.9,62.17,64.06
9/3/2022 11:00,7.875,5.476,104.7,7.249,4.896,229.2,62.36,64.06
9/3/2022 12:00,8.83,6.05,109.3,8,5.559,223.8,61.65,63.97
9/3/2022 13:00,10.07,6.902,114.7,9.86,6.24,218.6,59.61,62.28
9/3/2022 14:00,10.62,7.856,107.1,9.98,7.184,226.2,56.52,59.22
9/3/2022 15:00,9.25,5.9,118.4,9.23,5.184,213.7,52.76,54.16
9/3/2022 16:00,8.01,4.039,98.6,7.423,3.017,230.2,51.87,53.05
9/3/2022 17:00,9.79,6.294,142.7,9.23,5.771,190,52.25,54.07
9/3/2022 18:00,8.29,6.372,121.6,8.12,5.845,211.6,54.41,57.32
9/3/2022 19:00,9.38,6.028,123.2,9.17,5.415,208.7,54.89,58.65
9/3/2022 20:00,8.42,4.881,144.6,8.18,4.225,188,49.67,53.76
9/3/2022 21:00,7.464,4.974,148.9,7.249,4.373,184.4,50.1,53
9/3/2022 22:00,8.83,5.366,119.5,8.12,4.669,214.2,42.13,53.27
9/3/2022 23:00,7.875,5.076,116.3,7.423,4.372,215.6,36.58,44.07
9/4/2022 0:00,10.2,5.012,132.4,9.34,4.316,199.8,33.51,40.43
9/4/2022 1:00,8.97,4.679,127.7,9.23,4.086,204.2,NAN,NAN
9/4/2022 2:00,7.875,4.067,140.8,7.423,3.562,191.2,46.54,49.43
9/4/2022 3:00,5.409,4.017,149.1,5.156,3.617,185.2,46.48,52.32
9/4/2022 4:00,4.039,2.811,118.4,3.586,2.43,215,54.23,57.25
9/4/2022 5:00,7.19,4.799,97.3,7.074,4.241,237.5,61.03,63.22
9/4/2022 6:00,8.97,6.19,89.9,8.47,5.484,244.4,62.11,63.16
9/4/2022 7:00,12.12,7.741,87.4,10.74,6.766,246.8,61.9,63.23
9/4/2022 8:00,11.16,7.319,89.7,9.98,6.378,244.1,61.45,63.24
9/4/2022 9:00,15.41,9.27,85.5,14.28,8.21,248.9,59.65,62.26
9/4/2022 10:00,16.37,10.6,99.2,14.75,9.65,234,60.68,63.63
9/4/2022 11:00,16.37,10.72,103.7,14.4,9.84,228.6,59.96,61.57
9/4/2022 12:00,15.27,9.58,109.9,14.28,8.9,222.3,58.39,61.34
9/4/2022 13:00,17.05,9.9,105.1,16.26,8.97,227,52.76,57.46
9/4/2022 14:00,15.55,11.07,95.7,14.11,9.89,236.7,45.49,51.3
9/4/2022 15:00,15.55,9.78,101.8,14.57,8.7,230.5,35.19,40.55
9/4/2022 16:00,14.04,9.44,103.4,12.95,8.45,228.4,31.08,33.22
9/4/2022 17:00,12.67,6.61,99,12.13,5.333,230.9,28.86,31.08
9/4/2022 18:00,11.44,6.774,104.8,10.91,5.827,227,24.31,26.12
9/4/2022 19:00,9.25,5.263,105.5,9.11,4.192,223.5,25.1,27.34
9/4/2022 20:00,10.89,6.344,109.7,11.03,5.487,221.5,22.74,24.39
9/4/2022 21:00,11.99,7.497,115.5,11.61,6.886,216.8,22.67,25.54
9/4/2022 22:00,12.94,7.431,125.2,13.06,6.906,207.5,29.98,42.81
9/4/2022 23:00,11.44,7.686,111,11.43,7.049,221.8,52.2,62.13
9/5/2022 0:00,12.67,6.711,106.7,11.61,6.397,226,60.95,62.68
9/5/2022 1:00,11.16,7.98,118.8,11.2,7.567,214.1,49.79,60.11
9/5/2022 2:00,13.49,7.86,109,13.59,7.155,223.6,55.15,58.41
9/5/2022 3:00,13.77,8.12,101.4,12.54,7.286,231.3,56.92,59.08
9/5/2022 4:00,13.9,9.12,107.5,14.4,8.4,225.4,59.17,62.43
9/5/2022 5:00,11.85,8.18,122.7,11.67,7.654,210.4,42.78,52.46
9/5/2022 6:00,11.3,7.612,110.6,10.91,6.98,222.8,50.21,58.5
9/5/2022 7:00,14.45,10.31,99.3,13,9.34,233.4,41.02,53.15
9/5/2022 8:00,16.23,11.29,95.1,14.46,10.18,238.3,42.81,58.99
9/5/2022 9:00,15.14,9.91,99.3,14.17,8.94,233.7,49.99,56.57
9/5/2022 10:00,12.67,9.68,109.7,12.83,8.92,222.4,49.04,56.27
9/5/2022 11:00,11.57,8.25,118.5,11.03,7.725,213.9,44.06,53.36
9/5/2022 12:00,14.04,9.37,114.3,14.11,8.67,218.5,39.43,51.18
9/5/2022 13:00,16.23,8.44,108.5,14.86,7.531,223.8,53.07,57.14
9/5/2022 14:00,11.99,8.71,133.3,12.13,8.13,199.4,49.22,51.94
9/5/2022 15:00,12.26,8.44,128.2,12.19,7.857,204.3,47.19,49.45
9/5/2022 16:00,11.85,7.264,120.1,11.67,6.409,211.2,43.91,50.84
9/5/2022 17:00,10.48,6.053,115.1,10.33,5.134,215.3,41.67,46
9/5/2022 18:00,11.44,7.06,128.9,11.09,6.416,202.6,39.54,42.78
9/5/2022 19:00,10.75,7.02,121.4,10.85,6.437,211.1,42.57,47.19
9/5/2022 20:00,11.3,5.832,115.4,9.86,5.061,217.3,51.45,54.5
9/5/2022 21:00,9.66,6.28,118.4,9.69,5.658,213.7,50.37,52.48
9/5/2022 22:00,9.38,6.108,125.4,9.17,5.643,207,56.57,60.34
9/5/2022 23:00,9.25,6.591,118.3,8.82,6.025,213.5,60.27,62.6
9/6/2022 0:00,8.01,5.393,135.6,7.83,4.915,197.1,54.67,60.16
9/6/2022 1:00,9.79,6.524,137.1,9.28,6.064,195.4,59.01,60.36
9/6/2022 2:00,9.52,6.308,142.6,9.17,5.78,190.6,57.41,59.63
9/6/2022 3:00,8.97,5.439,144,8.7,5.043,189.9,53.51,58.27
9/6/2022 4:00,8.97,6.4,118.5,8.99,5.943,215.1,57.13,59.07
9/6/2022 5:00,11.3,7.343,112.5,11.32,6.844,221.3,58.11,61.68
9/6/2022 6:00,11.3,7.844,100.3,10.33,7.024,232.6,61.08,62.45
9/6/2022 7:00,11.99,7.713,101.6,11.67,6.929,230.5,61.65,63.43
9/6/2022 8:00,15.41,8.37,103.2,13.99,7.566,229.6,60.64,62.67
9/6/2022 9:00,12.81,8.76,101.7,12.42,7.83,230.8,61.68,63.13
9/6/2022 10:00,11.3,7.245,100.5,10.79,6.51,232.6,57.89,62.02
9/6/2022 11:00,6.231,4.329,109,6.028,3.789,223.2,58.78,63.26
9/6/2022 12:00,6.916,3.776,113.1,6.725,3.189,216.7,62.1,62.82
9/6/2022 13:00,6.779,4.721,119.4,6.144,4.004,212,60.97,62.7
9/6/2022 14:00,7.327,4.64,130.9,6.783,3.888,200.8,60.48,61.92
9/6/2022 15:00,6.642,3.997,134.1,6.26,3.183,196.8,61,62.77
9/6/2022 16:00,4.313,2.024,144.4,3.819,1.223,185.4,59.45,62.59
9/6/2022 17:00,3.902,2.483,157.2,3.354,1.632,169.6,60.46,61.9
9/6/2022 18:00,1.71,0.663,164.6,1.086,0.147,130.3,60.59,61.87
9/6/2022 19:00,3.491,2.171,152.6,2.947,1.616,185.2,61.93,62.39
9/6/2022 20:00,4.998,3.162,113.1,4.4,2.33,221.1,61.94,62.68
9/6/2022 21:00,4.861,3.18,125.4,3.877,2.508,199.5,61.6,62.1
9/6/2022 22:00,4.039,2.844,154.8,3.528,2.093,183.5,61.26,61.95
9/6/2022 23:00,4.313,2.862,161.6,3.877,2.051,168.7,60.71,61.79
9/7/2022 0:00,4.724,3.007,161.4,4.516,2.229,169.3,60.66,61.5
9/7/2022 1:00,2.943,1.883,184.1,2.075,1.115,118.7,NAN,NAN
9/7/2022 2:00,4.724,1.63,211.2,4.574,0.982,120.1,60.42,62.47
9/7/2022 3:00,10.62,4.411,106.8,10.1,3.747,225.1,56.46,60.66
9/7/2022 4:00,9.25,4.278,106.5,9.34,3.693,226.1,56.58,57.79
9/7/2022 5:00,4.587,2.63,82.2,4.4,2.032,245,57.43,58.52
9/7/2022 6:00,8.56,4.555,96.9,7.655,3.93,235.6,58.79,60.06
9/7/2022 7:00,7.601,4.987,88.5,7.597,4.26,246,60.5,62.46
9/7/2022 8:00,8.01,5.184,94.7,7.365,4.539,238.6,61.72,63.71
9/7/2022 9:00,5.272,3.443,99.1,5.156,2.924,234.9,61.77,63.27
9/7/2022 10:00,5.82,3.121,106.5,5.679,2.549,227.5,61.7,63.21
9/7/2022 11:00,6.916,3.657,115.6,6.551,3.099,216.4,62.14,63.09
9/7/2022 12:00,4.587,2.515,104.9,4.051,1.952,228.7,61.29,63.08
9/7/2022 13:00,5.82,3.44,141.3,5.621,2.861,188,59.56,61.62
9/7/2022 14:00,2.806,1.611,163.5,1.9,0.768,161.3,61.49,62.67
9/7/2022 15:00,4.176,1.998,170.7,3.702,1.111,156.5,61.96,63.48
9/7/2022 16:00,2.943,1.627,168.7,2.365,0.757,149.2,60.74,62.48
9/7/2022 17:00,2.395,1.149,201.3,1.958,0.48,122.1,58.75,62.58
9/7/2022 18:00,4.861,2.685,147.3,4.226,1.793,182.9,58.76,61.53
9/7/2022 19:00,3.217,1.912,162.3,2.598,0.904,162.5,59.59,62.39
9/7/2022 20:00,3.217,2.385,155.5,2.598,1.375,174.9,57.96,59.5
9/7/2022 21:00,3.491,2.346,155.3,2.772,1.39,180,58.32,59.62
9/7/2022 22:00,4.313,2.571,151.7,3.702,1.639,181,58.42,60.23
9/7/2022 23:00,3.628,2.387,155.4,3.005,1.412,173.7,58.53,59.92
9/8/2022 0:00,7.601,3.496,161.4,6.725,2.699,169.5,59.4,61.62
9/8/2022 1:00,7.738,3.895,166.5,7.307,3.111,163,58.1,60.34
9/8/2022 2:00,3.902,2.48,182,3.586,1.676,143.1,56.71,58.06
9/8/2022 3:00,3.217,1.948,169.3,3.237,1.402,169.8,56.71,58.41
9/8/2022 4:00,3.628,2.159,160.5,3.702,1.729,176.2,56.05,59.32
9/8/2022 5:00,3.217,0.898,159,3.063,0.637,194.7,55.39,58.1
9/8/2022 6:00,2.121,0.384,227.6,2.133,0.334,139.6,53.02,57.47
9/8/2022 7:00,2.395,0.655,234.9,2.191,0.493,257.8,54.7,57.93
9/8/2022 8:00,3.765,1.741,125.4,3.644,1.349,264.1,58.53,61.27
9/8/2022 9:00,4.998,2.772,88,4.284,2.183,249.4,61.39,63.38
9/8/2022 10:00,4.587,2.028,78.55,4.458,1.589,242.6,61.44,63.08
9/8/2022 11:00,3.628,1.771,103.3,3.063,1.121,242.8,62.15,62.83
9/8/2022 12:00,3.491,1.292,62.81,2.83,0.849,244.5,62.05,62.78
9/8/2022 13:00,4.724,2.3,281.8,4.284,1.572,227.7,62.2,62.72
9/8/2022 14:00,4.587,2.567,125.4,4.167,1.804,216,62.1,62.64
9/8/2022 15:00,2.669,1.284,121.2,1.842,0.599,223.6,62.03,63.11
9/8/2022 16:00,2.806,1.559,138.4,2.075,0.847,184.9,61.57,62.11
9/8/2022 17:00,3.491,2.167,136.9,3.005,1.324,193.2,61.54,61.94
9/8/2022 18:00,1.984,0.576,196.8,1.145,0.161,147,61.05,61.71
9/8/2022 19:00,3.217,2.199,171.4,2.598,1.175,167.3,60.56,61.63
9/8/2022 20:00,4.587,2.461,171.5,4.574,1.604,156.7,60.76,61.83
9/8/2022 21:00,3.902,2.639,176.8,3.528,1.749,155.6,60.22,61.16
9/8/2022 22:00,4.176,2.775,151.4,4.051,1.932,181.1,60.66,61.57
9/8/2022 23:00,3.902,2.671,147.5,3.528,1.852,184.8,60.13,60.84
9/9/2022 0:00,4.039,2.574,138.9,3.935,1.77,194.3,60.23,60.81
9/9/2022 1:00,4.724,3.162,153.6,4.342,2.523,175.8,59.95,61.11
9/9/2022 2:00,5.135,2.891,141.5,5.098,2.305,192.6,60.99,62.25
9/9/2022 3:00,5.135,3.015,151.7,4.749,2.374,181.4,60.17,62.88
9/9/2022 4:00,3.902,2.192,149.7,3.761,1.731,183.8,59.61,62.97
9/9/2022 5:00,4.998,2.261,175.8,4.633,1.878,149.3,59.42,62.15
9/9/2022 6:00,3.902,1.182,281.7,3.993,0.944,27.71,60.77,65.74
9/9/2022 7:00,3.902,2.149,142.8,3.702,1.774,205.7,60.5,62.94
9/9/2022 8:00,4.861,2.118,86.1,4.4,1.601,247.9,60.51,62.25
9/9/2022 9:00,5.272,2.954,108.3,5.388,2.479,225.8,61.28,63.31
9/9/2022 10:00,5.409,2.236,121.6,4.807,1.802,222.1,61.35,62.94
9/9/2022 11:00,4.998,2.541,108.1,4.574,1.895,223.9,62.16,63.84
9/9/2022 12:00,5.409,2.992,90.6,4.807,2.239,244.1,61.65,63.07
9/9/2022 13:00,3.354,1.893,144.5,2.947,1.052,177.3,61.77,62.83
9/9/2022 14:00,6.916,3.742,134.8,6.609,2.974,204.4,61.58,62.54
9/9/2022 15:00,5.409,1.566,165.7,4.981,1.034,175.5,61.45,61.86
9/9/2022 16:00,3.354,1.838,117.8,2.598,1.131,228.3,61.46,61.86
9/9/2022 17:00,4.039,1.087,131.5,4.051,0.542,179,61.31,61.83
9/9/2022 18:00,6.368,3.424,261.3,6.958,2.902,67.96,61.15,61.8
9/9/2022 19:00,4.313,1.837,112.3,4.4,1.066,150.3,61.21,62.55
9/9/2022 20:00,3.765,1.481,204.1,3.063,0.773,141.3,61.04,62.52
9/9/2022 21:00,4.587,2.591,186.7,4.226,1.879,145.1,59.38,60.47
9/9/2022 22:00,4.45,2.725,176.2,3.935,1.97,153.4,58.4,60.23
9/9/2022 23:00,3.765,2.752,158.1,3.121,2.018,174.2,58.87,59.76
9/10/2022 0:00,3.08,1.9,181.6,2.423,1.112,141,58.47,59.94
9/10/2022 1:00,3.902,1.706,224.6,3.586,1.117,111.6,NAN,NAN
9/10/2022 2:00,2.669,1.598,233.1,2.307,1.095,125.2,59.22,61.91
9/10/2022 3:00,2.669,2.026,232.8,2.598,1.604,127,55.73,56.69
9/10/2022 4:00,1.984,0.752,232.7,1.9,0.56,133.8,56.11,63.97
9/10/2022 5:00,0.477,0.002,232.2,1.435,0.21,185.8,63.41,68.33
9/10/2022 6:00,1.984,0.152,157.2,1.784,0.754,208.1,58.5,65.01
9/10/2022 7:00,2.943,0.781,249.7,2.772,0.578,304.9,57.56,63.19
9/10/2022 8:00,3.902,1.902,56.42,3.412,1.405,288.3,59.64,62.91
9/10/2022 9:00,3.628,1.505,81.1,3.121,1.105,270,60.17,63.8
9/10/2022 10:00,4.313,1.98,71.45,3.644,1.586,251.6,59.1,62.81
9/10/2022 11:00,3.08,1.317,117.2,2.83,0.863,211.8,58.84,62.74
9/10/2022 12:00,1.573,0.057,72.16,1.551,0.361,213.8,60.25,62.34
9/10/2022 13:00,4.724,1.906,97.6,4.051,1.144,229.3,60.91,62.02
9/10/2022 14:00,4.313,1.422,152.3,3.761,0.74,174,61.06,62.12
9/10/2022 15:00,2.532,1.355,219.5,1.493,0.546,143,61.26,62.08
9/10/2022 16:00,3.354,0.744,161,2.772,0.62,182.1,61.92,63.36
9/10/2022 17:00,4.998,2.346,104.1,4.4,1.578,223.7,61.78,62.38
9/10/2022 18:00,2.943,0.52,213.5,2.54,0.243,122.5,61.33,62.46
9/10/2022 19:00,3.217,0.52,294.4,2.947,0.33,188.7,61.55,62.86
9/10/2022 20:00,2.395,0.37,316.1,0.04,0.04,278.5,61.64,62.05
9/10/2022 21:00,4.313,1.925,74.69,0.04,0.04,243,61.39,61.83
9/10/2022 22:00,2.806,0.503,113.5,0.04,0.04,133.7,61.02,61.63
9/10/2022 23:00,2.532,0.869,142.6,0.04,0.04,124.3,60.07,61.3
9/11/2022 0:00,4.45,1.86,141.1,0.04,0.04,193.7,60.26,61.59
9/11/2022 1:00,3.902,1.959,169.3,0.04,0.04,143.7,60.66,61.78
9/11/2022 2:00,2.532,1.551,208,0.04,0.04,112.8,59.74,62.59
9/11/2022 3:00,3.902,1.891,241,3.063,0.39,74.51,60.68,63.26
9/11/2022 4:00,4.587,2.089,259.9,4.4,1.646,71.24,60.6,62.03
9/11/2022 5:00,5.135,2.543,260.9,5.098,2.229,68.4,60.39,61.86
9/11/2022 6:00,1.573,0.274,252.6,2.017,0.323,35.79,59.1,63.3
9/11/2022 7:00,3.628,1.344,265.4,3.761,1.015,42.23,58.89,65.1
9/11/2022 8:00,3.491,1.241,46.71,3.237,0.875,276.6,59.64,62.96
9/11/2022 9:00,4.313,2.217,56.78,3.877,1.692,266.2,59.38,61.43
9/11/2022 10:00,5.135,2.788,74.84,4.458,2.181,260.6,59.01,62.27
9/11/2022 11:00,5.135,1.756,70.87,4.749,1.197,266.8,60.03,63.24
9/11/2022 12:00,3.354,0.66,81.8,2.889,0.48,82.5,56.19,62.19
9/11/2022 13:00,4.313,1.951,268.9,3.877,1.557,86.8,58.91,62.86
9/11/2022 14:00,3.354,1.287,193.5,3.528,0.592,142.3,59.86,62.32
9/11/2022 15:00,2.669,1.099,214.2,2.017,0.513,100.8,53.22,59.07
9/11/2022 16:00,3.217,1.533,214.7,2.482,0.749,114.3,57.33,63.95
9/11/2022 17:00,3.628,1.162,236.5,3.005,0.631,88.4,58.07,60.83
9/11/2022 18:00,2.943,0.811,242.7,2.714,0.298,117.1,56.82,59.13
9/11/2022 19:00,2.943,1.245,202.6,2.191,0.482,112.1,56.21,60.06
9/11/2022 20:00,3.491,1.523,216.2,2.889,0.815,105.3,55.28,57.13
9/11/2022 21:00,6.231,1.849,311.6,6.028,1.094,55.28,55.03,57.87
9/11/2022 22:00,8.42,4.097,200.5,7.539,3.362,129.8,48.73,57.46
9/11/2022 23:00,7.875,4.362,209.9,7.888,3.838,117.7,42.59,47.6
9/12/2022 0:00,8.15,5.202,212.8,8.59,4.996,115.8,45.35,48.32
9/12/2022 1:00,8.29,5.422,207.5,8.24,5.286,121.3,46.95,50.4
9/12/2022 2:00,8.29,4.411,239.6,8.41,4.071,87.6,45.52,51.21
9/12/2022 3:00,6.642,3.214,235.2,6.609,2.885,94.2,46.23,62.73
9/12/2022 4:00,10.75,4.73,246.2,10.79,4.372,83.4,53.29,62.88
9/12/2022 5:00,9.52,3.238,236.6,9.46,2.718,87.4,52.2,61.02
9/12/2022 6:00,9.93,3.968,312.9,10.68,3.475,12.08,55.7,60.92
9/12/2022 7:00,12.53,5.166,264.9,12.31,4.632,61.76,55.39,57.3
9/12/2022 8:00,9.52,3.043,268.2,9.92,2.571,40.22,57.08,62.37
9/12/2022 9:00,4.176,2.57,56.83,4.051,1.965,276.3,60.97,63.13
9/12/2022 10:00,5.272,2.29,57.68,4.691,1.707,271,60.51,62.77
9/12/2022 11:00,4.861,2.763,80.8,4.4,2.118,252.9,60.33,63.71
9/12/2022 12:00,4.587,1.754,73.64,3.877,1.122,255.4,59.99,61.86
9/12/2022 13:00,4.039,1.365,78.68,3.877,0.662,226.2,61.55,63.89
9/12/2022 14:00,12.12,4.415,222.2,13.12,3.798,109.9,58.35,61.45
9/12/2022 15:00,11.85,6.344,252.5,12.25,6.042,77.21,61.33,62.14
9/12/2022 16:00,6.368,3.727,265.8,6.609,3.436,60.71,60.89,61.76
9/12/2022 17:00,6.505,3.475,253.5,7.074,3.169,77.54,60.65,61.57
9/12/2022 18:00,7.464,4.061,258.9,7.539,3.762,69.45,59.71,62.31
9/12/2022 19:00,11.99,5.747,245.9,11.67,5.578,83.1,58.82,61.72
9/12/2022 20:00,13.22,9.38,180.2,12.54,8.84,149.5,57.33,60.99
9/12/2022 21:00,12.67,5.441,339,11.32,5.05,354,58.45,60.69
9/12/2022 22:00,16.51,8.15,318.9,16.61,7.611,11.67,57.26,60.94
9/12/2022 23:00,15.68,6.301,295.2,18.18,5.549,33.43,58.73,62.32
9/13/2022 0:00,18.29,7.451,321.8,16.61,6.865,8.31,57.83,63.53
9/13/2022 1:00,15,5.552,345.5,13.47,5.207,343.8,NAN,NAN
9/13/2022 2:00,10.89,4.498,17.42,10.91,3.911,312.7,58,60.48
9/13/2022 3:00,9.38,3.058,7.757,9.92,2.476,318.9,54.72,58.78
9/13/2022 4:00,5.82,3.009,279.2,6.144,2.718,40.49,58.06,62.82
9/13/2022 5:00,6.368,4.189,282.7,6.725,3.969,53.41,61.7,62.25
9/13/2022 6:00,6.231,2.435,304.8,6.318,2.183,30.79,61.46,63.47
9/13/2022 7:00,6.094,3.056,289.7,6.318,2.766,40.12,61.48,63.73
9/13/2022 8:00,6.368,4.204,285.5,6.609,3.975,41.77,61.53,63.44
9/13/2022 9:00,3.491,1.738,43.19,3.063,1.236,283.6,61.78,63.55
9/13/2022 10:00,5.272,3.025,81.9,5.039,2.446,254.2,61.56,62.26
9/13/2022 11:00,4.724,2.599,95.8,4.051,1.975,243.2,62.29,62.82
9/13/2022 12:00,3.765,1.115,40.31,3.121,0.655,297.9,62.21,62.79
9/13/2022 13:00,2.943,1.387,29.5,2.423,0.765,344.3,61.94,62.4
9/13/2022 14:00,3.491,1.098,248.1,2.83,0.646,96.5,61.63,62.48
9/13/2022 15:00,4.998,2.595,245.4,5.156,1.937,81.5,61.7,62.25
9/13/2022 16:00,3.902,1.344,254,3.528,0.857,106.1,61.43,62.41
9/13/2022 17:00,3.628,2.501,249.2,3.47,1.902,80.6,60.53,61.75
9/13/2022 18:00,4.039,2.042,233.4,3.819,1.468,94.7,60.67,61.63
9/13/2022 19:00,4.039,2.015,249.7,3.935,1.522,82.2,60.57,61.53
9/13/2022 20:00,4.313,1.701,242.4,4.516,1.282,105.1,60.5,61.29
9/13/2022 21:00,6.779,4.284,242.1,7.074,4.165,86.8,60.77,61.75
9/13/2022 22:00,5.683,3.326,247.4,6.26,3.112,80.9,60.65,61.76
9/13/2022 23:00,5.135,3.65,252.2,5.214,3.519,75.05,60.41,61.25
9/14/2022 0:00,5.135,2.99,255.2,5.446,2.648,76.04,60.36,61.83
9/14/2022 1:00,4.039,0.983,149.8,3.761,0.452,92.6,59.89,62.59
9/14/2022 2:00,5.135,1.929,197.6,4.981,1.486,65.59,60.1,60.79
9/14/2022 3:00,6.642,3.403,253.4,6.783,3.129,73.45,60.58,61.93
9/14/2022 4:00,6.916,5.08,274.9,6.958,4.907,53.1,60.89,61.47
9/14/2022 5:00,7.601,4.455,274.5,7.83,4.262,52.73,60.86,61.56
9/14/2022 6:00,5.82,4.465,269.9,6.144,4.282,58.51,60.72,61.66
9/14/2022 7:00,8.29,5.466,270.7,8.35,5.272,57.89,61.6,64.04
9/14/2022 8:00,7.327,5.424,260.7,7.597,5.217,68.26,61.39,63.91
9/14/2022 9:00,6.779,5.581,270.1,6.9,5.397,59.03,60.96,63
9/14/2022 10:00,6.094,4.786,260.3,6.318,4.543,68.98,60.09,60.87
9/14/2022 11:00,5.957,3.327,268.3,6.202,2.94,59.54,59.79,61.11
9/14/2022 12:00,5.272,3.547,257.9,5.33,3.142,69.87,61.84,62.67
9/14/2022 13:00,6.094,3.018,256.7,6.144,2.476,63.48,61.98,62.79
9/14/2022 14:00,3.765,1.514,253.3,3.354,0.979,104.9,61.32,62.03
9/14/2022 15:00,1.299,0.297,252.4,0.796,0.121,115.5,61.54,62.4
9/14/2022 16:00,2.121,0.471,276.6,1.493,0.214,332.8,62.11,63.02
9/14/2022 17:00,1.847,0.26,235.9,1.086,0.14,122.9,61.2,62.21
9/14/2022 18:00,2.669,1.409,234.3,2.54,1.297,93.6,60.88,61.87
9/14/2022 19:00,2.806,1.648,238.4,2.482,0.98,92.9,60.53,61.63
9/14/2022 20:00,1.71,0.805,236.6,0.796,0.196,108.1,60.55,61.37
9/14/2022 21:00,2.121,1.117,236.1,1.435,0.401,110.2,60.07,60.98
9/14/2022 22:00,4.176,1.781,240,4.807,1.231,96,59.78,60.51
9/14/2022 23:00,4.039,2.92,247.6,4.865,3.125,80.6,58.22,59.94
9/15/2022 0:00,5.546,3.255,244.8,6.318,3.286,82.7,57.44,59.48
9/15/2022 1:00,6.916,4.754,249.5,7.539,4.739,80.7,58.39,60.08
9/15/2022 2:00,6.505,4.49,247.6,6.842,4.367,81.8,54.59,60.35
9/15/2022 3:00,6.916,3.366,215.7,6.842,2.93,105.9,49.41,56.18
9/15/2022 4:00,5.546,1.302,120.6,5.446,0.898,168.1,44.54,48.03
9/15/2022 5:00,4.45,2.252,100.4,4.4,1.745,230,49.59,56.85
9/15/2022 6:00,6.916,3.974,93.7,6.842,3.362,240.7,54.96,58.23
9/15/2022 7:00,8.56,4.798,92.9,7.888,4.127,242.4,56.98,61.38
9/15/2022 8:00,7.601,4.835,91.8,7.423,4.19,243.5,59.84,63.03
9/15/2022 9:00,8.15,5.226,90.9,7.83,4.531,243.5,59.86,63.13
9/15/2022 10:00,6.642,4.799,94,6.144,4.187,240.5,61.89,63.33
9/15/2022 11:00,8.15,5.55,89.5,7.249,4.81,244.9,62.02,63.69
9/15/2022 12:00,7.053,4.337,94.6,6.9,3.698,239.1,61.69,63.06
9/15/2022 13:00,6.094,4.381,105.6,5.911,3.775,227.8,61.22,62.11
9/15/2022 14:00,10.62,7.412,109.5,10.21,6.803,223.9,58.36,61.77
9/15/2022 15:00,8.97,6.02,114.1,8.59,5.417,218.5,53.48,56.51
9/15/2022 16:00,8.97,6.389,115.6,9.11,5.799,217.5,57.77,61.08
9/15/2022 17:00,9.79,5.787,106.2,9.28,5.267,227.3,61.38,62.2
9/15/2022 18:00,8.42,5.229,120,9.34,5.378,213.6,60.86,61.75
9/15/2022 19:00,8.42,5.318,119.4,9.4,5.438,214.1,60.67,61.65
9/15/2022 20:00,7.327,5.355,131.1,7.655,5.08,201.8,59.65,63.3
9/15/2022 21:00,6.368,4.666,138.4,6.609,4.518,194.4,61.3,63.37
9/15/2022 22:00,7.19,4.206,140.3,7.365,3.889,192.7,59.99,62.37
9/15/2022 23:00,7.464,4.257,132,7.655,3.839,199.5,57.53,60.96
9/16/2022 0:00,4.313,2.972,144.1,4.109,2.439,179.7,59.96,61.39
9/16/2022 1:00,4.998,2.757,134,4.865,2.158,190.4,NAN,NAN
9/16/2022 2:00,7.738,2.272,99.9,7.714,1.417,233.1,57.34,59.25
9/16/2022 3:00,9.38,5.452,134.8,9.34,4.797,202,56.68,58.88
9/16/2022 4:00,10.62,5.612,115.1,10.27,5.009,219.1,58.75,60.5
9/16/2022 5:00,14.45,5.72,83.5,12.6,4.745,254,60.34,62.85
9/16/2022 6:00,10.75,6.408,96,10.1,5.646,237.3,61.58,62.18
9/16/2022 7:00,11.99,6.733,98.2,11.26,6.015,236,61.98,64.17
9/16/2022 8:00,12.12,6.325,98.4,10.45,5.571,234.6,62.16,64.33
9/16/2022 9:00,13.63,7.255,94.8,11.9,6.5,239.8,62.2,63.99
9/16/2022 10:00,8.83,6.283,90.2,8.06,5.467,244.5,62.4,63.12
9/16/2022 11:00,8.01,5.794,101.6,7.714,5.176,232,62.42,63.63
9/16/2022 12:00,9.11,6.267,101,8.64,5.538,232.4,61.83,62.55
9/16/2022 13:00,9.25,5.922,102.9,8.59,5.174,230.3,61.45,61.9
9/16/2022 14:00,9.38,4.535,99.8,9.34,3.763,232.6,61.18,61.58
9/16/2022 15:00,7.875,4.64,100.8,8,4.138,230.9,61.08,61.6
9/16/2022 16:00,7.875,4.397,102.6,8.35,3.915,229.1,61.38,62.73
9/16/2022 17:00,6.916,4.425,104.8,7.307,4.006,228.6,60.45,61.17
9/16/2022 18:00,8.29,5.27,99.2,8.18,4.519,234,59.76,60.7
9/16/2022 19:00,8.56,4.979,98.5,8.41,4.249,234.7,60.88,62.12
9/16/2022 20:00,9.11,3.009,90.6,7.946,2.169,234.6,61.26,62.86
9/16/2022 21:00,7.464,3.615,96,6.783,2.868,236.6,61.9,62.72
9/16/2022 22:00,5.135,2.243,93.6,5.33,1.621,229.9,61.52,62.04
9/16/2022 23:00,5.82,2.786,97.2,5.853,2.314,233.2,60.99,61.83
9/17/2022 0:00,4.45,1.922,115.8,4.633,1.363,185.7,60.3,61.3
9/17/2022 1:00,2.806,1.318,143.5,2.307,0.702,152.4,58.69,59.87
9/17/2022 2:00,2.532,0.838,114.2,2.365,0.427,121.8,58.38,61.17
9/17/2022 3:00,5.409,2.104,79.65,4.574,1.498,246.2,59.25,60.75
9/17/2022 4:00,4.039,1.725,82.5,3.993,1.266,232.4,58.7,61.88
9/17/2022 5:00,5.409,3.186,102.7,5.33,2.792,229.6,59.16,61.08
9/17/2022 6:00,8.83,5.274,83.4,7.888,4.475,251,61.54,62.31
9/17/2022 7:00,8.42,5.253,87,7.714,4.556,247,61.63,63.48
9/17/2022 8:00,7.738,5.016,88.9,7.772,4.331,246.2,61.96,63.64
9/17/2022 9:00,8.56,5.283,92.2,7.888,4.581,242.5,61.97,63.54
9/17/2022 10:00,7.738,3.971,84.2,6.958,3.266,251.4,61.73,62.69
9/17/2022 11:00,7.19,4.419,95.8,7.132,3.714,238.3,61.85,62.37
9/17/2022 12:00,7.601,4.73,103.3,7.19,4.006,230.2,61.69,62.27
9/17/2022 13:00,7.19,4.101,122.1,7.888,3.684,209.8,61.37,62.14
9/17/2022 14:00,7.464,4.67,132.6,7.714,4.253,199.3,61.05,61.8
9/17/2022 15:00,7.327,4.227,145.5,7.19,3.633,185.5,60.6,61.97
9/17/2022 16:00,4.313,2.686,168.7,3.877,1.952,155.3,60.33,61.55
9/17/2022 17:00,5.683,2.749,119.9,5.33,2.006,217.1,61.47,62.45
9/17/2022 18:00,4.313,2.732,119.2,4.226,2.128,215.7,61.1,61.92
9/17/2022 19:00,6.094,3.341,114.4,6.493,2.896,218.5,61.19,61.89
9/17/2022 20:00,5.82,2.943,95.5,5.679,2.407,235.9,61.31,62.05
9/17/2022 21:00,3.217,1.289,155.9,3.702,0.786,219.4,60.38,61.19
9/17/2022 22:00,2.532,1.214,174.6,2.075,0.887,149.7,60.14,61.62
9/17/2022 23:00,2.943,1.776,176.1,3.005,1.298,141.4,59.72,60.3
9/18/2022 0:00,2.395,1.652,193.5,2.365,1.16,117.5,59.4,60.3
9/18/2022 1:00,5.272,1.71,195,6.028,1.1,122.4,59.09,60.34
9/18/2022 2:00,4.998,1.278,154.1,4.807,0.832,144.1,59.78,61.23
9/18/2022 3:00,8.7,3.335,178.4,8.24,2.885,149,58.49,61.57
9/18/2022 4:00,10.48,5.287,173.4,9.28,4.605,151.6,58.05,60.4
9/18/2022 5:00,10.34,4.972,192.3,9.46,4.248,134.5,57.47,59.18
9/18/2022 6:00,6.642,1.895,110.7,6.318,1.404,251,55.72,57.69
9/18/2022 7:00,5.409,1.726,297.7,5.795,1.457,59.13,58.39,62.51
9/18/2022 8:00,3.628,0.881,145.8,2.714,0.632,232,59.47,64.14
9/18/2022 9:00,4.313,1.93,62.69,3.877,1.374,278.4,60.73,62.1
9/18/2022 10:00,6.094,1.769,179.7,6.202,1.34,105.2,57.43,63.49
9/18/2022 11:00,8.15,3.744,295.7,7.423,3.377,36.94,59.91,61.81
9/18/2022 12:00,6.642,3.373,308,6.551,2.887,16.46,61.16,62.44
9/18/2022 13:00,4.724,2.319,261.8,4.574,1.793,59.3,60.78,62.31
9/18/2022 14:00,6.368,4.196,248.2,6.377,3.736,81.3,58.85,61.77
9/18/2022 15:00,6.779,4.159,249.5,6.609,3.62,79.86,55.17,58.53
9/18/2022 16:00,7.327,4.612,256.7,7.19,4.068,73.54,55.65,56.87
9/18/2022 17:00,8.56,4.756,255.6,8.76,4.287,74.24,53.33,55.99
9/18/2022 18:00,9.52,4.711,256.4,9.52,4.166,72.56,51.96,54.02
9/18/2022 19:00,10.62,4.88,259.3,10.56,4.261,69.27,52.55,53.71
9/18/2022 20:00,10.48,6.241,261.8,10.04,5.786,68.56,53.26,56.5
9/18/2022 21:00,10.62,5.614,266.9,10.68,5.164,63.6,55.82,58.26
9/18/2022 22:00,12.4,6.779,283.8,11.78,6.238,47.24,57.54,60.43
9/18/2022 23:00,12.94,8.19,276.4,13,7.871,54.09,60.42,61.53
9/19/2022 0:00,14.73,9.17,261.7,15.45,8.77,68.48,51.73,58.1
9/19/2022 1:00,15.41,8.72,280.6,15.79,8.37,49.84,NAN,NAN
9/19/2022 2:00,13.08,7.532,284.8,13.41,7.196,45.46,51.77,56.73
9/19/2022 3:00,9.11,4.909,281.6,9.05,4.624,47.32,49.58,60.75
9/19/2022 4:00,9.66,5.514,270.4,9.63,5.282,58.24,38.65,45.45
9/19/2022 5:00,8.7,5.799,262.4,9.05,5.575,66.96,51.3,62.16
9/19/2022 6:00,10.62,7.216,278.4,11.03,6.996,51.01,61.08,62.48
9/19/2022 7:00,9.79,6.533,279.5,9.92,6.319,49.11,60.78,62.87
9/19/2022 8:00,10.07,5.968,271.6,10.62,5.634,57.72,60.89,63.23
9/19/2022 9:00,9.79,4.935,260.2,9.69,4.543,67.03,58.37,62.31
9/19/2022 10:00,8.83,4.782,282.7,8.82,4.453,46.26,60.27,61.5
9/19/2022 11:00,7.601,3.934,264.3,7.539,3.464,62.27,58.45,60.73
9/19/2022 12:00,7.19,4.943,269.8,7.074,4.57,59.02,60.91,62.37
9/19/2022 13:00,6.505,2.925,266,6.725,2.431,61.85,61.58,62.11
9/19/2022 14:00,7.19,4.224,289.2,7.249,3.741,38.34,61.32,61.85
9/19/2022 15:00,8.56,5.336,260.5,9.81,5.294,68.81,61.34,61.92
9/19/2022 16:00,7.738,5.733,260.2,9.57,6.242,69.52,60.98,61.59
9/19/2022 17:00,7.19,5.101,258,8.35,5.442,71.65,60.98,61.33
9/19/2022 18:00,8.97,5.466,259,10.27,5.693,70.35,61.04,61.38
9/19/2022 19:00,7.053,4.258,256.9,8.06,4.38,72.12,60.83,61.32
9/19/2022 20:00,8.7,5.158,256,9.11,5.165,73.9,60.18,60.92
9/19/2022 21:00,8.56,5.12,255.8,8.76,5.067,74.66,59.66,60.51
9/19/2022 22:00,10.07,5.043,289.2,9.86,4.755,39.04,58.74,60.51
9/19/2022 23:00,6.779,3.269,209.2,6.958,2.694,125.7,58.2,59.63
9/20/2022 0:00,5.957,1.662,357.7,5.853,1.063,14.95,56.58,58.64
9/20/2022 1:00,4.587,1.792,348.2,5.388,1.01,0.226,55.4,57.43
9/20/2022 2:00,6.094,3.367,267.7,6.318,2.845,64.29,55.48,57.59
9/20/2022 3:00,6.505,3.129,229.7,7.016,2.704,94.7,54.98,57.12
9/20/2022 4:00,10.2,5.648,217.7,10.56,5.637,110.8,56.49,58.43
9/20/2022 5:00,12.4,7.466,217.9,12.95,7.255,111.2,57.74,59.15
9/20/2022 6:00,9.52,3.679,148.9,9.52,2.959,183.4,58.1,62.27
9/20/2022 7:00,9.66,4.563,60.96,8.64,3.731,272.5,59.94,62.81
9/20/2022 8:00,7.738,3.168,72.76,6.842,2.47,262.5,59.41,62.03
9/20/2022 9:00,8.7,3.824,87.3,7.365,3.095,247.5,58.88,61.59
9/20/2022 10:00,8.01,3.352,104.3,7.888,2.801,232.1,55.12,60.71
9/20/2022 11:00,8.42,4.139,111.9,8.99,3.599,221.2,55.32,60.72
9/20/2022 12:00,6.642,2.35,77.96,5.679,1.675,253.5,56.42,61.12
9/20/2022 13:00,1.847,0.522,88.3,1.261,0.237,115.9,55.97,58.81
9/20/2022 14:00,2.806,0.837,109.8,2.191,0.315,107.9,59.99,63.19
9/20/2022 15:00,1.984,0.548,144.7,1.377,0.21,92.6,61.3,63.11
9/20/2022 16:00,3.08,1.491,156.8,2.656,0.827,88.7,58.09,60.47
9/20/2022 17:00,3.902,1.231,182.7,3.819,0.708,94.9,60.13,62.54
9/20/2022 18:00,3.765,1.094,199.4,3.586,0.684,113.7,59.56,61.26
9/20/2022 19:00,3.902,2.361,237.1,3.819,1.907,75.14,57.52,59.54
9/20/2022 20:00,2.806,1.544,239.2,2.423,0.869,84.5,51.69,54.13
9/20/2022 21:00,3.902,2.095,223.3,3.47,1.395,98.1,46.61,52.64
9/20/2022 22:00,4.587,3.308,256.3,4.167,2.745,72.07,48.78,52.97
9/20/2022 23:00,5.683,2.886,249.6,5.388,2.295,87.8,48.52,50.31
9/21/2022 0:00,6.094,4.421,247.2,5.911,4.005,82.8,49.36,51.17
9/21/2022 1:00,6.094,3.88,233.1,6.609,3.396,95.7,51,55.32
9/21/2022 2:00,7.875,4.838,258.5,7.597,4.464,71.98,55.19,58.13
9/21/2022 3:00,6.916,4.445,264.7,7.074,4.167,64.55,53.33,55.97
9/21/2022 4:00,4.724,2.508,257.9,4.691,2.202,70.22,57.56,60.51
9/21/2022 5:00,4.587,2.405,265.8,4.516,2.129,55.63,55.48,60.76
9/21/2022 6:00,3.628,1.196,260.7,3.644,0.938,70.04,54.11,61.06
9/21/2022 7:00,3.354,0.634,153.5,2.54,0.439,280.5,51.57,59.23
9/21/2022 8:00,4.039,1.066,66.92,3.47,0.757,318.7,55.19,59.68
9/21/2022 9:00,3.628,1.338,76.7,3.121,0.962,287.8,58.03,60.67
9/21/2022 10:00,4.313,2.019,64.23,3.819,1.528,273.5,59.48,61.92
9/21/2022 11:00,5.409,3.316,86.5,4.807,2.686,253.8,49.65,61.24
9/21/2022 12:00,4.724,2.992,121,4.516,2.478,216.2,49.32,55.68
9/21/2022 13:00,3.354,2.206,129.8,3.005,1.436,204,51.79,57.06
9/21/2022 14:00,4.176,1.929,133.7,3.761,0.994,203.9,55.05,56.69
9/21/2022 15:00,3.765,1.683,169.9,3.354,0.799,168.6,52.07,56.65
9/21/2022 16:00,4.313,2.559,147.6,3.702,1.614,187,39.66,49.85
9/21/2022 17:00,4.176,2.525,159.2,3.586,1.612,166.8,46.88,51.26
9/21/2022 18:00,5.82,3.104,144,5.098,2.254,189.7,37.67,47.93
9/21/2022 19:00,4.176,2.951,146.2,3.819,2.057,183.3,27.52,32.64
9/21/2022 20:00,5.135,3.658,133.3,4.633,2.885,199.4,23.69,27.67
9/21/2022 21:00,5.683,3.829,128.8,5.563,3.154,200.8,20.42,22.86
9/21/2022 22:00,5.82,3.869,121.7,5.505,3.194,206.7,18.2,21.11
9/21/2022 23:00,5.82,3.417,162.3,5.446,2.692,164.7,17.19,22.52
9/22/2022 0:00,3.902,2.973,173.5,3.412,2.158,152.5,18.18,20.81
9/22/2022 1:00,4.587,3.217,164.1,4.458,2.435,164.6,NAN,NAN
9/22/2022 2:00,5.135,3.672,170.6,4.574,3.004,157.8,22.3,24.53
9/22/2022 3:00,5.546,2.42,122.3,5.621,1.811,201.4,14.26,19.61
9/22/2022 4:00,3.765,2.287,141.6,3.528,1.814,202.6,18.61,21.46
9/22/2022 5:00,2.943,1.579,155,2.598,1.246,209.8,16.44,25.11
9/22/2022 6:00,6.505,3.464,115.7,5.97,3.014,223.2,27.89,36.54
9/22/2022 7:00,9.52,6.084,110.7,9.34,5.605,223.8,48.39,54.18
9/22/2022 8:00,12.4,7.411,118.6,11.55,6.917,215,51.22,56.29
9/22/2022 9:00,12.12,7.76,111.8,11.84,7.175,221.8,58.67,63.09
9/22/2022 10:00,11.03,7.786,106.6,10.74,7.117,226.6,58.71,62.58
9/22/2022 11:00,12.26,8.47,102.2,11.78,7.727,231.3,50.29,58.62
9/22/2022 12:00,9.93,6.95,109.2,10.16,6.332,223.8,48.59,57.23
9/22/2022 13:00,11.3,7.176,107.9,11.49,6.506,225.5,53,58.78
9/22/2022 14:00,8.7,6.224,123.5,8.35,5.723,209.3,57.5,60.14
9/22/2022 15:00,8.01,5.262,139.5,7.946,4.746,192.4,57.34,62.04
9/22/2022 16:00,7.19,4.396,128.8,6.783,3.79,202.6,55.21,62.21
9/22/2022 17:00,9.25,5.787,118.1,9.17,5.118,214.3,52.69,59.31
9/22/2022 18:00,8.83,5.375,130.2,8.93,4.848,202.3,47.23,48.59
9/22/2022 19:00,7.053,4.579,135.9,6.958,3.962,195.5,44.98,47.33
9/22/2022 20:00,7.875,5.257,133.9,7.597,4.726,197.6,44.17,48.29
9/22/2022 21:00,8.01,5.112,124.6,7.772,4.511,206.5,40.48,42.41
9/22/2022 22:00,9.25,5.1,131.5,9.17,4.525,200.3,33.05,41.86
9/22/2022 23:00,8.29,4.931,129.2,8.47,4.289,202.5,32.7,36.06
9/23/2022 0:00,9.25,5.648,140,9.4,5.028,192.7,35.78,38.49
9/23/2022 1:00,9.25,5.041,107.8,8.99,4.179,223.1,37.79,40.38
9/23/2022 2:00,10.48,5.657,110.5,10.04,4.903,222.6,32.49,36.75
9/23/2022 3:00,8.97,5.665,117.3,8.88,5.135,216.5,32.22,37.91
9/23/2022 4:00,7.327,5.086,115.3,7.423,4.682,219.2,41.27,49.82
9/23/2022 5:00,7.19,5.001,109.3,7.074,4.537,225,44.78,49.06
9/23/2022 6:00,9.11,5.231,96.7,9.17,4.594,237.7,52.37,60.35
9/23/2022 7:00,14.18,8.02,104.9,14.11,7.265,228.5,56.59,60.61
9/23/2022 8:00,16.78,10.54,109,15.68,9.73,224,54.13,59.05
9/23/2022 9:00,15.14,9.33,101,14.4,8.46,232.4,51.84,61.82
9/23/2022 10:00,12.53,8.96,106.4,11.84,8.17,225.9,45.02,51.48
9/23/2022 11:00,11.3,8.44,107.1,11.09,7.71,225.3,41.06,47.67
9/23/2022 12:00,11.16,7.952,108.9,10.16,7.333,224.2,55.86,62.95
9/23/2022 13:00,12.12,7.857,109.5,10.85,7.224,223,60.08,63.56
9/23/2022 14:00,11.16,7.183,123.6,12.25,7.214,209.8,58.75,62.24
9/23/2022 15:00,12.12,5.923,130.1,11.55,5.179,201.3,50.9,54.58
9/23/2022 16:00,9.66,5.845,115.4,9.17,5.051,215.8,42.09,49.23
9/23/2022 17:00,10.07,5.527,126.6,9.63,4.852,205.4,42.24,44.41
9/23/2022 18:00,9.52,5.6,113.3,9.34,4.726,217.1,39.66,43.39
9/23/2022 19:00,9.25,5.675,111.1,8.88,4.79,220.1,39.86,42.11
9/23/2022 20:00,9.66,6.057,119.6,8.93,5.362,212.9,35.96,38.57
9/23/2022 21:00,9.38,5.647,131.1,9.23,5.014,200.6,40.23,50.6
9/23/2022 22:00,8.56,4.916,110.6,8.12,4.176,221.5,55.16,59.88
9/23/2022 23:00,8.42,5.057,123.2,7.655,4.372,207.6,51,56.98
9/24/2022 0:00,7.327,5.032,133.7,6.9,4.488,198.6,52.02,59.46
9/24/2022 1:00,6.642,4.447,141.4,6.493,3.879,189.5,53.93,57.9
9/24/2022 2:00,5.546,3.589,146.3,5.098,3.034,184.6,48.04,52.86
9/24/2022 3:00,4.45,3.17,146.6,4.516,2.743,186.1,43.2,47.21
9/24/2022 4:00,7.738,4.688,146.8,7.888,4.322,187.6,40.47,47.64
9/24/2022 5:00,6.916,5.424,127,6.9,5.076,206.9,51.9,55.71
9/24/2022 6:00,7.738,5.631,117.7,7.714,5.294,216.5,49.63,55.11
9/24/2022 7:00,8.83,5.102,106.4,8.64,4.586,227.4,59.96,62.16
9/24/2022 8:00,9.38,6.235,106.9,9.17,5.641,226.8,59.75,63.76
9/24/2022 9:00,12.53,7.392,102.3,11.43,6.728,231.6,46.18,52.51
9/24/2022 10:00,11.16,7.492,111.8,10.85,7.001,221.8,47.54,56.81
9/24/2022 11:00,9.38,7.048,120.5,9.4,6.6,212.6,46.44,55.38
9/24/2022 12:00,11.3,7.733,108.9,10.85,6.995,223.6,46.57,50.53
9/24/2022 13:00,15.96,9.64,109.2,14.69,8.84,223.8,47.61,52.48
9/24/2022 14:00,13.22,7.293,111.1,13.18,6.505,221.4,55.2,59.74
9/24/2022 15:00,10.89,7.381,110.2,10.5,6.706,222.9,60.58,63.19
9/24/2022 16:00,12.53,6.444,109.7,12.31,5.78,223,60.69,61.54
9/24/2022 17:00,11.03,7.88,112.8,10.85,7.335,220.1,60.57,61.49
9/24/2022 18:00,9.66,6.272,114.8,9.92,6.127,218.7,60.74,61.45
9/24/2022 19:00,9.52,5.389,116.8,10.62,5.262,216.4,60.75,62.33
9/24/2022 20:00,9.93,5.864,118.1,10.21,5.493,214,60.4,60.96
9/24/2022 21:00,10.89,6.092,109.1,10.85,5.428,221.8,59.9,60.94
9/24/2022 22:00,12.12,8.2,121.7,11.49,7.465,211,58.21,61.71
9/24/2022 23:00,10.07,6.297,145.8,9.81,5.864,187.3,60.29,61.51
9/25/2022 0:00,7.738,4.371,159.8,7.423,3.736,169.6,49.19,59.09
9/25/2022 1:00,6.094,3.758,159.4,5.737,3.095,172.3,NAN,NAN
9/25/2022 2:00,8.01,4.196,132.7,7.597,3.58,199.2,52.36,54.37
9/25/2022 3:00,5.683,3.873,131.7,6.028,3.417,202.2,52.95,55.98
9/25/2022 4:00,8.01,4.153,139.6,7.946,3.764,193.1,51.19,54.29
9/25/2022 5:00,6.231,3.413,140,6.202,3.063,194.1,47.19,49.86
9/25/2022 6:00,7.053,4.1,109.8,6.667,3.621,224.5,48.52,56.68
9/25/2022 7:00,11.3,5.957,99.8,10.79,5.293,234.6,56.63,62.76
9/25/2022 8:00,9.38,6.009,105.7,9.28,5.425,228,60.63,62.73
9/25/2022 9:00,9.66,5.702,102.1,9.4,5.055,231.4,60.13,63.41
9/25/2022 10:00,8.56,5.127,103.1,8.64,4.521,230.6,60.22,62.85
9/25/2022 11:00,11.16,6.781,99.9,10.1,6.031,233.7,57.47,60.48
9/25/2022 12:00,9.11,6.235,109.6,8.99,5.59,223.4,53.45,56.46
9/25/2022 13:00,11.71,5.548,119.3,10.91,4.876,213.2,58.65,62.1
9/25/2022 14:00,9.93,5.91,121.3,9.75,5.304,211.1,58.09,61.6
9/25/2022 15:00,11.57,6.987,115,11.26,6.41,218.2,48.55,59.3
9/25/2022 16:00,12.4,6.699,116.3,11.96,6.126,216.4,35.75,41.82
9/25/2022 17:00,9.66,5.661,113.7,8.29,5.002,219.2,30.33,39
9/25/2022 18:00,12.26,6.569,110.1,12.02,5.86,223.1,35.7,41.14
9/25/2022 19:00,12.67,8.01,113.2,11.84,7.325,219.4,35.35,38.85
9/25/2022 20:00,12.94,7.606,115,12.71,6.926,217.6,33.38,37.31
9/25/2022 21:00,11.03,6.49,110.8,10.62,5.798,222,46.6,60.29
9/25/2022 22:00,9.38,5.98,125.2,9.11,5.413,207.5,50.5,54.43
9/25/2022 23:00,9.66,6.431,118.1,9.52,5.784,214,46.01,52.62
9/26/2022 0:00,9.52,6.429,127.9,9.05,5.928,204.8,42.15,55.99
9/26/2022 1:00,10.2,6.434,131.3,10.62,5.94,201.8,51.88,56.92
9/26/2022 2:00,10.75,6.243,115.6,10.62,5.657,217.2,57.59,60.2
9/26/2022 3:00,9.79,6.179,110.4,9.69,5.527,221.7,61.68,63.35
9/26/2022 4:00,8.42,5.579,106.9,7.772,5.072,227,60.75,61.92
9/26/2022 5:00,10.2,6.101,107.5,10.16,5.547,225.8,60.56,61.58
9/26/2022 6:00,12.67,8.12,106,12.6,7.42,227,60.51,61.82
9/26/2022 7:00,13.22,8.36,96.4,12.65,7.378,236.6,61.36,64
9/26/2022 8:00,16.37,8.15,99,15.21,7.25,234.1,61.51,62.92
9/26/2022 9:00,10.62,6.04,92.6,9.34,5.254,241.2,61.57,63.84
9/26/2022 10:00,10.62,6.539,96.2,10.1,5.728,237.5,61.26,61.96
9/26/2022 11:00,11.3,7.138,105.4,10.56,6.335,227.3,61.42,62.15
9/26/2022 12:00,12.53,7.336,111.3,12.6,6.675,222,61.27,62.2
9/26/2022 13:00,12.12,7.675,108.7,12.07,6.936,224.2,60.94,61.39
9/26/2022 14:00,10.75,6.357,98.6,9.98,5.846,235,60.82,61.45
9/26/2022 15:00,9.11,5.898,106.9,9.46,5.585,225.9,59.87,60.87
9/26/2022 16:00,11.03,7.668,113.1,10.62,7.05,219.6,58.93,59.89
9/26/2022 17:00,12.12,6.886,104.5,11.55,6.026,228.2,58.18,58.81
9/26/2022 18:00,10.2,6.527,141.3,10.1,6.032,191.2,53.47,57.57
9/26/2022 19:00,9.79,6.842,127.9,9.75,6.334,204.7,51.48,54.95
9/26/2022 20:00,11.03,7.07,130.7,10.74,6.566,201.8,47.95,50.17
9/26/2022 21:00,11.3,6.322,116.1,11.32,5.661,215.7,45.28,46.11
9/26/2022 22:00,11.3,6.902,119.6,10.85,6.243,212,43.61,46.36
9/26/2022 23:00,11.57,7.114,119.3,11.49,6.519,213.4,40.2,44.03
9/27/2022 0:00,10.07,7.235,135.3,9.92,6.719,197.5,41.69,44.99
9/27/2022 1:00,10.75,7.041,123.6,10.5,6.474,208.9,34.56,39.48
9/27/2022 2:00,11.03,7.616,121.9,10.91,7.034,210.7,30.5,33.47
9/27/2022 3:00,12.26,8.82,118.9,12.36,8.3,215.1,33.59,36.68
9/27/2022 4:00,12.81,9.53,114.2,12.89,9.03,220.1,31.34,33.65
9/27/2022 5:00,14.45,10.14,107.6,14.28,9.46,225.7,38.65,47.04
9/27/2022 6:00,15.96,10.18,105.7,16.03,9.45,227.9,46.72,50.5
9/27/2022 7:00,15.82,10.48,106.1,16.14,9.71,227.4,44.67,48.57
9/27/2022 8:00,16.78,10.47,113.2,15.85,9.85,219.6,40.94,46.2
9/27/2022 9:00,15.55,9.46,107.8,15.5,8.75,224.9,39.68,53.7
9/27/2022 10:00,17.6,10.63,107.1,17.54,9.88,225.5,40.42,48.44
9/27/2022 11:00,22.53,11.11,95.9,20.27,9.99,237.1,49.24,51.98
9/27/2022 12:00,18.56,11.74,89.6,16.96,10.35,243.3,48.51,51.72
9/27/2022 13:00,17.33,12.16,91.7,16.08,10.69,241.1,50.79,55.69
9/27/2022 14:00,16.09,11.2,91.4,15.04,9.86,241.5,51.21,53.77
9/27/2022 15:00,13.63,9.24,90.4,12.36,8.05,243,52.49,58.66
9/27/2022 16:00,11.71,7.191,107.4,10.5,6.379,224.8,36.95,52.69
9/27/2022 17:00,9.25,5.419,142.8,8.88,4.781,189.5,25.79,30.15
9/27/2022 18:00,7.19,5.154,147.8,7.016,4.549,185,32.29,42
9/27/2022 19:00,8.7,5.414,135.7,8.53,4.754,196.3,34.69,41.02
9/27/2022 20:00,8.29,6.053,132.5,8.06,5.514,200.4,34.77,39.63
9/27/2022 21:00,8.29,6.176,139.3,8.12,5.656,193.2,46.82,55.48
9/27/2022 22:00,9.52,6.399,144.5,9.05,5.841,188.5,39.2,53.61
9/27/2022 23:00,9.25,6.574,138,8.88,6.003,194.4,36.35,38.74
9/28/2022 0:00,9.66,5.713,115.6,9.69,4.869,216,33.29,36.31
9/28/2022 1:00,10.75,6.687,125.4,10.91,6.061,207.1,NAN,NAN
9/28/2022 2:00,12.81,8.44,121.4,12.48,7.812,211.9,23.62,28.53
9/28/2022 3:00,13.9,9.14,116.8,13.93,8.5,216.8,36.58,39.71
9/28/2022 4:00,13.77,9.93,120,13.7,9.41,213.8,36.44,40.32
9/28/2022 5:00,13.49,9.42,118.1,13.59,8.94,216.1,30.52,34.67
9/28/2022 6:00,15.41,10.23,112.7,13.99,9.59,221.1,28.13,32.97
9/28/2022 7:00,15.96,10.8,105.9,15.97,9.99,227.1,27.71,32.7
9/28/2022 8:00,17.88,9.99,104.5,17.48,9.04,228.8,26.6,41.57
9/28/2022 9:00,14.86,8.5,103.7,13.88,7.73,229.4,37.14,51.51
9/28/2022 10:00,16.51,10.78,99.1,14.92,9.74,233.8,34.18,47.13
9/28/2022 11:00,17.47,11.39,98.8,15.91,10.23,234.2,32.76,40.92
9/28/2022 12:00,16.23,10.1,98.3,14.92,8.92,233.9,30.86,37.21
9/28/2022 13:00,15.14,9.21,98.5,13.88,8.06,233.6,22.02,27.2
9/28/2022 14:00,12.53,9.39,107.4,11.84,8.5,224.8,18.73,20.74
9/28/2022 15:00,13.63,8.81,114.6,13.99,8.04,218,22.34,25.53
9/28/2022 16:00,13.22,8.2,107.9,13,7.218,224.3,25.66,31.86
9/28/2022 17:00,16.23,8.61,95.7,14.52,7.313,235.9,25.27,33.94
9/28/2022 18:00,16.09,9.54,112.7,15.56,8.73,220.4,33.26,53.39
9/28/2022 19:00,16.23,9.3,114.3,15.97,8.51,218.5,45.79,55.54
9/28/2022 20:00,13.9,7.814,107.5,14.75,6.585,224.1,42.39,58.37
9/28/2022 21:00,13.49,9.29,111.1,13.88,8.6,221.9,54.89,61.13
9/28/2022 22:00,19.25,12.52,110.5,19.28,12.15,222.4,43.02,60.58
9/28/2022 23:00,18.29,12.93,106.2,18.29,11.99,225.8,32.43,34.55
9/29/2022 0:00,20.89,13.87,108.9,20.97,13.19,223.9,33.18,35.62
9/29/2022 1:00,19.38,13.1,106.7,17.89,12.27,225.3,33.01,36.56
9/29/2022 2:00,19.11,13.17,107.4,18.76,12.37,225.7,34.18,36.29
9/29/2022 3:00,23.77,13.01,105.5,23.64,12.22,227.7,37.52,39.97
9/29/2022 4:00,19.52,12.7,104.3,19.22,11.73,228.8,39.3,41.28
9/29/2022 5:00,19.93,11.27,100.7,18.35,10.08,231.8,38.33,41.78
9/29/2022 6:00,28.01,12.58,85.3,25.27,10.82,247.4,40.69,48.05
9/29/2022 7:00,24.59,11.99,82.4,21.32,10.16,250,44,48.63
9/29/2022 8:00,27.74,13.04,82.5,23.47,11.1,250.1,42.15,47.35
9/29/2022 9:00,28.15,15.2,75.76,24.46,12.99,257,40.69,45.61
9/29/2022 10:00,27.6,15.17,88,22.6,13.34,244.6,42,47
9/29/2022 11:00,20.75,12.31,92.3,19.98,10.83,240.4,56.88,62.41
9/29/2022 12:00,26.23,13.01,88.1,22.89,11.24,244.2,49.79,53.94
9/29/2022 13:00,23.49,13.18,94.6,19.34,11.61,237.9,54.32,60.08
9/29/2022 14:00,25.41,12.38,96.2,22.31,10.74,234.8,46.16,59.05
9/29/2022 15:00,21.16,12.22,105.1,19.4,11,226.9,35.66,43.2
9/29/2022 16:00,21.44,11.78,101.1,21.2,10.46,230.6,49.27,54.05
9/29/2022 17:00,20.75,13.45,115.5,20.21,12.88,217.2,53.88,60.35
9/29/2022 18:00,20.89,14,115.4,20.79,13.49,217.9,52.49,61.31
9/29/2022 19:00,17.05,11.11,113.9,16.72,10.43,219.5,59.7,61.33
9/29/2022 20:00,22.67,12.56,110.2,22.25,12.04,222.9,59.38,61.35
9/29/2022 21:00,20.62,15.77,112,19.63,15.15,221.5,44.77,58.62
9/29/2022 22:00,19.79,12.18,110.5,19.86,11.37,223,54.91,59.72
9/29/2022 23:00,12.94,8.44,108.1,12.89,7.564,224.6,40.78,49.47
9/30/2022 0:00,13.9,9.06,126.9,13.7,8.47,205.9,36.1,41.08
9/30/2022 1:00,12.94,9.02,133.7,13.06,8.57,199.4,21.42,33.63
9/30/2022 2:00,14.31,8.32,117.9,14.22,7.635,214.8,9.66,14.63
9/30/2022 3:00,11.3,8.45,124.6,10.85,8.03,209.3,0.002,1.114
9/30/2022 4:00,15.14,10.68,117.9,15.33,10.09,216.1,0.379,6.382
9/30/2022 5:00,19.66,11.97,113.6,19.28,11.34,220.5,5.266,15.2
9/30/2022 6:00,19.25,12.27,109,18.29,11.53,224.8,16.44,32.16
9/30/2022 7:00,18.15,12.4,112.6,18.47,11.71,220.9,26.17,33.49
9/30/2022 8:00,20.89,12.74,114.9,20.91,12.03,218.8,27.33,34.5
9/30/2022 9:00,24.59,11.83,98.8,21.2,10.54,234.5,21.42,31.7
9/30/2022 10:00,22.95,13.3,78.52,20.1,11.34,255.5,20.04,24.36
9/30/2022 11:00,24.04,12.08,97,21.32,10.87,235.6,20.43,30.98
9/30/2022 12:00,24.32,12.81,97.8,21.03,11.51,234.4,24.29,29.49
9/30/2022 13:00,16.51,10.6,107.3,16.61,9.62,225.1,19.1,32.16
9/30/2022 14:00,13.9,9.36,115.7,13.88,8.58,216.4,33.48,38.14
9/30/2022 15:00,11.57,7.621,111.2,11.43,6.768,220.8,13.86,23.31
9/30/2022 16:00,13.36,8.03,95.6,12.31,6.814,236.5,31.37,38.01
9/30/2022 17:00,13.49,6.624,97.6,12.48,5.416,233,30.21,36.07
9/30/2022 18:00,14.59,7.804,109.4,14.86,6.951,222.9,6.016,18.99
9/30/2022 19:00,15,7.972,111.8,14.92,7.247,221,0.002,1.361
9/30/2022 20:00,13.9,10.01,121,13.99,9.43,212.5,0,0
9/30/2022 21:00,12.67,9.57,126.4,12.36,9.07,207,0,0
9/30/2022 22:00,12.94,10.02,126.7,13.06,9.38,206.8,2.284,8.72
9/30/2022 23:00,14.86,11.48,117.9,14.81,10.88,216.2,0.004,1.665
10/1/2022 0:00,16.23,10.2,111.4,14.98,9.32,222.1,1.757,8.1
10/1/2022 1:00,14.86,10.75,117.6,14.46,10.16,215.9,5.085,15.72
10/1/2022 2:00,18.42,11.61,117.2,17.48,11.09,216.2,15.25,17.89
10/1/2022 3:00,17.6,10.49,108.7,16.61,9.75,225.4,7.344,13.61
10/1/2022 4:00,18.42,11.14,107.3,17.07,10.35,225.9,8.19,19.54
10/1/2022 5:00,16.23,11.32,111.8,16.14,10.76,222.3,19.81,24.12
10/1/2022 6:00,20.07,10.7,100.5,18.35,9.49,232,25.79,30.34
10/1/2022 7:00,19.79,11.63,100.6,18.06,10.52,232.8,35.06,42.47
10/1/2022 8:00,17.19,11.59,101.2,16.84,10.44,231.5,41.58,50.86
10/1/2022 9:00,20.62,12.57,101.8,20.79,11.48,231.2,56.42,61.53
10/1/2022 10:00,22.67,13.49,99.8,20.62,12.24,232.4,60.53,61.48
10/1/2022 11:00,17.88,12.72,105.1,18.12,11.78,227.1,60.32,61.01
10/1/2022 12:00,18.97,12.67,105,18.82,11.76,227.6,59.57,60.94
10/1/2022 13:00,19.93,11.06,112.5,18.7,10.23,220.3,47.31,56.95
10/1/2022 14:00,17.19,9.65,110.1,17.19,8.87,222.5,54.67,59.68
10/1/2022 15:00,20.34,12.33,110.9,20.56,11.55,222.1,47.23,60.47
10/1/2022 16:00,18.84,12.63,113.3,18.76,11.95,219.7,39.42,45.42
10/1/2022 17:00,16.37,12.26,108.4,16.14,11.46,224.5,44.62,48.31
10/1/2022 18:00,17.88,13.34,106.3,17.71,12.36,226.4,40.63,44.71
10/1/2022 19:00,18.29,13.61,106.4,18.41,12.75,225.9,39.88,45.41
10/1/2022 20:00,17.47,13.38,108.1,17.19,12.61,224.9,36.9,45.54
10/1/2022 21:00,14.73,12.05,107.1,14.4,11.23,225.1,39.31,46.25
10/1/2022 22:00,16.92,11.69,110.1,16.67,10.95,223,49.71,55.64
10/1/2022 23:00,16.37,11.11,109.1,16.61,10.3,224.3,54.57,58.39
10/2/2022 0:00,18.7,13.58,106.1,18.47,12.64,226.4,48.66,55.49
10/2/2022 1:00,16.51,12.22,118.3,16.67,11.56,215.7,49.51,53.26
10/2/2022 2:00,14.73,11.39,119.8,14.63,10.68,214.4,49.48,50.87
10/2/2022 3:00,13.63,8.66,114.5,13.53,7.866,219.3,51.72,55.55
10/2/2022 4:00,14.59,9.93,108.3,14.34,8.92,225.5,48.39,51.8
10/2/2022 5:00,15.68,10.36,113.8,15.5,9.51,220.1,51.6,55.44
10/2/2022 6:00,13.77,7.996,101.6,13.41,6.965,231,46.84,52.68
10/2/2022 7:00,12.67,8.42,106.3,13.06,7.809,227.2,34.86,43.56
10/2/2022 8:00,11.85,8.38,107.4,11.32,7.763,225.8,26.75,33.82
10/2/2022 9:00,14.04,8.94,105.1,13.93,8.13,227.9,26.21,37.97
10/2/2022 10:00,15.55,9.93,109,15.62,9.21,224.4,30.47,45.21
10/2/2022 11:00,16.09,9.72,108.2,16.2,8.91,224.5,26.38,43.96
10/2/2022 12:00,14.18,10.11,105.9,13.82,9.25,226.3,23,31.77
10/2/2022 13:00,14.45,9.69,104.1,13.7,8.82,228.9,24.06,34.12
10/2/2022 14:00,14.18,8.22,111.2,14.46,7.528,221.4,16.84,21.69
10/2/2022 15:00,11.71,7.157,106.7,11.49,6.276,225.3,13.19,16.54
10/2/2022 16:00,11.3,6.755,117.8,11.26,6.134,214.8,19.9,30.22
10/2/2022 17:00,12.12,7.721,117.9,11.67,7.136,215,20.58,24.05
10/2/2022 18:00,11.44,7.538,115.4,11.14,6.851,217.4,10.21,16.49
10/2/2022 19:00,11.99,7.361,114.1,12.13,6.671,218,9.37,15.26
10/2/2022 20:00,10.62,7.376,114.5,10.62,6.705,218.2,9.59,14.65
10/2/2022 21:00,11.85,7.952,115.7,11.78,7.292,217.3,7.741,13.46
10/2/2022 22:00,11.44,8.49,125.4,11.26,8.02,207.6,14.18,18.11
10/2/2022 23:00,11.57,8.44,126.4,11.67,7.959,206.7,15.04,17.51
10/3/2022 0:00,12.67,8.7,121.6,12.6,8.14,211.6,11.88,14.18
10/3/2022 1:00,11.85,8.18,120.9,11.55,7.653,212.5,11.19,15.67
10/3/2022 2:00,10.62,7.136,119.8,11.38,6.571,213.6,9.24,13.25
10/3/2022 3:00,10.34,7.714,115.3,10.16,7.241,219,7.563,11.65
10/3/2022 4:00,10.75,7.949,114.6,10.56,7.526,220.2,10.06,14.84
10/3/2022 5:00,9.79,6.906,104.6,9.92,6.222,229.7,14.16,17.66
10/3/2022 6:00,10.89,8.06,102.9,11.03,7.405,231.4,20.08,23.5
10/3/2022 7:00,11.16,8.33,105.6,10.79,7.741,227.7,25.94,29.5
10/3/2022 8:00,9.93,7.682,107.6,10.21,7.049,224.3,28.46,31.75
10/3/2022 9:00,10.62,7.719,106.4,10.68,7.104,226.6,29.56,32.38
10/3/2022 10:00,10.07,6.72,105.8,9.98,6.089,227.3,30.58,37.69
10/3/2022 11:00,10.48,7.152,103.7,10.45,6.455,229.4,31.05,36.98
10/3/2022 12:00,8.97,5.408,109.1,9.11,4.836,223.7,26.57,31.94
10/3/2022 13:00,7.738,4.745,120.6,7.83,4.235,211.6,24.31,29.33
10/3/2022 14:00,9.52,6.007,122.1,9.52,5.444,210.5,24.53,30.45
10/3/2022 15:00,7.053,4.837,130,6.783,4.337,201.4,20.3,23.78
10/3/2022 16:00,7.327,4.47,132.6,7.19,3.969,198.9,20.7,24.13
10/3/2022 17:00,6.642,2.926,118.1,7.016,2.256,209.9,46.96,57.06
10/3/2022 18:00,5.82,2.686,91.9,4.691,1.816,235,44.28,51.88
10/3/2022 19:00,6.094,2.783,112.5,6.086,1.921,201,46.27,59.1
10/3/2022 20:00,4.724,1.668,241.3,4.633,1.112,92.7,43.1,52.82
10/3/2022 21:00,3.628,1.613,136.7,3.005,0.845,227.5,31.1,35.87
10/3/2022 22:00,13.49,5.905,153.3,13.88,5.15,177.9,31.11,45.15
10/3/2022 23:00,12.94,8.45,156.6,12.95,7.688,176.9,45.63,48.63
10/4/2022 0:00,10.75,5.445,113.6,10.21,4.282,217,42.56,51.91
10/4/2022 1:00,8.56,3.687,108.6,8,2.337,220.6,NAN,NAN
10/4/2022 2:00,9.52,3.889,100.5,9.23,2.77,237.7,36.66,41.87
10/4/2022 3:00,15.14,10.17,147.6,15.15,9.59,186,49.5,56.77
10/4/2022 4:00,14.59,9.76,158.4,14.34,9.07,175.1,56.54,58.43
10/4/2022 5:00,15.27,5.866,132.9,15.33,4.961,201.2,60.35,62.54
10/4/2022 6:00,20.34,9.89,29.42,17.31,8.65,300.7,60.91,61.63
10/4/2022 7:00,19.93,10.75,49.14,19.11,9.37,281.7,60.82,62.3
10/4/2022 8:00,16.78,7.366,57.28,15.79,6.507,277.2,61.35,62.93
10/4/2022 9:00,15.14,6.986,44.28,14.75,5.946,287.4,61.46,62.98
10/4/2022 10:00,14.31,7.31,53.96,13.88,6.136,277.9,61.35,62.34
10/4/2022 11:00,16.51,6.017,111,15.33,5.312,222,61.22,62.16
10/4/2022 12:00,12.4,6.329,118.1,11.03,5.594,214.7,61.19,61.75
10/4/2022 13:00,15,7.09,137.5,13.29,6.414,196,61.67,63.01
10/4/2022 14:00,13.63,7.304,143.2,14.69,6.773,188,62.38,63.2
10/4/2022 15:00,17.05,7.863,134.9,15.79,7.546,196.9,62.25,62.81
10/4/2022 16:00,17.33,10.01,41.62,16.78,9.05,288.8,61.92,62.55
10/4/2022 17:00,18.56,8.92,81.2,18.41,8.68,251.6,61.99,62.66
10/4/2022 18:00,18.01,8.85,56.29,19.34,8.69,275.2,61.81,62.35
10/4/2022 19:00,15.27,9.51,59.46,17.19,9.37,272.7,61.71,62.42
10/4/2022 20:00,19.66,10.37,44.56,21.72,10.37,286.6,61.9,62.47
10/4/2022 21:00,15.82,9.55,48.47,19.4,9.58,283.2,61.72,62.18
10/4/2022 22:00,16.37,5.905,57.36,17.36,9.33,268.9,61.64,62.01
10/4/2022 23:00,0,0,0,17.31,10.97,239.9,61.57,62.04
10/5/2022 0:00,0,0,0,16.84,10.63,228.2,61.44,62.05
10/5/2022 1:00,0,0,0,16.61,11.29,229.3,61.36,61.77
10/5/2022 2:00,0,0,0,16.84,11.78,225.3,61.43,61.8
10/5/2022 3:00,0,0,0,22.77,12.21,227.8,61.31,61.68
10/5/2022 4:00,0,0,0,18.41,12.65,227.6,61.34,61.92
10/5/2022 5:00,0,0,0,18.12,11.7,225.5,61.56,62
10/5/2022 6:00,0,0,0,17.01,11.28,228,61.9,62.69
10/5/2022 7:00,0,0,0,13.76,9.02,228.2,62.03,64.31
10/5/2022 8:00,0,0,0,15.56,9.04,229.5,62.06,63.89
10/5/2022 9:00,0,0,0,12.71,9.24,230.1,62.03,63.98
10/5/2022 10:00,0,0,0,13.18,8.87,228.5,62.02,62.74
10/5/2022 11:00,0,0,0,17.83,11.97,227.4,61.31,61.97
10/5/2022 12:00,0,0,0,18.24,12.73,228.5,60.51,60.99
10/5/2022 13:00,0,0,0,15.85,10.31,227.9,60.9,61.44
10/5/2022 14:00,0,0,0,17.31,12.42,228.6,61.17,61.49
10/5/2022 15:00,0,0,0,16.14,10.25,228,61.25,61.53
10/5/2022 16:00,0,0,0,13.53,8.36,227.8,61.11,61.56
10/5/2022 17:00,0,0,0,10.27,7.141,227.9,60.81,61.24
10/5/2022 18:00,0,0,0,8.53,7.091,227.7,60.89,61.2
10/5/2022 19:00,0,0,0,18,9.38,225.5,60.83,61.94
10/5/2022 20:00,0,0,0,18.41,12.76,229.5,60.74,61.03
10/5/2022 21:00,0,0,0,16.61,10.77,231.4,60.68,61
10/5/2022 22:00,0,0,0,12.6,9.06,232.8,60.58,60.87
10/5/2022 23:00,0,0,0,12.02,8.48,228.6,60.51,60.82
10/6/2022 0:00,0,0,0,14.4,8.39,226,60.31,60.67
10/6/2022 1:00,0,0,0,9.05,7.582,226.1,60.19,61.14
10/6/2022 2:00,0,0,0,8.88,7.051,228.1,60.19,60.48
10/6/2022 3:00,0,0,0,8.7,7.23,227.4,60.43,61.22
10/6/2022 4:00,0,0,0,8.99,7.456,226.6,61.71,62.92
10/6/2022 5:00,0,0,0,8.99,7.605,228.6,62.66,63.3
10/6/2022 6:00,0,0,0,8.64,6.783,228.8,62.48,62.94
10/6/2022 7:00,0,0,0,8.18,6.459,231.3,63.08,64.21
10/6/2022 8:00,0,0,0,8.24,6.385,229.3,63.27,65.31
10/6/2022 9:00,0,0,0,21.84,13.64,230.2,62.79,64.86
10/6/2022 10:00,0,0,0,20.15,14.65,226.8,62.18,62.82
10/6/2022 11:00,0,0,0,21.37,15.33,227.2,61.09,61.69
10/6/2022 12:00,0,0,0,21.08,16.17,226.7,60,60.74
10/6/2022 13:00,0,0,0,24.22,16.12,231.1,59.29,59.64
10/6/2022 14:00,0,0,0,23.12,15.69,229.7,59.37,59.74
10/6/2022 15:00,0,0,0,22.42,14.05,233.3,59.47,59.96
10/6/2022 16:00,0,0,0,20.15,14.17,234.3,59.67,59.99
10/6/2022 17:00,0,0,0,20.39,13.4,233.1,59.62,59.98
10/6/2022 18:00,0,0,0,20.27,12.89,229.9,59.77,60.08
10/6/2022 19:00,0,0,0,17.19,11.51,226.8,59.74,60.14
10/6/2022 20:00,0,0,0,17.31,10.75,225.7,59.96,60.25
10/6/2022 21:00,0,0,0,15.68,10.21,226.1,59.71,60.16
10/6/2022 22:00,0,0,0,20.79,10.04,226.5,59.61,59.95
10/6/2022 23:00,0,0,0,13.88,8.34,224.6,59.26,59.76
10/7/2022 0:00,0,0,0,13.7,9.12,225.2,59.07,59.39
10/7/2022 1:00,0,0,0,12.31,7.144,216.2,NAN,NAN
10/7/2022 2:00,0,0,0,11.03,7.934,218.1,58.85,59.54
10/7/2022 3:00,0,0,0,13,8.43,219.5,60.68,61.62
10/7/2022 4:00,0,0,0,12.65,8.08,227.3,61.71,62.41
10/7/2022 5:00,0,0,0,11.26,5.56,241.1,63.27,64.14
10/7/2022 6:00,0,0,0,11.32,7.128,234.1,63.32,63.93
10/7/2022 7:00,0,0,0,15.33,10.06,229.3,62.95,65.12
10/7/2022 8:00,0,0,0,15.56,9.37,230.9,62.89,65.12
10/7/2022 9:00,0,0,0,13.7,9.06,229.3,63.25,65.51
10/7/2022 10:00,0,0,0,15.62,10.11,228.1,62.54,63.61
10/7/2022 11:00,0,0,0,16.14,10.38,229.8,61.94,62.75
10/7/2022 12:00,0,0,0,17.25,11.3,225.9,60.89,62.21
10/7/2022 13:00,0,0,0,13.99,7.803,224.4,60.22,60.55
10/7/2022 14:00,0,0,0,10.39,6.37,218.9,59.98,60.47
10/7/2022 15:00,0,0,0,12.71,7.842,223.7,59.97,60.56
10/7/2022 16:00,0,0,0,13.12,8.68,228.3,60.52,61.05
10/7/2022 17:00,0,0,0,10.27,6.663,224.2,60.53,61
10/7/2022 18:00,0,0,0,10.27,5.269,216.7,60.35,60.9
10/7/2022 19:00,0,0,0,7.132,4.33,199.2,60.1,60.51
10/7/2022 20:00,0,0,0,7.597,4.488,218.2,59.71,60.19
10/7/2022 21:00,0,0,0,8.88,3.796,220.5,59.56,60.3
10/7/2022 22:00,0,0,0,10.5,6.147,228.3,60.36,61.17
10/7/2022 23:00,0,0,0,9.86,5.653,221.4,59.64,60.43
10/8/2022 0:00,0,0,0,10.85,5.608,218.8,59.04,59.41
10/8/2022 1:00,0,0,0,7.772,5.073,217.8,59.33,60.63
10/8/2022 2:00,0,0,0,6.958,4.537,225.1,60.97,61.82
10/8/2022 3:00,0,0,0,6.842,4.397,211.9,61.77,62.19
10/8/2022 4:00,0,0,0,6.435,3.846,205.4,63.27,64.6
10/8/2022 5:00,0,0,0,5.737,3.698,199.1,64.59,65.41
10/8/2022 6:00,0,0,0,6.725,3.958,200.3,65.13,65.72
10/8/2022 7:00,0,0,0,4.458,2.075,230.7,65.55,67.28
10/8/2022 8:00,0,0,0,5.214,1.245,231.8,65.62,68.09
10/8/2022 9:00,0,0,0,4.633,1.228,266.6,66.4,68.38
10/8/2022 10:00,0,0,0,5.33,3.494,234.4,64.76,65.65
10/8/2022 11:00,0,0,0,5.795,3.67,230.3,62.98,63.9
10/8/2022 12:00,0,0,0,4.284,2.793,219.1,61.33,62.82
10/8/2022 13:00,0,0,0,7.074,3.797,213.3,60.01,61.16
10/8/2022 14:00,0,0,0,10.1,5.567,212.7,59.66,60.26
10/8/2022 15:00,0,0,0,11.49,6.047,213.2,59.93,60.97
10/8/2022 16:00,0,0,0,8,5.375,201.8,59.71,60.08
10/8/2022 17:00,0,0,0,8.76,5.865,208.1,59.43,59.82
10/8/2022 18:00,0,0,0,10.56,6.356,219.1,59.41,59.73
10/8/2022 19:00,0,0,0,9.28,5.722,215.6,59.38,59.7
10/8/2022 20:00,0,0,0,7.83,5.094,200.8,59.24,59.55
10/8/2022 21:00,0,0,0,8.82,4.778,205.8,59.09,59.41
10/8/2022 22:00,0,0,0,7.016,3.791,202.1,58.81,59.21
10/8/2022 23:00,0,0,0,7.132,3.346,212.7,58.58,58.9
10/9/2022 0:00,0,0,0,7.016,3.263,200.7,58.79,59.6
10/9/2022 1:00,0,0,0,4.574,2.727,202.2,58.73,59.16
10/9/2022 2:00,0,0,0,3.412,1.514,164.2,58.99,60.99
10/9/2022 3:00,0,0,0,3.819,2.001,162,60.56,61.83
10/9/2022 4:00,0,0,0,5.621,3.156,197.4,62.84,63.99
10/9/2022 5:00,0,0,0,5.911,3.829,216.2,64.04,64.51
10/9/2022 6:00,0,0,0,6.318,4.194,215.9,63.96,64.54
10/9/2022 7:00,0,0,0,11.78,5.592,231.4,63.5,66.44
10/9/2022 8:00,0,0,0,13.18,7.68,230.3,62.11,64.75
10/9/2022 9:00,0,0,0,13.47,8.18,235.2,61.51,63.49
10/9/2022 10:00,0,0,0,15.85,9.78,238.4,60.87,61.68
10/9/2022 11:00,0,0,0,14.17,8.64,236.1,60.57,61.31
10/9/2022 12:00,0,0,0,20.68,7.842,235.5,59.95,60.56
10/9/2022 13:00,0,0,0,16.55,8.99,233.5,59.98,60.6
10/9/2022 14:00,0,0,0,13.88,7.752,225.1,59.66,60.11
10/9/2022 15:00,0,0,0,9.46,5.258,217.3,60.02,60.64
10/9/2022 16:00,0,0,0,9.92,5.004,233.6,60.51,61.04
10/9/2022 17:00,0,0,0,10.27,5.289,238.4,60.56,60.97
10/9/2022 18:00,0,0,0,14.92,7.723,236.7,60.67,61.01
10/9/2022 19:00,0,0,0,11.03,6.836,226.4,60.55,60.89
10/9/2022 20:00,0,0,0,9.57,5.671,222.8,60.41,60.74
10/9/2022 21:00,0,0,0,7.539,4.841,208.6,59.92,60.51
10/9/2022 22:00,0,0,0,8.99,4.893,214.7,59.59,60.14
10/9/2022 23:00,0,0,0,11.03,5.133,234,59.97,60.29
10/10/2022 0:00,0,0,0,12.07,5.345,224.9,59.73,60.2
10/10/2022 1:00,0,0,0,10.39,5.505,219.6,NAN,NAN
10/10/2022 2:00,0,0,0,15.27,7.11,239.3,60.37,61.14
10/10/2022 3:00,0,0,0,15.39,7.204,239.8,60.7,61.49
10/10/2022 4:00,0,0,0,10.68,5.814,216.5,61.59,62.76
10/10/2022 5:00,0,0,0,10.39,5.531,220.5,62.48,63.25
10/10/2022 6:00,0,0,0,10.27,6.181,237.1,62.01,62.93
10/10/2022 7:00,0,0,0,17.83,9.28,231.7,61.37,63.7
10/10/2022 8:00,0,0,0,18.35,11.47,224,60.6,61.42
10/10/2022 9:00,0,0,0,20.62,9.73,227.1,61.12,62.82
10/10/2022 10:00,0,0,0,18.24,9.78,229.2,60.25,61.85
10/10/2022 11:00,0,0,0,17.77,9.77,224.3,59.72,60.23
10/10/2022 12:00,0,0,0,16.49,9.76,227.3,59.48,60.67
10/10/2022 13:00,0,0,0,16.26,11.32,218.5,58.87,60.33
10/10/2022 14:00,0,0,0,15.62,9.58,219.5,59.85,60.71
10/10/2022 15:00,0,0,0,16.32,8.13,214,59.84,60.39
10/10/2022 16:00,0,0,0,18,10.27,233.8,60.57,61.1
10/10/2022 17:00,0,0,0,21.55,11.59,239.9,60.54,60.89
10/10/2022 18:00,0,0,0,21.43,11.34,238.4,60.57,60.89
10/10/2022 19:00,0,0,0,18.88,10.43,229.6,60.46,60.78
10/10/2022 20:00,0,0,0,17.36,9.64,227.2,60.36,60.68
10/10/2022 21:00,0,0,0,17.95,10.06,228.6,60.44,60.81
10/10/2022 22:00,0,0,0,18.47,11.97,223.1,60.2,60.85
10/10/2022 23:00,0,0,0,19.98,11.6,222.3,60.28,60.64
10/11/2022 0:00,0,0,0,18.88,11.82,221.4,59.75,60.45
10/11/2022 1:00,0,0,0,19.86,10.19,230.3,59.74,60.08
10/11/2022 2:00,0,0,0,23.87,11.02,229.6,60.05,60.61
10/11/2022 3:00,27.74,1.379,107.9,29.34,12.34,229.5,60.06,60.73
10/11/2022 4:00,25.14,15.87,105.1,24.22,14.45,227.6,60.04,61.03
10/11/2022 5:00,23.77,14.83,100.7,23.87,13.31,232.1,59.85,60.55
10/11/2022 6:00,23.08,12.98,97.4,22.25,11.28,234,60.17,61.36
10/11/2022 7:00,33.63,15.24,102.9,30.15,13.82,229.8,60.47,61.71
10/11/2022 8:00,28.43,16.58,101.5,24.92,14.89,230.7,60.59,62.49
10/11/2022 9:00,29.93,18.39,100.6,27.65,16.58,231.5,60.75,63.57
10/11/2022 10:00,36.1,17.63,105.5,32.42,16.69,226.9,60.61,62.83
10/11/2022 11:00,26.23,16.79,106.5,25.73,16.39,225.9,60.77,61.84
10/11/2022 12:00,20.48,14.66,108.7,22.13,15.08,223.7,60.7,61.18
10/11/2022 13:00,19.79,12.9,106.2,23.58,13.84,226.2,60.58,60.93
10/11/2022 14:00,19.52,12.78,108.3,22.19,13.8,223.9,60.63,60.95
10/11/2022 15:00,18.42,10.42,104.1,20.27,11.05,226.6,60.64,61.03
10/11/2022 16:00,16.37,8.7,87.6,18.12,8.95,242.7,60.7,61.28
10/11/2022 17:00,13.36,9.84,102.5,15.27,10.36,228.8,60.53,60.98
10/11/2022 18:00,13.36,9.9,103.1,14.92,10.55,228.2,60.32,60.61
10/11/2022 19:00,16.51,10.26,105.8,18.53,11.23,226.3,60.36,60.64
10/11/2022 20:00,15.55,10.87,106.4,19.98,12.18,224.6,60.34,60.65
10/11/2022 21:00,15.14,10,104.2,18.64,11.21,227.1,60.2,60.5
10/11/2022 22:00,12.53,9.02,101.2,15.74,10.12,230,60.17,61.72
10/11/2022 23:00,14.04,8.76,102.8,19.86,10.54,227.8,60.28,60.61
10/12/2022 0:00,13.22,8.1,101.9,18.88,11.24,228.6,60.38,60.66
10/12/2022 1:00,11.57,7.828,101.8,18.35,11.18,231,60.33,60.62
10/12/2022 2:00,14.45,8.24,101.6,19.63,11.76,232.1,60.38,60.77
10/12/2022 3:00,10.89,7.882,104.9,17.83,11.65,226.9,60.38,60.68
10/12/2022 4:00,11.85,7.88,102.6,18.7,9.8,229,60.45,61.19
10/12/2022 5:00,15.68,8,90.6,25.56,11.9,240.1,60.75,61.95
10/12/2022 6:00,16.09,7.898,92.6,24.75,13.41,239,60.89,61.47
10/12/2022 7:00,10.34,6.269,102.4,18.24,12.24,227,60.81,61.66
10/12/2022 8:00,14.73,6.044,103.8,20.21,11.91,226.5,60.99,63.02
10/12/2022 9:00,10.07,5.405,108.3,18.88,11.23,223.4,61.13,63
10/12/2022 10:00,8.7,5.432,97.1,22.01,12.64,231.1,61.08,61.46
10/12/2022 11:00,10.75,7.159,99.1,29.75,16.83,230,59.73,60.76
10/12/2022 12:00,11.03,7.696,102.7,30.44,18.93,227,59.67,60.3
10/12/2022 13:00,11.16,7.065,96.8,26.61,17.85,232.2,58.5,59.45
10/12/2022 14:00,9.38,6.063,99.9,26.2,17.6,230.5,57.91,58.29
10/12/2022 15:00,15.14,5.581,98.1,30.91,17.05,232.4,57.82,58.37
10/12/2022 16:00,9.11,6.074,101.7,27.83,17.33,230.1,57.78,58.1
10/12/2022 17:00,14.31,8.43,98.4,28.87,18.3,231.8,57.79,58.24
10/12/2022 18:00,16.78,10.21,99.7,29.92,19.41,230.5,57.4,58.25
10/12/2022 19:00,18.84,10.81,100,27.01,18.73,230.4,58.05,59.29
10/12/2022 20:00,18.15,12.55,103.1,30.44,22.2,227.8,54.17,59.07
10/12/2022 21:00,21.85,14.56,102.7,32.77,22.46,228,54.08,58.61
10/12/2022 22:00,29.8,21.31,105.4,34.16,25.12,225.7,54.06,59.18
10/12/2022 23:00,34.86,22.8,107.9,37.36,23.51,224.1,51.71,65.66
10/13/2022 0:00,33.22,23.18,106.2,34.05,23.19,225.6,59.27,105.7
10/13/2022 1:00,33.49,23.58,103.9,34.34,23.46,226.9,NAN,NAN
10/13/2022 2:00,29.25,22.02,103.4,30.15,22.05,226.9,59.54,66.16
10/13/2022 3:00,34.73,25.47,103.1,35.21,25.46,227.8,46.45,71.18
10/13/2022 4:00,39.93,24.81,104.5,38.64,24.39,227.3,33.38,62.07
10/13/2022 5:00,32.67,24.15,105.9,34.11,23.71,226.1,29.33,50.74
10/13/2022 6:00,37.88,23.51,103.9,35.33,22.74,228.8,39.98,58.7
10/13/2022 7:00,35.96,22.73,106.6,36.95,21.98,226.5,30.59,47.99
10/13/2022 8:00,35.82,17.71,105.4,36.49,16.34,227.1,27.35,47.92
10/13/2022 9:00,34.59,20.12,102.4,34.75,18.43,229.9,24.78,40.27
10/13/2022 10:00,49.93,19.36,80.1,44.28,16.25,250.8,26.65,61.81
10/13/2022 11:00,39.66,23.68,70.21,35.91,19.69,262,22.49,39.56
10/13/2022 12:00,42.95,23.53,71.89,37.59,19.65,260,21.15,39.19
10/13/2022 13:00,43.36,22.69,68.64,36.55,18.78,263.3,19.43,35.83
10/13/2022 14:00,44.18,20.67,62.51,37.71,16.97,269.3,18.77,36.26
10/13/2022 15:00,39.8,21.29,59.32,34.75,17.39,272.1,17.16,34.64
10/13/2022 16:00,45,23.21,65.72,37.13,19.15,266.3,15.63,32.37
10/13/2022 17:00,42.81,22.03,67.74,36.55,18.31,264.3,13.78,27.62
10/13/2022 18:00,39.52,22.27,62.75,34.75,18.3,268.7,13.55,24.78
10/13/2022 19:00,38.43,21.35,69.23,32.07,17.72,263.4,13.74,25.3
10/13/2022 20:00,43.22,22.85,73.54,34.8,19.07,258.8,16.98,33.63
10/13/2022 21:00,40.48,23.07,75.74,34.8,19.31,256.9,18.73,38.28
10/13/2022 22:00,42.26,23.33,76.34,36.9,19.62,255.4,16.2,29.48
10/13/2022 23:00,38.56,21.79,73.29,33.41,18.16,258.7,15.57,28.53
10/14/2022 0:00,38.84,21.26,77.59,32.3,17.73,254.3,14.94,27.03
10/14/2022 1:00,39.11,22.27,75.46,33.18,18.54,256.8,13.85,23.8
10/14/2022 2:00,37.74,21.4,80.9,33.52,18.08,251.1,13.75,29.24
10/14/2022 3:00,38.29,21.29,83.9,32.07,18.11,248.4,14.15,25.88
10/14/2022 4:00,37.19,22.32,89.9,31.78,19.73,240.7,15.46,27.53
10/14/2022 5:00,36.23,22.16,92.4,30.91,19.68,240,15.07,21.5
10/14/2022 6:00,35.69,21.36,96.5,32.42,19.21,235.9,18.92,26.17
10/14/2022 7:00,35.69,21.22,94.1,30.85,18.88,238.9,19.97,24.56
10/14/2022 8:00,35.55,21.01,96,31.08,18.71,236.2,22.43,26.57
10/14/2022 9:00,32.54,20.55,93,28.99,18.08,239.8,25.58,28.93
10/14/2022 10:00,34.32,19.36,90.7,28.35,16.72,241.7,26.13,30.09
10/14/2022 11:00,32.12,19.23,88.8,28.76,16.53,243.8,27.96,31.06
10/14/2022 12:00,29.93,18.83,91.9,25.62,16.38,239.8,25.33,31.78
10/14/2022 13:00,30.48,18.39,92.8,26.2,16.11,238.2,21.52,25.52
10/14/2022 14:00,34.59,19.52,93.4,30.33,17.13,237.8,20.26,23.98
10/14/2022 15:00,33.22,18.7,89.6,29.75,16.13,242.7,17.25,23.6
10/14/2022 16:00,32.81,18.99,85.7,28.23,16.26,246.3,14.03,19.24
10/14/2022 17:00,32.95,18.75,82.6,28.12,15.78,249.1,11.95,17.02
10/14/2022 18:00,37.88,19.35,82.5,31.32,16.34,248.8,11.83,17.01
10/14/2022 19:00,35.82,19.88,80.7,30.39,16.78,251.6,11.33,21.47
10/14/2022 20:00,36.1,19.01,79.94,31.55,15.91,250.5,11.33,18.72
10/14/2022 21:00,39.8,20.28,75.91,33.7,17,256.2,13.37,26.52
10/14/2022 22:00,41.03,19.34,71.32,36.32,16.03,258.5,12.95,29.49
10/14/2022 23:00,39.25,18.56,74.31,33.47,15.25,256.9,13.19,24.79
10/15/2022 0:00,39.39,19.32,78.63,33.41,16.1,253.5,13.8,30.91
10/15/2022 1:00,35.82,18.97,79.36,30.85,15.86,252,9.07,21.9
10/15/2022 2:00,34.59,17.09,78.48,28.64,13.97,252.6,10.49,27.38
10/15/2022 3:00,32.54,17.26,72,29.11,14.19,260.1,2.476,12.74
10/15/2022 4:00,36.23,18.4,74.85,29.8,15.31,257.8,5.776,16.53
10/15/2022 5:00,39.39,19.68,69.44,34.11,16.17,263.9,8.97,20.46
10/15/2022 6:00,39.11,21.07,79.25,32.07,17.75,253.9,14.47,27.48
10/15/2022 7:00,37.6,20.28,81.2,32.19,17.12,252,13.84,19.77
10/15/2022 8:00,37.33,20.33,85.6,31.14,17.31,247.2,15.55,19.64
10/15/2022 9:00,37.74,19.61,85.5,31.03,16.63,247.6,16.83,20.53
10/15/2022 10:00,37.33,19.85,86.9,31.37,16.86,245.5,16.3,20.93
10/15/2022 11:00,35.82,18.48,73.81,30.04,15.1,257.7,14.45,18.13
10/15/2022 12:00,35.55,18.85,76.52,31.78,15.71,256.2,10.31,25.83
10/15/2022 13:00,36.65,17.99,70.53,30.5,14.75,261.4,5.42,20.07
10/15/2022 14:00,32.81,17.42,73.07,29.28,14.2,258.9,2.198,11.6
10/15/2022 15:00,32.67,17.63,72.22,27.42,14.44,259.8,3.001,17.38
10/15/2022 16:00,38.84,17.51,81,31.14,14.63,250.7,5.138,19.4
10/15/2022 17:00,35.96,16.64,75.99,31.61,13.55,255.4,7.63,16.56
10/15/2022 18:00,39.39,19.08,73.55,33.35,15.81,258.9,6.222,14.93
10/15/2022 19:00,45.41,21.08,73.19,37.88,17.52,259,2.645,11.29
10/15/2022 20:00,42.95,20.69,70.21,35.79,17.1,261.6,6.356,18.03
10/15/2022 21:00,41.44,18.68,71.27,35.56,15.21,260.5,7.884,31.65
10/15/2022 22:00,39.11,20.67,71.7,31.96,17.07,260.9,7.994,25.94
10/15/2022 23:00,39.25,19.85,70.03,34.75,16.29,261.8,3.541,18.32
10/16/2022 0:00,44.32,19.3,71.67,35.62,15.86,261.1,5.274,18.71
10/16/2022 1:00,36.1,19.24,75.42,29.69,16.04,257,NAN,NAN
10/16/2022 2:00,39.11,19.25,85.2,33.99,16.43,246.9,1.165,11
10/16/2022 3:00,38.43,20.21,83.9,33.47,17.04,248.8,3.189,16.84
10/16/2022 4:00,37.6,20.49,79.91,31.78,17.21,252.7,2.444,11.34
10/16/2022 5:00,35.28,20.05,74.78,29.86,16.61,257.6,7.104,18.69
10/16/2022 6:00,38.02,17.86,86.1,33.06,14.97,246.3,15.16,29.03
10/16/2022 7:00,40.62,19.15,88.2,33.82,16.19,244.6,17.1,25.31
10/16/2022 8:00,36.65,20.05,90.1,31.78,17.23,242.3,17.28,26.69
10/16/2022 9:00,36.23,19.87,85.7,30.21,16.88,247.2,15.99,31.1
10/16/2022 10:00,33.22,20.06,88.4,28.93,17.32,244.2,13.78,18.67
10/16/2022 11:00,32.67,19.26,96.4,28.64,17.08,235.9,11.15,20.96
10/16/2022 12:00,34.86,19.54,101.3,32.07,17.6,230.8,6.494,13.64
10/16/2022 13:00,34.86,20.6,95.8,30.39,18.33,236.5,2.727,15.24
10/16/2022 14:00,33.77,18.95,95,29.11,16.53,236.6,1.314,6.775
10/16/2022 15:00,29.66,17.01,97.2,26.2,14.89,233.4,0.959,10.66
10/16/2022 16:00,29.25,15.38,100.1,26.61,13.65,231,0,0
10/16/2022 17:00,25.14,14.91,101.2,23.82,13.36,230.5,0,0
10/16/2022 18:00,30.21,15.31,93.8,25.85,13.16,237.9,0,0
10/16/2022 19:00,29.8,18.17,90.8,26.67,15.75,241.2,0,0
10/16/2022 20:00,32.4,19.78,92.9,29.4,17,238,3.486,14.16
10/16/2022 21:00,31.3,20.3,92.3,28.82,17.04,239,8.31,11.36
10/16/2022 22:00,30.62,19.91,91.2,26.9,16.54,239.8,11.51,19.39
10/16/2022 23:00,29.38,18.79,88.4,24.86,15.78,242.5,10.62,12.63
10/17/2022 0:00,29.52,19.12,89.1,25.79,16.11,241.2,12.18,14.87
10/17/2022 1:00,29.8,18.32,97,27.42,16.03,233.1,13.81,15.4
10/17/2022 2:00,29.38,18.64,99.5,27.07,16.39,231,13.68,16.02
10/17/2022 3:00,31.58,19.02,95.6,28.06,16.28,234.9,14.18,16.13
10/17/2022 4:00,30.34,19.42,94,26.37,16.44,237,15.24,18.09
10/17/2022 5:00,31.71,19.35,95.7,27.94,16.89,236.3,16.4,18.97
10/17/2022 6:00,34.59,20.67,90.5,29.69,17.74,241.1,18.13,20.38
10/17/2022 7:00,37.33,20.62,90,32.48,17.59,242,20.66,23.28
10/17/2022 8:00,34.18,20.75,86.4,31.32,17.56,245.4,22.67,26.37
10/17/2022 9:00,33.91,20.5,90.2,30.68,17.46,241.7,24.86,27.45
10/17/2022 10:00,30.75,19.27,100.6,27.71,17.26,230.7,26.65,30.23
10/17/2022 11:00,31.44,19.47,101.6,30.04,17.65,229.4,23.88,28.46
10/17/2022 12:00,28.01,18.9,101.4,27.07,17.15,229.6,19.57,23.49
10/17/2022 13:00,32.4,18.96,101.6,29.46,17.08,228.5,13.4,17.25
10/17/2022 14:00,33.49,20.35,97.9,29.11,18.11,233.5,8.87,12.69
10/17/2022 15:00,35.82,22.03,82.4,30.62,18.57,248.6,12.7,16.18
10/17/2022 16:00,39.39,21.36,82.4,34.11,17.83,247.4,14.23,20.17
10/17/2022 17:00,37.74,21.61,76.85,31.84,17.97,249.5,14.29,21.3
10/17/2022 18:00,39.8,21.96,77.88,35.09,18.48,249.7,11.8,19.65
10/17/2022 19:00,38.7,22.56,86.4,33.41,19.21,244.4,12.78,19.74
10/17/2022 20:00,39.11,21.87,85.5,34.34,18.59,244.2,13.71,22.07
10/17/2022 21:00,38.43,19.2,81.5,33.64,15.69,250.4,15.1,23.69
10/17/2022 22:00,36.51,16.06,82.8,33.18,12.74,247.5,18.84,33.96
10/17/2022 23:00,27.06,14.36,103.4,23,12.45,227.8,20.17,32.22
10/18/2022 0:00,33.08,18.33,107.6,33.52,16.84,224.3,13.15,22.86
10/18/2022 1:00,31.58,15.28,106.3,30.04,13.65,224.4,18.32,34.25
10/18/2022 2:00,28.84,12.77,92.7,25.62,10.15,234.8,24.17,40.37
10/18/2022 3:00,44.45,18.95,62.71,39.69,15.09,267.6,21.08,35.66
10/18/2022 4:00,42.54,22.68,58.93,37.3,18.61,272.4,18.31,35.39
10/18/2022 5:00,42.54,23.24,69.71,36.61,19.12,261.9,17.11,27.03
10/18/2022 6:00,48.15,22.86,75.66,39.4,19.05,257,20.08,36.56
10/18/2022 7:00,48.7,21.33,82.9,39.69,17.9,249.1,23.87,40.47
10/18/2022 8:00,39.39,18.67,83,32.94,15.55,249,27.38,43.12
10/18/2022 9:00,42.67,20.96,82.4,35.44,17.69,249.3,26.54,39.51
10/18/2022 10:00,44.45,22.07,76.41,36.08,18.52,255.7,27.93,41.75
10/18/2022 11:00,47.74,23.84,77.09,40.85,19.94,255.2,29.32,37.59
10/18/2022 12:00,44.45,24.51,79.95,38.41,20.68,251.3,26.8,41.46
10/18/2022 13:00,46.51,26.76,74.22,38.58,22.37,257.6,20.73,35
10/18/2022 14:00,47.06,26.72,84.7,40.62,22.81,246.7,16.08,26.39
10/18/2022 15:00,44.04,26.11,82.1,37.19,22.05,250.1,19.76,30.73
10/18/2022 16:00,45.41,24.71,74.52,38.58,20.55,257.5,23.86,32.94
10/18/2022 17:00,46.37,25.4,67.74,38.81,20.79,265.9,19.37,30.27
10/18/2022 18:00,51.17,27.16,73.57,42.54,22.5,260,18.78,30.95
10/18/2022 19:00,56.24,27.88,74.47,47.24,23.21,258.7,16,29.73
10/18/2022 20:00,59.66,30.55,71.98,49.4,25.32,261.7,15.54,27.34
10/18/2022 21:00,55.41,31.39,78.79,47.71,26.23,254.7,13.46,26.71
10/18/2022 22:00,48.84,30.72,84.7,42.19,26.17,248.4,13.07,27.1
10/18/2022 23:00,49.93,30.87,85.1,44.11,26.33,247.9,12.68,26.3
10/19/2022 0:00,52.81,31.53,83.9,44.92,26.83,249.5,12.74,23.33
10/19/2022 1:00,54.46,31.96,77.56,47.36,26.95,255.7,NAN,NAN
10/19/2022 2:00,49.25,30.05,76.78,41.78,25.26,256.7,12.99,22.4
10/19/2022 3:00,53.22,28.91,66.38,44.4,23.92,266.4,18.13,30.58
10/19/2022 4:00,52.67,28.62,63.54,45.33,23.64,268.8,39.02,55.28
10/19/2022 5:00,47.74,25.8,60.53,41.9,21.19,271.8,53.2,62.03
10/19/2022 6:00,46.78,24.98,54.29,42.48,20.47,277.2,49.1,63.51
10/19/2022 7:00,46.51,26.5,62.46,41.78,21.72,270,32.58,49.69
10/19/2022 8:00,53.22,27.24,66.43,46.14,22.47,265.8,28.23,46.92
10/19/2022 9:00,52.13,29.59,76.76,43.76,24.85,256.6,23.38,43.19
10/19/2022 10:00,47.06,29.26,90,41.43,25.27,243,17.95,23.24
10/19/2022 11:00,45.14,27.86,96.9,40.56,24.78,236,16.23,19.07
10/19/2022 12:00,43.77,25.27,100.7,37.71,22.46,232.3,20.73,28.88
10/19/2022 13:00,37.33,24.11,101.9,38.35,21.52,230,26.09,30.62
10/19/2022 14:00,36.37,24.2,103,33.82,21.96,229.6,19.85,21.97
10/19/2022 15:00,36.78,22.24,104.6,33.06,20.24,227.9,20.25,23.79
10/19/2022 16:00,38.7,23.9,103.8,34.28,21.99,228.4,19.98,23.71
10/19/2022 17:00,36.51,21.23,100.1,32.3,18.46,232.2,19.82,22.98
10/19/2022 18:00,36.23,21.56,99.1,32.01,18.86,232.9,17.78,19.6
10/19/2022 19:00,35.41,22.94,95.9,30.85,19.62,235.6,14.62,18.2
10/19/2022 20:00,38.7,22.32,98,34.28,19.38,232.9,10.87,13.39
10/19/2022 21:00,34.59,21.78,98.7,29.8,19.11,233.2,11.76,13.81
10/19/2022 22:00,31.17,20.17,101.9,28.23,18.56,229,12.54,14.53
10/19/2022 23:00,31.85,20.89,102.5,31.49,18.89,229.8,12.74,14.51
10/20/2022 0:00,33.22,20.2,101.5,30.04,18.19,230.6,12.79,14.47
10/20/2022 1:00,32.81,21.35,102.3,28.93,19.4,229.8,10.86,13.9
10/20/2022 2:00,33.22,21.5,100.7,31.37,19.21,231.6,11.34,13.87
10/20/2022 3:00,37.06,21.21,102.7,32.3,19.43,229.5,14.99,19.74
10/20/2022 4:00,35.41,21.79,97.9,30.21,18.78,234.8,22.31,29.41
10/20/2022 5:00,35.69,21.96,94.4,32.01,18.41,237.7,25.3,26.88
10/20/2022 6:00,36.51,22.37,93.7,31.66,19.09,238.1,26.28,28.36
10/20/2022 7:00,38.84,24.33,88.3,35.09,20.59,243.9,28.7,30.7
10/20/2022 8:00,39.8,24.75,89,34.75,20.8,243.5,31.41,33.75
10/20/2022 9:00,38.97,25,79.96,33.58,20.84,252.5,34.79,36.41
10/20/2022 10:00,41.44,24.22,80.3,34.98,20.28,252.3,33.45,35.57
10/20/2022 11:00,42.4,24.48,77.93,35.62,20.43,253.9,29.92,33.33
10/20/2022 12:00,42.4,23.25,80.9,35.91,19.46,249.2,27.52,30.35
10/20/2022 13:00,45.69,24.56,82.3,39.11,20.58,247.7,24.35,26.93
10/20/2022 14:00,43.5,25.96,73.79,36.78,21.42,256.3,24.13,26
10/20/2022 15:00,47.47,25.33,69.7,40.73,20.91,260.5,19.45,25.04
10/20/2022 16:00,46.37,25.51,67.98,38.93,21.15,263,19.23,25.28
10/20/2022 17:00,46.92,23.96,64.86,38.64,19.62,265.5,18.81,27.6
10/20/2022 18:00,46.92,24.15,60.15,39.16,19.69,270,20.67,29.8
10/20/2022 19:00,43.36,23.37,59.96,36.08,19.16,270.5,20.57,30.95
10/20/2022 20:00,47.74,23.23,59.55,39.45,18.96,271.4,22.4,36.84
10/20/2022 21:00,42.54,22.36,61.42,35.91,17.96,269.3,20.33,30.64
10/20/2022 22:00,54.18,19.54,81.2,44.28,16.23,249.7,21.75,32.77
10/20/2022 23:00,35,20.14,107.7,35.44,18.71,225,22.05,28.13
10/21/2022 0:00,31.99,20.87,102.3,31.43,18.9,229.5,21.27,25.53
10/21/2022 1:00,36.37,23.24,100.8,33.18,21.01,231.5,18.16,22.13
10/21/2022 2:00,35.69,21.32,100,31.84,19.11,232,20.54,26.18
10/21/2022 3:00,33.36,21.7,108,32.65,20.37,225.7,16.87,23.13
10/21/2022 4:00,32.67,23.1,107.7,31.96,21.86,226.6,21.93,25.19
10/21/2022 5:00,36.92,25,107.9,37.19,23.45,226,14.29,22.55
10/21/2022 6:00,36.78,24.45,112.8,35.85,23.09,221.9,12.84,25.37
10/21/2022 7:00,36.37,22.85,110.9,35.91,21.58,223.3,17.63,25.15
10/21/2022 8:00,36.23,19.9,112.3,35.91,18.57,221.4,21.49,27.62
10/21/2022 9:00,36.23,15.55,98.7,31.37,13.22,232.6,26.33,34.45
10/21/2022 10:00,46.78,17.06,90.4,40.04,13.92,239.1,23.7,35.95
10/21/2022 11:00,39.11,17.02,100.4,37.88,14.73,230.8,21.95,35.94
10/21/2022 12:00,38.7,19.73,110.3,38.47,18.01,223.4,15.51,39.47
10/21/2022 13:00,35.69,18.97,107,35.04,16.89,225.5,NAN,NAN
10/21/2022 14:00,38.56,22.33,109.6,38.58,20.68,223.6,8.62,35.02
10/21/2022 15:00,35.96,24.71,109.6,34.57,23.38,224.5,16.48,21.87
10/21/2022 16:00,36.23,24.79,107.1,35.68,23.32,226.2,18.12,25.56
10/21/2022 17:00,33.91,22.59,104.9,32.94,20.44,227.6,19.94,24.12
10/21/2022 18:00,31.85,21.62,104.4,30.44,19.84,228.6,17.84,20.82
10/21/2022 19:00,32.81,22.47,109.9,31.2,21.31,223.9,17.04,20.01
10/21/2022 20:00,31.71,21.92,112.8,31.32,20.93,221.5,15.43,18.1
10/21/2022 21:00,28.29,21.69,109.3,27.71,20.67,224.6,15.49,16.84
10/21/2022 22:00,30.62,22.15,109.8,30.15,21.11,224.1,14.75,16.97
10/21/2022 23:00,31.58,21.37,105.9,31.03,19.66,226.7,16.49,18.56
10/22/2022 0:00,31.85,21.24,105.8,30.39,19.34,226.4,15.99,17.27
10/22/2022 1:00,30.34,19.33,105.6,28.64,17.47,226.9,NAN,NAN
10/22/2022 2:00,25.96,19.43,107,25.15,18.27,225.9,16.5,17.77
10/22/2022 3:00,31.17,19.45,106.5,27.42,18.38,226.2,17.09,18.53
10/22/2022 4:00,30.75,19.98,109.2,28.99,18.98,224.2,15.67,19.47
10/22/2022 5:00,31.58,20.4,109.1,30.33,19.28,224.4,14.86,25.25
10/22/2022 6:00,31.03,21.09,109.2,28.23,19.97,225.2,18.86,23.18
10/22/2022 7:00,33.77,20.28,109.2,29.51,19.15,224.3,20.29,24.17
10/22/2022 8:00,29.8,20.51,108.9,28.87,19.43,225,21.4,25.01
10/22/2022 9:00,26.64,19.75,107.2,26.32,18.72,226.1,22.89,26.5
10/22/2022 10:00,25.82,18.54,107,25.39,17.53,225.6,24.78,27.02
10/22/2022 11:00,23.63,18.21,106.9,23.41,17.4,226,24.13,26.4
10/22/2022 12:00,23.22,16.6,105,22.94,15.52,226.8,20.49,25.11
10/22/2022 13:00,25.69,18.97,100.8,25.62,17.32,231.3,16.05,18.5
10/22/2022 14:00,27.19,20.25,92.1,26.37,16.27,237.8,13.02,16.95
10/22/2022 15:00,27.47,17.88,106.4,27.48,16.25,224.2,13.8,16.09
10/22/2022 16:00,28.56,18.37,111.1,27.01,16.87,221,13.19,15.68
10/22/2022 17:00,28.15,20.1,109.9,27.6,18.93,222.7,12.63,14.93
10/22/2022 18:00,29.52,21.53,109.5,29.4,20.68,224.1,12.35,14.48
10/22/2022 19:00,25.69,20.08,115.6,25.33,19.38,218,11.45,14.77
10/22/2022 20:00,26.1,20.08,113.4,26.32,19.26,220.1,15.07,16.46
10/22/2022 21:00,30.21,19.98,112.6,29.75,19.09,221.5,16.04,18.01
10/22/2022 22:00,27.06,20.33,114.9,26.61,19.61,218.8,17.47,19.23
10/22/2022 23:00,26.1,20.45,115.6,25.56,19.7,218,18.11,19.67
10/23/2022 0:00,26.64,20.33,116.5,26.2,19.66,217.4,17.82,19.15
10/23/2022 1:00,25.55,19.83,115.2,24.92,19.19,218.4,17.27,19.17
10/23/2022 2:00,24.32,17.13,108.6,24.4,16.26,224.1,16.82,19.17
10/23/2022 3:00,24.73,16.35,108.8,22.07,15.39,225.2,18.31,20.56
10/23/2022 4:00,22.95,16.87,110.6,22.83,16.13,224.3,19.68,21.65
10/23/2022 5:00,26.51,18.06,114.5,26.37,17.32,220.4,17.12,20.56
10/23/2022 6:00,26.37,19.48,113,25.91,18.68,221.3,17.53,22.22
10/23/2022 7:00,27.74,19.67,107,27.01,18.42,226,20.71,24.88
10/23/2022 8:00,28.29,18.42,102.9,26.03,16.9,230,23.34,27.17
10/23/2022 9:00,25.96,17.25,105.9,24.92,16.13,227.9,25.64,29.85
10/23/2022 10:00,26.92,17.25,109.1,26.32,16.06,223.4,27.48,33.62
10/23/2022 11:00,36.37,19.06,76.4,31.49,16,256.2,21.25,27.75
10/23/2022 12:00,31.3,15.33,92.8,26.49,13,237.6,19.19,22.05
10/23/2022 13:00,29.66,14.39,86.1,26.43,11.8,243,11.08,16.4
10/23/2022 14:00,31.71,13.08,93.7,27.13,10.89,236.7,6.359,11.64
10/23/2022 15:00,25.82,12.13,108,25.27,10.68,223.8,1.542,8.57
10/23/2022 16:00,26.1,15.28,109.4,23.82,14.3,224.1,0.002,2.061
10/23/2022 17:00,24.86,15.64,105.4,24.51,14.49,227.7,0,0
10/23/2022 18:00,25.55,18.4,96.1,24.05,16.38,236,0,0
10/23/2022 19:00,24.73,16.83,104.4,23.53,15.67,227.6,0,0
10/23/2022 20:00,24.73,15.73,103,22.65,13.98,228,0,0
10/23/2022 21:00,22.53,16.97,108.9,21.2,16.13,224.1,0,0
10/23/2022 22:00,22.81,16.01,107.3,22.48,14.93,225.9,0.009,5.91
10/23/2022 23:00,21.44,16.88,107.6,21.32,16.03,226.2,0,0
10/24/2022 0:00,21.71,17.76,105.5,21.72,16.89,228.6,0,0
10/24/2022 1:00,23.08,17.4,107.4,21.78,16.65,226.7,0,0
10/24/2022 2:00,20.07,16.4,108.4,20.1,15.67,225.9,0,0
10/24/2022 3:00,21.71,16.83,108.3,20.97,16.13,226.8,0,0
10/24/2022 4:00,22.26,15.5,107.1,20.74,14.5,226.3,0,0
10/24/2022 5:00,25.55,15.97,100.7,23.87,14.55,232.4,0,0
10/24/2022 6:00,26.51,16.21,103.5,23.58,14.95,230.5,0.003,4.163
10/24/2022 7:00,26.37,15.93,99.8,23.76,14.19,233.1,5.045,11.89
10/24/2022 8:00,26.1,16.71,100.6,24.11,15.01,232.7,7.101,13.56
10/24/2022 9:00,21.16,14.67,103.7,21.43,13.23,229.6,10.7,15.58
10/24/2022 10:00,24.45,15.4,104.3,23.76,14.16,228.8,6.444,13.42
10/24/2022 11:00,22.67,14.85,104.9,22.54,13.69,229.3,1.658,8.4
10/24/2022 12:00,23.63,15.08,108.4,23.18,14.08,224.9,0,0
10/24/2022 13:00,23.49,16.21,114.1,23.53,15.41,220.3,0,0
10/24/2022 14:00,23.36,15.93,113.8,21.72,15,220,0,0
10/24/2022 15:00,22.53,15.67,114.1,22.25,14.8,219.8,0,0
10/24/2022 16:00,20.62,14.91,115.7,21.26,14.2,218.7,0,0
10/24/2022 17:00,19.11,14.89,117.6,19.51,14.16,216.1,0,0
10/24/2022 18:00,19.11,14.37,119.2,19.34,13.67,214.6,0,0
10/24/2022 19:00,18.42,13.5,122.6,18.35,12.88,210.8,0,0
10/24/2022 20:00,18.15,13.04,125.7,18.18,12.62,207.1,0,0
10/24/2022 21:00,18.42,13.71,125.1,17.83,13.25,208,0,0
10/24/2022 22:00,17.6,12.3,118.4,17.77,11.51,215.4,0,0
10/24/2022 23:00,15.96,11.07,110.8,16.32,9.91,222.5,0,0
10/25/2022 0:00,15.68,10.6,107.3,15.5,9.59,226.3,0,0
10/25/2022 1:00,12.12,9.95,116.8,12.02,9.42,216.5,0,0
10/25/2022 2:00,13.22,9.13,124.3,13.12,8.59,209,0,0
10/25/2022 3:00,12.94,8.69,110.4,12.77,7.923,222.1,0,0
10/25/2022 4:00,13.49,8.15,100,12.42,6.964,229.5,0,0
10/25/2022 5:00,13.36,9,139.7,13,8.49,193,2.586,12.87
10/25/2022 6:00,17.47,9.1,126.5,16.14,8.4,205.8,15.06,18.51
10/25/2022 7:00,19.66,11.6,103,18.29,10.5,230.3,21.65,32.68
10/25/2022 8:00,23.22,14.65,100.4,20.39,12.92,233.2,27.87,35.14
10/25/2022 9:00,25.69,15.76,98.8,25.44,14.08,234,30.81,35.78
10/25/2022 10:00,28.15,16.94,100.1,25.04,15.24,232.6,35.51,37.54
10/25/2022 11:00,30.21,18.9,104.9,28.99,17.48,227.7,35.94,38.54
10/25/2022 12:00,33.49,19.68,102.8,29.98,18.04,228.4,34.11,37.52
10/25/2022 13:00,30.62,22.03,103.6,28.7,20.32,228.1,31.01,32.7
10/25/2022 14:00,33.08,21.29,102.7,32.25,19.5,229.3,31.15,33.05
10/25/2022 15:00,37.47,24.35,96.9,33.12,21.81,234.8,28.39,29.51
10/25/2022 16:00,44.87,25.67,85.3,38.23,21.99,246.2,28.37,29.49
10/25/2022 17:00,51.03,27.23,86.2,42.71,23.45,245.7,24.88,28.25
10/25/2022 18:00,52.13,27.71,74.23,44.86,23.09,258.1,22.98,28.19
10/25/2022 19:00,51.99,29.34,74.33,42.71,24.58,257.4,24.75,37.66
10/25/2022 20:00,56.92,29.59,70.81,47.24,24.63,261.5,25.5,45.2
10/25/2022 21:00,55.83,29.78,73.12,47.88,24.91,259.6,31.06,50.7
10/25/2022 22:00,62.26,27.14,71.06,51.6,22.54,261.3,27.97,39.44
10/25/2022 23:00,53.91,29.05,73.93,45.15,24.34,258.3,30.51,42.98
10/26/2022 0:00,54.32,30.81,74.66,46.9,25.97,257.7,32.84,47.83
10/26/2022 1:00,53.5,30.18,79.67,47.48,25.77,253.1,33.05,50.61
10/26/2022 2:00,50.48,28.27,82.8,43.52,24.13,249.1,31.45,44.92
10/26/2022 3:00,48.29,27.21,82.3,40.97,23.29,249.9,29.94,36.34
10/26/2022 4:00,45.96,23.67,82.1,41.02,20.17,250.4,22.93,28.94
10/26/2022 5:00,37.6,20.46,92.6,34.4,17.84,240.4,12.14,18.36
10/26/2022 6:00,33.22,20.24,91.9,31.66,17.69,241.1,11.09,16.19
10/26/2022 7:00,32.95,20.39,103.6,31.14,18.66,229.7,16.93,20.47
10/26/2022 8:00,28.84,17.83,97.2,26.9,15.65,235.5,21.16,24.72
10/26/2022 9:00,28.15,17.78,101,27.01,15.97,231.3,21.22,26.82
10/26/2022 10:00,26.23,16.08,95.6,23.41,13.82,236.8,23.94,28.72
10/26/2022 11:00,28.01,16.13,91.9,25.04,13.75,241.5,24.5,34.17
10/26/2022 12:00,26.37,16.91,92.3,24.11,13.93,239.6,12.5,18.56
10/26/2022 13:00,23.49,16.89,93.3,21.32,14.02,237.8,8.73,11.1
10/26/2022 14:00,28.7,18.19,102.5,27.77,16.31,229.2,7.513,12.13
10/26/2022 15:00,29.8,19.1,105.7,27.83,17.77,225.8,2.879,8.8
10/26/2022 16:00,26.78,19.36,105,27.07,18.01,226.4,1.184,7.183
10/26/2022 17:00,29.38,18.61,103.3,27.42,17.21,227.7,5.284,30.04
10/26/2022 18:00,28.97,17.71,103.9,27.25,16.15,227.8,6.789,21.16
10/26/2022 19:00,33.63,18.14,98,29.92,15.61,233,2.518,9.37
10/26/2022 20:00,24.73,17.2,97.6,23.47,14.61,231.8,8.3,11.72
10/26/2022 21:00,30.21,18.87,98.2,25.97,16.28,231.7,6.459,8.92
10/26/2022 22:00,31.99,20.42,99.4,30.21,17.88,231,8.98,14.45
10/26/2022 23:00,30.89,20.19,99.7,28.99,17.82,230.1,13.91,15.75
10/27/2022 0:00,26.78,17.88,98.2,25.68,15.51,231,15.21,16.86
10/27/2022 1:00,24.18,18,97.2,22.83,15.2,233,13.56,15.82
10/27/2022 2:00,27.47,18.43,96,24.11,15.46,234.7,14.63,16.23
10/27/2022 3:00,26.92,18.4,92.4,25.5,15.23,239.5,15.53,18.05
10/27/2022 4:00,22.81,16.47,100.8,23.64,14.58,231,8.14,15.71
10/27/2022 5:00,26.51,17.69,99.4,24.17,15.53,232.2,13.24,20.15
10/27/2022 6:00,31.58,19.63,98.9,28.18,17.21,232.9,19.03,22.21
10/27/2022 7:00,30.21,20.07,100.3,28.41,17.71,231.8,24.95,28.07
10/27/2022 8:00,33.22,21.39,100.7,29.98,19.2,231.4,28.6,31.59
10/27/2022 9:00,31.58,20.3,97.4,29.63,17.62,233.7,32.53,37.01
10/27/2022 10:00,36.1,20.72,97.1,30.56,18.04,234.5,32.99,35.53
10/27/2022 11:00,34.45,20.22,100.3,31.32,18.1,231.6,31.69,35.81
10/27/2022 12:00,34.73,22.03,101.1,30.85,19.99,231.2,27.19,32.67
10/27/2022 13:00,32.67,21.63,101.8,29.63,19.7,229.8,25.78,27.56
10/27/2022 14:00,33.22,22.43,99.2,30.33,20.12,231.7,25.6,28.44
10/27/2022 15:00,34.32,22.78,98.9,32.59,20.32,232.1,24.8,26.42
10/27/2022 16:00,37.06,23.7,94.1,32.94,20.5,237.1,24.69,26.09
10/27/2022 17:00,38.29,23.58,89,32.19,19.96,241.7,25.2,26.68
10/27/2022 18:00,41.58,24.76,90.2,35.97,21.03,240.3,24.31,25.32
10/27/2022 19:00,43.63,25.75,94.2,38.29,22.22,236.2,22.23,24.18
10/27/2022 20:00,48.02,28.42,91.1,41.02,24.56,240.4,19.49,21.72
10/27/2022 21:00,48.56,29.31,85,43.17,24.84,246.3,18.59,23.07
10/27/2022 22:00,48.02,29.06,76.93,42.24,24.07,254.8,21.01,28
10/27/2022 23:00,47.19,29.42,80.2,40.91,24.61,251.1,22.78,27.11
10/28/2022 0:00,48.02,29.82,79.06,42.77,24.98,252,22.71,24.33
10/28/2022 1:00,49.11,29.7,79.98,43.06,25.03,251.6,NAN,NAN
10/28/2022 2:00,52.67,30.2,82.3,43.76,25.59,249.8,21.22,25.79
10/28/2022 3:00,53.5,29.75,77.67,45.44,25.05,254.3,19.71,25.38
10/28/2022 4:00,57.47,28.94,77.71,51.02,24.29,254.3,20.63,26.91
10/28/2022 5:00,53.09,29.8,70.71,44.86,24.49,261.3,20.99,26.91
10/28/2022 6:00,50.62,29.77,74.59,43.81,24.83,258,16.79,25.01
10/28/2022 7:00,54.59,28.63,81.1,49.57,24.26,250.7,7.851,18.52
10/28/2022 8:00,49.52,27.06,81.9,43,23.03,249.7,2.924,12.83
10/28/2022 9:00,44.32,25.09,84.4,38.12,21.56,246.3,7.383,15.93
10/28/2022 10:00,41.44,25.4,89.1,36.08,22.16,242.6,0.447,5.042
10/28/2022 11:00,45.55,26.22,88.4,38.47,22.74,242.1,0.121,3.273
10/28/2022 12:00,40.21,22.49,92.9,35.21,19.48,237.4,0.121,3.715
10/28/2022 13:00,27.06,18.22,99.3,24.98,15.84,232.8,0.033,12.27
10/28/2022 14:00,27.74,16.84,100.9,23.64,14.99,232.2,0.003,3.253
10/28/2022 15:00,21.85,15.4,104.4,21.55,13.83,229.6,0,0
10/28/2022 16:00,25.82,16.09,101.7,24.57,14.2,232.6,0,0
10/28/2022 17:00,27.74,16.54,94.2,26.67,14.33,236.3,0,0
10/28/2022 18:00,28.56,16.04,91.4,25.15,13.86,239.8,0,0
10/28/2022 19:00,30.21,17.38,88.7,26.32,14.85,242,0,0
10/28/2022 20:00,33.91,16.81,87.5,30.44,14.23,242.2,0,0
10/28/2022 21:00,28.7,17.73,91.8,29.92,15.46,239.2,0,0
10/28/2022 22:00,28.84,19.27,103.2,27.25,17.64,230.3,0,0
10/28/2022 23:00,31.71,20.18,102.2,31.43,18.36,230.7,0,0
10/29/2022 0:00,32.67,21.96,109.3,31.72,20.72,224.5,0,0
10/29/2022 1:00,33.08,19.92,109.6,32.59,18.65,225.4,0,0
10/29/2022 2:00,30.89,20.48,109.1,30.09,19,225.2,0,0
10/29/2022 3:00,32.12,19.63,105.4,29.28,17.91,228.5,0,0
10/29/2022 4:00,26.1,18.18,108.7,25.68,16.78,226.6,0,0
10/29/2022 5:00,27.06,19.57,105.8,25.73,18.12,227.7,0,0
10/29/2022 6:00,28.56,18.17,100.6,25.27,15.96,231.8,2.876,10.56
10/29/2022 7:00,29.66,17.82,98.3,26.72,15.32,233.2,14.77,23.81
10/29/2022 8:00,30.75,21.51,89.6,27.07,17.21,240.5,15.39,17.91
10/29/2022 9:00,34.32,23.33,87.6,31.08,19.06,242.6,17.2,20.71
10/29/2022 10:00,32.95,22.33,85.5,30.21,17.95,244.3,20.04,21.48
10/29/2022 11:00,32.54,21.94,87.4,28.12,17.66,241.7,20.69,22.14
10/29/2022 12:00,34.32,22.61,88,32.48,18.28,240.7,18.49,21.47
10/29/2022 13:00,32.26,19.35,94.2,30.04,15.86,234.8,18.23,19.5
10/29/2022 14:00,28.01,17.27,98.2,24.98,14.62,232.8,20.08,21.74
10/29/2022 15:00,25.27,16.94,99.5,24.57,14.47,231.9,19.47,21.4
10/29/2022 16:00,35.14,19.12,99.5,33.06,16.76,231.4,17.37,18.95
10/29/2022 17:00,33.77,19.99,94.5,28.87,16.71,234,17.25,18.51
10/29/2022 18:00,33.91,20.65,94,29.51,17.21,234.5,17.23,20
10/29/2022 19:00,31.58,20.19,93.9,31.2,16.8,235.5,17.99,18.86
10/29/2022 20:00,33.36,19.92,93.3,28.58,16.73,234.9,18.53,19.31
10/29/2022 21:00,31.58,18.73,95.4,27.36,15.76,233.6,17.34,18.81
10/29/2022 22:00,28.29,19.32,94.4,25.85,16.03,234.7,11.75,15.64
10/29/2022 23:00,31.99,20.03,97.5,28.87,17.32,232.3,11.41,14.19
10/30/2022 0:00,35.14,20.83,100,35.27,18.54,230.6,12.1,14.05
10/30/2022 1:00,32.54,20.8,103.5,29.63,18.87,228.8,13.06,14.43
10/30/2022 2:00,34.45,20.98,104.1,28.82,19.17,228.5,14.18,15.81
10/30/2022 3:00,31.03,20.32,101.7,28.7,18.04,231.2,15.38,17.82
10/30/2022 4:00,34.73,20.65,99.3,31.26,18.23,233.7,14.46,19.94
10/30/2022 5:00,37.06,22.47,93.9,32.59,19.53,237.6,10.98,13.87
10/30/2022 6:00,34.59,21.49,91.8,31.72,18.3,240.7,14.07,16.56
10/30/2022 7:00,37.33,21.28,94.2,32.25,18.2,237.8,16.61,19.28
10/30/2022 8:00,34.73,21.93,98.5,32.42,19.1,233.8,17.92,21.42
10/30/2022 9:00,35,21.37,96.1,33,18.1,233.6,20.3,24.38
10/30/2022 10:00,35.96,22.75,93.4,32.01,18.89,236.5,21.91,24.56
10/30/2022 11:00,35.96,23.24,89.5,31.14,18.89,238.6,23.86,25.73
10/30/2022 12:00,33.22,21.18,93.5,29.63,17.25,235.9,23.13,25.32
10/30/2022 13:00,28.84,17.78,101,24.63,15.3,231.5,21.5,23
10/30/2022 14:00,24.45,15.9,93.6,21.61,12.84,237.2,18.97,22.27
10/30/2022 15:00,27.88,18.54,83.6,24.51,15.25,245.6,18.64,20.04
10/30/2022 16:00,30.07,18.19,90.1,26.67,14.93,238.4,19.32,21.03
10/30/2022 17:00,27.33,18.34,89.3,24.11,15.04,238.6,18.61,20.67
10/30/2022 18:00,25.96,15.98,97.3,23.76,13.42,230.6,17.79,19.3
10/30/2022 19:00,27.88,17.66,104.8,27.77,15.64,226.6,21.44,23.25
10/30/2022 20:00,26.1,17.67,107.2,25.68,16.04,226.6,23.71,25.38
10/30/2022 21:00,26.92,18.42,105.1,26.72,16.62,227.4,22.7,24.07
10/30/2022 22:00,30.62,18.29,105.8,28.18,16.42,227.8,20.81,23.65
10/30/2022 23:00,27.6,16.83,100.2,25.56,14.23,230.6,19.88,20.94
10/31/2022 0:00,28.97,18.12,105.9,28.12,16.48,227.3,19.27,20.98
10/31/2022 1:00,29.38,18.96,101.4,28.93,16.7,229.7,NAN,NAN
10/31/2022 2:00,32.67,19.95,103,29.05,17.7,227.4,24.49,25.84
10/31/2022 3:00,32.4,21.48,105.5,31.84,19.6,228.7,24.01,25.6
10/31/2022 4:00,35.69,21.22,102.6,30.91,19.34,231.5,24.21,25.99
10/31/2022 5:00,34.59,20.71,90.4,30.09,17.95,241.8,25.29,26.91
10/31/2022 6:00,34.45,19.57,89.8,30.21,16.83,243.2,27.27,29.49
10/31/2022 7:00,35.28,19.81,90.5,30.44,17.11,243.1,31.14,33.02
10/31/2022 8:00,35.14,19.53,91.2,30.91,16.85,242,33.28,34.97
10/31/2022 9:00,32.54,18.76,94.9,28.12,16.51,239.6,35.07,37.61
10/31/2022 10:00,30.75,19,94.8,27.71,16.59,238.6,34.05,36.52
10/31/2022 11:00,30.89,19.52,93.1,27.25,16.88,239.9,33.74,34.98
10/31/2022 12:00,30.62,18.58,101.3,28.35,16.43,228.8,33.76,34.96
10/31/2022 13:00,32.26,18.92,99.2,27.3,16.67,232.3,33.97,35.06
10/31/2022 14:00,34.04,19.12,92,30.73,16.53,239.3,31.83,33.61
10/31/2022 15:00,33.91,18.58,85.5,28.7,15.77,244.5,28.66,31.52
10/31/2022 16:00,31.17,17.71,82.4,27.19,15.02,248.7,26.6,28.43
10/31/2022 17:00,37.47,17.48,74.09,32.71,14.57,257.9,25.28,28.45
10/31/2022 18:00,33.08,17.82,72,28.76,14.87,261.2,25.09,27.23
10/31/2022 19:00,35.28,17.65,69.48,29.8,14.67,262.2,24.57,27.12
10/31/2022 20:00,34.59,18.17,69.7,29.4,15.12,262.9,24.3,25.78
10/31/2022 21:00,40.89,17.45,72.38,37.94,14.47,260.3,22.82,26.85
10/31/2022 22:00,40.34,15.95,74.22,34.34,12.82,256.8,21.14,31.78
10/31/2022 23:00,32.67,14.15,82.5,27.89,11.22,247.8,20.56,26.27
11/1/2022 0:00,41.44,19.29,66,36.32,15.69,267.4,18.34,32.01
11/1/2022 1:00,34.45,17.24,72.88,29.86,13.79,259.4,17.1,31.02
11/1/2022 2:00,46.1,18.44,70.79,39.86,15.16,262,17.11,26.46
11/1/2022 3:00,41.3,20.04,65.99,34.57,16.44,266.9,16.45,23.14
11/1/2022 4:00,37.74,15.63,81.7,31.37,12.59,249.8,19.17,26.08
11/1/2022 5:00,27.06,13.54,110.9,26.67,11.98,224.4,23.45,27.79
11/1/2022 6:00,31.85,14.71,106.8,30.21,13.31,222.6,27.44,33.04
11/1/2022 7:00,33.91,13.18,92.5,31.14,10.93,240.7,30.94,35.36
11/1/2022 8:00,39.52,18.95,63.83,35.5,15.57,269.8,24.71,28.64
11/1/2022 9:00,38.56,17.35,63.89,35.39,14.23,269.8,25.46,28.45
11/1/2022 10:00,37.6,17.6,73.27,32.07,14.59,261.2,26.25,29.04
11/1/2022 11:00,36.92,18.13,74.54,32.48,14.93,259.4,23.69,26.84
11/1/2022 12:00,39.52,21.15,75.86,32.94,17.52,257.6,23.88,27.28
11/1/2022 13:00,46.65,21.23,74.62,40.15,17.39,257.3,18.3,22.69
11/1/2022 14:00,43.36,22.33,76.92,37.13,18.59,255.6,20.08,25.41
11/1/2022 15:00,44.45,22.18,76.95,37.71,18.47,256,21.3,29.57
11/1/2022 16:00,46.92,22.74,73.99,41.2,18.86,259,18.95,28.69
11/1/2022 17:00,41.58,19.52,79.2,37.42,16.04,250.7,19.18,29.66
11/1/2022 18:00,45.14,18.01,75.41,40.73,14.59,248.8,17.73,33.61
11/1/2022 19:00,37.06,15.22,81.4,31.72,12.22,242.9,24.68,37.25
11/1/2022 20:00,38.84,16.15,87.4,32.13,13.22,238.5,NAN,NAN
11/1/2022 21:00,45.96,19.86,80,39.51,16.47,250.3,27.51,51.98
11/1/2022 22:00,42.67,20.34,70.94,37.01,16.57,259.4,27.9,46.2
11/1/2022 23:00,48.98,19.86,77.11,44.4,16.25,254.9,26.5,36.4
11/2/2022 0:00,45.96,21.19,62.82,39.86,17.39,270.6,24.88,36.63
11/2/2022 1:00,46.51,16.01,69.26,43.7,12.78,260.1,29.36,35.63
11/2/2022 2:00,28.56,14.02,96.4,28.06,12.45,227.2,28.2,34.47
11/2/2022 3:00,28.56,16.73,106.3,27.89,15.52,224.7,33.63,35.81
11/2/2022 4:00,25.27,16.99,110.3,25.04,15.93,226.4,34.03,35.78
11/2/2022 5:00,24.32,12.4,102.3,23.93,10.83,227.5,34.17,37.32
11/2/2022 6:00,28.84,12.35,93.5,25.5,10.36,231.3,30.46,34.1
11/2/2022 7:00,31.99,15.38,101.1,31.03,13.93,225,29.53,34.76
11/2/2022 8:00,35.41,16.39,72.62,32.83,13.09,258.7,24.81,30.91
11/2/2022 9:00,43.08,18.73,75.28,37.25,15.57,254.2,21.76,26.47
11/2/2022 10:00,38.56,20.66,62.68,34.98,17.08,268.7,20.69,22.5
11/2/2022 11:00,41.3,22.06,55.04,35.44,18.12,269.4,15.5,20.4
11/2/2022 12:00,45.55,22.18,74.12,38.64,18.7,254.1,11.15,13.49
11/2/2022 13:00,37.88,21.4,96.1,32.89,18.94,237.2,1.492,10.9
11/2/2022 14:00,36.51,20.84,98.8,31.43,18.48,234.3,0,0
11/2/2022 15:00,33.63,19.96,94.9,29.98,16.85,238.2,0,0
11/2/2022 16:00,28.84,17.67,93.8,25.33,15.09,240.2,0.013,10.1
11/2/2022 17:00,31.85,17.62,75.44,26.78,14.69,258.4,0,0
11/2/2022 18:00,33.91,16.38,76.85,28.41,13.38,255.7,0.011,5.85
11/2/2022 19:00,31.03,13.11,106.8,27.48,11.44,227,0.002,1.491
11/2/2022 20:00,31.3,14.63,103.6,26.43,12.68,229.5,0,0
11/2/2022 21:00,37.6,17.46,85.6,32.94,14.64,246.1,0,0
11/2/2022 22:00,36.37,20.64,74.96,31.61,17.05,257.5,0.007,8.52
11/2/2022 23:00,31.99,18.95,82.3,26.96,15.8,250.3,0,0
11/3/2022 0:00,27.47,16.6,85,23.7,13.81,247.6,0.002,2.819
11/3/2022 1:00,27.6,15.79,88.2,25.21,13.3,244.1,NAN,NAN
11/3/2022 2:00,20.75,12.35,102,20.04,10.59,230.2,0,0
11/3/2022 3:00,24.04,14.32,91.1,21.32,11.9,241.3,0,0
11/3/2022 4:00,24.86,13.73,104.1,22.6,12.14,230.8,0.003,3.74
11/3/2022 5:00,23.36,13.11,98,20.56,11.21,236,2.124,11.48
11/3/2022 6:00,21.85,11.76,98,19.63,10.18,236.1,12.94,26.4
11/3/2022 7:00,18.42,11.19,102.2,17.01,9.86,232.9,28.32,34.9
11/3/2022 8:00,15.27,8.88,114.9,14.28,8.09,221.5,38.26,42.16
11/3/2022 9:00,14.04,8.49,118.8,13.41,7.798,217.5,39.34,44.68
11/3/2022 10:00,11.44,6.693,120,10.62,6.01,216.8,42,44.59
11/3/2022 11:00,9.11,5.316,144.1,9.4,4.688,203.8,41.22,43.85
11/3/2022 12:00,9.38,4.845,154.4,9.34,4.172,197.3,43.22,44.53
11/3/2022 13:00,12.12,7.012,102.1,12.25,6.127,229.5,37.66,41.75
11/3/2022 14:00,11.3,6.865,139.9,11.14,6.288,194.9,40.58,43.32
11/3/2022 15:00,12.4,4.655,157.7,12.77,3.898,181.1,36.68,43.45
11/3/2022 16:00,12.81,4.014,230.7,13.24,3.444,77.74,29.97,38.07
11/3/2022 17:00,9.93,2.861,71.49,8.41,2.138,328,34.36,42.51
11/3/2022 18:00,2.669,0.797,92.9,2.017,0.427,116.6,46.16,48.78
11/3/2022 19:00,3.628,1.806,92.9,3.47,0.918,187.9,46.18,48.23
11/3/2022 20:00,6.642,4.131,99.1,6.609,3.594,195,38.48,45.89
11/3/2022 21:00,10.48,6.737,135.5,10.1,6.302,195,22.82,28.46
11/3/2022 22:00,9.52,7.016,117.4,9.75,6.369,217.8,19.7,21.69
11/3/2022 23:00,11.57,6.155,98.2,11.72,4.776,231.8,18.78,24.44
11/4/2022 0:00,15.96,8.54,98.7,14.98,7.077,233.2,12.47,15.29
11/4/2022 1:00,22.4,12.32,94,20.91,10.25,241.2,14.88,19.34
11/4/2022 2:00,20.62,11.5,100,18.24,9.96,236,17.93,19.74
11/4/2022 3:00,20.34,12.07,96.1,17.89,10.18,239.6,13.68,17.98
11/4/2022 4:00,18.97,10.56,109.3,18.7,9.69,226.7,16.14,21.32
11/4/2022 5:00,12.94,7.894,119.4,12.95,7.146,217,23.71,28.18
11/4/2022 6:00,11.44,7.993,122.9,11.26,7.486,211,32.22,35.83
11/4/2022 7:00,11.16,7.459,121,11.32,6.876,214.9,37.63,41.16
11/4/2022 8:00,13.08,6.574,121.7,12.48,5.896,212.4,40.09,44.27
11/4/2022 9:00,11.16,6.954,122.4,11.49,6.345,210.5,43.88,47.61
11/4/2022 10:00,14.18,7.921,106.2,13.47,7.337,194.8,44.97,46.78
11/4/2022 11:00,14.59,8.63,107.5,14.63,8.12,200.3,49.8,52.88
11/4/2022 12:00,11.99,5.35,105.8,11.9,4.567,204.4,54.24,57.02
11/4/2022 13:00,10.07,4.697,109.1,9.57,3.889,222.3,55.93,56.65
11/4/2022 14:00,6.505,2.881,101.2,6.9,1.934,220.6,55,55.96
11/4/2022 15:00,11.03,5.123,154.9,10.79,4.426,174.8,49.88,54.2
11/4/2022 16:00,15.55,6.096,150.3,15.79,5.246,185.6,34.39,39.1
11/4/2022 17:00,15.14,6.783,124.7,15.33,5.935,193.6,30.37,34.08
11/4/2022 18:00,16.92,8.02,146.6,17.01,7.283,186.6,28.09,34.02
11/4/2022 19:00,15.27,8.97,122.7,15.74,8.2,190.3,25.9,29.24
11/4/2022 20:00,15.14,7.696,134.5,15.04,6.862,196.7,23.46,25.32
11/4/2022 21:00,14.31,9.21,125,14.34,8.45,207.7,19.2,22.73
11/4/2022 22:00,12.94,8.99,115,13.06,8.26,221.3,18.86,21.12
11/4/2022 23:00,11.99,7.962,139.7,12.6,7.383,194.5,19.46,21.1
11/5/2022 0:00,11.57,5.3,134.4,11.55,4.367,195.2,16.47,19
11/5/2022 1:00,12.53,7.226,122.4,12.02,6.363,213.9,12.58,14.84
11/5/2022 2:00,14.86,9.56,107.7,14.81,8.44,227.6,19.08,23.94
11/5/2022 3:00,12.81,8.16,114.8,12.77,7.391,221.2,22.24,25.85
11/5/2022 4:00,12.26,8.16,112.7,12.19,7.388,223.3,25.13,30.84
11/5/2022 5:00,15.41,11.17,120.2,14.75,10.51,216.2,36.04,41.1
11/5/2022 6:00,15.68,11.88,117.1,15.56,11.25,220.5,43.04,46.26
11/5/2022 7:00,19.25,13.01,108.6,19.86,11.92,228.3,43.83,47.56
11/5/2022 8:00,21.58,14.23,107.9,21.84,13.06,228.8,46.69,51.56
11/5/2022 9:00,23.36,14.87,106.2,22.48,13.43,230.1,43.97,48.82
11/5/2022 10:00,23.77,15.91,104.2,23.12,14.2,232,45.09,48.57
11/5/2022 11:00,25,14.74,107,21.72,13.46,228.8,49.23,55.05
11/5/2022 12:00,20.62,14.65,114.7,19.34,13.94,222,51.63,56.32
11/5/2022 13:00,19.11,15.1,114.6,19.05,14.38,222.4,46.56,50.38
11/5/2022 14:00,23.49,13.84,104,24.17,11.87,231.7,42.69,44.42
11/5/2022 15:00,25.96,14.84,102.2,22.89,12.67,233.8,41.86,44.2
11/5/2022 16:00,25.55,16.53,106.1,24.46,15,229.8,40.38,41.14
11/5/2022 17:00,27.06,17.94,104.1,26.32,16.19,230.7,39.34,40.9
11/5/2022 18:00,31.44,18.57,93.8,27.19,15.59,240.3,36.05,39.79
11/5/2022 19:00,36.78,20.44,93.7,31.32,17.7,240.2,35.71,37.8
11/5/2022 20:00,36.65,20.14,100.7,32.71,17.86,233.1,38.8,40.04
11/5/2022 21:00,31.85,20.8,103.5,29.69,19.03,230.1,40.52,42.17
11/5/2022 22:00,36.78,19.69,101.7,31.2,17.86,232.3,42.2,44.6
11/5/2022 23:00,33.49,18.64,102.2,30.09,16.78,231.7,45.78,48.47
11/6/2022 0:00,34.45,19.63,102.5,30.97,17.65,231.4,49.35,52.64
11/6/2022 1:00,38.56,22.66,100.5,34.57,20.47,233.2,NAN,NAN
11/6/2022 2:00,38.56,22.44,100.3,33.23,20.26,233.1,46.55,48.2
11/6/2022 3:00,39.93,21.97,93.8,36.49,19.3,239.6,48.27,50.74
11/6/2022 4:00,35.14,21.23,93.4,30.85,18.44,239.8,51.14,52.12
11/6/2022 5:00,38.15,22.39,94,34.28,19.44,239.3,49.3,52.68
11/6/2022 6:00,35.96,22.17,97.1,32.3,19.37,236,46.84,49.46
11/6/2022 7:00,36.92,20.18,99.2,31.08,17.86,234.5,49.08,51.86
11/6/2022 8:00,35.14,19.06,98,30.56,16.83,235.4,43.27,51.9
11/6/2022 9:00,34.73,21.53,91.6,32.01,18.43,242.1,39.37,42.88
11/6/2022 10:00,31.99,20.38,101.9,30.21,18.4,231.4,42.42,45.62
11/6/2022 11:00,31.71,20.24,100.5,30.62,18.06,232.6,41.54,45.21
11/6/2022 12:00,29.93,18.43,95.1,27.19,15.65,237.2,40.28,42.35
11/6/2022 13:00,28.97,18.23,87.8,26.37,14.96,245,40.03,41.61
11/6/2022 14:00,31.03,19.04,86.5,25.97,15.51,246.7,39.62,42.38
11/6/2022 15:00,28.97,19,84.5,25.56,15.49,248.5,39.66,40.83
11/6/2022 16:00,29.8,17.95,87.5,25.04,14.64,245.1,37.55,39.75
11/6/2022 17:00,30.07,18.9,87.3,26.72,15.59,245.6,34.5,35.57
11/6/2022 18:00,26.23,16.26,90,24.22,13.48,242.6,37.58,39.44
11/6/2022 19:00,26.78,18.59,81.2,23.76,15.05,251.4,39.04,40.32
11/6/2022 20:00,23.77,15.23,92.1,21.96,12.39,240.2,42.55,46.17
11/6/2022 21:00,21.16,13.51,94.8,19.05,11.21,237.3,46.61,48.55
11/6/2022 22:00,18.29,12.16,99.9,16.2,10.55,232.4,49.71,50.84
11/6/2022 23:00,20.34,12.73,97.5,19.75,10.82,235.2,49.55,50.49
11/7/2022 0:00,21.85,13.91,92.4,19.51,11.35,240.5,47.88,49.13
11/7/2022 1:00,24.45,15.97,86.3,21.37,13.02,247.5,46.89,48.73
11/7/2022 2:00,25.14,15.71,93.1,22.71,12.81,239.8,46.56,47.63
11/7/2022 3:00,24.73,14.96,95.3,23.18,12.5,237.9,47,47.63
11/7/2022 4:00,23.63,15.38,94.8,21.67,12.72,238.4,47.83,48.61
11/7/2022 5:00,27.06,15.57,89.8,24.51,12.86,244.3,47.39,48.11
11/7/2022 6:00,29.66,16.27,92.7,29.46,13.93,241.1,48.7,50.04
11/7/2022 7:00,30.89,16.57,97.1,31.03,14.49,237.5,48.94,50.9
11/7/2022 8:00,27.33,16.6,101.8,27.42,14.99,232.3,48.64,50.44
11/7/2022 9:00,28.43,18.03,93,27.36,15.7,240.8,48.83,51.91
11/7/2022 10:00,27.33,17.34,91.1,25.5,14.85,242.6,49.22,52.33
11/7/2022 11:00,30.34,18.57,92.2,28.23,16.05,241.8,47.54,49.72
11/7/2022 12:00,33.91,18.87,96.8,29.4,16.57,237,46.21,47.26
11/7/2022 13:00,31.71,19.44,95.8,27.48,17.01,237.7,45.56,47.34
11/7/2022 14:00,32.81,19.49,96.2,28.93,16.88,236.1,43.69,44.42
11/7/2022 15:00,29.66,19.8,93.7,27.07,16.73,239.7,43.16,43.79
11/7/2022 16:00,39.52,23.26,90.5,36.2,20.1,243.1,41.68,43.97
11/7/2022 17:00,34.32,22.3,95,33.82,19.54,238.1,40.32,41.54
11/7/2022 18:00,40.76,23.92,92.2,36.08,20.62,240,40.18,41.12
11/7/2022 19:00,50.21,26.36,80.4,42.19,22.33,252.4,38.09,39.9
11/7/2022 20:00,48.15,24.26,79.6,41.02,20.61,253,39.66,42.78
11/7/2022 21:00,46.1,24.97,75.59,38.76,20.97,257.6,41.67,43.17
11/7/2022 22:00,49.93,26.37,77.17,41.55,22.16,255.7,41.33,42.55
11/7/2022 23:00,48.43,25.41,78.35,42.3,21.37,254.7,43.82,48.99
11/8/2022 0:00,46.51,25.7,78.28,38.99,21.68,254.5,44.32,47.03
11/8/2022 1:00,46.1,24.84,79.06,38.87,20.98,254,45.4,49.93
11/8/2022 2:00,48.29,25.6,74.84,41.43,21.48,258.2,47.9,49.97
11/8/2022 3:00,46.24,25.66,72.23,39.57,21.48,261.8,44.03,48.09
11/8/2022 4:00,47.06,25.52,70.26,39.98,21.26,263.1,36.07,39.23
11/8/2022 5:00,44.73,24.53,71.24,37.54,20.35,262,33.74,35.38
11/8/2022 6:00,48.56,25.67,67.89,41.02,21.37,265.5,35.5,40.96
11/8/2022 7:00,49.52,25.37,71.44,42.07,21.12,262.1,38.34,42.3
11/8/2022 8:00,50.35,23.6,71.46,43.47,19.61,262.4,33.79,38.83
11/8/2022 9:00,45.41,24.64,79.3,40.27,20.79,255,31.88,36.63
11/8/2022 10:00,47.88,23.02,76.15,39.28,19.21,257.2,28.17,32.62
11/8/2022 11:00,45.14,22.52,71.49,39.22,18.73,262.6,27.62,29.69
11/8/2022 12:00,41.71,20.65,67.37,36.61,17.23,266.3,27.83,30.53
11/8/2022 13:00,49.11,21.19,70.22,40.38,17.61,262.6,25.38,34.55
11/8/2022 14:00,47.74,21.75,63.62,42.13,17.85,270,25.18,30.53
11/8/2022 15:00,51.17,24.38,72.63,45.33,20.23,261.6,24.14,36.07
11/8/2022 16:00,54.32,25.54,69.26,45.5,21.27,263.8,23.03,37.98
11/8/2022 17:00,49.93,22.53,57.68,43,18.58,276.3,27.25,38.87
11/8/2022 18:00,41.85,18.42,67.61,40.38,15.04,265.2,27.56,36.16
11/8/2022 19:00,34.59,16.73,93.6,32.94,14.2,237.2,20.76,36.04
11/8/2022 20:00,35.28,20.76,110,35.21,19.2,224.1,23.26,39.47
11/8/2022 21:00,37.47,21.78,106.8,36.9,20.08,226.9,24.99,34.53
11/8/2022 22:00,37.47,18.32,107.2,37.13,16.35,225.4,7.839,34.85
11/8/2022 23:00,33.08,19.81,105.1,32.42,17.84,228.8,4.262,33.2
11/9/2022 0:00,34.04,23.47,109.3,33.7,21.93,225,14.03,31.52
11/9/2022 1:00,37.47,26.69,110.1,36.72,25.41,224.2,NAN,NAN
11/9/2022 2:00,40.07,24.14,109.2,38.06,22.51,225.1,25.78,36.62
11/9/2022 3:00,42.95,23.1,110.2,41.02,21.83,224.6,33.52,41.41
11/9/2022 4:00,32.4,21.22,107.6,32.48,20,227.6,29.6,33.08
11/9/2022 5:00,33.36,22.11,110.7,32.71,21.06,224.6,30.88,34.27
11/9/2022 6:00,32.81,21.11,108.2,31.96,19.81,226.7,33.5,36.12
11/9/2022 7:00,36.51,22.28,107.7,35.62,21.04,227.3,32.88,36.6
11/9/2022 8:00,34.04,22.05,104.8,32.59,20.43,229.5,33.16,38.07
11/9/2022 9:00,33.63,22.22,105.8,32.48,20.72,228.5,32.44,35.85
11/9/2022 10:00,34.32,23.58,108.7,32.94,22.34,226.1,27.99,30.31
11/9/2022 11:00,31.58,23.61,108.9,31.32,22.45,225.6,23.83,27.62
11/9/2022 12:00,33.49,22.99,108,34.28,21.79,226.4,21.76,23.45
11/9/2022 13:00,31.03,19.3,109.5,31.03,17.93,225.1,17.17,23.02
11/9/2022 14:00,34.59,18.31,99.5,30.15,16.27,234.1,15.03,22.99
11/9/2022 15:00,47.47,25.75,59.82,39.4,21.42,273.7,18.51,33.94
11/9/2022 16:00,57.47,26.32,63.27,48.35,21.78,269.9,27.96,37.71
11/9/2022 17:00,42.95,20.77,66.63,37.25,16.75,266.3,30.42,36.96
11/9/2022 18:00,43.77,18.31,72.06,39.75,15.27,261.7,25.3,30.54
11/9/2022 19:00,42.4,21.79,60.92,35.5,17.75,272.1,21.72,23.09
11/9/2022 20:00,48.02,25.1,59.4,41.84,20.84,274.3,26.96,30.87
11/9/2022 21:00,44.18,28.15,68.99,38,23.53,265,22.69,27.74
11/9/2022 22:00,51.99,30.16,68.77,43.93,25.15,265.5,26.54,41.42
11/9/2022 23:00,50.76,28.59,69.15,42.65,23.68,264.9,32.35,37.43
11/10/2022 0:00,46.24,27.16,64.09,40.44,22.6,269.1,30.58,38.8
11/10/2022 1:00,44.87,23.88,59.86,40.38,19.64,274.2,24.64,32.91
11/10/2022 2:00,46.1,24.09,60.97,38.93,19.59,272.9,23.79,28.21
11/10/2022 3:00,50.89,27.77,69.23,43.23,23.16,264.2,18.88,26.85
11/10/2022 4:00,48.7,28.15,70.57,42.19,23.51,262,31.85,42.28
11/10/2022 5:00,55,28.79,71.98,47.13,24.12,261.1,38.82,42.17
11/10/2022 6:00,50.21,29.12,67.25,43.06,24.39,265.5,40.54,45.34
11/10/2022 7:00,55.55,29.83,60.45,45.97,24.42,272.2,40.61,45.98
11/10/2022 8:00,61.44,30.84,59.35,55.5,25.44,273.8,38.78,45
11/10/2022 9:00,59.25,29.29,65.83,48.29,24.35,267.2,39.93,48.28
11/10/2022 10:00,59.39,31.38,62.08,52.24,25.95,271.3,36.65,48.93
11/10/2022 11:00,61.17,31.23,61.47,53.06,25.84,271.2,36.29,53
11/10/2022 12:00,53.5,28.96,60.01,46.26,23.89,272.2,39.67,54.89
11/10/2022 13:00,55.96,29.68,64.47,47.36,24.58,268.2,36.28,46.5
11/10/2022 14:00,55.14,30.84,63.59,46.31,25.52,268.4,28.02,39.91
11/10/2022 15:00,59.39,31.35,65.25,50.38,26.06,265.9,14.37,35.29
11/10/2022 16:00,57.2,30.73,68.19,49.51,25.52,262.8,16.17,33.85
11/10/2022 17:00,58.57,30.74,76.43,51.2,25.85,255.4,15.09,34.34
11/10/2022 18:00,61.17,30.69,78.6,50.5,25.81,252.9,13.8,31.64
11/10/2022 19:00,59.8,31.76,77.52,49.51,26.42,254.1,21.93,44.51
11/10/2022 20:00,57.47,31.69,71.54,48.35,26.23,260.9,25.89,45.03
11/10/2022 21:00,55.69,31.82,69.9,50.96,26.47,262.8,25.39,38.99
11/10/2022 22:00,57.47,31.67,70.18,46.95,26.3,262.4,18.77,31.86
11/10/2022 23:00,57.2,31.75,70.16,51.43,26.45,261.6,10.77,30.24
11/11/2022 0:00,57.33,32.34,65.28,47.83,26.65,267.4,9.42,33.36
11/11/2022 1:00,58.43,30.02,72.32,49.98,24.94,259.2,12.87,37.17
11/11/2022 2:00,49.8,27.68,71.93,42.01,22.96,259.9,14.3,30.98
11/11/2022 3:00,49.52,26.96,75.26,40.91,22.73,257.2,12.89,30.31
11/11/2022 4:00,45.82,26.7,83.4,39.86,22.8,248.6,6.276,16.31
11/11/2022 5:00,47.19,25.94,80.4,40.56,21.81,251.6,0.791,19.76
11/11/2022 6:00,45.55,25.95,77.36,41.43,21.65,255.8,5.564,26.24
11/11/2022 7:00,49.25,24.95,79.51,42.3,20.97,252.7,13.67,18.62
11/11/2022 8:00,43.77,24.69,77.23,38,20.76,255.3,14.12,19.75
11/11/2022 9:00,51.3,28.67,80.6,45.15,24.27,251.9,5.276,19.37
11/11/2022 10:00,55.14,30.88,83.9,48.29,26.21,248.8,0,0
11/11/2022 11:00,50.89,30.47,87.4,43.23,25.93,245.4,0,0
11/11/2022 12:00,48.29,30.82,87.9,42.88,26.06,244.7,3.727,8.14
11/11/2022 13:00,44.04,28.96,89.6,39.34,24.2,242.1,4.514,17.04
11/11/2022 14:00,48.98,30.14,87.5,43.7,25.17,244.2,9.52,17.66
11/11/2022 15:00,47.47,30.43,87.4,41.37,25.45,244.8,9.29,16.71
11/11/2022 16:00,52.4,31.95,80.6,45.85,26.61,251.7,5.428,13.96
11/11/2022 17:00,48.56,28.26,82.5,41.72,23.76,249.6,0.189,3.622
11/11/2022 18:00,43.63,26.94,91.7,39.28,23.43,239.5,1.204,7.205
11/11/2022 19:00,44.45,25.97,93.1,39.51,22.27,238.2,1.038,5.717
11/11/2022 20:00,40.62,23.33,95.6,35.97,19.76,234.9,0.685,11.13
11/11/2022 21:00,34.59,22.75,98.5,33.87,19.93,231.8,2.631,7.47
11/11/2022 22:00,42.13,24.28,95.5,36.61,20.97,235.4,0.01,5.432
11/11/2022 23:00,36.51,22.54,96.5,32.42,19.9,234.1,8.14,12.84
11/12/2022 0:00,40.48,22.96,100.6,35.27,20.85,230.7,11.26,13.47
11/12/2022 1:00,31.44,21.22,101.5,30.73,19.43,229.3,NAN,NAN
11/12/2022 2:00,28.29,18.56,93,25.91,15.48,236.1,22.06,25.79
11/12/2022 3:00,33.08,20.31,90.5,29.63,16.8,238.4,20.01,23.02
11/12/2022 4:00,25.69,17.44,90.3,23.87,14.24,239.7,23.73,25.37
11/12/2022 5:00,33.49,18.3,99.6,28.41,16.62,231.6,24.47,27.23
11/12/2022 6:00,34.32,22.37,96.6,32.77,19.8,236.1,21.61,24.51
11/12/2022 7:00,35.96,23.43,97.6,32.71,20.71,232.8,26.02,27.69
11/12/2022 8:00,38.56,23.16,96.9,35.09,20.36,234.7,32.22,35.09
11/12/2022 9:00,41.99,25.53,94.9,37.25,22.53,237,33.7,35.93
11/12/2022 10:00,41.44,25.95,96.6,37.71,22.9,235.7,34.45,36.51
11/12/2022 11:00,39.8,25.27,99.8,35.33,22.67,233.2,33.63,35.28
11/12/2022 12:00,38.56,24.95,103.5,34.86,22.96,230.2,35.49,37.38
11/12/2022 13:00,36.78,20.65,91.4,31.66,17.96,241.2,35.72,38.97
11/12/2022 14:00,37.74,23.64,97,35.5,20.98,234.9,33.72,37.7
11/12/2022 15:00,40.62,25.56,102,36.66,23.43,229.8,29.27,31.52
11/12/2022 16:00,41.03,26.33,99.1,36.66,22.95,232.5,26.11,32.01
11/12/2022 17:00,41.03,25.04,91.4,36.84,20.95,239.5,26.42,31.05
11/12/2022 18:00,43.22,26.54,90.1,38.23,22.01,241.2,25.9,28.53
11/12/2022 19:00,46.92,30.07,88.8,42.54,25.23,242.8,29.58,31
11/12/2022 20:00,49.93,31.83,89.2,46.37,27.07,242.7,32.07,33.56
11/12/2022 21:00,49.25,29.28,90.1,41.95,25.05,241.4,29.79,31.92
11/12/2022 22:00,43.36,24.8,98.3,38.64,21.95,232.4,29.28,30.89
11/12/2022 23:00,32.81,19.8,102.1,29.34,18.09,230,30.93,32.37
11/13/2022 0:00,33.77,19.21,90.1,29.22,16.23,238.8,28.28,30.55
11/13/2022 1:00,31.58,20.12,80.4,28.29,16.6,249,25.11,26.67
11/13/2022 2:00,34.73,21.29,80.5,29.51,17.48,248.3,23.34,25.02
11/13/2022 3:00,30.62,19.93,85.2,26.08,16.45,243.8,22.28,23.78
11/13/2022 4:00,35.55,22.64,85.4,32.01,18.88,245.3,18.91,23.42
11/13/2022 5:00,34.73,23.75,89.3,31.03,19.82,242.3,19.95,24.28
11/13/2022 6:00,35.14,20.29,96.5,32.13,17.71,236,26.29,29.65
11/13/2022 7:00,26.1,15.81,92.8,25.62,13.85,241.5,30.48,33.91
11/13/2022 8:00,29.52,18.11,88.2,29.16,15.48,245,29.79,33.34
11/13/2022 9:00,32.81,18.6,94.6,30.04,16.33,238.6,28.76,33.01
11/13/2022 10:00,32.4,20.04,90.3,32.54,17,241.7,27.94,31.05
11/13/2022 11:00,34.45,19.99,93.9,29.75,17.14,237.1,29.74,35.8
11/13/2022 12:00,29.25,17.99,100.1,26.37,16.22,231.1,39.33,42.78
11/13/2022 13:00,28.84,17.85,93.7,25.04,15.18,234.8,42.14,44.18
11/13/2022 14:00,32.26,18.02,94,26.84,15.17,232.1,39.52,41.24
11/13/2022 15:00,30.34,18.23,86.8,26.9,14.95,239.3,34.5,37.49
11/13/2022 16:00,27.06,17.45,89.7,24.05,14.43,234.6,35.16,36.71
11/13/2022 17:00,28.29,16.76,92.2,24.69,14.02,232.9,33.62,37.63
11/13/2022 18:00,32.67,17.3,99.2,28.18,15.22,227.9,36.26,38.22
11/13/2022 19:00,35,21.02,94.5,31.49,17.74,231.1,34.65,41.31
11/13/2022 20:00,35.14,22.26,93.6,31.72,18.79,231.2,43.99,49
11/13/2022 21:00,40.62,23.83,91.1,36.49,20.25,233.4,51.83,53.28
11/13/2022 22:00,44.04,24.08,96.3,38.41,21.04,230.2,55.53,57.12
11/13/2022 23:00,39.39,24.09,94.7,36.14,20.85,230.4,56,57.15
11/14/2022 0:00,35.96,22.23,93.9,33.64,19.26,231,55.24,56.79
11/14/2022 1:00,33.63,20.16,94.1,33.76,18.3,228.8,55.65,56.77
11/14/2022 2:00,36.78,22.66,99.6,38.29,21.45,228.2,55.33,56.27
11/14/2022 3:00,35.69,20.92,102.2,35.73,20.14,226.1,54.91,56.66
11/14/2022 4:00,31.3,20.03,102.6,33,20.29,226.8,55.26,56.46
11/14/2022 5:00,30.75,18.6,101.1,33.82,19.56,229,55.57,57.52
11/14/2022 6:00,29.38,17.92,93.7,30.97,17.78,233.4,56.7,58.85
11/14/2022 7:00,35.96,20.88,90.5,30.68,17.82,239.4,56.63,58.69
11/14/2022 8:00,33.22,20.02,87.1,28.47,16.87,246.3,56.75,58.58
11/14/2022 9:00,34.86,19.88,97.8,32.77,17.6,235.4,56.44,59.02
11/14/2022 10:00,37.06,21.92,98.2,33.87,19.63,235.4,54.55,56.26
11/14/2022 11:00,36.23,22.15,91.8,32.89,19.44,240.5,49.71,54.41
11/14/2022 12:00,36.51,22.66,94.2,35.79,19.81,236.7,41.51,46.48
11/14/2022 13:00,37.6,24.29,100.4,36.2,21.92,230.9,27.16,35.91
11/14/2022 14:00,35.14,21.95,103.3,32.54,19.98,228.3,35.02,37.79
11/14/2022 15:00,35.96,20.92,99.8,31.72,18.51,229.3,32.05,37.94
11/14/2022 16:00,34.59,22.7,102.9,34.51,20.43,228.3,30.68,33.79
11/14/2022 17:00,39.39,24.13,102,35.27,21.82,228.8,28.56,32.98
11/14/2022 18:00,39.11,24.41,98.8,34.51,21.53,231.1,24.98,30.49
11/14/2022 19:00,45.28,27.18,90.2,40.27,23.93,233.9,23.24,25.32
11/14/2022 20:00,53.5,27.4,89.2,45.5,23.88,235.3,25.82,28.87
11/14/2022 21:00,52.13,30.82,71.41,45.44,27,236.5,20.88,28.25
11/14/2022 22:00,51.44,32.11,62.31,44.69,27.5,240.2,14,17.36
11/14/2022 23:00,51.3,31.64,70.57,46.14,27.01,241.2,11.33,13.29
11/15/2022 0:00,51.3,30.53,87.2,44.51,26.83,234,10.95,15.28
11/15/2022 1:00,50.35,28.69,93.5,44.11,25.36,231.6,NAN,NAN
11/15/2022 2:00,48.29,27.4,101.6,43.87,24.94,228.2,4.611,11.31
11/15/2022 3:00,42.54,26.44,102.8,40.68,24.17,228,3.838,10.35
11/15/2022 4:00,42.67,24,102.2,37.48,21.84,229.4,11.76,15.66
11/15/2022 5:00,40.34,27.28,105.2,37.42,25.18,228.2,3.899,11.57
11/15/2022 6:00,42.26,26.23,98.9,39.75,23.54,231.7,0.927,10.52
11/15/2022 7:00,44.45,29.18,102.7,38.47,27.05,228.1,0.042,6.276
11/15/2022 8:00,41.58,27.14,104.1,40.04,25.14,228,8.67,17.02
11/15/2022 9:00,39.25,24.22,99.9,36.37,21.54,230.1,12.08,16.73
11/15/2022 10:00,36.1,23.13,101.9,35.62,20.5,227.5,16.84,21.72
11/15/2022 11:00,40.07,24.68,105.1,39.28,22.55,225.8,15.79,18.64
11/15/2022 12:00,35.69,23.78,108.3,34.16,22.25,224.1,15.99,19.76
11/15/2022 13:00,40.48,23.44,102.2,35.97,21.32,225.7,15.46,26.85
11/15/2022 14:00,39.66,26.06,100.7,37.36,23.78,227,9.26,18.53
11/15/2022 15:00,40.76,29.29,100.8,40.5,27.52,225,0,0
11/15/2022 16:00,36.65,26.8,104.6,35.91,25,226.3,0,0
11/15/2022 17:00,38.7,26.04,101.4,37.19,24.05,226.5,0.01,9.7
11/15/2022 18:00,42.54,27.83,102.9,37.54,25.65,226.8,0,0
11/15/2022 19:00,45.41,27.79,88.7,41.49,24.7,228.8,10.51,19.9
11/15/2022 20:00,38.15,22.63,94.5,33.99,18.88,229.5,19.75,23.64
11/15/2022 21:00,37.19,23.44,97,35.56,19.9,226.9,15.34,18.75
11/15/2022 22:00,38.02,25.07,92.9,33.82,20.16,230.9,7.98,13.45
11/15/2022 23:00,40.07,25.26,92.3,35.62,20.42,232.4,1.883,7.008
11/16/2022 0:00,42.13,23.77,94.2,36.37,19.45,228.6,0.991,7.236
11/16/2022 1:00,41.44,24.71,100.9,37.71,21.99,225,0.036,2.774
11/16/2022 2:00,40.48,25.72,102.1,38.81,23.11,224.5,0,0
11/16/2022 3:00,41.17,24.75,97.4,36.43,20.81,229.8,0,0
11/16/2022 4:00,44.59,26.13,93.9,40.27,21.83,233.7,0,0.447
11/16/2022 5:00,41.71,26.1,94.8,35.91,22.19,233.5,0.685,11.33
11/16/2022 6:00,41.99,26.76,93.2,38.06,22.76,234.4,5.996,11.42
11/16/2022 7:00,44.73,26.88,87.6,39.51,22.32,240.2,11.9,15.61
11/16/2022 8:00,43.22,26.58,85.8,37.42,22.19,242.5,16.87,21.73
11/16/2022 9:00,43.77,26.42,91.7,38.12,22.19,236.1,20.24,22.72
11/16/2022 10:00,48.7,27.45,95.2,43.52,24.04,231.7,19.92,22.47
11/16/2022 11:00,47.06,26.2,94.3,41.02,22.9,233.3,15.88,22.15
11/16/2022 12:00,42.81,26.27,90.1,40.5,22.59,235.1,18.85,24.29
11/16/2022 13:00,43.5,26.87,85.5,37.83,22.85,238.6,21.37,25.28
11/16/2022 14:00,51.3,29.47,24.23,46.55,24.84,238.4,14.07,27.98
11/16/2022 15:00,55.83,31.17,16.81,48,26.74,237.8,6.241,20.66
11/16/2022 16:00,50.07,31.93,25.71,45.38,27.05,243.9,1.139,15.61
11/16/2022 17:00,50.62,31.5,38.03,43.41,26.45,243.7,0.359,16.93
11/16/2022 18:00,47.88,30.27,68.17,41.55,25.55,240.6,0.555,5.246
11/16/2022 19:00,42.95,27.93,86.3,38.64,23.74,231.1,2.221,10.26
11/16/2022 20:00,44.32,26.68,81.8,39.8,22.95,226.7,0,0
11/16/2022 21:00,43.36,27.49,83.6,39.98,23.14,229.9,0.017,11.12
11/16/2022 22:00,43.08,27.39,85.3,39.22,22.92,228.7,0.01,9.2
11/16/2022 23:00,44.18,27.17,90.2,39.8,22.71,229.3,0,0
11/17/2022 0:00,44.59,27.11,97.4,39.34,23.9,225.8,0,0
11/17/2022 1:00,42.4,25.83,93.6,35.91,23.35,224.2,0,0
11/17/2022 2:00,33.77,24.53,101.4,32.36,22.59,222.2,0.002,2.539
11/17/2022 3:00,34.86,22.7,106.2,32.59,21.03,222.6,0,0
11/17/2022 4:00,33.63,22.56,108,33.35,21.04,224.8,0,0
11/17/2022 5:00,31.3,19.9,104,28.53,17.87,227,0,0
11/17/2022 6:00,27.06,16.52,102.4,23.41,14.74,228.4,0,0
11/17/2022 7:00,19.52,14.22,104,19.75,13.07,228.4,5.664,19.53
11/17/2022 8:00,21.99,15.13,102.9,20.97,13.74,228.8,9.18,17.26
11/17/2022 9:00,22.53,15.01,103.8,22.71,13.66,228,13.47,22.81
11/17/2022 10:00,28.15,15.39,96.6,24.34,13.53,235.4,14.48,23.26
11/17/2022 11:00,27.88,17.39,99.6,26.03,15.14,229.2,0.001,1.41
11/17/2022 12:00,27.06,16.71,103.4,24.86,14.93,224.2,0,0
11/17/2022 13:00,25.55,16.35,104.2,25.33,14.86,223.6,0,0
11/17/2022 14:00,20.75,14.01,102.3,20.39,12.28,222.2,0,0
11/17/2022 15:00,21.44,13.25,99.2,18.35,11.62,225.4,0,0
11/17/2022 16:00,24.73,16.06,95.4,21.55,13.43,224.4,0,0
11/17/2022 17:00,22.95,13.77,96.6,21.49,11.7,222.9,0,0
11/17/2022 18:00,27.74,18.56,72.51,25.1,15.33,255.2,0,0
11/17/2022 19:00,27.88,17.78,81,23.7,14.73,242.3,0,0
11/17/2022 20:00,27.47,18.05,81.8,24.11,14.87,240,0,0
11/17/2022 21:00,28.7,17.72,83,24.46,14.64,239.4,0,0
11/17/2022 22:00,27.88,17.33,86.6,23.47,14.15,232.1,0,0
11/17/2022 23:00,24.45,15.02,91.4,24.57,12.65,227.5,0,0
11/18/2022 0:00,23.08,14.05,101,21.14,12.45,220.8,0,0
11/18/2022 1:00,27.47,16.55,79.17,24.17,13.94,245,0,0
11/18/2022 2:00,27.19,14.79,91,23.87,12.57,233,0,0
11/18/2022 3:00,20.07,12.72,100.2,18.76,10.94,223.7,0,0
11/18/2022 4:00,22.53,12.31,97.2,19.34,10.64,230.7,0.011,9.62
11/18/2022 5:00,27.06,16.01,84.8,24.11,13.45,242.5,0,0
11/18/2022 6:00,23.08,15.18,96.4,21.61,13.19,231.9,5.251,19.7
11/18/2022 7:00,26.64,15.35,114.3,26.96,14.31,217.6,18.76,24.01
11/18/2022 8:00,31.44,17.95,110.2,30.91,16.71,219.9,18.32,25.7
11/18/2022 9:00,30.75,16.41,111.3,31.2,15.08,220.9,22.3,27.88
11/18/2022 10:00,30.62,15.65,110.3,30.5,14.06,218.6,20.7,26.19
11/18/2022 11:00,21.16,12.94,102.2,20.74,11.67,224.2,20.7,23.7
11/18/2022 12:00,30.75,17.2,100.2,29.86,15.19,227,13.68,19.23
11/18/2022 13:00,37.74,18.09,103.4,36.43,16.44,223.4,13.8,15.67
11/18/2022 14:00,35,19.85,69.87,35.15,18.37,222,17.06,19.49
11/18/2022 15:00,33.22,19.41,85.6,32.71,17.71,223.7,18.92,20.84
11/18/2022 16:00,30.07,15.99,95,30.09,14.31,223.3,18.08,19.93
11/18/2022 17:00,25,14.34,92.5,22.42,12.34,223.6,19.7,22
11/18/2022 18:00,25.14,15.33,90.3,22.83,13.02,224.7,22.67,24.69
11/18/2022 19:00,26.37,15.7,90.3,26.55,13.09,222.2,25.48,27.15
11/18/2022 20:00,26.51,16.62,88.5,22.83,13.52,226.8,28.67,29.89
11/18/2022 21:00,26.37,14.74,96.6,23.93,12.55,218.6,28.89,30.23
11/18/2022 22:00,29.8,19.1,77.79,28.35,17.04,218.7,26.84,29.35
11/18/2022 23:00,32.4,19.02,82.7,29.46,16.81,217.6,27.95,30.2
11/19/2022 0:00,30.21,17.1,94.5,29.16,14.58,220.1,31.58,35.62
11/19/2022 1:00,29.25,18.37,88.4,29.46,15.78,217.2,39.56,42.35
11/19/2022 2:00,29.25,16.37,25.98,28.23,13.52,218,44.76,47.11
11/19/2022 3:00,26.23,15.71,21.29,26.37,12.92,220.9,41.49,43.1
11/19/2022 4:00,28.43,16.2,98.6,27.25,14.14,221.4,41.3,44.24
11/19/2022 5:00,25.69,16.55,82.5,26.03,14.28,224.7,42.79,47.47
11/19/2022 6:00,28.15,19.01,76.61,26.9,17.21,227.2,45.5,48.97
11/19/2022 7:00,27.47,17.49,95.2,26.84,15.36,229.5,43.51,45.77
11/19/2022 8:00,26.92,17.95,100.9,26.96,16.45,228.8,43.22,47.23
11/19/2022 9:00,31.3,17.71,95.9,26.55,15.57,232.7,39.35,45.04
11/19/2022 10:00,29.8,17.66,97.1,26.03,15.69,230.6,38.13,42.98
11/19/2022 11:00,26.78,17.8,96.8,25.21,15.39,229.4,35.2,39.63
11/19/2022 12:00,29.11,18.29,89.5,26.37,15.1,227.7,30.32,32.94
11/19/2022 13:00,30.07,19.15,94.2,27.6,16.7,220.8,34.13,35.99
11/19/2022 14:00,32.12,20.06,90.7,28.23,16.86,221.6,35.76,37.12
11/19/2022 15:00,34.86,19.59,89.2,31.08,16.44,217.6,39.51,42.62
11/19/2022 16:00,36.23,21.4,89.1,31.72,18.03,219.5,43.48,45.68
11/19/2022 17:00,31.17,19.62,88.5,26.9,16.48,223.9,44.8,45.91
11/19/2022 18:00,31.99,20.07,89.5,28.53,16.9,223.5,45.38,46.73
11/19/2022 19:00,32.54,21.25,88.8,30.27,18.04,223.7,44.19,45.54
11/19/2022 20:00,38.97,23.16,49.23,34.63,19.72,226.4,43.71,46.05
11/19/2022 21:00,39.66,22.99,26.71,33.93,19.68,225.2,44.39,46.1
11/19/2022 22:00,40.76,23.79,21.89,35.85,20.32,229.2,43.97,44.69
11/19/2022 23:00,38.43,23.85,18.02,35.21,20.25,227.7,43.21,44.11
11/20/2022 0:00,40.07,25.17,8.47,36.43,21.64,225.6,40.32,43.99
11/20/2022 1:00,45.41,25.85,10.68,41.2,22.5,227.5,40.28,42.53
11/20/2022 2:00,46.78,27.55,7.765,39.92,23.45,236,40.98,41.79
11/20/2022 3:00,44.87,26.99,11.55,38.76,22.87,237.7,40.81,41.73
11/20/2022 4:00,47.88,27.2,19.75,40.04,22.92,249.7,39.59,40.94
11/20/2022 5:00,48.02,28.57,40.76,40.85,24.15,253.8,37.27,39.39
11/20/2022 6:00,51.72,28.78,42.82,44.8,24.34,252.9,35.79,37.7
11/20/2022 7:00,52.81,29.55,58.06,45.5,25.16,247.7,34.37,36.25
11/20/2022 8:00,45.69,28.91,81.2,43.87,25.41,240.3,38.57,40.53
11/20/2022 9:00,44.87,27.71,98.4,40.04,24.65,231.3,41.28,45.92
11/20/2022 10:00,44.45,26.5,89.2,43.76,23.02,234.6,43.91,46.12
11/20/2022 11:00,43.5,26.62,90.2,38.23,22.92,232,45.84,47.6
11/20/2022 12:00,46.65,28.06,88.9,42.36,24.35,229.5,47.36,48.47
11/20/2022 13:00,53.22,28.98,86.1,46.95,25.29,229.4,44.71,48.52
11/20/2022 14:00,47.19,26.93,95.1,40.56,23.34,228.1,44.71,47.22
11/20/2022 15:00,41.03,23.55,92.7,36.02,20.04,225.7,47.06,48.1
11/20/2022 16:00,42.4,25.23,89.9,36.78,21.09,228.2,46.95,48.64
11/20/2022 17:00,42.67,25.65,98.6,42.13,22.26,222.1,44.84,45.7
11/20/2022 18:00,42.4,26.12,95.5,41.26,22.11,223.8,42.58,44.39
11/20/2022 19:00,44.87,26.66,88.5,37.01,22.47,228.3,40.76,42.13
11/20/2022 20:00,44.73,27.85,87.1,40.21,23.66,229.3,39.74,41.23
11/20/2022 21:00,42.13,24.02,95.7,36.08,20.51,218.6,41.03,42.42
11/20/2022 22:00,41.03,23.97,97.7,37.88,20.68,221.1,40.6,43.39
11/20/2022 23:00,43.36,25.77,94.1,36.9,22.02,224.2,37.9,38.94
11/21/2022 0:00,41.99,25.57,90,36.49,21.15,227.2,38.12,39.23
11/21/2022 1:00,38.97,25.18,90.4,35.91,20.93,223.4,NAN,NAN
11/21/2022 2:00,40.07,26.2,91.9,35.68,21.82,222,36.09,37.19
11/21/2022 3:00,40.76,24.85,92.4,38.81,21.11,219.3,35.34,36.04
11/21/2022 4:00,44.18,24.27,91.5,37.13,20.07,225,35.7,37.03
11/21/2022 5:00,41.03,24.52,82.1,37.07,20.85,230.2,37.01,38.62
11/21/2022 6:00,43.77,23.83,90.3,39.05,20.66,228.2,37.86,39.56
11/21/2022 7:00,40.62,24.57,85.8,34.98,20.58,239.1,40.66,42.71
11/21/2022 8:00,42.13,24.7,89,33.99,21.06,232.5,44.45,46.64
11/21/2022 9:00,40.89,25.1,83,35.21,21.11,230.7,45.91,48.01
11/21/2022 10:00,47.61,26.04,75.65,39.8,22.15,232.6,42.86,46.71
11/21/2022 11:00,45.14,27.27,69.37,40.21,23.54,233.9,39.1,43.82
11/21/2022 12:00,45,25.75,74.08,38.47,22.29,224.9,36.77,41.71
11/21/2022 13:00,39.39,23.95,87.3,35.04,20.71,222.7,39.68,41.88
11/21/2022 14:00,41.3,24.15,85.3,36.61,20.89,223.8,37.78,41.2
11/21/2022 15:00,38.15,24.02,92.3,33.87,20.66,224.9,35.22,38.24
11/21/2022 16:00,43.77,24.13,89.2,38.18,20.68,227.1,34.46,37.96
11/21/2022 17:00,43.91,23.97,90.8,38.52,20.56,228.7,38.79,41.73
11/21/2022 18:00,47.19,26.07,85.2,42.71,22.47,230.6,39.12,42.01
11/21/2022 19:00,50.62,27.9,55.95,44.34,24.15,230.9,34.31,37.44
11/21/2022 20:00,54.87,29.67,52.38,45.15,25.73,232.1,30.95,32.4
11/21/2022 21:00,51.58,30.15,70.25,45.56,26.24,230.5,29.49,32.02
11/21/2022 22:00,47.61,29.82,72.08,42.19,25.85,228.4,29.63,32.82
11/21/2022 23:00,47.06,29.05,84.6,41.26,24.95,230.6,30.38,31.65
11/22/2022 0:00,48.43,29.27,88.7,42.71,24.96,231.4,28.68,31.24
11/22/2022 1:00,47.61,28.63,88.3,41.31,24.69,230.9,29,30.12
11/22/2022 2:00,48.02,29.87,89.5,42.42,25.57,234.1,26.39,29.87
11/22/2022 3:00,52.81,30.92,78.53,44.86,26.06,240.6,23.15,24.55
11/22/2022 4:00,51.99,30.8,81,45.97,25.98,243.4,21.41,25.39
11/22/2022 5:00,56.1,31.39,83.7,48.29,26.45,242.1,20.79,23.99
11/22/2022 6:00,50.76,30.39,86.8,43.93,25.82,240.2,23.26,25.22
11/22/2022 7:00,53.63,30.63,88.1,45.5,26.03,241.6,24.8,27.2
11/22/2022 8:00,48.02,29.49,95.2,43.99,25.9,234.1,28.46,33.08
11/22/2022 9:00,47.61,28.32,94.9,45.5,24.21,234.6,31.76,35.66
11/22/2022 10:00,45.28,28.6,97,43.12,24.65,231.3,34.32,36.39
11/22/2022 11:00,48.02,28.07,100,44.4,24.72,227,33.91,36.24
11/22/2022 12:00,40.21,26.7,99.8,38.7,23.85,222.1,31.74,35.79
11/22/2022 13:00,45.55,26.39,96.7,40.79,23.44,222.3,27.86,31.29
11/22/2022 14:00,44.32,28.04,97.8,38.76,24.93,223.3,18.21,24.36
11/22/2022 15:00,47.74,28.47,98.1,42.01,24.82,225.1,12.25,16.35
11/22/2022 16:00,45.14,27.82,96.1,39.69,23.82,224.6,13.89,16.57
11/22/2022 17:00,48.02,29.41,95.4,43.47,25.85,224.2,11.42,16.22
11/22/2022 18:00,48.56,31.12,93.5,44.45,27.78,226.1,3.132,11.3
11/22/2022 19:00,53.22,32.28,83.9,48,28.16,231.8,4.51,10.02
11/22/2022 20:00,54.46,33.24,72.21,46.95,28.35,235,2.195,13.17
11/22/2022 21:00,53.22,34.16,73.01,47.88,30.18,230.2,0.008,1.88
11/22/2022 22:00,51.58,33.92,68.85,46.08,29.29,233.3,0.013,10.27
11/22/2022 23:00,54.87,33.29,71.05,49.34,28.88,232.7,0.007,4.17
11/23/2022 0:00,52.54,33.23,75.17,47.48,28.47,238.2,1.599,7.91
11/23/2022 1:00,54.18,32.61,80.7,49.4,27.85,235.8,1.096,15.05
11/23/2022 2:00,56.78,33.38,75.19,49.57,28.49,236.2,2.558,15.27
11/23/2022 3:00,54.46,32.76,84.8,48.52,27.92,233.3,8.63,16.38
11/23/2022 4:00,49.93,31.94,85,44.8,27.06,234.9,5.039,9.99
11/23/2022 5:00,55.55,31.59,90.4,49.1,26.65,239.2,8.22,13.86
11/23/2022 6:00,51.58,31.95,96.9,46.49,27.75,234.3,11.75,15.97
11/23/2022 7:00,52.81,30.42,94.6,45.91,26.2,236.3,14.4,19.49
11/23/2022 8:00,48.02,28.86,96.3,41.84,24.84,234.1,20.09,22.54
11/23/2022 9:00,49.39,28.49,92.7,42.48,24.43,235.9,20.84,23.56
11/23/2022 10:00,48.15,27.72,90.6,43.93,23.16,237.3,18.63,20.8
11/23/2022 11:00,41.3,26.79,94.3,37.83,22.57,232.4,16.43,18.34
11/23/2022 12:00,46.1,27.16,94.4,40.44,22.86,229.1,15.47,18.1
11/23/2022 13:00,47.06,27.49,93.7,40.21,23.23,229.2,19.05,20.78
11/23/2022 14:00,45.28,26.92,94,42.59,22.96,230.7,20.19,21.09
11/23/2022 15:00,42.81,25.07,92.5,38.76,21.13,231.7,20.53,22.56
11/23/2022 16:00,44.87,25.9,82.8,41.02,21.98,234.9,19.13,22.66
11/23/2022 17:00,45.82,26.77,92,39.11,22.73,231.3,18.46,19.79
11/23/2022 18:00,43.36,27.47,93.5,38.23,23.29,228.6,19.48,20.83
11/23/2022 19:00,45.41,28.27,93.1,39.69,24.24,230.5,19.37,20.12
11/23/2022 20:00,47.74,27.69,91.5,42.59,23.79,231,16.14,18.23
11/23/2022 21:00,50.62,29.35,92.5,43.93,24.94,231.7,15.81,17.28
11/23/2022 22:00,46.65,27.44,93.9,40.97,23.61,227.5,13.99,16.97
11/23/2022 23:00,40.21,23.47,92.3,36.08,19.86,229.7,9.43,11.78
11/24/2022 0:00,35.96,22.17,91.3,32.54,18.78,227.1,5.076,11.53
11/24/2022 1:00,38.29,23.72,89.8,34.51,19.95,231.3,0.005,5.379
11/24/2022 2:00,34.59,22.15,91.8,35.04,19.14,220.9,0,0
11/24/2022 3:00,38.43,22.82,76.23,34.16,19.34,219.9,0,0
11/24/2022 4:00,31.71,20.87,80.1,28.7,17.28,221.7,0,0
11/24/2022 5:00,33.22,19.54,83.8,30.04,16.27,227.9,0,0
11/24/2022 6:00,36.37,20.72,91.5,30.62,17.31,231.1,0,0
11/24/2022 7:00,34.32,20.53,96.1,29.8,17.39,231.3,1.282,13.98
11/24/2022 8:00,27.19,16.96,114.2,24.98,15.51,224.2,17.07,24.07
11/24/2022 9:00,23.49,15.8,119.7,22.71,14.59,220.3,16.06,20.57
11/24/2022 10:00,25.55,16.03,110.4,23.29,14.35,227.1,12.82,19.04
11/24/2022 11:00,25.14,16.05,99.2,23.12,13.64,230.6,3.042,13.13
11/24/2022 12:00,28.43,16.54,97.5,29.92,14.25,224.6,0,0
11/24/2022 13:00,28.84,14.7,110.6,28.41,13.28,221.9,0,0
11/24/2022 14:00,22.67,13.54,123.9,21.84,12.71,216.2,0,0
11/24/2022 15:00,19.38,12.35,105.7,18.76,10.78,226.2,0,0
11/24/2022 16:00,22.95,14.1,99.6,20.33,12.05,227.1,0,0
11/24/2022 17:00,20.75,12.01,106.9,20.21,10.61,222.9,0,0
11/24/2022 18:00,21.58,13.25,103.5,20.68,11.64,220.7,0,0
11/24/2022 19:00,21.85,15.46,102.7,21.55,14.23,220.3,0,0
11/24/2022 20:00,19.66,14.35,99.1,18.82,12.61,218.8,5.543,15.78
11/24/2022 21:00,20.75,15.28,91.4,18.93,12.21,220.4,19.51,26.51
11/24/2022 22:00,21.71,15.93,91.3,20.44,12.81,222.6,34.28,38.31
11/24/2022 23:00,21.3,14.44,99.2,19.4,11.56,214.3,35.94,37.32
11/25/2022 0:00,20.07,14.46,101.8,18.64,11.5,213.8,44.73,47.26
11/25/2022 1:00,22.4,14.57,100.9,19.98,11.62,213.8,45.82,47.87
11/25/2022 2:00,19.93,14.48,98.1,17.95,11.36,213.8,43.49,45.6
11/25/2022 3:00,18.7,13.6,101.8,17.36,11.17,211.4,41.66,43.04
11/25/2022 4:00,23.49,15.92,95.1,20.79,13.5,227.1,36.46,41.51
11/25/2022 5:00,24.45,14.66,102.5,21.49,12.49,223.8,34.32,36.85
11/25/2022 6:00,24.18,15.57,101.3,23.87,12.97,227.3,34.09,35.68
11/25/2022 7:00,24.86,16.74,99.7,23.7,14.37,225.9,33.12,37.33
11/25/2022 8:00,29.66,19.9,89,25.73,15.99,235.7,29.41,34.04
11/25/2022 9:00,31.44,20.16,85.9,27.42,16.26,238.3,31.01,33.12
11/25/2022 10:00,34.18,19.66,94.6,33.23,17.49,230.5,34.49,37.96
11/25/2022 11:00,30.48,19.33,89.5,27.48,16.17,235.7,35.28,37.27
11/25/2022 12:00,31.71,18.65,91.5,27.13,15.61,229.9,35.86,39.14
11/25/2022 13:00,36.65,19.87,88.4,32.01,16.73,229.7,34.36,36.43
11/25/2022 14:00,31.71,19.72,89,28.76,16.3,230.1,34.15,36.37
11/25/2022 15:00,29.8,17.96,85.7,26.49,14.96,229.8,36.02,37.97
11/25/2022 16:00,29.38,18.18,61.72,26.37,15,226.5,36.43,37.78
11/25/2022 17:00,32.4,20.76,27.12,29.11,16.94,228.9,34.74,36.38
11/25/2022 18:00,34.32,22.3,33.61,30.09,18.31,230.9,32.01,33.1
11/25/2022 19:00,37.19,22.37,36.64,33.06,18.41,224.1,30.54,31.67
11/25/2022 20:00,37.06,24.31,19.88,32.83,20.14,231.4,24.76,29.33
11/25/2022 21:00,36.23,22.55,16.77,32.59,18.86,231.5,14.24,19.42
11/25/2022 22:00,31.71,18.68,36.71,32.25,15.94,226.3,11.79,15.42
11/25/2022 23:00,30.21,19.3,54.89,30.44,16.91,222.9,9.27,13.17
11/26/2022 0:00,33.49,20.42,67.29,33.41,18.65,219,8.86,11.72
11/26/2022 1:00,39.52,21.73,32.59,36.66,19.88,219.4,8.74,11.81
11/26/2022 2:00,34.32,19.3,31.95,32.13,17.09,219,12.38,14.87
11/26/2022 3:00,30.07,18.17,62.12,27.19,15.7,219.4,15.42,17.39
11/26/2022 4:00,26.1,15.42,48.57,24.17,13.34,222.3,17.45,19.87
11/26/2022 5:00,24.45,14.33,37.34,24.46,12.7,218.7,18.85,23.74
11/26/2022 6:00,21.85,13.87,70.18,21.55,12.17,226.4,24.17,29.46
11/26/2022 7:00,25,16.18,70.45,23.99,13.43,229.2,18.23,25.69
11/26/2022 8:00,30.21,17.9,60.69,26.67,14.71,230.8,10.73,17.76
11/26/2022 9:00,29.11,19.14,62.66,27.77,16.49,225,14.93,19.07
11/26/2022 10:00,31.99,20.13,50.35,29.28,17.02,225.4,16.84,20.73
11/26/2022 11:00,33.91,20.03,45.69,28.99,16.33,229.1,22.47,24.43
11/26/2022 12:00,32.54,21.34,31.34,28.23,17.76,227.3,25.02,26.58
11/26/2022 13:00,35.55,20.56,32.42,30.21,17.17,225.8,27.33,29.62
11/26/2022 14:00,32.4,19.04,14.59,30.62,15.55,227.7,28.55,29.98
11/26/2022 15:00,29.52,16.21,38.05,26.26,13.89,219.2,32.83,36.66
11/26/2022 16:00,27.33,16.42,57.68,23.93,14.39,212.8,36.82,38.24
11/26/2022 17:00,28.43,18.16,49.72,24.92,14.93,220.5,36.63,37.9
11/26/2022 18:00,28.29,17.82,40.21,24.28,14.71,213.5,35.68,36.51
11/26/2022 19:00,25.96,16.95,48.6,23.64,14.38,214.9,39.11,44.18
11/26/2022 20:00,30.89,19.49,38.49,29.63,17.46,221,44.26,45.95
11/26/2022 21:00,32.95,20.15,24.22,30.15,17.46,221.3,42.57,45.25
11/26/2022 22:00,31.3,19.69,32.75,27.54,16.82,217.3,41.96,44.9
11/26/2022 23:00,34.59,21.34,19.59,30.91,18.35,217.8,34.2,39.29
11/27/2022 0:00,35.41,22.08,23.41,31.78,19.33,213.9,29.6,32.27
11/27/2022 1:00,33.77,20.63,38.84,28.53,17.57,216.3,NAN,NAN
11/27/2022 2:00,33.08,19.99,36.52,29.92,17.64,212,20.19,23.24
11/27/2022 3:00,33.08,18.75,38.17,30.09,15.45,210.7,20.42,22.82
11/27/2022 4:00,29.25,17.78,37.6,26.2,14.83,214.3,26.23,30.27
11/27/2022 5:00,28.56,18.19,61.05,26.26,15.27,215,25.35,29.61
11/27/2022 6:00,30.89,18.92,33.77,29.05,15.67,215.8,24.81,26.17
11/27/2022 7:00,30.89,19.38,53.99,27.6,16.37,220.6,21.79,28.09
11/27/2022 8:00,30.34,17.88,16.17,27.36,15.06,219.6,16.77,22.12
11/27/2022 9:00,29.66,18.44,25.91,26.14,15.67,221.4,17.62,21.44
11/27/2022 10:00,28.43,19.38,59.53,28.64,16.34,222.5,22.71,25.55
11/27/2022 11:00,28.7,18.44,42.1,27.36,15.26,224.4,21.97,24.23
11/27/2022 12:00,30.75,18.03,28.54,30.21,15.11,226.1,22.81,26.15
11/27/2022 13:00,31.71,17.9,34.03,25.85,15.04,215.6,24.97,28.03
11/27/2022 14:00,31.03,17.1,65.8,26.61,14.36,217.2,26.16,28.57
11/27/2022 15:00,29.66,17.41,60.99,26.26,14.71,215.8,22.99,27.02
11/27/2022 16:00,33.63,19.34,59.66,32.77,16.19,216.7,20.4,23.43
11/27/2022 17:00,29.52,19.31,60.23,26.78,15.88,215.9,19.72,22.4
11/27/2022 18:00,34.32,20.33,56.15,33.35,16.94,215.9,18.15,21.42
11/27/2022 19:00,34.59,22.16,43.02,31.43,18.61,219.6,23.73,28.31
11/27/2022 20:00,35.28,21.54,69.06,35.5,18.02,216,29.85,31.22
11/27/2022 21:00,38.97,23.44,38.2,34.63,19.85,219,27.84,31.16
11/27/2022 22:00,38.43,22.68,10.5,32.89,19.9,217.4,27.07,29.61
11/27/2022 23:00,38.15,21.84,26.58,33.18,18.82,216.9,28.24,29.29
11/28/2022 0:00,36.51,21.58,49.05,33.06,18.86,216.9,28.39,32.03
11/28/2022 1:00,32.26,20.5,49.55,32.01,18.45,215.7,32.15,34.85
11/28/2022 2:00,34.73,19.81,30.43,31.96,17.95,217,30.9,34.52
11/28/2022 3:00,30.89,19.15,58.78,28.58,17.05,216.7,30.8,33.82
11/28/2022 4:00,30.21,18.56,74.12,28.18,16.45,218,31.08,33.78
11/28/2022 5:00,28.56,17.3,65.55,26.72,15.17,217.1,34.27,38.1
11/28/2022 6:00,32.26,18.18,27.91,30.91,15.69,224.3,32.3,36.12
11/28/2022 7:00,31.03,18.37,44.13,30.44,16.02,227.7,32.73,35.06
11/28/2022 8:00,32.4,19.27,37.13,29.98,16.91,225.2,32.72,36.06
11/28/2022 9:00,31.44,19,37.71,28.23,16.62,225.8,36.54,40.61
11/28/2022 10:00,30.21,17.97,64,28.18,15.55,226.6,37.64,39.47
11/28/2022 11:00,28.01,17.27,57.47,26.14,14.75,222.9,38.76,40.78
11/28/2022 12:00,29.8,18.09,47.79,25.91,15.36,225.4,41.33,44.5
11/28/2022 13:00,32.67,19.09,68.8,30.62,16.64,216.6,44.61,46.51
11/28/2022 14:00,31.03,19.74,29.64,28.58,17.13,212.8,45.71,46.48
11/28/2022 15:00,34.04,20.18,44.2,29.16,17.12,219.2,45.43,47.26
11/28/2022 16:00,35.55,21.94,26.92,32.83,18.57,216.1,47.6,48.48
11/28/2022 17:00,34.04,20.37,11.88,30.56,17.53,212.2,45.75,47.02
11/28/2022 18:00,31.17,19.19,32.77,26.84,16.58,210.7,42.62,45.04
11/28/2022 19:00,31.3,18.75,50.59,27.25,16.09,213.6,37,39.61
11/28/2022 20:00,32.12,20.28,59.32,29.11,17.29,220.4,29.51,36.85
11/28/2022 21:00,36.1,21.55,35.98,32.36,18.78,212.9,20.44,25
11/28/2022 22:00,30.89,20.97,74.72,29.46,19.18,211.2,14.17,18.7
11/28/2022 23:00,30.48,19.61,89,29.69,17.62,208.8,13.61,17.86
11/29/2022 0:00,30.62,19.48,82.2,29.8,17.14,206.3,8.15,10.68
11/29/2022 1:00,26.51,18.73,84,25.85,16.74,209.1,6.775,9.39
11/29/2022 2:00,30.48,19.81,85.4,30.04,17.72,210.4,2.849,8.46
11/29/2022 3:00,34.04,21.09,90.4,34.05,19.17,213.1,1.883,8.25
11/29/2022 4:00,33.49,21.37,83.9,33.87,19.25,215.3,0.003,3.795
11/29/2022 5:00,32.12,20.67,79.13,31.55,18.51,214.5,0,0
11/29/2022 6:00,31.3,19.76,89.6,29.28,18.29,215.8,4.041,12.22
11/29/2022 7:00,30.75,19.07,83.6,28.18,16.8,218.5,12.23,15.99
11/29/2022 8:00,32.54,20.13,63.72,32.65,16.53,219.2,15.07,20.7
11/29/2022 9:00,35.96,21.3,68.1,31.61,17.72,220.5,18.7,22.4
11/29/2022 10:00,37.6,21.44,58.75,32.89,17.91,226.5,22.58,24.77
11/29/2022 11:00,34.45,20.71,89.8,31.66,17.34,214.3,24.06,25.61
11/29/2022 12:00,33.36,20.84,74.67,30.09,17.37,213.9,26.38,27.52
11/29/2022 13:00,33.49,20.39,85.2,29.4,16.55,211.7,23.76,26.7
11/29/2022 14:00,28.56,19.05,82.4,26.61,15.33,210.3,23.02,25.06
11/29/2022 15:00,30.62,20.22,83.4,26.72,16.33,214.7,17.66,20.9
11/29/2022 16:00,32.54,20.33,82.7,29.16,16.46,213.7,17.44,19.85
11/29/2022 17:00,30.07,18.72,83.5,25.85,15.5,209.2,18.92,20.34
11/29/2022 18:00,27.6,18.01,85.7,25.79,15.96,208.9,19.84,21.31
11/29/2022 19:00,30.89,19.28,87.8,27.13,17.13,208.2,17.74,21.4
11/29/2022 20:00,34.18,20.76,84,30.85,17.83,215.8,17.98,20.07
11/29/2022 21:00,35.96,21.49,77.85,32.94,17.73,219.2,20.45,21.41
11/29/2022 22:00,35.14,21.71,81.2,30.73,17.89,216.1,20.6,22.26
11/29/2022 23:00,33.49,22.79,80.6,30.79,19.03,219.3,18.61,20.69
11/30/2022 0:00,38.29,24.45,65.4,34.98,20.58,227.4,15.75,17.83
11/30/2022 1:00,40.07,23.89,67.82,34.51,20.19,222.5,NAN,NAN
11/30/2022 2:00,44.32,24.15,62.61,40.5,20.85,224.2,12.65,14.53
11/30/2022 3:00,41.03,24.12,39.2,36.72,20.83,223.6,14.22,15.89
11/30/2022 4:00,43.77,23.34,48.79,38.41,20.07,229.3,14.44,18.42
11/30/2022 5:00,43.22,23.33,34.34,38.29,19.74,239.1,13.83,15.94
11/30/2022 6:00,40.62,23.86,33.01,35.97,19.98,241.5,13.51,15.84
11/30/2022 7:00,39.8,23.57,55.95,35.04,19.63,242.6,14.78,19.66
11/30/2022 8:00,37.47,21.03,38.5,33.18,17.74,245.3,19.79,22.41
11/30/2022 9:00,38.43,20.84,46,34.11,17.78,238.3,22.46,26.62
11/30/2022 10:00,35.82,20.91,69.51,31.55,17.7,238.2,23.49,25.58
11/30/2022 11:00,36.23,21.28,53.91,31.84,17.7,248.8,24.36,26.78
11/30/2022 12:00,36.51,20.7,46.66,33.06,17.26,235,19.05,23.67
11/30/2022 13:00,35.82,21.5,57.13,31.14,17.87,223.1,20.39,24.49
11/30/2022 14:00,36.78,21.54,73.61,32.71,18.3,217.3,21.57,23.39
11/30/2022 15:00,34.59,21.25,74.74,30.33,17.97,217.9,21.91,24.21
11/30/2022 16:00,36.78,21.63,63.68,33.35,18.28,217,22.67,24.07
11/30/2022 17:00,37.88,21.5,50.48,35.39,18.06,216.2,12.04,19.59
11/30/2022 18:00,36.1,22.26,74.13,31.84,18.62,218.4,0,0
11/30/2022 19:00,38.29,23.59,65.55,33.64,19.79,227.5,0,0
11/30/2022 20:00,35.55,19.3,65.45,31.66,16.11,216.2,0,0
11/30/2022 21:00,29.11,17.15,78.02,26.03,14.28,217.9,0,0
11/30/2022 22:00,25.27,14.46,80.5,23.64,12.27,210.3,0.002,1.575
11/30/2022 23:00,23.9,15.34,88.7,21.43,12.51,214.2,1.863,15.87
12/1/2022 0:00,25.41,15.99,84.9,24.75,13.58,216.3,0.427,4.678
12/1/2022 1:00,26.23,15.47,84.5,24.34,12.85,213.9,0,0
12/1/2022 2:00,20.07,12.26,95.4,19.11,11.08,213.1,0.125,4.372
12/1/2022 3:00,13.49,8.95,116.6,13.29,8.29,214.9,0.003,2.779
12/1/2022 4:00,12.81,8.26,107.1,12.83,7.419,220,0,0
12/1/2022 5:00,15.82,10.97,132.1,15.91,10.39,212.4,1.862,11.66
12/1/2022 6:00,18.29,12.72,110.5,18.12,11.73,221.7,11.5,15.13
12/1/2022 7:00,17.33,10.85,101.3,16.84,9.57,232.6,16.18,24.19
12/1/2022 8:00,16.51,9.35,118.4,14.98,8.6,224.1,27.43,31.44
12/1/2022 9:00,17.05,9.27,118.7,17.31,8.47,219.3,31.61,36.61
12/1/2022 10:00,20.07,11.1,111.9,19.57,10.11,224,27.37,35.19
12/1/2022 11:00,21.16,11.34,113.4,21.32,10.32,222.1,24.9,28.12
12/1/2022 12:00,21.58,12.28,104.7,19.86,10.97,222,26.19,29.68
12/1/2022 13:00,21.16,13.46,108.2,19.51,12.19,222.1,25.25,27.92
12/1/2022 14:00,21.58,12.42,99.3,19.17,10.65,222.4,24.89,27
12/1/2022 15:00,21.71,13.11,96,20.1,11.27,224.1,26.1,27.52
12/1/2022 16:00,20.62,13.54,89.5,18.58,11.38,222.5,24.7,26.43
12/1/2022 17:00,19.66,11.79,100,18.12,10.12,215.1,24.57,28.48
12/1/2022 18:00,18.29,12.32,122.6,18.29,11.59,213.9,29.07,30.89
12/1/2022 19:00,18.29,12.1,116.1,18.41,11.31,217.4,31.41,33.25
12/1/2022 20:00,20.89,14.13,94.3,20.91,12.69,217.5,33.47,34.6
12/1/2022 21:00,21.99,14.45,82.7,21.08,12.79,213.3,31.64,32.53
12/1/2022 22:00,22.26,14.89,87.9,21.55,13.06,213.6,32.84,37.39
12/1/2022 23:00,24.18,13.73,95,23,12.22,212.7,36,38.27
12/2/2022 0:00,21.85,13.11,73.07,20.74,11.79,216,33.72,35.93
12/2/2022 1:00,22.12,12.68,75.98,19.51,10.92,209.6,36.34,37.42
12/2/2022 2:00,20.34,12.95,84.1,18.47,10.96,213.6,37.95,38.77
12/2/2022 3:00,22.81,14.56,79.36,20.21,11.71,208.5,36.77,37.29
12/2/2022 4:00,22.12,13.35,86.8,21.2,10.88,212.6,36.47,37.3
12/2/2022 5:00,19.93,13.15,96.1,19.4,11.61,212.8,36.44,37.34
12/2/2022 6:00,20.21,11.96,98.1,18.41,10.57,216,36.44,37.47
12/2/2022 7:00,20.75,13.61,96,18.93,11.66,226.3,39.15,42.86
12/2/2022 8:00,21.3,14.75,96.3,20.85,13.02,220.7,41.44,43.89
12/2/2022 9:00,20.89,14.87,100.6,20.62,13.65,222,42.74,44.98
12/2/2022 10:00,23.08,15.76,97.3,21.55,14.45,219.9,41.49,43.35
12/2/2022 11:00,23.49,16.29,93.5,22.71,14.94,217.7,40.81,42.5
12/2/2022 12:00,23.08,15.35,92.3,22.42,14.12,212.1,42.37,43.39
12/2/2022 13:00,21.85,15.23,97.3,21.14,13.97,209.5,41.97,42.89
12/2/2022 14:00,22.53,13.83,88.9,22.13,12.31,208.6,42.24,43.21
12/2/2022 15:00,22.26,14.73,89.9,21.9,13.65,211.6,42.35,43.51
12/2/2022 16:00,25.55,15.48,85.4,25.33,13.87,209.3,37.5,41.35
12/2/2022 17:00,31.85,17.82,84.3,27.07,15.34,208.2,22.79,27.63
12/2/2022 18:00,31.71,19.26,74.55,28.35,16.62,209.1,20.61,24.39
12/2/2022 19:00,33.77,19.85,70.88,31.78,16.55,206.8,21.88,23.89
12/2/2022 20:00,33.63,21,73.93,29.75,17.82,213.8,21.75,24.1
12/2/2022 21:00,39.93,22.03,49.83,34.22,18.88,231.4,20.03,22.76
12/2/2022 22:00,42.67,22.9,9.76,38.18,19.24,251.7,8.45,15.37
12/2/2022 23:00,41.58,23.03,6.634,35.33,19.23,263.4,0,0
12/3/2022 0:00,46.51,22.08,6.874,44.05,18.34,268.3,0,0
12/3/2022 1:00,41.44,22.23,23.52,36.14,18.46,270.5,0,0
12/3/2022 2:00,38.84,21.75,36.49,34.05,18.09,278.4,3.209,8.43
12/3/2022 3:00,37.47,19.52,37.09,32.59,16.17,279.6,11.15,15.08
12/3/2022 4:00,30.21,12.83,44.48,27.01,10.23,254.5,11.78,14.8
12/3/2022 5:00,25.41,10.85,74.43,21.67,9.02,232.1,6.865,12.5
12/3/2022 6:00,36.51,16.91,54,31.32,13.89,264.1,0.338,7.654
12/3/2022 7:00,32.95,19.75,57.89,28.99,16.55,255.4,3.076,14.52
12/3/2022 8:00,38.02,21.45,74.9,33.35,18.08,248.1,13.45,16.75
12/3/2022 9:00,39.39,23.23,84.5,35.44,19.65,244.2,16.15,22.07
12/3/2022 10:00,41.58,23.2,79.42,35.85,19.83,242.4,16.69,20.5
12/3/2022 11:00,40.76,24.25,86.3,36.43,20.69,235,17.74,20.62
12/3/2022 12:00,41.17,25.25,87.9,39.63,21.54,229.1,17.65,28.72
12/3/2022 13:00,41.99,24.72,62.78,36.43,21.21,231.1,38.62,42.96
12/3/2022 14:00,41.85,25.12,45.19,37.25,21.98,226.3,36.5,41.15
12/3/2022 15:00,46.51,26.93,55.58,40.73,23.54,225.8,28.35,34.27
12/3/2022 16:00,46.51,28.01,38.89,41.78,24.06,229.5,30.07,34.32
12/3/2022 17:00,43.08,25.39,27.81,38,22.16,223.8,31.21,33.95
12/3/2022 18:00,44.18,23.47,43.8,39.22,20.58,217.6,24.6,30.77
12/3/2022 19:00,39.25,22.86,48.97,33.87,19.91,215.8,15.27,19.59
12/3/2022 20:00,35.55,22.46,59.13,32.48,19.2,215.9,11.36,13.53
12/3/2022 21:00,37.33,22.95,47.2,38,20.21,214,8.06,10.61
12/3/2022 22:00,33.63,20.25,48.47,33.58,18.14,212.7,9.82,13.76
12/3/2022 23:00,31.03,19.57,59.91,29.05,16.86,213.6,11.6,13.85
12/4/2022 0:00,30.48,20.62,73.56,30.33,18.67,214.2,8.65,11.81
12/4/2022 1:00,28.43,18.84,79.95,26.9,16.94,212.3,2.482,7.706
12/4/2022 2:00,32.26,16.74,74.21,27.94,14.24,210.2,0.008,6.31
12/4/2022 3:00,27.6,17.63,88.3,27.89,15.85,209,0,0
12/4/2022 4:00,26.1,18.65,98.6,26.03,17.27,213.1,0.007,3.725
12/4/2022 5:00,27.6,18.36,90.6,27.48,16.83,213.3,0.856,9.75
12/4/2022 6:00,28.84,17.99,85.3,27.36,16.13,215.2,0.954,15.06
12/4/2022 7:00,31.85,18.97,83.8,31.26,16.71,215.9,1.047,11.63
12/4/2022 8:00,31.58,20.28,79.8,27.77,17.49,221.7,0.102,5.423
12/4/2022 9:00,33.91,19.49,82.9,32.48,16.8,219,2.726,10.02
12/4/2022 10:00,36.37,22.47,76.4,33.87,19.81,218.3,11.41,17.6
12/4/2022 11:00,38.15,22.73,87.5,35.56,20.12,214.3,19.02,21.27
12/4/2022 12:00,37.6,24.38,88.6,37.59,22.25,213.6,20.31,22.12
12/4/2022 13:00,40.21,24.3,77.4,37.25,21.46,216.5,18.77,20.49
12/4/2022 14:00,40.62,22.28,69.35,36.55,19.36,217,23.65,26.43
12/4/2022 15:00,36.65,22.91,73.36,33.7,20.01,218.4,25.19,29.64
12/4/2022 16:00,42.26,22.81,76.67,37.19,19.94,215.2,29.44,30.25
12/4/2022 17:00,39.25,24.31,71.9,34.69,20.65,220.3,24.27,29.44
12/4/2022 18:00,43.5,25.95,72.2,37.36,22.04,224.4,15.58,18.73
12/4/2022 19:00,44.73,28.01,64.23,38.7,23.95,230.7,19.32,24.03
12/4/2022 20:00,51.03,29.23,33.33,44.98,25.04,233.6,24.24,25.74
12/4/2022 21:00,50.62,30.13,27.91,43.99,25.7,238.6,25.65,27.24
12/4/2022 22:00,48.98,30.86,23.36,42.36,26.23,243.8,26.69,27.73
12/4/2022 23:00,48.15,30.81,26.44,41.43,26.05,245.2,27.45,28.33
12/5/2022 0:00,53.09,31.01,24.84,45.27,26.14,246.5,27.02,27.98
12/5/2022 1:00,57.74,32.01,25.74,48.87,27.04,249.7,26.43,27.69
12/5/2022 2:00,58.98,31.8,26.96,49.4,26.55,259.7,26.22,27.79
12/5/2022 3:00,59.52,31.89,26.79,49.98,26.46,263.7,26.76,29.18
12/5/2022 4:00,57.33,30.97,22.04,49.34,25.95,263.2,24.67,31.41
12/5/2022 5:00,55.83,32.23,28.58,47.71,26.97,261.5,26.07,28.4
12/5/2022 6:00,56.92,32.7,40.98,47.01,27.34,256.1,26.58,28.49
12/5/2022 7:00,64.87,33.66,41.89,54.1,27.93,257.2,20.47,30.36
12/5/2022 8:00,65,34.62,48.81,53.7,28.93,253.9,16.36,23.45
12/5/2022 9:00,61.85,32.51,59.17,53.99,27.22,250.6,4.789,18.14
12/5/2022 10:00,56.51,34,78.54,49.51,28.46,249.4,0.307,14.67
12/5/2022 11:00,53.77,32.43,85,47.48,27.41,241.4,2.947,10.59
12/5/2022 12:00,55.83,31.18,89.1,48.64,26.51,233.7,6.486,15.77
12/5/2022 13:00,50.48,30.4,90.8,43.17,25.72,231.1,7.124,12.29
12/5/2022 14:00,49.25,29.49,91.9,44.11,25.18,227,10.22,13.5
12/5/2022 15:00,49.25,28.59,95.1,43.81,24.45,226.6,11.64,14.88
12/5/2022 16:00,42.13,26.91,98,37.54,22.84,221.7,15.14,16.76
12/5/2022 17:00,44.59,26.49,98.9,39.22,22.35,221.3,11.19,17.23
12/5/2022 18:00,40.89,25.3,98.6,38.7,21.63,218.4,3.56,10.99
12/5/2022 19:00,41.99,26.52,98.7,41.78,22.6,219.7,1,7.733
12/5/2022 20:00,43.5,26.21,98.4,36.95,21.94,217.9,0,0
12/5/2022 21:00,41.17,25.54,95.9,36.95,21.21,216.9,0,0
12/5/2022 22:00,42.13,26,91.3,39.34,22.24,218.4,0,0
12/5/2022 23:00,42.95,25.98,89.2,38.99,22.23,217.5,0,0
12/6/2022 0:00,38.29,24.05,89.9,36.08,20.95,215.8,0.059,6.026
12/6/2022 1:00,41.71,22.75,90.1,37.42,19.21,218.5,NAN,NAN
12/6/2022 2:00,40.07,23.11,91.5,33.7,19.8,219.2,4.24,8.61
12/6/2022 3:00,38.43,22.84,84.9,35.73,19.65,217.7,9.2,12.11
12/6/2022 4:00,39.52,23.77,92.1,39.34,20.45,220.5,14.53,20.07
12/6/2022 5:00,43.63,25.96,96,41.02,22.69,221.4,16.86,18.71
12/6/2022 6:00,40.48,25.23,98,39.75,22.51,219.8,18.44,20.88
12/6/2022 7:00,41.85,24.56,93.9,37.07,21.5,220.7,20.43,25.34
12/6/2022 8:00,45.69,25.67,87.8,38.93,22.59,220.6,21.27,25.01
12/6/2022 9:00,40.21,25.65,82.3,40.44,22.28,223.6,19.54,23.41
12/6/2022 10:00,40.34,24.81,84.4,39.16,22.03,219.8,20.48,25.53
12/6/2022 11:00,38.02,22.61,86.1,34.05,19.73,221.8,18.93,25.15
12/6/2022 12:00,40.76,24.3,89.1,36.32,21.63,218.4,20.91,24.14
12/6/2022 13:00,39.93,23.95,73.4,35.27,20.55,219.9,23.21,25.18
12/6/2022 14:00,41.58,24.54,71.48,38.81,20.98,216.5,24.58,25.92
12/6/2022 15:00,43.08,26.96,77.75,39.34,23.18,216.7,21.35,24.96
12/6/2022 16:00,39.8,25.11,74.2,36.26,20.91,220.7,13.85,17.7
12/6/2022 17:00,41.3,24.94,71.62,36.84,20.79,217.1,15.43,17.36
12/6/2022 18:00,41.03,26.37,76.62,39.05,23.1,211.3,16.47,18.14
12/6/2022 19:00,43.5,25.52,72.97,38.76,21.24,213.6,16.08,18.1
12/6/2022 20:00,40.76,24.9,78.41,39.34,21.9,210.4,19.28,23.15
12/6/2022 21:00,44.32,26.16,85.3,39.28,23.43,213.4,18.06,20.21
12/6/2022 22:00,40.21,25.17,80.4,37.01,22.43,212,16.36,20.69
12/6/2022 23:00,40.76,24.73,85.6,36.32,21.77,210.6,13.18,20.61
12/7/2022 0:00,37.6,22.9,89.2,37.07,20,209.3,8.05,14.1
12/7/2022 1:00,35.28,19.71,93,31.49,16.89,213.4,8.21,15.27
12/7/2022 2:00,36.65,20.59,78.71,32.94,17.14,239.9,0.014,4.434
12/7/2022 3:00,34.59,18.13,87,29.8,15.14,220.9,0.004,2.413
12/7/2022 4:00,30.75,18.53,98.8,26.84,16.47,214.8,1.833,11.82
12/7/2022 5:00,33.91,18.47,88.1,29.92,15.44,230.7,0.007,6.625
12/7/2022 6:00,34.73,20.3,89.2,34.45,17.35,223.3,3.818,11.81
12/7/2022 7:00,30.62,17.08,87.8,27.3,14.4,224,11.95,17.4
12/7/2022 8:00,24.73,15.09,101.2,22.71,13.25,224.3,17.29,23.19
12/7/2022 9:00,22.67,14.19,108.1,22.77,12.77,224.1,20.03,28.39
12/7/2022 10:00,26.23,14.56,101.2,22.25,12.88,230.9,21.49,25.54
12/7/2022 11:00,28.56,15.82,98.4,25.62,13.84,231.7,16.25,19.73
12/7/2022 12:00,23.63,12.96,103.4,20.74,11.34,223.1,20.45,22.67
12/7/2022 13:00,25.41,12.91,95,21.78,10.99,228.3,17.43,21.97
12/7/2022 14:00,27.19,13.2,92.4,23.29,11.36,230,12.26,15.68
12/7/2022 15:00,26.37,13.39,95.6,23.7,11.52,223.8,6.856,14.8
12/7/2022 16:00,19.38,11.01,102.5,17.25,9.61,221.7,10.42,14.44
12/7/2022 17:00,19.93,12.84,111,19.05,11.77,214.2,11.64,13.55
12/7/2022 18:00,20.75,13.29,117.6,20.5,12.17,214.4,10.2,16.79
12/7/2022 19:00,22.12,12.67,97.1,19.28,10.66,210,2.24,8.31
12/7/2022 20:00,21.16,14.71,89.5,19.11,12.18,205.3,0,0
12/7/2022 21:00,21.71,14.54,100.8,21.03,12.85,205,3.098,9.67
12/7/2022 22:00,23.36,16.34,84.3,21.43,13.43,207.7,3.201,6.716
12/7/2022 23:00,22.81,16.13,85,20.79,13.41,200.7,4.17,9.6
12/8/2022 0:00,20.48,15.47,102.3,19.92,14.32,207.6,10.5,13.53
12/8/2022 1:00,19.11,13.93,111.6,18.88,12.98,211,14.66,16.64
12/8/2022 2:00,19.25,13.03,115,19.4,12.16,212,13.92,15.39
12/8/2022 3:00,16.92,12.98,123.3,16.72,12.13,213.2,11,14.16
12/8/2022 4:00,16.78,12.77,121.3,16.84,11.94,214.8,7.174,11.38
12/8/2022 5:00,16.78,11.9,126.6,16.26,11.16,214.6,11.03,16.32
12/8/2022 6:00,19.93,11.92,136.2,18.93,11.27,209.9,16.5,20.35
12/8/2022 7:00,18.7,13.7,117.1,18.35,12.82,222.3,18.65,23.61
12/8/2022 8:00,22.53,13.59,103.2,21.14,12.12,226.8,17.55,24.13
12/8/2022 9:00,22.81,14.97,104.6,22.83,13.41,228,17.24,23.25
12/8/2022 10:00,25.96,15.25,101.8,23.58,13.33,229.1,18.41,21.94
12/8/2022 11:00,28.56,17.85,86.4,24.92,14.76,234.1,13.24,16.99
12/8/2022 12:00,28.15,18.12,90.3,27.3,15.36,220,17.89,22.39
12/8/2022 13:00,28.15,17.07,90.8,27.6,14.71,210.9,24.26,27.51
12/8/2022 14:00,27.6,16.4,89,25.04,13.81,213.1,26.68,27.95
12/8/2022 15:00,31.99,20.44,78.56,28.64,16.8,223.6,27.76,28.95
12/8/2022 16:00,36.51,21.33,79.04,33.12,17.93,219.6,29.52,30.25
12/8/2022 17:00,41.71,23.01,70.62,37.94,19.09,220.2,28.27,29.62
12/8/2022 18:00,39.93,24.54,71.87,36.49,20.3,221.1,26.78,28.18
12/8/2022 19:00,46.92,26.79,68.67,41.55,22.11,225.1,23.41,25.54
12/8/2022 20:00,48.84,28.28,60.19,42.83,23.48,228.7,20.87,23.03
12/8/2022 21:00,46.37,28.32,44.61,38.93,23.26,233.9,20.92,22.41
12/8/2022 22:00,50.21,29.02,46.04,44.92,24.02,231.1,21.87,24.48
12/8/2022 23:00,48.43,28.9,42.27,41.84,23.99,232.4,22.46,23.82
12/9/2022 0:00,47.19,26.51,40.63,41.31,22.32,224.1,23.93,27.09
12/9/2022 1:00,45.14,26.33,44.28,39.34,22.49,220.5,NAN,NAN
12/9/2022 2:00,51.58,27.83,45.66,45.62,23.73,228.5,25.59,29.24
12/9/2022 3:00,51.44,28.77,43.92,45.79,24.35,231,26.3,27.47
12/9/2022 4:00,49.93,29.26,56.26,43.58,24.46,232.3,26.25,27.15
12/9/2022 5:00,54.32,28.81,43.36,45.27,24.08,233.5,26.03,27.61
12/9/2022 6:00,51.17,27.24,45.57,44.57,22.87,231.7,26.58,28.87
12/9/2022 7:00,48.98,26.05,49.46,43.93,22.12,229.5,28.21,29.81
12/9/2022 8:00,46.51,26.97,46.7,39.63,22.81,237.1,29.54,33.2
12/9/2022 9:00,52.67,26.02,45.79,47.53,22.22,228.7,29.37,32.28
12/9/2022 10:00,47.06,24.97,50.91,43.81,20.93,232.5,29.95,31.03
12/9/2022 11:00,51.44,27.66,41.73,49.74,23.47,235.3,30.09,31.96
12/9/2022 12:00,47.47,27.84,32.41,45.09,23.56,238.6,29.16,30.92
12/9/2022 13:00,55.28,28.53,29.76,46.37,23.61,241.9,27.31,33.02
12/9/2022 14:00,50.21,28.95,41.34,42.24,23.84,248,22.97,26.78
12/9/2022 15:00,53.22,30.81,34.24,44.98,25.36,253.1,16.62,21.7
12/9/2022 16:00,51.72,29.96,48.8,43.41,24.65,255.2,4.452,15.57
12/9/2022 17:00,42.95,27.05,51.66,38.12,22.63,251.1,0.006,4.636
12/9/2022 18:00,48.56,25.67,49.13,42.07,21.68,241.1,0.254,12.45
12/9/2022 19:00,41.17,24.13,54.93,36.61,20.42,234.9,0.458,17.76
12/9/2022 20:00,47.47,24.27,68.14,40.91,20.82,230.7,0.017,5.862
12/9/2022 21:00,46.1,24.31,67.06,39.22,20.63,233.9,2.044,8.4
12/9/2022 22:00,47.88,27.26,49.17,41.08,22.76,245.5,6.768,10.94
12/9/2022 23:00,50.48,27.21,36.45,43.64,22.23,252.2,4.705,36.61
12/10/2022 0:00,56.65,29.32,22.98,48.35,24.04,252.1,3.538,37.25
12/10/2022 1:00,53.91,29.88,27.54,46.08,24.74,251.9,3.375,29.57
12/10/2022 2:00,55.55,30.3,30.12,49.57,25.66,246.1,0.925,32.04
12/10/2022 3:00,54.73,28.21,38.46,48.29,23.75,242,0.12,24.31
12/10/2022 4:00,46.1,26.67,56.43,40.91,22.66,242.8,0,0
12/10/2022 5:00,48.43,27.41,68.31,42.3,22.98,250.5,0,0
12/10/2022 6:00,52.26,27.89,78.97,44.45,23.04,247.1,0.01,3.24
12/10/2022 7:00,55.83,30.01,72.31,48.81,24.93,246.9,3.903,10.07
12/10/2022 8:00,53.5,31.99,66.62,46.2,26.1,253.8,3.8,16.08
12/10/2022 9:00,48.7,29.84,76.91,40.91,24.57,245.2,6.284,11.65
12/10/2022 10:00,48.84,29.85,77.61,42.01,24.69,238.6,8.34,11.61
12/10/2022 11:00,48.84,27.87,70.97,43.64,23.16,233.8,10.55,13.31
12/10/2022 12:00,46.78,28.55,69.42,40.97,23.6,231,2.719,11.73
12/10/2022 13:00,41.71,26.11,73,36.84,21.6,228.3,0,0
12/10/2022 14:00,38.29,24.79,76.09,37.77,20.69,226.4,0.754,9.04
12/10/2022 15:00,37.19,23,72.92,32.48,19.19,218.6,8.49,12.77
12/10/2022 16:00,43.5,26.42,66.89,37.83,21.97,242.3,7.497,19.14
12/10/2022 17:00,42.95,24.75,67.46,38.35,20.87,232.6,19.02,21.58
12/10/2022 18:00,41.3,24.24,64.81,36.32,20.39,229.2,17.75,19.74
12/10/2022 19:00,44.32,25.68,59.46,37.71,21.43,238.2,14.56,22.92
12/10/2022 20:00,45.41,27.52,61.63,40.15,22.85,237.7,14.47,17.22
12/10/2022 21:00,47.33,27.42,58.44,41.72,22.71,236.9,16.54,20.27
12/10/2022 22:00,46.51,27.14,57.27,41.72,22.47,234.5,18.83,23.13
12/10/2022 23:00,45.69,26.54,55.42,39.4,22.4,230,21.42,24.45
12/11/2022 0:00,45.41,25.33,66.19,41.95,21.61,228.5,21.09,25.04
12/11/2022 1:00,48.15,24.71,69.8,43.23,21.27,224.1,18.81,22.06
12/11/2022 2:00,46.78,25.46,69.71,39.92,21.22,228.1,23.48,26.1
12/11/2022 3:00,41.58,24.3,80.4,34.16,20.32,221.8,26.65,28.93
12/11/2022 4:00,37.19,23.04,85.3,32.89,19.39,221.3,29.18,30.89
12/11/2022 5:00,37.74,24.17,89.1,35.15,20.6,223.3,27.04,29.58
12/11/2022 6:00,39.66,23.84,93.3,36.14,20.8,223.5,23.55,25.43
12/11/2022 7:00,39.52,22.89,105.2,35.27,20.78,219.4,22.34,27.22
12/11/2022 8:00,35.14,23.35,100.2,33.35,20.49,222.8,21,26.85
12/11/2022 9:00,38.43,23.51,91.4,37.48,20.46,225.2,19.12,23.95
12/11/2022 10:00,39.66,22.44,99.4,34.98,19.86,222.5,19.7,21.5
12/11/2022 11:00,37.6,22.8,105.8,36.08,20.54,220.1,19.94,23.08
12/11/2022 12:00,39.66,23.14,112,37.25,21.54,216.8,22.29,25.08
12/11/2022 13:00,33.22,20.88,112.6,33.52,19.32,215.2,22.94,24.5
12/11/2022 14:00,33.49,19.42,110,33.87,17.51,214,20.72,23.81
12/11/2022 15:00,32.4,21,111,31.66,19.21,215.8,17.78,19.57
12/11/2022 16:00,34.45,22.42,115.6,33.7,20.84,214.6,21.96,25.47
12/11/2022 17:00,34.86,23.04,114.6,33.12,21.53,214.6,24.33,26.02
12/11/2022 18:00,36.92,23.33,108.5,35.15,21.5,215.9,26.36,27.57
12/11/2022 19:00,39.11,23.05,100.3,37.65,20.51,212.5,26.25,27.65
12/11/2022 20:00,44.73,22.61,102.2,37.54,20.16,214.6,24.64,25.89
12/11/2022 21:00,36.78,22.26,105.9,32.3,20.04,211.7,25.71,27.17
12/11/2022 22:00,39.66,22.85,102.2,34.75,20.45,213.3,26.31,27.12
12/11/2022 23:00,35.69,22.29,92,33,19.1,218.8,26.4,27.88
12/12/2022 0:00,43.91,22.84,91.5,37.94,19.58,217.9,26.2,27.22
12/12/2022 1:00,37.88,23.45,88.7,34.86,19.87,220.7,NAN,NAN
12/12/2022 2:00,37.88,23.38,84.3,33.41,19.78,222.2,24.71,25.87
12/12/2022 3:00,36.65,21.58,85.2,32.71,18.18,225.9,24.72,25.76
12/12/2022 4:00,40.34,21.85,94.1,36.49,18.95,224.1,24.38,26.23
12/12/2022 5:00,41.58,23.66,90,37.36,20.33,231.5,21.67,23.97
12/12/2022 6:00,47.19,24.33,66.98,41.08,20.43,242.8,20.02,22.3
12/12/2022 7:00,54.73,23.66,62.05,47.65,20.09,240.8,19.53,24.88
12/12/2022 8:00,42.26,22.2,80.3,37.48,18.88,240.7,22.56,25.22
12/12/2022 9:00,45.69,22.24,90.2,40.21,19.14,232.9,21.69,27.22
12/12/2022 10:00,39.93,22.25,89.3,36.02,19.22,234.7,22.29,26.14
12/12/2022 11:00,40.89,23.47,91.6,35.62,20.44,228.1,21.75,24.81
12/12/2022 12:00,45.55,21.33,92,39.86,18.29,226.3,24.21,26.53
12/12/2022 13:00,41.71,22.45,91.7,35.33,19.41,225.8,25.46,27.39
12/12/2022 14:00,40.48,22.95,90.5,40.62,19.88,223,24.37,26.12
12/12/2022 15:00,42.13,22.71,92.3,37.01,19.67,224.9,23.86,25.18
12/12/2022 16:00,41.3,23.25,91.2,39.86,20.28,222.3,23.1,25.36
12/12/2022 17:00,42.67,22.42,87.8,36.55,19.25,230.6,24.79,26.65
12/12/2022 18:00,41.17,21.96,75.46,35.15,18.24,248.1,26.32,27.37
12/12/2022 19:00,45.41,22.65,71.11,38.76,18.7,251.7,26.83,27.97
12/12/2022 20:00,52.13,24.13,67.41,45.09,19.93,251,24.85,28.14
12/12/2022 21:00,44.87,24.75,61.93,40.33,20.68,245.2,23.43,24.87
12/12/2022 22:00,46.24,25.54,60.13,40.09,21.59,242.8,24.89,26.56
12/12/2022 23:00,48.56,25.38,60.32,39.86,21.25,242.1,25.07,26.01
12/13/2022 0:00,43.5,25.05,76.32,37.59,21.25,237.2,24.89,26.06
12/13/2022 1:00,40.62,23.78,76.36,36.55,19.91,237.2,24.84,26.07
12/13/2022 2:00,44.45,25.69,79.94,39.05,21.71,242.5,23.75,25.59
12/13/2022 3:00,45.82,26.67,76.9,40.04,22.19,245.7,22.15,23.96
12/13/2022 4:00,49.52,27.4,66.81,42.54,22.76,246.2,19.76,21.5
12/13/2022 5:00,48.43,28.45,59.05,42.48,23.8,248.1,17.3,19.39
12/13/2022 6:00,43.08,27.11,65.26,36.95,22.94,247.6,12.99,15.34
12/13/2022 7:00,41.71,24.82,88.2,37.77,21.55,240.3,12.33,18.47
12/13/2022 8:00,41.58,22.67,93.6,36.61,19.38,239.3,13.4,17.25
12/13/2022 9:00,44.45,25.11,97.6,37.77,21.58,241.4,10.1,17.75
12/13/2022 10:00,42.13,23.39,70.26,39.4,20.47,236.7,11.08,14.04
12/13/2022 11:00,38.7,24.19,59.06,37.25,21.38,236.1,10.04,12.75
12/13/2022 12:00,41.99,24.01,56.53,41.26,21.59,232.3,8.5,12.48
12/13/2022 13:00,38.02,23.18,42.95,32.19,20.13,237.5,5.938,10.14
12/13/2022 14:00,37.33,22.6,45.4,35.15,19.27,238,6.273,9.66
12/13/2022 15:00,39.93,24.54,50.1,34.63,21.19,237.8,7.606,10.49
12/13/2022 16:00,40.76,23.02,46.07,35.5,19.84,235.2,4.613,10.78
12/13/2022 17:00,38.43,23.24,49.78,34.98,20.39,233.7,5.489,10.7
12/13/2022 18:00,39.8,24.79,49.81,36.26,21.11,238.2,0.016,6.43
12/13/2022 19:00,40.62,25.07,49.5,37.77,21.74,238.6,4.485,12.32
12/13/2022 20:00,43.36,25.69,43.45,38.81,22.56,235.9,10.11,12.14
12/13/2022 21:00,41.71,25.84,16.57,38.87,22.55,236.2,6.711,10.43
12/13/2022 22:00,42.26,23.86,2.461,35.68,20.71,237.8,1.682,7.364
12/13/2022 23:00,41.71,24.28,2.465,36.2,20.32,239.8,0,0
12/14/2022 0:00,36.92,22.93,2.47,32.89,18.86,238.3,0,0
12/14/2022 1:00,36.37,24.02,2.471,37.3,19.96,238.1,0,0
12/14/2022 2:00,38.29,24.82,2.476,34.63,20.09,248.6,0,0
12/14/2022 3:00,43.5,25.36,2.475,38.7,20.7,251,0,0
12/14/2022 4:00,46.51,23.59,2.484,39.51,19.87,248.1,0.126,6.197
12/14/2022 5:00,38.15,23.22,2.492,34.86,19.39,252,2.809,10.26
5/12/2023 12:00,0.364,0.363,0.704,0.04,0.04,0.413,NAN,NAN
5/14/2023 9:00,0.364,0.363,0.295,0.04,0.04,0,NAN,NAN
5/14/2023 10:00,0.364,0.364,0.273,0.04,0.04,0,6.474,9.27
5/14/2023 11:00,0.364,0.364,0.282,0.04,0.04,0,6.501,8.9
5/14/2023 12:00,0.364,0.364,0.294,0.04,0.04,0,6.1,7.915
5/14/2023 13:00,0.364,0.364,0.288,0.04,0.04,0,6.884,8.79
5/14/2023 14:00,0.364,0.364,0.287,0.04,0.04,0,5.975,11.22
5/14/2023 15:00,0.364,0.364,0.285,0.04,0.04,0,5.623,11.11
5/14/2023 16:00,0.364,0.364,0.286,0.04,0.04,0,5.913,9.94
5/14/2023 17:00,0.364,0.364,0.284,0.04,0.04,0,5.636,8.57
5/14/2023 18:00,0.364,0.364,0.285,0.04,0.04,0,6.084,9.79
5/14/2023 19:00,0.364,0.364,0.285,0.04,0.04,0,6.104,10.14
5/14/2023 20:00,0.364,0.364,0.287,0.04,0.04,0,5.481,7.592
5/14/2023 21:00,0.364,0.364,0.266,0.04,0.04,0,5.095,7.778
5/14/2023 22:00,0.364,0.364,0.282,0.04,0.04,0,6.195,12.6
5/14/2023 23:00,0.364,0.364,0.284,0.04,0.04,0,5.603,15.11
5/15/2023 0:00,0.364,0.364,0.285,0.04,0.04,0,5.599,17.29
5/15/2023 1:00,0.364,0.364,0.289,0.04,0.04,0,7.338,14.44
5/15/2023 2:00,0.364,0.364,0.288,0.04,0.04,0,7.112,18.47
5/15/2023 3:00,0.364,0.364,0.29,0.04,0.04,0,7.134,15.74
5/15/2023 4:00,0.364,0.364,0.296,0.04,0.04,0,8.53,18.13
5/15/2023 5:00,0.364,0.364,0.296,0.04,0.04,0,5.89,16.46
5/15/2023 6:00,0.364,0.364,0.296,0.04,0.04,0,5.464,12.46
5/15/2023 7:00,0.364,0.364,0.295,0.04,0.04,0,5.367,17.65
5/15/2023 8:00,0.364,0.364,0.294,0.04,0.04,0,8.54,22.2
5/15/2023 9:00,0.364,0.364,0.295,0.04,0.04,0,8.63,22.49
5/15/2023 10:00,0.364,0.364,0.29,0.04,0.04,0,5.847,20.08
5/15/2023 11:00,0.364,0.364,0.285,0.04,0.04,0,4.662,17.87
5/15/2023 12:00,0.364,0.364,0.286,0.04,0.04,0,4.533,15.8
5/15/2023 13:00,0.364,0.364,0.28,0.04,0.04,0,4.781,15.66
5/15/2023 14:00,0.364,0.364,0.278,0.04,0.04,0,1.574,10.61
5/15/2023 15:00,0.364,0.364,0.273,0.04,0.04,0,3.441,9.88
5/15/2023 16:00,0.364,0.364,0.281,0.04,0.04,0,3.39,7.151
5/15/2023 17:00,0.364,0.364,0.281,0.04,0.04,0,2.623,6.697
5/15/2023 18:00,0.364,0.364,0.283,0.04,0.04,0,4.024,6.629
5/15/2023 19:00,0.364,0.364,0.283,0.04,0.04,0,NAN,NAN
5/15/2023 20:00,0.364,0.364,0.276,0.04,0.04,0,1.717,7.737
5/15/2023 21:00,0.364,0.364,0.277,0.04,0.04,0,1.927,9.33
5/15/2023 22:00,0.364,0.364,0.278,0.04,0.04,0,1.76,10.14
5/15/2023 23:00,0.364,0.364,0.277,0.04,0.04,0,2.133,9.78
5/16/2023 0:00,0.364,0.364,0.276,0.04,0.04,0,3.061,11.39
5/16/2023 1:00,0.364,0.364,0.284,0.04,0.04,0,2.468,9.85
5/16/2023 2:00,0.364,0.364,0.284,0.04,0.04,0,2.927,10.11
5/16/2023 3:00,0.364,0.364,0.288,0.04,0.04,0,2.254,14.53
5/16/2023 4:00,0.364,0.364,0.288,0.04,0.04,0,5.211,23.46
5/16/2023 5:00,0.364,0.364,0.292,0.04,0.04,0,10.75,24.39
5/16/2023 6:00,0.364,0.364,0.294,0.04,0.04,0,11.07,26.13
5/16/2023 7:00,0.364,0.364,0.295,0.04,0.04,0,9.69,21.21
5/16/2023 8:00,0.364,0.364,0.297,0.04,0.04,0,7.624,16.57
5/16/2023 9:00,0.364,0.364,0.295,0.04,0.04,0,5.54,20.44
5/16/2023 10:00,0.364,0.364,0.299,0.04,0.04,0,6.746,19.02
5/16/2023 11:00,0.364,0.364,0.296,0.04,0.04,0,5.779,15.49
5/16/2023 12:00,0.364,0.364,0.298,0.04,0.04,0,7.685,20.96
5/16/2023 13:00,0.364,0.364,0.291,0.04,0.04,0,7.197,16.83
5/16/2023 14:00,0.364,0.364,0.287,0.04,0.04,0,6.548,10.64
5/16/2023 15:00,0.364,0.364,0.287,0.04,0.04,0,5.793,8.05
5/16/2023 16:00,0.364,0.364,0.3,0.04,0.04,0,5.538,8.01
5/16/2023 17:00,0.364,0.364,0.211,0.04,0.04,0,5.769,6.274
5/16/2023 18:00,0.364,0.364,0.331,0.04,0.04,0,5.572,6.114
5/16/2023 19:00,0.364,0.364,0.136,0.04,0.04,0,5.269,5.883
5/16/2023 20:00,0.364,0.364,0.195,0.04,0.04,0,5.089,6.152
5/16/2023 21:00,0.364,0.364,0.267,0.04,0.04,0,4.921,9.78
5/16/2023 22:00,0.364,0.364,0.288,0.04,0.04,0,5.29,9.19
5/16/2023 23:00,0.364,0.364,0.256,0.04,0.04,0,5.12,6.704
5/17/2023 0:00,0.364,0.364,0.283,0.04,0.04,0,5.213,9.36
5/17/2023 1:00,0.364,0.364,0.281,0.04,0.04,0,5.176,12.45
5/17/2023 2:00,0.364,0.364,0.281,0.04,0.04,0,5.517,13.02
5/17/2023 3:00,0.364,0.364,0.299,0.04,0.04,0,6.778,11.26
5/17/2023 4:00,0.364,0.364,0.298,0.04,0.04,0,8.04,12.18
5/17/2023 5:00,0.364,0.364,0.295,0.04,0.04,0,7.865,12.6
5/17/2023 6:00,0.364,0.364,0.293,0.04,0.04,0,8.25,12.86
5/17/2023 7:00,0.364,0.364,0.298,0.04,0.04,0,8.08,13.65
5/17/2023 8:00,0.364,0.364,0.295,0.04,0.04,0,8.43,15.69
5/17/2023 9:00,0.364,0.364,0.301,0.04,0.04,0,6.389,13.11
5/17/2023 10:00,0.364,0.364,0.301,0.04,0.04,0,4.122,10.03
5/17/2023 11:00,0.364,0.364,0.298,0.04,0.04,0,5.379,10.61
5/17/2023 12:00,0.364,0.364,0.289,0.04,0.04,0,6.067,8.97
5/17/2023 13:00,0.364,0.364,0.289,0.04,0.04,0,6.731,8.6
5/17/2023 14:00,0.364,0.364,0.276,0.04,0.04,0,6.172,7.735
5/17/2023 15:00,0.364,0.364,0.272,0.04,0.04,0,5.663,8.07
5/17/2023 16:00,0.364,0.364,0.283,0.04,0.04,0,4.663,7.851
5/17/2023 17:00,0.364,0.364,0.287,0.04,0.04,0,5.494,7.392
5/17/2023 18:00,0.364,0.364,0.291,0.04,0.04,0,5.742,8.14
5/17/2023 19:00,0.364,0.364,0.282,0.04,0.04,0,NAN,NAN
5/17/2023 20:00,0.364,0.364,0.283,0.04,0.04,0,4.309,7.583
5/17/2023 21:00,0.364,0.364,0.286,0.04,0.04,0,3.935,8.49
5/17/2023 22:00,0.364,0.364,0.28,0.04,0.04,0,4.61,11.57
5/17/2023 23:00,0.364,0.364,0.281,0.04,0.04,0,4.474,13.74
5/18/2023 0:00,0.364,0.364,0.285,0.04,0.04,0,4.887,11.71
5/18/2023 1:00,0.364,0.364,0.29,0.04,0.04,0,5.201,15.04
5/18/2023 2:00,0.364,0.364,0.292,0.04,0.04,0,6.953,15.32
5/18/2023 3:00,0.364,0.364,0.29,0.04,0.04,0,7.341,13.75
5/18/2023 4:00,0.364,0.364,0.289,0.04,0.04,0,6.781,11.96
5/18/2023 5:00,0.364,0.364,0.286,0.04,0.04,0,6.083,12.47
5/18/2023 6:00,0.364,0.364,0.297,0.04,0.04,0,7.704,14.13
5/18/2023 7:00,0.364,0.364,0.306,0.04,0.04,0,7.609,14.53
5/18/2023 8:00,0.364,0.364,0.3,0.04,0.04,0,7.271,12.79
5/18/2023 9:00,0.364,0.364,0.299,0.04,0.04,0,7.343,10.88
5/18/2023 10:00,0.364,0.364,0.301,0.04,0.04,0,6.998,9.09
5/18/2023 11:00,0.364,0.364,0.308,0.04,0.04,0,5.928,7.434
5/18/2023 12:00,0.364,0.364,0.33,0.04,0.04,0,5.989,7.542
5/18/2023 13:00,0.364,0.364,0.275,0.04,0.04,0,6.435,7.146
5/18/2023 14:00,0.364,0.364,0.243,0.04,0.04,0,6.91,7.362
5/18/2023 15:00,0.364,0.364,0.141,0.04,0.04,0,6.244,6.726
5/18/2023 16:00,0.364,0.364,0.342,0.04,0.04,0,5.763,6.232
5/18/2023 17:00,0.364,0.364,0.283,0.04,0.04,0,5.306,5.936
5/18/2023 18:00,0.364,0.364,0.285,0.04,0.04,0,5.388,5.778
5/18/2023 19:00,0.364,0.364,0.279,0.04,0.04,0,5.343,5.861
5/18/2023 20:00,0.364,0.364,0.266,0.04,0.04,0,5.221,6.656
5/18/2023 21:00,0.364,0.364,0.283,0.04,0.04,0,5.051,7.181
5/18/2023 22:00,0.364,0.364,0.281,0.04,0.04,0,5.359,7.437
5/18/2023 23:00,0.364,0.364,0.282,0.04,0.04,0,4.686,8.79
5/19/2023 0:00,0.364,0.364,0.285,0.04,0.04,0,4.321,13.46
5/19/2023 1:00,0.364,0.364,0.281,0.04,0.04,0,5.802,16.82
5/19/2023 2:00,0.364,0.364,0.284,0.04,0.04,0,6.729,16.97
5/19/2023 3:00,0.364,0.364,0.286,0.04,0.04,0,7.588,15.9
5/19/2023 4:00,0.364,0.364,0.289,0.04,0.04,0,8.95,16.66
5/19/2023 5:00,0.364,0.364,0.29,0.04,0.04,0,9.5,19.45
5/19/2023 6:00,0.364,0.364,0.291,0.04,0.04,0,9.71,21.93
5/19/2023 7:00,0.364,0.364,0.299,0.04,0.04,0,8.74,18.07
5/19/2023 8:00,0.364,0.364,0.293,0.04,0.04,0,9.3,20.53
5/19/2023 9:00,0.364,0.364,0.291,0.04,0.04,0,5.992,12.79
5/19/2023 10:00,0.364,0.364,0.291,0.04,0.04,0,6.015,14.81
5/19/2023 11:00,0.364,0.364,0.29,0.04,0.04,0,5.308,18.28
5/19/2023 12:00,0.364,0.364,0.289,0.04,0.04,0,7.01,16.12
5/19/2023 13:00,0.364,0.364,0.283,0.04,0.04,0,7.646,13.96
5/19/2023 14:00,0.364,0.364,0.283,0.04,0.04,0,5.676,9.54
5/19/2023 15:00,0.364,0.364,0.244,0.04,0.04,0,5.057,5.984
5/19/2023 16:00,0.364,0.364,0.256,0.04,0.04,0,4.252,6.696
5/19/2023 17:00,0.364,0.364,0.276,0.04,0.04,0,5.059,7.646
5/19/2023 18:00,0.364,0.364,0.284,0.04,0.04,0,4.903,7.334
5/19/2023 19:00,0.364,0.364,0.271,0.04,0.04,0,NAN,NAN
5/19/2023 20:00,0.364,0.364,0.273,0.04,0.04,0,5.25,9.26
5/19/2023 21:00,0.364,0.364,0.274,0.04,0.04,0,5.192,10.28
5/19/2023 22:00,0.364,0.364,0.276,0.04,0.04,0,3.457,10.6
5/19/2023 23:00,0.364,0.364,0.281,0.04,0.04,0,5.382,12.84
5/20/2023 0:00,0.364,0.364,0.279,0.04,0.04,0,5.408,14.26
5/20/2023 1:00,0.364,0.364,0.283,0.04,0.04,0,6.725,17.03
5/20/2023 2:00,0.364,0.364,0.288,0.04,0.04,0,7.619,17.61
5/20/2023 3:00,0.364,0.364,0.289,0.04,0.04,0,8.74,17
5/20/2023 4:00,0.364,0.364,0.291,0.04,0.04,0,9.15,17.41
5/20/2023 5:00,0.364,0.364,0.292,0.04,0.04,0,9.06,20.26
5/20/2023 6:00,0.364,0.364,0.29,0.04,0.04,0,9.31,17.89
5/20/2023 7:00,0.364,0.364,0.292,0.04,0.04,0,10.29,19.57
5/20/2023 8:00,0.364,0.364,0.293,0.04,0.04,0,10.24,19.87
5/20/2023 9:00,0.364,0.364,0.294,0.04,0.04,0,11.34,22.74
5/20/2023 10:00,0.364,0.364,0.293,0.04,0.04,0,10.73,21.53
5/20/2023 11:00,0.364,0.364,0.293,0.04,0.04,0,10.67,22.92
5/20/2023 12:00,0.364,0.364,0.291,0.04,0.04,0,10.51,28.3
5/20/2023 13:00,0.364,0.364,0.283,0.04,0.04,0,10.08,24.1
5/20/2023 14:00,0.364,0.364,0.283,0.04,0.04,0,8.05,18.11
5/20/2023 15:00,0.364,0.364,0.28,0.04,0.04,0,5.913,10.64
5/20/2023 16:00,0.364,0.364,0.287,0.04,0.04,0,4.708,12.03
5/20/2023 17:00,0.364,0.364,0.277,0.04,0.04,0,4.596,9.73
5/20/2023 18:00,0.364,0.364,0.281,0.04,0.04,0,4.715,9.34
5/20/2023 19:00,0.364,0.364,0.281,0.04,0.04,0,4.977,8.44
5/20/2023 20:00,0.364,0.364,0.285,0.04,0.04,0,4.126,8.83
5/20/2023 21:00,0.364,0.364,0.283,0.04,0.04,0,5.1,6.933
5/20/2023 22:00,0.364,0.364,0.28,0.04,0.04,0,4.011,8.17
5/20/2023 23:00,0.364,0.364,0.282,0.04,0.04,0,3.803,7.949
5/21/2023 0:00,0.364,0.364,0.273,0.04,0.04,0,2.447,6.732
5/21/2023 1:00,0.364,0.364,0.283,0.04,0.04,0,3.682,7.481
5/21/2023 2:00,0.364,0.364,0.278,0.04,0.04,0,5.406,8.68
5/21/2023 3:00,0.364,0.364,0.284,0.04,0.04,0,5.997,9.35
5/21/2023 4:00,0.364,0.364,0.286,0.04,0.04,0,5.745,8.78
5/21/2023 5:00,0.364,0.364,0.288,0.04,0.04,0,4.518,8.05
5/21/2023 6:00,0.364,0.364,0.296,0.04,0.04,0,5.218,8.91
5/21/2023 7:00,0.364,0.364,0.298,0.04,0.04,0,4.583,9.92
5/21/2023 8:00,0.364,0.364,0.314,0.04,0.04,0,5.11,10.24
5/21/2023 9:00,0.364,0.364,0.301,0.04,0.04,0,5.669,11.49
5/21/2023 10:00,0.364,0.364,0.295,0.04,0.04,0,4.945,13.07
5/21/2023 11:00,0.364,0.364,0.299,0.04,0.04,0,5.383,10.23
5/21/2023 12:00,0.364,0.364,0.288,0.04,0.04,0,4.321,9.87
5/21/2023 13:00,0.364,0.364,0.292,0.04,0.04,0,5,12.61
5/21/2023 14:00,0.364,0.364,0.284,0.04,0.04,0,5.056,13.31
5/21/2023 15:00,0.364,0.364,0.272,0.04,0.04,0,3.733,10.07
5/21/2023 16:00,0.364,0.364,0.277,0.04,0.04,0,3.718,10.91
5/21/2023 17:00,0.364,0.364,0.272,0.04,0.04,0,4.343,8.7
5/21/2023 18:00,0.364,0.364,0.276,0.04,0.04,0,4.008,9.56
5/21/2023 19:00,0.364,0.364,0.274,0.04,0.04,0,NAN,NAN
5/21/2023 20:00,0.364,0.364,0.259,0.04,0.04,0,3.495,8.33
5/21/2023 21:00,0.364,0.364,0.273,0.04,0.04,0,4.158,7.478
5/21/2023 22:00,0.364,0.364,0.282,0.04,0.04,0,5.175,7.615
5/21/2023 23:00,0.364,0.364,0.253,0.04,0.04,0,5.693,6.828
5/22/2023 0:00,0.364,0.364,0.282,0.04,0.04,0,5.449,7.248
5/22/2023 1:00,0.364,0.364,0.28,0.04,0.04,0,3.459,7.236
5/22/2023 2:00,0.364,0.364,0.291,0.04,0.04,0,5.222,8.48
5/22/2023 3:00,0.364,0.364,0.283,0.04,0.04,0,5.309,6.887
5/22/2023 4:00,0.364,0.364,0.306,0.04,0.04,0,6.153,7.048
5/22/2023 5:00,0.364,0.364,0.288,0.04,0.04,0,6.557,7.899
5/22/2023 6:00,0.364,0.364,0.301,0.04,0.04,0,5.893,8.2
5/22/2023 7:00,0.364,0.364,0.302,0.04,0.04,0,5.274,8.28
5/22/2023 8:00,0.364,0.364,0.293,0.04,0.04,0,4.383,9.7
5/22/2023 9:00,0.364,0.364,0.292,0.04,0.04,0,4.854,9.06
5/22/2023 10:00,0.364,0.364,0.282,0.04,0.04,0,4.36,8.03
5/22/2023 11:00,0.364,0.364,0.292,0.04,0.04,0,5.496,8.16
5/22/2023 12:00,0.364,0.364,0.288,0.04,0.04,0,6.199,7.388
5/22/2023 13:00,0.364,0.364,0.276,0.04,0.04,0,6.179,7.272
5/22/2023 14:00,0.364,0.364,0.278,0.04,0.04,0,5.846,7.638
5/22/2023 15:00,0.364,0.364,0.253,0.04,0.04,0,5.155,6.413
5/22/2023 16:00,0.364,0.364,0.281,0.04,0.04,0,5.428,8.21
5/22/2023 17:00,0.364,0.364,0.312,0.04,0.04,0,4.935,5.996
5/22/2023 18:00,0.364,0.364,0.26,0.04,0.04,0,4.882,5.85
5/22/2023 19:00,0.364,0.364,0.267,0.04,0.04,0,3.994,7.77
5/22/2023 20:00,0.364,0.364,0.278,0.04,0.04,0,3.05,7.475
5/22/2023 21:00,0.364,0.364,0.272,0.04,0.04,0,3.373,9.39
5/22/2023 22:00,0.364,0.364,0.281,0.04,0.04,0,3.95,8.19
5/22/2023 23:00,0.364,0.364,0.283,0.04,0.04,0,3.879,6.957
5/23/2023 0:00,0.364,0.364,0.266,0.04,0.04,0,4.696,6.97
5/23/2023 1:00,0.364,0.364,0.276,0.04,0.04,0,3.487,11.13
5/23/2023 2:00,0.364,0.364,0.287,0.04,0.04,0,3.595,12.11
5/23/2023 3:00,0.364,0.364,0.286,0.04,0.04,0,4.998,8.49
5/23/2023 4:00,0.364,0.364,0.287,0.04,0.04,0,5.42,9.57
5/23/2023 5:00,0.364,0.364,0.288,0.04,0.04,0,6.386,8.32
5/23/2023 6:00,0.364,0.364,0.298,0.04,0.04,0,5.97,7.075
5/23/2023 7:00,0.364,0.364,0.296,0.04,0.04,0,5.686,6.877
5/23/2023 8:00,0.364,0.364,0.294,0.04,0.04,0,5.908,7.103
5/23/2023 9:00,0.364,0.364,0.3,0.04,0.04,0,5.733,6.871
5/23/2023 10:00,0.364,0.364,0.324,0.04,0.04,0,4.178,8.32
5/23/2023 11:00,0.364,0.364,0.292,0.04,0.04,0,5.651,7.381
5/23/2023 12:00,0.364,0.364,0.298,0.04,0.04,0,4.883,7.634
5/23/2023 13:00,0.364,0.364,0.287,0.04,0.04,0,6.613,8.87
5/23/2023 14:00,0.364,0.364,0.298,0.04,0.04,0,6.534,8.46
5/23/2023 15:00,0.364,0.364,0.283,0.04,0.04,0,6.046,6.78
5/23/2023 16:00,0.364,0.364,0.283,0.04,0.04,0,5.89,7.013
5/23/2023 17:00,0.364,0.364,0.279,0.04,0.04,0,6.067,6.749
5/23/2023 18:00,0.364,0.364,0.282,0.04,0.04,0,6.108,6.597
5/23/2023 19:00,0.364,0.364,0.261,0.04,0.04,0,NAN,NAN
5/23/2023 20:00,0.364,0.364,0.274,0.04,0.04,0,4.195,6.768
5/23/2023 21:00,0.364,0.364,0.278,0.04,0.04,0,4.549,7.827
5/23/2023 22:00,0.364,0.364,0.274,0.04,0.04,0,4.857,7.542
5/23/2023 23:00,0.364,0.364,0.283,0.04,0.04,0,4.744,5.852
5/24/2023 0:00,0.364,0.364,0.279,0.04,0.04,0,4.717,7.676
5/24/2023 1:00,0.364,0.364,0.28,0.04,0.04,0,5.247,6.425
5/24/2023 2:00,0.364,0.364,0.273,0.04,0.04,0,6.21,6.764
5/24/2023 3:00,0.364,0.364,0.313,0.04,0.04,0,6.365,6.858
5/24/2023 4:00,0.364,0.364,0.248,0.04,0.04,0,5.477,6.281
5/24/2023 5:00,0.364,0.364,0.316,0.04,0.04,0,5.551,7.584
5/24/2023 6:00,0.364,0.364,0.31,0.04,0.04,0,6.19,8.89
5/24/2023 7:00,0.364,0.364,0.305,0.04,0.04,0,6.652,10.25
5/24/2023 8:00,0.364,0.364,0.299,0.04,0.04,0,6.406,9.46
5/24/2023 9:00,0.364,0.364,0.309,0.04,0.04,0,6.11,10.12
5/24/2023 10:00,0.364,0.364,0.305,0.04,0.04,0,6.449,11.11
5/24/2023 11:00,0.364,0.364,0.302,0.04,0.04,0,7.302,12.61
5/24/2023 12:00,0.364,0.364,0.304,0.04,0.04,0,7.274,12.32
5/24/2023 13:00,0.364,0.364,0.286,0.04,0.04,0,7.037,10.32
5/24/2023 14:00,0.364,0.364,0.284,0.04,0.04,0,7.598,11.92
5/24/2023 15:00,0.364,0.364,0.282,0.04,0.04,0,5.74,15.68
5/24/2023 16:00,0.364,0.364,0.287,0.04,0.04,0,5.644,10.92
5/24/2023 17:00,0.364,0.364,0.282,0.04,0.04,0,2.789,9.01
5/24/2023 18:00,0.364,0.364,0.279,0.04,0.04,0,4.368,11.37
5/24/2023 19:00,0.364,0.364,0.278,0.04,0.04,0,3.963,12.77
5/24/2023 20:00,0.364,0.364,0.286,0.04,0.04,0,4.324,11.66
5/24/2023 21:00,0.364,0.364,0.287,0.04,0.04,0,4.95,12.78
5/24/2023 22:00,0.364,0.364,0.277,0.04,0.04,0,2.759,13.67
5/24/2023 23:00,0.364,0.364,0.283,0.04,0.04,0,3.182,9.44
5/25/2023 0:00,0.364,0.364,0.285,0.04,0.04,0,2.978,9.41
5/25/2023 1:00,0.364,0.364,0.286,0.04,0.04,0,3.17,9.62
5/25/2023 2:00,0.364,0.364,0.292,0.04,0.04,0,2.716,10.54
5/25/2023 3:00,0.364,0.364,0.291,0.04,0.04,0,3.734,12.47
5/25/2023 4:00,0.364,0.364,0.285,0.04,0.04,0,3.682,10.36
5/25/2023 5:00,0.364,0.364,0.298,0.04,0.04,0,4.232,10.9
5/25/2023 6:00,0.364,0.364,0.3,0.04,0.04,0,5.605,11.26
5/25/2023 7:00,0.364,0.364,0.294,0.04,0.04,0,5.059,11.08
5/25/2023 8:00,0.364,0.364,0.298,0.04,0.04,0,5.222,9.95
5/25/2023 9:00,0.364,0.364,0.306,0.04,0.04,0,4.06,10.1
5/25/2023 10:00,0.364,0.364,0.295,0.04,0.04,0,3.367,8.46
5/25/2023 11:00,0.364,0.364,0.298,0.04,0.04,0,4.244,8.57
5/25/2023 12:00,0.364,0.364,0.296,0.04,0.04,0,4.645,11.16
5/25/2023 13:00,0.364,0.364,0.285,0.04,0.04,0,4.101,10.74
5/25/2023 14:00,0.364,0.364,0.28,0.04,0.04,0,5.29,8.81
5/25/2023 15:00,0.364,0.364,0.285,0.04,0.04,0,4.639,9.5
5/25/2023 16:00,0.364,0.364,0.284,0.04,0.04,0,4.296,11.2
5/25/2023 17:00,0.364,0.364,0.279,0.04,0.04,0,4.304,10.96
5/25/2023 18:00,0.364,0.364,0.285,0.04,0.04,0,5.081,11.92
5/25/2023 19:00,0.364,0.364,0.286,0.04,0.04,0,NAN,NAN
5/25/2023 20:00,0.364,0.364,0.28,0.04,0.04,0,4.256,11.99
5/25/2023 21:00,0.364,0.364,0.277,0.04,0.04,0,3.111,11.06
5/25/2023 22:00,0.364,0.364,0.283,0.04,0.04,0,4.079,10.87
5/25/2023 23:00,0.364,0.364,0.275,0.04,0.04,0,3.273,10.11
5/26/2023 0:00,0.364,0.364,0.272,0.04,0.04,0,2.76,10.55
5/26/2023 1:00,0.364,0.364,0.283,0.04,0.04,0,3.87,11.04
5/26/2023 2:00,0.364,0.364,0.286,0.04,0.04,0,4.153,9.07
5/26/2023 3:00,0.364,0.364,0.284,0.04,0.04,0,3.92,9.95
5/26/2023 4:00,0.364,0.364,0.284,0.04,0.04,0,4.527,12.07
5/26/2023 5:00,0.364,0.364,0.289,0.04,0.04,0,5.749,15.84
5/26/2023 6:00,0.364,0.364,0.285,0.04,0.04,0,8.09,18.85
5/26/2023 7:00,0.364,0.364,0.29,0.04,0.04,0,8.17,19.51
5/26/2023 8:00,0.364,0.364,0.292,0.04,0.04,0,9.49,21.38
5/26/2023 9:00,0.364,0.364,0.293,0.04,0.04,0,10.06,19.65
5/26/2023 10:00,0.364,0.364,0.294,0.04,0.04,0,9.83,22.99
5/26/2023 11:00,0.364,0.364,0.293,0.04,0.04,0,10,19.1
5/26/2023 12:00,0.364,0.364,0.294,0.04,0.04,0,9.79,21.16
5/26/2023 13:00,0.364,0.364,0.294,0.04,0.04,0,10.44,20.39
5/26/2023 14:00,0.364,0.364,0.285,0.04,0.04,0,9.85,19.56
5/26/2023 15:00,0.364,0.364,0.276,0.04,0.04,0,7.673,13.1
5/26/2023 16:00,0.364,0.364,0.279,0.04,0.04,0,7.706,17.28
5/26/2023 17:00,0.364,0.364,0.282,0.04,0.04,0,7.754,14.73
5/26/2023 18:00,0.364,0.364,0.28,0.04,0.04,0,8.32,14.73
5/26/2023 19:00,0.364,0.364,0.279,0.04,0.04,0,7.339,14.73
5/26/2023 20:00,0.364,0.364,0.284,0.04,0.04,0,6.767,12.15
5/26/2023 21:00,0.364,0.364,0.28,0.04,0.04,0,5.59,11.85
5/26/2023 22:00,0.364,0.364,0.28,0.04,0.04,0,5.481,10.43
5/26/2023 23:00,0.364,0.364,0.281,0.04,0.04,0,5.042,11.95
5/27/2023 0:00,0.364,0.364,0.276,0.04,0.04,0,5.952,13
5/27/2023 1:00,0.364,0.364,0.28,0.04,0.04,0,6.224,12.2
5/27/2023 2:00,0.364,0.364,0.287,0.04,0.04,0,6.408,10.72
5/27/2023 3:00,0.364,0.364,0.291,0.04,0.04,0,6.256,10.78
5/27/2023 4:00,0.364,0.364,0.285,0.04,0.04,0,4.597,10.34
5/27/2023 5:00,0.364,0.364,0.286,0.04,0.04,0,4.89,14.82
5/27/2023 6:00,0.364,0.364,0.29,0.04,0.04,0,7.811,15.42
5/27/2023 7:00,0.364,0.364,0.291,0.04,0.04,0,8.12,17.69
5/27/2023 8:00,0.364,0.364,0.285,0.04,0.04,0,7.76,21.61
5/27/2023 9:00,0.364,0.364,0.29,0.04,0.04,0,7.759,26.09
5/27/2023 10:00,0.364,0.364,0.289,0.04,0.04,0,9.54,25.12
5/27/2023 11:00,0.364,0.364,0.289,0.04,0.04,0,9.41,22.61
5/27/2023 12:00,0.364,0.364,0.287,0.04,0.04,0,6.695,15.78
5/27/2023 13:00,0.364,0.364,0.29,0.04,0.04,0,6.213,14.86
5/27/2023 14:00,0.364,0.364,0.284,0.04,0.04,0,5.147,11.31
5/27/2023 15:00,0.364,0.364,0.288,0.04,0.04,0,7.059,10.97
5/27/2023 16:00,0.364,0.364,0.28,0.04,0.04,0,5.76,9.49
5/27/2023 17:00,0.364,0.364,0.279,0.04,0.04,0,6.031,10.14
5/27/2023 18:00,0.364,0.364,0.28,0.04,0.04,0,7.583,14.25
5/27/2023 19:00,0.364,0.364,0.277,0.04,0.04,0,NAN,NAN
5/27/2023 20:00,0.364,0.364,0.282,0.04,0.04,0,8.47,16
5/27/2023 21:00,0.364,0.364,0.281,0.04,0.04,0,8.2,18.86
5/27/2023 22:00,0.364,0.364,0.279,0.04,0.04,0,7.968,18.52
5/27/2023 23:00,0.364,0.364,0.275,0.04,0.04,0,8.83,28.69
5/28/2023 0:00,0.364,0.364,0.278,0.04,0.04,0,9.98,23.25
5/28/2023 1:00,0.364,0.364,0.279,0.04,0.04,0,8.75,19
5/28/2023 2:00,0.364,0.364,0.286,0.04,0.04,0,7.322,15.31
5/28/2023 3:00,0.364,0.364,0.284,0.04,0.04,0,6.786,14.54
5/28/2023 4:00,0.364,0.364,0.286,0.04,0.04,0,6.747,13.06
5/28/2023 5:00,0.364,0.364,0.292,0.04,0.04,0,8.95,15.46
5/28/2023 6:00,0.364,0.364,0.292,0.04,0.04,0,7.434,12.59
5/28/2023 7:00,0.364,0.364,0.298,0.04,0.04,0,7.22,14.11
5/28/2023 8:00,0.364,0.364,0.296,0.04,0.04,0,8.24,13.29
5/28/2023 9:00,0.364,0.364,0.295,0.04,0.04,0,8.84,16.52
5/28/2023 10:00,0.364,0.364,0.295,0.04,0.04,0,8.64,15.89
5/28/2023 11:00,0.364,0.364,0.29,0.04,0.04,0,8.13,17.41
5/28/2023 12:00,0.364,0.364,0.294,0.04,0.04,0,6.671,14.45
5/28/2023 13:00,0.364,0.364,0.288,0.04,0.04,0,5.593,11.29
5/28/2023 14:00,0.364,0.364,0.281,0.04,0.04,0,6.274,12.17
5/28/2023 15:00,0.364,0.364,0.284,0.04,0.04,0,7.628,12.17
5/28/2023 16:00,0.364,0.364,0.269,0.04,0.04,0,6.948,12.01
5/28/2023 17:00,0.364,0.364,0.284,0.04,0.04,0,6.147,11.35
5/28/2023 18:00,0.364,0.364,0.281,0.04,0.04,0,6.422,11.75
5/28/2023 19:00,0.364,0.364,0.276,0.04,0.04,0,6.918,10.84
5/28/2023 20:00,0.364,0.364,0.282,0.04,0.04,0,6.946,12.03
5/28/2023 21:00,0.364,0.364,0.277,0.04,0.04,0,6.784,11.44
5/28/2023 22:00,0.364,0.364,0.271,0.04,0.04,0,7.267,12.84
5/28/2023 23:00,0.364,0.364,0.28,0.04,0.04,0,7.515,12.73
5/29/2023 0:00,0.364,0.364,0.275,0.04,0.04,0,7.103,10.71
5/29/2023 1:00,0.364,0.364,0.284,0.04,0.04,0,6.798,13.5
5/29/2023 2:00,0.364,0.364,0.284,0.04,0.04,0,7.247,14.02
5/29/2023 3:00,0.364,0.364,0.278,0.04,0.04,0,7.899,14.7
5/29/2023 4:00,0.364,0.364,0.293,0.04,0.04,0,8.34,13.64
5/29/2023 5:00,0.364,0.364,0.285,0.04,0.04,0,8.04,12.56
5/29/2023 6:00,0.364,0.364,0.298,0.04,0.04,0,8.5,15.32
5/29/2023 7:00,0.364,0.364,0.295,0.04,0.04,0,7.636,13.63
5/29/2023 8:00,0.364,0.364,0.301,0.04,0.04,0,8.01,18.69
5/29/2023 9:00,0.364,0.364,0.299,0.04,0.04,0,7.311,14.23
5/29/2023 10:00,0.364,0.364,0.302,0.04,0.04,0,7.485,16.17
5/29/2023 11:00,0.364,0.364,0.297,0.04,0.04,0,8.04,16.11
5/29/2023 12:00,0.364,0.364,0.302,0.04,0.04,0,8.13,16.8
5/29/2023 13:00,0.364,0.364,0.293,0.04,0.04,0,7.802,15.56
5/29/2023 14:00,0.364,0.364,0.279,0.04,0.04,0,8.03,12.23
5/29/2023 15:00,0.364,0.364,0.28,0.04,0.04,0,7.762,12.36
5/29/2023 16:00,0.364,0.364,0.282,0.04,0.04,0,8.05,13.27
5/29/2023 17:00,0.364,0.364,0.281,0.04,0.04,0,8.08,15.06
5/29/2023 18:00,0.364,0.364,0.279,0.04,0.04,0,8.71,14.96
5/29/2023 19:00,0.364,0.364,0.28,0.04,0.04,0,NAN,NAN
5/29/2023 20:00,0.364,0.364,0.28,0.04,0.04,0,8.43,16.36
5/29/2023 21:00,0.364,0.364,0.281,0.04,0.04,0,8.39,15.14
5/29/2023 22:00,0.364,0.364,0.283,0.04,0.04,0,8.06,13.8
5/29/2023 23:00,0.364,0.364,0.281,0.04,0.04,0,8.47,14.42
5/30/2023 0:00,0.364,0.364,0.281,0.04,0.04,0,7.791,13.24
5/30/2023 1:00,0.364,0.364,0.288,0.04,0.04,0,7.579,11.88
5/30/2023 2:00,0.364,0.364,0.293,0.04,0.04,0,6.906,12.14
5/30/2023 3:00,0.364,0.364,0.292,0.04,0.04,0,8.66,15.98
5/30/2023 4:00,0.364,0.364,0.293,0.04,0.04,0,9.04,17.57
5/30/2023 5:00,0.364,0.364,0.294,0.04,0.04,0,7.379,14.76
5/30/2023 6:00,0.364,0.364,0.295,0.04,0.04,0,8.94,18.15
5/30/2023 7:00,0.364,0.364,0.294,0.04,0.04,0,9.57,20.91
5/30/2023 8:00,0.364,0.364,0.296,0.04,0.04,0,8.82,17.72
5/30/2023 9:00,0.364,0.364,0.297,0.04,0.04,0,8.66,21.81
5/30/2023 10:00,0.364,0.364,0.299,0.04,0.04,0,8.15,20.92
5/30/2023 11:00,0.364,0.364,0.299,0.04,0.04,0,8.7,19.37
5/30/2023 12:00,0.364,0.364,0.299,0.04,0.04,0,9.07,18.63
5/30/2023 13:00,0.364,0.364,0.295,0.04,0.04,0,9.14,17.98
5/30/2023 14:00,0.364,0.364,0.288,0.04,0.04,0,8.61,17.54
5/30/2023 15:00,0.364,0.364,0.294,0.04,0.04,0,8.93,18.6
5/30/2023 16:00,0.364,0.364,0.287,0.04,0.04,0,8.76,13.85
5/30/2023 17:00,0.364,0.364,0.283,0.04,0.04,0,8.21,12.74
5/30/2023 18:00,0.364,0.364,0.282,0.04,0.04,0,8.4,15.22
5/30/2023 19:00,0.364,0.364,0.284,0.04,0.04,0,9.1,15.79
5/30/2023 20:00,0.364,0.364,0.283,0.04,0.04,0,8.82,14.79
5/30/2023 21:00,0.364,0.364,0.283,0.04,0.04,0,8.78,15.12
5/30/2023 22:00,0.364,0.364,0.282,0.04,0.04,0,8.31,16.95
5/30/2023 23:00,0.364,0.364,0.287,0.04,0.04,0,7.82,19.71
5/31/2023 0:00,0.364,0.364,0.284,0.04,0.04,0,9.09,16.4
5/31/2023 1:00,0.364,0.364,0.29,0.04,0.04,0,10.38,19.43
5/31/2023 2:00,0.364,0.364,0.288,0.04,0.04,0,9.71,18.17
5/31/2023 3:00,0.364,0.364,0.291,0.04,0.04,0,10.2,17.69
5/31/2023 4:00,0.364,0.364,0.292,0.04,0.04,0,9.66,16.55
5/31/2023 5:00,0.364,0.364,0.294,0.04,0.04,0,9.59,18.48
5/31/2023 6:00,0.364,0.364,0.299,0.04,0.04,0,8.84,18.46
5/31/2023 7:00,0.364,0.364,0.298,0.04,0.04,0,8.95,17.57
5/31/2023 8:00,0.364,0.364,0.299,0.04,0.04,0,9.33,18.71
5/31/2023 9:00,0.364,0.364,0.304,0.04,0.04,0,8.47,17.63
5/31/2023 10:00,0.364,0.364,0.306,0.04,0.04,0,8.96,17.03
5/31/2023 11:00,0.364,0.364,0.303,0.04,0.04,0,8.65,18.73
5/31/2023 12:00,0.364,0.364,0.299,0.04,0.04,0,8.53,19.52
5/31/2023 13:00,0.364,0.364,0.297,0.04,0.04,0,9.24,19.18
5/31/2023 14:00,0.364,0.364,0.291,0.04,0.04,0,9.18,18.43
5/31/2023 15:00,0.364,0.364,0.29,0.04,0.04,0,9.69,18.44
5/31/2023 16:00,0.364,0.364,0.285,0.04,0.04,0,9.06,17.13
5/31/2023 17:00,0.364,0.364,0.285,0.04,0.04,0,9.2,17.26
5/31/2023 18:00,0.364,0.364,0.287,0.04,0.04,0,9.85,18.91
5/31/2023 19:00,0.364,0.364,0.285,0.04,0.04,0,NAN,NAN
5/31/2023 20:00,0.364,0.364,0.283,0.04,0.04,0,9.96,20.63
5/31/2023 21:00,0.364,0.364,0.284,0.04,0.04,0,10.33,27.17
5/31/2023 22:00,0.364,0.364,0.286,0.04,0.04,0,10.55,25.51
5/31/2023 23:00,0.364,0.364,0.285,0.04,0.04,0,11.11,24.96
6/1/2023 0:00,0.364,0.364,0.286,0.04,0.04,0,11.41,26.83
6/1/2023 1:00,0.364,0.364,0.287,0.04,0.04,0,12.02,33.25
6/1/2023 2:00,0.364,0.364,0.287,0.04,0.04,0,12.49,28.61
6/1/2023 3:00,0.364,0.364,0.293,0.04,0.04,0,10.66,22.65
6/1/2023 4:00,0.364,0.364,0.286,0.04,0.04,0,10.29,23.56
6/1/2023 5:00,0.364,0.364,0.292,0.04,0.04,0,10.46,22.74
6/1/2023 6:00,0.364,0.364,0.291,0.04,0.04,0,10.39,26.08
6/1/2023 7:00,0.364,0.364,0.295,0.04,0.04,0,10.43,21.69
6/1/2023 8:00,0.364,0.364,0.293,0.04,0.04,0,10.04,20.85
6/1/2023 9:00,0.364,0.364,0.296,0.04,0.04,0,9.6,21.29
6/1/2023 10:00,0.364,0.364,0.298,0.04,0.04,0,8.9,27.45
6/1/2023 11:00,0.364,0.364,0.299,0.04,0.04,0,8.28,20.42
6/1/2023 12:00,0.364,0.364,0.299,0.04,0.04,0,8.95,21.93
6/1/2023 13:00,0.364,0.364,0.294,0.04,0.04,0,10.45,22.59
6/1/2023 14:00,0.364,0.364,0.286,0.04,0.04,0,10.83,23.4
6/1/2023 15:00,0.364,0.364,0.289,0.04,0.04,0,10.28,21.25
6/1/2023 16:00,0.364,0.364,0.287,0.04,0.04,0,9.07,21.39
6/1/2023 17:00,0.364,0.364,0.282,0.04,0.04,0,9.74,20.45
6/1/2023 18:00,0.364,0.364,0.281,0.04,0.04,0,10.26,25.04
6/1/2023 19:00,0.364,0.364,0.281,0.04,0.04,0,9.32,20.9
6/1/2023 20:00,0.364,0.364,0.281,0.04,0.04,0,8.01,23.23
6/1/2023 21:00,0.364,0.364,0.281,0.04,0.04,0,7.893,23
6/1/2023 22:00,0.364,0.364,0.277,0.04,0.04,0,9.58,25.97
6/1/2023 23:00,0.364,0.364,0.284,0.04,0.04,0,7.844,20.19
6/2/2023 0:00,0.364,0.364,0.282,0.04,0.04,0,7.886,21.58
6/2/2023 1:00,0.364,0.364,0.291,0.04,0.04,0,7.781,20.29
6/2/2023 2:00,0.364,0.364,0.289,0.04,0.04,0,8.1,22.7
6/2/2023 3:00,0.364,0.364,0.289,0.04,0.04,0,9.3,19.34
6/2/2023 4:00,0.364,0.364,0.288,0.04,0.04,0,9.77,22.13
6/2/2023 5:00,0.364,0.364,0.288,0.04,0.04,0,9.65,25.06
6/2/2023 6:00,0.364,0.364,0.291,0.04,0.04,0,9.86,20.01
6/2/2023 7:00,0.364,0.364,0.291,0.04,0.04,0,9.78,19.78
6/2/2023 8:00,0.364,0.364,0.291,0.04,0.04,0,9.81,22.31
6/2/2023 9:00,0.364,0.364,0.292,0.04,0.04,0,9.74,19.61
6/2/2023 10:00,0.364,0.364,0.291,0.04,0.04,0,9.47,22.36
6/2/2023 11:00,0.364,0.364,0.293,0.04,0.04,0,9.84,19.64
6/2/2023 12:00,0.364,0.364,0.289,0.04,0.04,0,10.45,23.73
6/2/2023 13:00,0.364,0.364,0.288,0.04,0.04,0,10.65,25.67
6/2/2023 14:00,0.364,0.364,0.28,0.04,0.04,0,10.53,23.46
6/2/2023 15:00,0.364,0.364,0.281,0.04,0.04,0,10.24,23.53
6/2/2023 16:00,0.364,0.364,0.283,0.04,0.04,0,11.17,23.15
6/2/2023 17:00,0.364,0.364,0.283,0.04,0.04,0,10.84,23.87
6/2/2023 18:00,0.364,0.364,0.278,0.04,0.04,0,10.88,26.19
6/2/2023 19:00,0.364,0.364,0.283,0.04,0.04,0,NAN,NAN
6/2/2023 20:00,0.364,0.364,0.277,0.04,0.04,0,12.54,31.24
6/2/2023 21:00,0.364,0.364,0.281,0.04,0.04,0,13.24,31.72
6/2/2023 22:00,0.364,0.364,0.283,0.04,0.04,0,13.79,34.08
6/2/2023 23:00,0.364,0.364,0.282,0.04,0.04,0,13.9,32.22
6/3/2023 0:00,0.364,0.364,0.286,0.04,0.04,0,13.7,32.59
6/3/2023 1:00,0.364,0.364,0.287,0.04,0.04,0,13.68,29.07
6/3/2023 2:00,0.364,0.364,0.285,0.04,0.04,0,12.66,31.97
6/3/2023 3:00,0.364,0.364,0.285,0.04,0.04,0,12.74,29.21
6/3/2023 4:00,0.364,0.364,0.29,0.04,0.04,0,12.78,29.02
6/3/2023 5:00,0.364,0.364,0.288,0.04,0.04,0,13.04,27.61
6/3/2023 6:00,0.364,0.364,0.293,0.04,0.04,0,12.84,25.12
6/3/2023 7:00,0.364,0.364,0.291,0.04,0.04,0,12.76,26.24
6/3/2023 8:00,0.364,0.364,0.294,0.04,0.04,0,11.74,23.9
6/3/2023 9:00,0.364,0.364,0.295,0.04,0.04,0,11.52,24.09
6/3/2023 10:00,0.364,0.364,0.293,0.04,0.04,0,10.87,22.16
6/3/2023 11:00,0.364,0.364,0.296,0.04,0.04,0,11.2,24.09
6/3/2023 12:00,0.364,0.364,0.292,0.04,0.04,0,11.6,23.96
6/3/2023 13:00,0.364,0.364,0.29,0.04,0.04,0,12.29,26.64
6/3/2023 14:00,0.364,0.364,0.281,0.04,0.04,0,11.54,25.79
6/3/2023 15:00,0.364,0.364,0.281,0.04,0.04,0,10.74,22.71
6/3/2023 16:00,0.364,0.364,0.279,0.04,0.04,0,9.7,21.12
6/3/2023 17:00,0.364,0.364,0.282,0.04,0.04,0,9.22,20.57
6/3/2023 18:00,0.364,0.364,0.274,0.04,0.04,0,9.33,22.37
6/3/2023 19:00,0.364,0.364,0.276,0.04,0.04,0,8.89,18.98
6/3/2023 20:00,0.364,0.364,0.275,0.04,0.04,0,8.97,18.61
6/3/2023 21:00,0.364,0.364,0.278,0.04,0.04,0,8.07,17.4
6/3/2023 22:00,0.364,0.364,0.276,0.04,0.04,0,8.09,20.28
6/3/2023 23:00,0.364,0.364,0.277,0.04,0.04,0,8.25,21.68
6/4/2023 0:00,0.364,0.364,0.277,0.04,0.04,0,7.647,22.16
6/4/2023 1:00,0.364,0.364,0.285,0.04,0.04,0,8.12,20.29
6/4/2023 2:00,0.364,0.364,0.284,0.04,0.04,0,7.508,17.64
6/4/2023 3:00,0.364,0.364,0.288,0.04,0.04,0,7.269,17.39
6/4/2023 4:00,0.364,0.364,0.291,0.04,0.04,0,7.245,16.53
6/4/2023 5:00,0.364,0.364,0.281,0.04,0.04,0,6.466,17.93
6/4/2023 6:00,0.364,0.364,0.293,0.04,0.04,0,7.155,15.23
6/4/2023 7:00,0.364,0.364,0.293,0.04,0.04,0,9.08,16.8
6/4/2023 8:00,0.364,0.364,0.299,0.04,0.04,0,8.62,18.15
6/4/2023 9:00,0.364,0.364,0.299,0.04,0.04,0,9.02,16.45
6/4/2023 10:00,0.364,0.364,0.298,0.04,0.04,0,8.07,18.18
6/4/2023 11:00,0.364,0.364,0.299,0.04,0.04,0,8.17,16.69
6/4/2023 12:00,0.364,0.364,0.293,0.04,0.04,0,8.06,14.41
6/4/2023 13:00,0.364,0.364,0.298,0.04,0.04,0,6.627,11.9
6/4/2023 14:00,0.364,0.364,0.293,0.04,0.04,0,6.756,9.58
6/4/2023 15:00,0.364,0.364,0.293,0.04,0.04,0,6.491,8.81
6/4/2023 16:00,0.364,0.364,0.278,0.04,0.04,0,6.115,8.78
6/4/2023 17:00,0.364,0.364,0.281,0.04,0.04,0,6.254,7.564
6/4/2023 18:00,0.364,0.364,0.278,0.04,0.04,0,6.209,8.28
6/4/2023 19:00,0.364,0.364,0.277,0.04,0.04,0,NAN,NAN
6/4/2023 20:00,0.364,0.364,0.279,0.04,0.04,0,6.011,8.07
6/4/2023 21:00,0.364,0.364,0.268,0.04,0.04,0,6.203,7.28
6/4/2023 22:00,0.364,0.364,0.274,0.04,0.04,0,6.213,10.67
6/4/2023 23:00,0.364,0.364,0.28,0.04,0.04,0,6.864,12.13
6/5/2023 0:00,0.364,0.364,0.273,0.04,0.04,0,6.627,10.5
6/5/2023 1:00,0.364,0.364,0.294,0.04,0.04,0,6.515,10.09
6/5/2023 2:00,0.364,0.364,0.301,0.04,0.04,0,7.028,9.67
6/5/2023 3:00,0.364,0.364,0.295,0.04,0.04,0,7.337,12.11
6/5/2023 4:00,0.364,0.364,0.287,0.04,0.04,0,8.19,13.49
6/5/2023 5:00,0.364,0.364,0.287,0.04,0.04,0,7.959,13.83
6/5/2023 6:00,0.364,0.364,0.293,0.04,0.04,0,8.1,12.46
6/5/2023 7:00,0.364,0.364,0.288,0.04,0.04,0,7.398,12.3
6/5/2023 8:00,0.364,0.364,0.302,0.04,0.04,0,7.593,12.66
6/5/2023 9:00,0.364,0.364,0.304,0.04,0.04,0,7.609,15.25
6/5/2023 10:00,0.364,0.364,0.299,0.04,0.04,0,6.849,13.76
6/5/2023 11:00,0.364,0.364,0.302,0.04,0.04,0,6.617,15.37
6/5/2023 12:00,0.364,0.364,0.297,0.04,0.04,0,8.09,16.53
6/5/2023 13:00,0.364,0.364,0.293,0.04,0.04,0,7.96,14.85
6/5/2023 14:00,0.364,0.364,0.283,0.04,0.04,0,8.26,15.02
6/5/2023 15:00,0.364,0.364,0.284,0.04,0.04,0,7.409,13.87
6/5/2023 16:00,0.364,0.364,0.282,0.04,0.04,0,7.704,13.91
6/5/2023 17:00,0.364,0.364,0.29,0.04,0.04,0,7.593,14.69
6/5/2023 18:00,0.364,0.364,0.275,0.04,0.04,0,7.75,13.22
6/5/2023 19:00,0.364,0.364,0.281,0.04,0.04,0,5.717,15.63
6/5/2023 20:00,0.364,0.364,0.284,0.04,0.04,0,5.169,13.69
6/5/2023 21:00,0.364,0.364,0.281,0.04,0.04,0,7.138,13.98
6/5/2023 22:00,0.364,0.364,0.278,0.04,0.04,0,9.97,20.93
6/5/2023 23:00,0.364,0.364,0.282,0.04,0.04,0,12,21.17
6/6/2023 0:00,0.364,0.364,0.278,0.04,0.04,0,10.99,21.39
6/6/2023 1:00,0.364,0.364,0.282,0.04,0.04,0,10.83,20.35
6/6/2023 2:00,0.364,0.364,0.286,0.04,0.04,0,10.44,19
6/6/2023 3:00,0.364,0.364,0.287,0.04,0.04,0,10.65,18.29
6/6/2023 4:00,0.364,0.364,0.285,0.04,0.04,0,10.43,18.1
6/6/2023 5:00,0.364,0.364,0.286,0.04,0.04,0,10.17,18.86
6/6/2023 6:00,0.364,0.364,0.293,0.04,0.04,0,10.65,19.74
6/6/2023 7:00,0.364,0.364,0.295,0.04,0.04,0,11.07,19.81
6/6/2023 8:00,0.364,0.364,0.296,0.04,0.04,0,10.51,18.83
6/6/2023 9:00,0.364,0.364,0.296,0.04,0.04,0,7.682,17.78
6/6/2023 10:00,0.364,0.364,0.298,0.04,0.04,0,8.01,19.53
6/6/2023 11:00,0.364,0.364,0.299,0.04,0.04,0,6.729,12.65
6/6/2023 12:00,0.364,0.364,0.304,0.04,0.04,0,7.73,14.5
6/6/2023 13:00,0.364,0.364,0.298,0.04,0.04,0,7.637,13.11
6/6/2023 14:00,0.364,0.364,0.285,0.04,0.04,0,8.82,17.21
6/6/2023 15:00,0.364,0.364,0.287,0.04,0.04,0,7.935,15.18
6/6/2023 16:00,0.364,0.364,0.289,0.04,0.04,0,7.517,11.74
6/6/2023 17:00,0.364,0.364,0.291,0.04,0.04,0,7.792,11.93
6/6/2023 18:00,0.364,0.364,0.283,0.04,0.04,0,8.37,16.59
6/6/2023 19:00,0.364,0.364,0.281,0.04,0.04,0,NAN,NAN
6/6/2023 20:00,0.364,0.364,0.281,0.04,0.04,0,8.68,18.52
6/6/2023 21:00,0.364,0.364,0.283,0.04,0.04,0,8.68,20.9
6/6/2023 22:00,0.364,0.364,0.283,0.04,0.04,0,8.88,19.36
6/6/2023 23:00,0.364,0.364,0.28,0.04,0.04,0,8.78,18.35
6/7/2023 0:00,0.364,0.364,0.282,0.04,0.04,0,8.68,20.98
6/7/2023 1:00,0.364,0.364,0.287,0.04,0.04,0,9.91,18.62
6/7/2023 2:00,0.364,0.364,0.287,0.04,0.04,0,9.45,20.6
6/7/2023 3:00,0.364,0.364,0.284,0.04,0.04,0,10.17,18.57
6/7/2023 4:00,0.364,0.364,0.29,0.04,0.04,0,10.43,19.03
6/7/2023 5:00,0.364,0.364,0.29,0.04,0.04,0,9.35,17.69
6/7/2023 6:00,0.364,0.364,0.295,0.04,0.04,0,7.989,16.9
6/7/2023 7:00,0.364,0.364,0.297,0.04,0.04,0,8.36,16.43
6/7/2023 8:00,0.364,0.364,0.296,0.04,0.04,0,8.67,17.42
6/7/2023 9:00,0.364,0.364,0.307,0.04,0.04,0,8.35,16.05
6/7/2023 10:00,0.364,0.364,0.303,0.04,0.04,0,7.436,13.55
6/7/2023 11:00,0.364,0.364,0.305,0.04,0.04,0,7.808,16.18
6/7/2023 12:00,0.364,0.364,0.303,0.04,0.04,0,6.807,16.54
6/7/2023 13:00,0.364,0.364,0.303,0.04,0.04,0,6.743,13.8
6/7/2023 14:00,0.364,0.364,0.29,0.04,0.04,0,8.66,16.54
6/7/2023 15:00,0.364,0.364,0.286,0.04,0.04,0,8.68,17.75
6/7/2023 16:00,0.364,0.364,0.288,0.04,0.04,0,7.365,17.06
6/7/2023 17:00,0.364,0.364,0.282,0.04,0.04,0,8.61,20.85
6/7/2023 18:00,0.364,0.364,0.282,0.04,0.04,0,8.47,17.76
6/7/2023 19:00,0.364,0.364,0.284,0.04,0.04,0,8.02,18.3
6/7/2023 20:00,0.364,0.364,0.282,0.04,0.04,0,10.03,21.61
6/7/2023 21:00,0.364,0.364,0.287,0.04,0.04,0,9.74,17.91
6/7/2023 22:00,0.364,0.364,0.283,0.04,0.04,0,10.16,20.08
6/7/2023 23:00,0.364,0.364,0.282,0.04,0.04,0,9.74,19.75
6/8/2023 0:00,0.364,0.364,0.284,0.04,0.04,0,9.52,21.82
6/8/2023 1:00,0.364,0.364,0.287,0.04,0.04,0,8.93,19.66
6/8/2023 2:00,0.364,0.364,0.287,0.04,0.04,0,9.84,18.75
6/8/2023 3:00,0.364,0.364,0.288,0.04,0.04,0,9.39,21.14
6/8/2023 4:00,0.364,0.364,0.295,0.04,0.04,0,9.14,17.54
6/8/2023 5:00,0.364,0.364,0.293,0.04,0.04,0,9.88,18.34
6/8/2023 6:00,0.364,0.364,0.295,0.04,0.04,0,9.41,18.63
6/8/2023 7:00,0.364,0.364,0.297,0.04,0.04,0,9.02,18.98
6/8/2023 8:00,0.364,0.364,0.296,0.04,0.04,0,7.748,16.05
6/8/2023 9:00,0.364,0.364,0.3,0.04,0.04,0,7.662,18.17
6/8/2023 10:00,0.364,0.364,0.302,0.04,0.04,0,7.161,15.97
6/8/2023 11:00,0.364,0.364,0.303,0.04,0.04,0,6.848,14.8
6/8/2023 12:00,0.364,0.364,0.295,0.04,0.04,0,6.269,12.15
6/8/2023 13:00,0.364,0.364,0.301,0.04,0.04,0,7.968,17.52
6/8/2023 14:00,0.364,0.364,0.294,0.04,0.04,0,8.19,15.98
6/8/2023 15:00,0.364,0.364,0.284,0.04,0.04,0,8.37,16.71
6/8/2023 16:00,0.364,0.364,0.288,0.04,0.04,0,9.16,17.95
6/8/2023 17:00,0.364,0.364,0.29,0.04,0.04,0,8.82,16.27
6/8/2023 18:00,0.364,0.364,0.288,0.04,0.04,0,7.86,16.24
6/8/2023 19:00,0.364,0.364,0.287,0.04,0.04,0,NAN,NAN
6/8/2023 20:00,0.364,0.364,0.285,0.04,0.04,0,8.52,18.43
6/8/2023 21:00,0.364,0.364,0.28,0.04,0.04,0,8,15.23
6/8/2023 22:00,0.364,0.364,0.285,0.04,0.04,0,8.69,15.91
6/8/2023 23:00,0.364,0.364,0.284,0.04,0.04,0,8.55,18.6
6/9/2023 0:00,0.364,0.364,0.287,0.04,0.04,0,8.97,16.18
6/9/2023 1:00,0.364,0.364,0.291,0.04,0.04,0,9.49,15.54
6/9/2023 2:00,0.364,0.364,0.291,0.04,0.04,0,9.85,17.43
6/9/2023 3:00,0.364,0.364,0.292,0.04,0.04,0,10.13,16.62
6/9/2023 4:00,0.364,0.364,0.292,0.04,0.04,0,10.1,17.92
6/9/2023 5:00,0.364,0.364,0.295,0.04,0.04,0,8.51,18.09
6/9/2023 6:00,0.364,0.364,0.295,0.04,0.04,0,8.04,15.28
6/9/2023 7:00,0.364,0.364,0.298,0.04,0.04,0,8.75,15.06
6/9/2023 8:00,0.364,0.364,0.302,0.04,0.04,0,8.44,13.99
6/9/2023 9:00,0.364,0.364,0.306,0.04,0.04,0,7.515,14.43
6/9/2023 10:00,0.364,0.364,0.304,0.04,0.04,0,8.2,15.87
6/9/2023 11:00,0.364,0.364,0.306,0.04,0.04,0,7.722,14.45
6/9/2023 12:00,0.364,0.364,0.311,0.04,0.04,0,7.507,14.17
6/9/2023 13:00,0.364,0.364,0.306,0.04,0.04,0,6.884,10.51
6/9/2023 14:00,0.364,0.364,0.289,0.04,0.04,0,6.961,10.3
6/9/2023 15:00,0.364,0.364,0.286,0.04,0.04,0,7.294,9.17
6/9/2023 16:00,0.364,0.364,0.288,0.04,0.04,0,7.39,11.78
6/9/2023 17:00,0.364,0.364,0.284,0.04,0.04,0,6.34,13.45
6/9/2023 18:00,0.364,0.364,0.286,0.04,0.04,0,7.419,12.63
6/9/2023 19:00,0.364,0.364,0.291,0.04,0.04,0,7.536,16.95
6/9/2023 20:00,0.364,0.364,0.28,0.04,0.04,0,7.405,13.67
6/9/2023 21:00,0.364,0.364,0.295,0.04,0.04,0,7.623,12.17
6/9/2023 22:00,0.364,0.364,0.28,0.04,0.04,0,7.457,13.84
6/9/2023 23:00,0.364,0.364,0.283,0.04,0.04,0,8.24,14.39
6/10/2023 0:00,0.364,0.364,0.284,0.04,0.04,0,7.26,14.58
6/10/2023 1:00,0.364,0.364,0.292,0.04,0.04,0,6.155,14.97
6/10/2023 2:00,0.364,0.364,0.291,0.04,0.04,0,5.451,14.59
6/10/2023 3:00,0.364,0.364,0.292,0.04,0.04,0,5.615,18.9
6/10/2023 4:00,0.364,0.364,0.295,0.04,0.04,0,8.13,17.32
6/10/2023 5:00,0.364,0.364,0.296,0.04,0.04,0,8.18,15.09
6/10/2023 6:00,0.364,0.364,0.296,0.04,0.04,0,8.34,15.97
6/10/2023 7:00,0.364,0.364,0.301,0.04,0.04,0,8.84,17.86
6/10/2023 8:00,0.364,0.364,0.304,0.04,0.04,0,7.991,16.72
6/10/2023 9:00,0.364,0.364,0.307,0.04,0.04,0,7.606,16.16
6/10/2023 10:00,0.364,0.364,0.309,0.04,0.04,0,7.599,15.68
6/10/2023 11:00,0.364,0.364,0.308,0.04,0.04,0,7.396,14.48
6/10/2023 12:00,0.364,0.364,0.303,0.04,0.04,0,7.202,15.28
6/10/2023 13:00,0.364,0.364,0.3,0.04,0.04,0,7.101,13.66
6/10/2023 14:00,0.364,0.364,0.29,0.04,0.04,0,7.723,14.77
6/10/2023 15:00,0.364,0.364,0.291,0.04,0.04,0,7.305,11.47
6/10/2023 16:00,0.364,0.364,0.28,0.04,0.04,0,7.359,10.96
6/10/2023 17:00,0.364,0.364,0.281,0.04,0.04,0,7.301,10.36
6/10/2023 18:00,0.364,0.364,0.285,0.04,0.04,0,7.161,9.38
6/10/2023 19:00,0.364,0.364,0.285,0.04,0.04,0,NAN,NAN
6/10/2023 20:00,0.364,0.364,0.282,0.04,0.04,0,6.583,8.39
6/10/2023 21:00,0.364,0.364,0.291,0.04,0.04,0,6.582,7.803
6/10/2023 22:00,0.364,0.364,0.282,0.04,0.04,0,6.543,8.88
6/10/2023 23:00,0.364,0.364,0.284,0.04,0.04,0,6.458,8.07
6/11/2023 0:00,0.364,0.364,0.284,0.04,0.04,0,6.326,8.77
6/11/2023 1:00,0.364,0.364,0.294,0.04,0.04,0,5.853,8.58
6/11/2023 2:00,0.364,0.364,0.305,0.04,0.04,0,5.336,8.07
6/11/2023 3:00,0.364,0.364,0.315,0.04,0.04,0,5.779,8.55
6/11/2023 4:00,0.364,0.364,0.327,0.04,0.04,0,5.697,6.715
6/11/2023 5:00,0.364,0.364,0.32,0.04,0.04,0,5.779,7.19
6/11/2023 6:00,0.364,0.364,0.306,0.04,0.04,0,5.939,7.821
6/11/2023 7:00,0.364,0.364,0.314,0.04,0.04,0,6.315,7.722
6/11/2023 8:00,0.364,0.364,0.319,0.04,0.04,0,6.406,8.35
6/11/2023 9:00,0.364,0.364,0.319,0.04,0.04,0,6.179,9.86
6/11/2023 10:00,0.364,0.364,0.309,0.04,0.04,0,6.218,9.83
6/11/2023 11:00,0.364,0.364,0.322,0.04,0.04,0,6.368,9.37
6/11/2023 12:00,0.364,0.364,0.332,0.04,0.04,0,6.211,8.73
6/11/2023 13:00,0.364,0.364,0.312,0.04,0.04,0,6.483,8.24
6/11/2023 14:00,0.364,0.364,0.305,0.04,0.04,0,6.239,7.487
6/11/2023 15:00,0.364,0.364,0.232,0.04,0.04,0,6.666,7.158
6/11/2023 16:00,0.364,0.364,0.355,0.04,0.04,0,6.419,7.679
6/11/2023 17:00,0.364,0.364,0.291,0.04,0.04,0,5.592,8.77
6/11/2023 18:00,0.364,0.364,0.296,0.04,0.04,0,5.01,9.36
6/11/2023 19:00,0.364,0.364,0.292,0.04,0.04,0,6.226,8.73
6/11/2023 20:00,0.364,0.364,0.285,0.04,0.04,0,6.312,9.26
6/11/2023 21:00,0.364,0.364,0.287,0.04,0.04,0,7.521,11.85
6/11/2023 22:00,0.364,0.364,0.293,0.04,0.04,0,7.597,11.91
6/11/2023 23:00,0.364,0.364,0.284,0.04,0.04,0,7.017,11.32
6/12/2023 0:00,0.364,0.364,0.295,0.04,0.04,0,7.357,13.47
6/12/2023 1:00,0.364,0.364,0.294,0.04,0.04,0,7.609,13.02
6/12/2023 2:00,0.364,0.364,0.297,0.04,0.04,0,7.419,12.79
6/12/2023 3:00,0.364,0.364,0.295,0.04,0.04,0,7.067,11.76
6/12/2023 4:00,0.364,0.364,0.298,0.04,0.04,0,6.063,9.87
6/12/2023 5:00,0.364,0.364,0.301,0.04,0.04,0,5.226,9.9
6/12/2023 6:00,0.364,0.364,0.322,0.04,0.04,0,5.393,10.1
6/12/2023 7:00,0.364,0.364,0.312,0.04,0.04,0,6.618,11.68
6/12/2023 8:00,0.364,0.364,0.312,0.04,0.04,0,7.298,13.93
6/12/2023 9:00,0.364,0.364,0.313,0.04,0.04,0,7.411,15.6
6/12/2023 10:00,0.364,0.364,0.307,0.04,0.04,0,7.684,16.46
6/12/2023 11:00,0.364,0.364,0.305,0.04,0.04,0,7.785,18.45
6/12/2023 12:00,0.364,0.364,0.306,0.04,0.04,0,7.035,13.04
6/12/2023 13:00,0.364,0.364,0.305,0.04,0.04,0,6.8,13.03
6/12/2023 14:00,0.364,0.364,0.3,0.04,0.04,0,6.048,12.39
6/12/2023 15:00,0.364,0.364,0.291,0.04,0.04,0,5.598,10.43
6/12/2023 16:00,0.364,0.364,0.283,0.04,0.04,0,6.386,12.33
6/12/2023 17:00,0.364,0.364,0.288,0.04,0.04,0,7.323,12.33
6/12/2023 18:00,0.364,0.364,0.279,0.04,0.04,0,7.599,11.4
6/12/2023 19:00,0.364,0.364,0.289,0.04,0.04,0,NAN,NAN
6/12/2023 20:00,0.364,0.364,0.286,0.04,0.04,0,7.152,12.66
6/12/2023 21:00,0.364,0.364,0.29,0.04,0.04,0,6.592,11.39
6/12/2023 22:00,0.364,0.364,0.282,0.04,0.04,0,7.161,14.11
6/12/2023 23:00,0.364,0.364,0.286,0.04,0.04,0,7.187,15.92
6/13/2023 0:00,0.364,0.364,0.289,0.04,0.04,0,7.502,12.73
6/13/2023 1:00,0.364,0.364,0.291,0.04,0.04,0,6.924,11.22
6/13/2023 2:00,0.364,0.364,0.28,0.04,0.04,0,6.29,11.36
6/13/2023 3:00,0.364,0.364,0.294,0.04,0.04,0,8.16,16.68
6/13/2023 4:00,0.364,0.364,0.298,0.04,0.04,0,6.581,14.57
6/13/2023 5:00,0.364,0.364,0.303,0.04,0.04,0,5.759,13.59
6/13/2023 6:00,0.364,0.364,0.305,0.04,0.04,0,5.324,13.21
6/13/2023 7:00,0.364,0.364,0.304,0.04,0.04,0,7.167,16.11
6/13/2023 8:00,0.364,0.364,0.307,0.04,0.04,0,7.743,18.59
6/13/2023 9:00,0.364,0.364,0.307,0.04,0.04,0,8.28,17.59
6/13/2023 10:00,0.364,0.364,0.299,0.04,0.04,0,8.27,16.87
6/13/2023 11:00,0.364,0.364,0.308,0.04,0.04,0,8.26,17.88
6/13/2023 12:00,0.364,0.364,0.305,0.04,0.04,0,8.96,18.11
6/13/2023 13:00,0.364,0.364,0.307,0.04,0.04,0,8.8,18.32
6/13/2023 14:00,0.364,0.364,0.292,0.04,0.04,0,8.6,16.92
6/13/2023 15:00,0.364,0.364,0.294,0.04,0.04,0,9.07,18.18
6/13/2023 16:00,0.364,0.364,0.296,0.04,0.04,0,8.45,16.15
6/13/2023 17:00,0.364,0.364,0.291,0.04,0.04,0,7.828,14.7
6/13/2023 18:00,0.364,0.364,0.289,0.04,0.04,0,8.03,14.51
6/13/2023 19:00,0.364,0.364,0.295,0.04,0.04,0,6.644,11.85
6/13/2023 20:00,0.364,0.364,0.299,0.04,0.04,0,7.499,13.21
6/13/2023 21:00,0.364,0.364,0.286,0.04,0.04,0,6.694,11.18
6/13/2023 22:00,0.364,0.364,0.285,0.04,0.04,0,6.733,11.2
6/13/2023 23:00,0.364,0.364,0.289,0.04,0.04,0,5.608,9.92
6/14/2023 0:00,0.364,0.364,0.294,0.04,0.04,0,6.565,14.07
6/14/2023 1:00,0.364,0.364,0.276,0.04,0.04,0,6.541,12.47
6/14/2023 2:00,0.364,0.364,0.29,0.04,0.04,0,6.31,9.22
6/14/2023 3:00,0.364,0.364,0.297,0.04,0.04,0,6.705,10.88
6/14/2023 4:00,0.364,0.364,0.295,0.04,0.04,0,5.796,11.51
6/14/2023 5:00,0.364,0.364,0.298,0.04,0.04,0,6.69,14.47
6/14/2023 6:00,0.364,0.364,0.3,0.04,0.04,0,8.01,16.39
6/14/2023 7:00,0.364,0.364,0.298,0.04,0.04,0,7.12,14.88
6/14/2023 8:00,0.364,0.364,0.301,0.04,0.04,0,6.154,11.61
6/14/2023 9:00,0.364,0.364,0.311,0.04,0.04,0,7.487,15.85
6/14/2023 10:00,0.364,0.364,0.315,0.04,0.04,0,7.297,14.27
6/14/2023 11:00,0.364,0.364,0.311,0.04,0.04,0,8.95,16.01
6/14/2023 12:00,0.364,0.364,0.31,0.04,0.04,0,9.42,18.08
6/14/2023 13:00,0.364,0.364,0.308,0.04,0.04,0,7.648,14.53
6/14/2023 14:00,0.364,0.364,0.295,0.04,0.04,0,7.66,14.32
6/14/2023 15:00,0.364,0.364,0.289,0.04,0.04,0,7.52,13.13
6/14/2023 16:00,0.364,0.364,0.289,0.04,0.04,0,9,17.23
6/14/2023 17:00,0.364,0.364,0.294,0.04,0.04,0,6.86,13.3
6/14/2023 18:00,0.364,0.364,0.289,0.04,0.04,0,5.286,11.27
6/14/2023 19:00,0.364,0.364,0.29,0.04,0.04,0,NAN,NAN
6/14/2023 20:00,0.364,0.364,0.287,0.04,0.04,0,7.703,14.33
6/14/2023 21:00,0.364,0.364,0.294,0.04,0.04,0,7.57,13.68
6/14/2023 22:00,0.364,0.364,0.286,0.04,0.04,0,7.34,13.47
6/14/2023 23:00,0.364,0.364,0.296,0.04,0.04,0,7.176,12.31
6/15/2023 0:00,0.364,0.364,0.302,0.04,0.04,0,6.953,11.09
6/15/2023 1:00,0.364,0.364,0.283,0.04,0.04,0,6.615,8.91
6/15/2023 2:00,0.364,0.364,0.298,0.04,0.04,0,7.056,17.49
6/15/2023 3:00,0.364,0.364,0.299,0.04,0.04,0,7.218,13.87
6/15/2023 4:00,0.364,0.364,0.298,0.04,0.04,0,7.173,15.29
6/15/2023 5:00,0.364,0.364,0.298,0.04,0.04,0,7.723,17.69
6/15/2023 6:00,0.364,0.364,0.303,0.04,0.04,0,7.291,13.91
6/15/2023 7:00,0.364,0.364,0.307,0.04,0.04,0,6.34,10.92
6/15/2023 8:00,0.364,0.364,0.312,0.04,0.04,0,7.333,13.34
6/15/2023 9:00,0.364,0.364,0.311,0.04,0.04,0,8.73,17.7
6/15/2023 10:00,0.364,0.364,0.307,0.04,0.04,0,9.29,21.25
6/15/2023 11:00,0.364,0.364,0.305,0.04,0.04,0,9.25,20.88
6/15/2023 12:00,0.364,0.364,0.303,0.04,0.04,0,9.23,24.79
6/15/2023 13:00,0.364,0.364,0.301,0.04,0.04,0,8.83,21.7
6/15/2023 14:00,0.364,0.364,0.291,0.04,0.04,0,5.343,13.59
6/15/2023 15:00,0.364,0.364,0.286,0.04,0.04,0,6.128,15.59
6/15/2023 16:00,0.364,0.364,0.29,0.04,0.04,0,4.373,13.03
6/15/2023 17:00,0.364,0.364,0.29,0.04,0.04,0,6.852,13.76
6/15/2023 18:00,0.364,0.364,0.286,0.04,0.04,0,7.004,13.5
6/15/2023 19:00,0.364,0.364,0.287,0.04,0.04,0,6.959,13.16
6/15/2023 20:00,0.364,0.364,0.286,0.04,0.04,0,6.941,11.92
6/15/2023 21:00,0.364,0.364,0.283,0.04,0.04,0,4.426,10.72
6/15/2023 22:00,0.364,0.364,0.287,0.04,0.04,0,3.818,11.28
6/15/2023 23:00,0.364,0.364,0.294,0.04,0.04,0,5.72,13.33
6/16/2023 0:00,0.364,0.364,0.29,0.04,0.04,0,4.962,10.66
6/16/2023 1:00,0.364,0.364,0.292,0.04,0.04,0,5.832,13.67
6/16/2023 2:00,0.364,0.364,0.293,0.04,0.04,0,7.715,14.8
6/16/2023 3:00,0.364,0.364,0.301,0.04,0.04,0,6.198,13.11
6/16/2023 4:00,0.364,0.364,0.298,0.04,0.04,0,5.29,15.28
6/16/2023 5:00,0.364,0.364,0.298,0.04,0.04,0,7.874,17.58
6/16/2023 6:00,0.364,0.364,0.302,0.04,0.04,0,8.94,17.58
6/16/2023 7:00,0.364,0.364,0.303,0.04,0.04,0,7.382,17.15
6/16/2023 8:00,0.364,0.364,0.303,0.04,0.04,0,7.544,19.69
6/16/2023 9:00,0.364,0.364,0.308,0.04,0.04,0,8.83,20.87
6/16/2023 10:00,0.364,0.364,0.307,0.04,0.04,0,9.14,17.8
6/16/2023 11:00,0.364,0.364,0.306,0.04,0.04,0,9.58,18.83
6/16/2023 12:00,0.364,0.364,0.303,0.04,0.04,0,8.73,19.86
6/16/2023 13:00,0.364,0.364,0.3,0.04,0.04,0,6.468,16.53
6/16/2023 14:00,0.364,0.364,0.295,0.04,0.04,0,9.18,19.51
6/16/2023 15:00,0.364,0.364,0.293,0.04,0.04,0,7.643,19.63
6/16/2023 16:00,0.364,0.364,0.291,0.04,0.04,0,5.394,16.3
6/16/2023 17:00,0.364,0.364,0.28,0.04,0.04,0,5.531,9.95
6/16/2023 18:00,0.364,0.364,0.279,0.04,0.04,0,5.589,10.69
6/16/2023 19:00,0.364,0.364,0.283,0.04,0.04,0,NAN,NAN
6/16/2023 20:00,0.364,0.364,0.277,0.04,0.04,0,6.014,13.16
6/16/2023 21:00,0.364,0.364,0.284,0.04,0.04,0,4.435,13.37
6/16/2023 22:00,0.364,0.364,0.29,0.04,0.04,0,3.404,11.05
6/16/2023 23:00,0.364,0.364,0.283,0.04,0.04,0,5.33,15.42
6/17/2023 0:00,0.364,0.364,0.29,0.04,0.04,0,4.735,15.86
6/17/2023 1:00,0.364,0.364,0.287,0.04,0.04,0,6.299,12.44
6/17/2023 2:00,0.364,0.364,0.298,0.04,0.04,0,6.417,12.41
6/17/2023 3:00,0.364,0.364,0.293,0.04,0.04,0,7.558,14.02
6/17/2023 4:00,0.364,0.364,0.303,0.04,0.04,0,8.75,16.43
6/17/2023 5:00,0.364,0.364,0.299,0.04,0.04,0,8.31,17.37
6/17/2023 6:00,0.364,0.364,0.297,0.04,0.04,0,8.18,19.4
6/17/2023 7:00,0.364,0.364,0.304,0.04,0.04,0,5.152,13.12
6/17/2023 8:00,0.364,0.364,0.302,0.04,0.04,0,4.705,15.9
6/17/2023 9:00,0.364,0.364,0.309,0.04,0.04,0,5.08,13.46
6/17/2023 10:00,0.364,0.364,0.305,0.04,0.04,0,6.247,15.8
6/17/2023 11:00,0.364,0.364,0.304,0.04,0.04,0,6.672,20.47
6/17/2023 12:00,0.364,0.364,0.307,0.04,0.04,0,6.832,20.76
6/17/2023 13:00,0.364,0.364,0.299,0.04,0.04,0,5.688,20.37
6/17/2023 14:00,0.364,0.364,0.294,0.04,0.04,0,5.123,17.3
6/17/2023 15:00,0.364,0.364,0.285,0.04,0.04,0,4.317,11.87
6/17/2023 16:00,0.364,0.364,0.284,0.04,0.04,0,5.098,13.83
6/17/2023 17:00,0.364,0.364,0.282,0.04,0.04,0,4.359,11.08
6/17/2023 18:00,0.364,0.364,0.275,0.04,0.04,0,5.773,11.69
6/17/2023 19:00,0.364,0.364,0.288,0.04,0.04,0,7.265,16.05
6/17/2023 20:00,0.364,0.364,0.277,0.04,0.04,0,7.072,12.38
6/17/2023 21:00,0.364,0.364,0.286,0.04,0.04,0,6.957,12.6
6/17/2023 22:00,0.364,0.364,0.287,0.04,0.04,0,6.21,11.45
6/17/2023 23:00,0.364,0.364,0.275,0.04,0.04,0,5.168,11.25
6/18/2023 0:00,0.364,0.364,0.287,0.04,0.04,0,5.734,10.37
6/18/2023 1:00,0.364,0.364,0.294,0.04,0.04,0,6.189,12.4
6/18/2023 2:00,0.364,0.364,0.305,0.04,0.04,0,4.04,9.9
6/18/2023 3:00,0.364,0.364,0.294,0.04,0.04,0,5.579,19.35
6/18/2023 4:00,0.364,0.364,0.303,0.04,0.04,0,6.901,16.77
6/18/2023 5:00,0.364,0.364,0.295,0.04,0.04,0,6.61,15.59
6/18/2023 6:00,0.364,0.364,0.307,0.04,0.04,0,5.803,12.2
6/18/2023 7:00,0.364,0.364,0.316,0.04,0.04,0,5.403,12.42
6/18/2023 8:00,0.364,0.364,0.311,0.04,0.04,0,5.984,10.87
6/18/2023 9:00,0.364,0.364,0.31,0.04,0.04,0,3.763,14.71
6/18/2023 10:00,0.364,0.364,0.306,0.04,0.04,0,4.577,16.51
6/18/2023 11:00,0.364,0.364,0.31,0.04,0.04,0,5.475,19.72
6/18/2023 12:00,0.364,0.364,0.301,0.04,0.04,0,4.795,10.44
6/18/2023 13:00,0.364,0.364,0.302,0.04,0.04,0,4.993,11.95
6/18/2023 14:00,0.364,0.364,0.305,0.04,0.04,0,5.814,12.67
6/18/2023 15:00,0.364,0.364,0.281,0.04,0.04,0,6.383,11.45
6/18/2023 16:00,0.364,0.364,0.301,0.04,0.04,0,5.825,9.36
6/18/2023 17:00,0.364,0.364,0.297,0.04,0.04,0,5.863,8.59
6/18/2023 18:00,0.364,0.364,0.289,0.04,0.04,0,5.238,8.45
6/18/2023 19:00,0.364,0.364,0.289,0.04,0.04,0,NAN,NAN
6/18/2023 20:00,0.364,0.364,0.292,0.04,0.04,0,6.5,8.27
6/18/2023 21:00,0.364,0.364,0.291,0.04,0.04,0,6.316,7.779
6/18/2023 22:00,0.364,0.364,0.285,0.04,0.04,0,6.268,9.32
6/18/2023 23:00,0.364,0.364,0.284,0.04,0.04,0,4.77,10.46
6/19/2023 0:00,0.364,0.364,0.292,0.04,0.04,0,4.923,12
6/19/2023 1:00,0.364,0.364,0.285,0.04,0.04,0,4.951,11.33
6/19/2023 2:00,0.364,0.364,0.299,0.04,0.04,0,5.26,8.35
6/19/2023 3:00,0.364,0.364,0.297,0.04,0.04,0,6.535,9.19
6/19/2023 4:00,0.364,0.364,0.297,0.04,0.04,0,6.646,10.38
6/19/2023 5:00,0.364,0.364,0.312,0.04,0.04,0,6.539,9.82
6/19/2023 6:00,0.364,0.364,0.301,0.04,0.04,0,6.406,9.98
6/19/2023 7:00,0.364,0.364,0.306,0.04,0.04,0,5.446,9.13
6/19/2023 8:00,0.364,0.364,0.321,0.04,0.04,0,6.234,9.8
6/19/2023 9:00,0.364,0.364,0.328,0.04,0.04,0,6.296,9.21
6/19/2023 10:00,0.364,0.364,0.311,0.04,0.04,0,6.387,12.18
6/19/2023 11:00,0.364,0.364,0.306,0.04,0.04,0,6.987,12.85
6/19/2023 12:00,0.364,0.364,0.311,0.04,0.04,0,6.771,13.16
6/19/2023 13:00,0.364,0.364,0.305,0.04,0.04,0,7.867,13.36
6/19/2023 14:00,0.364,0.364,0.304,0.04,0.04,0,5.864,12.29
6/19/2023 15:00,0.364,0.364,0.298,0.04,0.04,0,5.92,11.93
6/19/2023 16:00,0.364,0.364,0.299,0.04,0.04,0,5.992,12.52
6/19/2023 17:00,0.364,0.364,0.284,0.04,0.04,0,5.754,11.76
6/19/2023 18:00,0.364,0.364,0.28,0.04,0.04,0,6.518,12.14
6/19/2023 19:00,0.364,0.364,0.284,0.04,0.04,0,6.46,10.01
6/19/2023 20:00,0.364,0.364,0.279,0.04,0.04,0,6.233,9.82
6/19/2023 21:00,0.364,0.364,0.289,0.04,0.04,0,4.783,8.36
6/19/2023 22:00,0.364,0.364,0.283,0.04,0.04,0,3.049,9.44
6/19/2023 23:00,0.364,0.364,0.284,0.04,0.04,0,4.512,9.15
6/20/2023 0:00,0.364,0.364,0.289,0.04,0.04,0,4.286,10.75
6/20/2023 1:00,0.364,0.364,0.288,0.04,0.04,0,6.258,12.11
6/20/2023 2:00,0.364,0.364,0.294,0.04,0.04,0,6.658,15.62
6/20/2023 3:00,0.364,0.364,0.308,0.04,0.04,0,4.965,8.63
6/20/2023 4:00,0.364,0.364,0.302,0.04,0.04,0,4.036,9.57
6/20/2023 5:00,0.364,0.364,0.305,0.04,0.04,0,5.297,11.32
6/20/2023 6:00,0.364,0.364,0.31,0.04,0.04,0,7.07,12.69
6/20/2023 7:00,0.364,0.364,0.305,0.04,0.04,0,7.005,12.6
6/20/2023 8:00,0.364,0.364,0.31,0.04,0.04,0,6.637,14.24
6/20/2023 9:00,0.364,0.364,0.314,0.04,0.04,0,6.672,12.5
6/20/2023 10:00,0.364,0.364,0.31,0.04,0.04,0,6.05,12.88
6/20/2023 11:00,0.364,0.364,0.309,0.04,0.04,0,6.307,11.85
6/20/2023 12:00,0.364,0.364,0.307,0.04,0.04,0,6.457,13
6/20/2023 13:00,0.364,0.364,0.309,0.04,0.04,0,6.238,10.66
6/20/2023 14:00,0.364,0.364,0.294,0.04,0.04,0,6.382,13.55
6/20/2023 15:00,0.364,0.364,0.293,0.04,0.04,0,7.96,13.52
6/20/2023 16:00,0.364,0.364,0.291,0.04,0.04,0,6.743,11.98
6/20/2023 17:00,0.364,0.364,0.287,0.04,0.04,0,7.129,10.55
6/20/2023 18:00,0.364,0.364,0.296,0.04,0.04,0,5.445,14.05
6/20/2023 19:00,0.364,0.364,0.286,0.04,0.04,0,NAN,NAN
6/20/2023 20:00,0.364,0.364,0.292,0.04,0.04,0,5.533,10.67
6/20/2023 21:00,0.364,0.364,0.285,0.04,0.04,0,6.642,10.59
6/20/2023 22:00,0.364,0.364,0.28,0.04,0.04,0,6.273,11.12
6/20/2023 23:00,0.364,0.364,0.284,0.04,0.04,0,7.219,12.42
6/21/2023 0:00,0.364,0.364,0.291,0.04,0.04,0,5.594,9.64
6/21/2023 1:00,0.364,0.364,0.294,0.04,0.04,0,5.833,10.37
6/21/2023 2:00,0.364,0.364,0.302,0.04,0.04,0,6.928,12.42
6/21/2023 3:00,0.364,0.364,0.307,0.04,0.04,0,7.166,12.09
6/21/2023 4:00,0.364,0.364,0.306,0.04,0.04,0,4.646,8.4
6/21/2023 5:00,0.364,0.364,0.309,0.04,0.04,0,7.309,13.54
6/21/2023 6:00,0.364,0.364,0.32,0.04,0.04,0,7.28,11.56
6/21/2023 7:00,0.364,0.364,0.32,0.04,0.04,0,5.111,12.1
6/21/2023 8:00,0.364,0.364,0.303,0.04,0.04,0,5.987,11.54
6/21/2023 9:00,0.364,0.364,0.315,0.04,0.04,0,5.505,9.13
6/21/2023 10:00,0.364,0.364,0.302,0.04,0.04,0,5.548,7.355
6/21/2023 11:00,0.364,0.364,0.305,0.04,0.04,0,4.742,8.53
6/21/2023 12:00,0.364,0.364,0.299,0.04,0.04,0,5.105,9.16
6/21/2023 13:00,0.364,0.364,0.297,0.04,0.04,0,5.623,7.647
6/21/2023 14:00,0.364,0.364,0.303,0.04,0.04,0,5.611,8.89
6/21/2023 15:00,0.364,0.364,0.288,0.04,0.04,0,5.831,8.98
6/21/2023 16:00,0.364,0.364,0.282,0.04,0.04,0,6.288,8
6/21/2023 17:00,0.364,0.364,0.279,0.04,0.04,0,6.274,7.527
6/21/2023 18:00,0.364,0.364,0.234,0.04,0.04,0,6.433,8.64
6/21/2023 19:00,0.364,0.364,0.292,0.04,0.04,0,6.382,8.01
6/21/2023 20:00,0.364,0.364,0.293,0.04,0.04,0,6.366,9.87
6/21/2023 21:00,0.364,0.364,0.284,0.04,0.04,0,6.164,10.58
6/21/2023 22:00,0.364,0.364,0.288,0.04,0.04,0,4.189,11.26
6/21/2023 23:00,0.364,0.364,0.289,0.04,0.04,0,3.118,10.28
6/22/2023 0:00,0.364,0.364,0.291,0.04,0.04,0,4.354,11.17
6/22/2023 1:00,0.364,0.364,0.291,0.04,0.04,0,6.071,13.92
6/22/2023 2:00,0.364,0.364,0.29,0.04,0.04,0,6.591,14.03
6/22/2023 3:00,0.364,0.364,0.298,0.04,0.04,0,6.037,15.03
6/22/2023 4:00,0.364,0.364,0.297,0.04,0.04,0,6.629,14.49
6/22/2023 5:00,0.364,0.364,0.296,0.04,0.04,0,6.147,14.9
6/22/2023 6:00,0.364,0.364,0.299,0.04,0.04,0,5.675,12.11
6/22/2023 7:00,0.364,0.364,0.298,0.04,0.04,0,6.23,11.06
6/22/2023 8:00,0.364,0.364,0.299,0.04,0.04,0,6.064,10.62
6/22/2023 9:00,0.364,0.364,0.305,0.04,0.04,0,5.188,9.55
6/22/2023 10:00,0.364,0.364,0.303,0.04,0.04,0,3.895,9.63
6/22/2023 11:00,0.364,0.364,0.291,0.04,0.04,0,5.969,13.43
6/22/2023 12:00,0.364,0.364,0.29,0.04,0.04,0,6.234,11.3
6/22/2023 13:00,0.364,0.364,0.303,0.04,0.04,0,5.585,12.84
6/22/2023 14:00,0.364,0.364,0.296,0.04,0.04,0,4.031,14.39
6/22/2023 15:00,0.364,0.364,0.289,0.04,0.04,0,4.179,15.87
6/22/2023 16:00,0.364,0.364,0.293,0.04,0.04,0,4.839,16.01
6/22/2023 17:00,0.364,0.364,0.289,0.04,0.04,0,6.084,14.76
6/22/2023 18:00,0.364,0.364,0.289,0.04,0.04,0,5.575,13.08
6/22/2023 19:00,0.364,0.364,0.29,0.04,0.04,0,NAN,NAN
6/22/2023 20:00,0.364,0.364,0.287,0.04,0.04,0,5.75,13.49
6/22/2023 21:00,0.364,0.364,0.287,0.04,0.04,0,3.892,13
6/22/2023 22:00,0.364,0.364,0.288,0.04,0.04,0.001,3.882,16.44
6/22/2023 23:00,0.364,0.364,0.287,0.04,0.04,0.001,4.554,12.83
6/23/2023 0:00,0.364,0.364,0.29,0.04,0.04,0,4.55,12.5
6/23/2023 1:00,0.364,0.364,0.291,0.04,0.04,0,5.971,11.97
6/23/2023 2:00,0.364,0.364,0.292,0.04,0.04,0,7.097,14.25
6/23/2023 3:00,0.364,0.364,0.295,0.04,0.04,0,6.86,13.8
6/23/2023 4:00,0.364,0.364,0.299,0.04,0.04,0,6.696,13.21
6/23/2023 5:00,0.364,0.364,0.297,0.04,0.04,0,5.968,10.68
6/23/2023 6:00,0.364,0.364,0.293,0.04,0.04,0,5.324,10.34
6/23/2023 7:00,0.364,0.364,0.308,0.04,0.04,0,5.162,10.93
6/23/2023 8:00,0.364,0.364,0.307,0.04,0.04,0,5.531,11.63
6/23/2023 9:00,0.364,0.364,0.303,0.04,0.04,0,5.216,10.69
6/23/2023 10:00,0.364,0.364,0.297,0.04,0.04,0,4.921,9.43
6/23/2023 11:00,0.364,0.364,0.295,0.04,0.04,0,4.897,10.11
6/23/2023 12:00,0.364,0.364,0.297,0.04,0.04,0,5.303,11.57
6/23/2023 13:00,0.364,0.364,0.291,0.04,0.04,0,5.234,12.46
6/23/2023 14:00,0.364,0.364,0.293,0.04,0.04,0,6.546,16.44
6/23/2023 15:00,0.364,0.364,0.291,0.04,0.04,0,6.845,14.65
6/23/2023 16:00,0.364,0.364,0.289,0.04,0.04,0,8.33,14.05
6/23/2023 17:00,0.364,0.364,0.293,0.04,0.04,0,8.91,14.86
6/23/2023 18:00,0.364,0.364,0.287,0.04,0.04,0,8.38,13.96
6/23/2023 19:00,0.364,0.364,0.288,0.04,0.04,0,8.73,16.95
6/23/2023 20:00,0.364,0.364,0.288,0.04,0.04,0,8.94,14.16
6/23/2023 21:00,0.364,0.364,0.287,0.04,0.04,0,9.32,14.41
6/23/2023 22:00,0.364,0.364,0.284,0.04,0.04,0,9.27,17.04
6/23/2023 23:00,0.364,0.364,0.283,0.04,0.04,0,10.23,16.21
6/24/2023 0:00,0.364,0.364,0.29,0.04,0.04,0,9.86,15.99
6/24/2023 1:00,0.364,0.364,0.289,0.04,0.04,0,9.66,14.93
6/24/2023 2:00,0.364,0.364,0.29,0.04,0.04,0,8.95,15.44
6/24/2023 3:00,0.364,0.364,0.293,0.04,0.04,0,9.17,15.47
6/24/2023 4:00,0.364,0.364,0.292,0.04,0.04,0,8.63,14.83
6/24/2023 5:00,0.364,0.364,0.296,0.04,0.04,0,7.261,15.12
6/24/2023 6:00,0.364,0.364,0.301,0.04,0.04,0,7.043,14.89
6/24/2023 7:00,0.364,0.364,0.303,0.04,0.04,0,5.726,9.58
6/24/2023 8:00,0.364,0.364,0.301,0.04,0.04,0,5.59,9.25
6/24/2023 9:00,0.364,0.364,0.305,0.04,0.04,0,5.777,6.975
6/24/2023 10:00,0.364,0.364,0.303,0.04,0.04,0,6.03,8.54
6/24/2023 11:00,0.364,0.364,0.294,0.04,0.04,0,6.452,11.7
6/24/2023 12:00,0.364,0.364,0.299,0.04,0.04,0,6.007,12.15
6/24/2023 13:00,0.364,0.364,0.295,0.04,0.04,0,6.29,13.2
6/24/2023 14:00,0.364,0.364,0.292,0.04,0.04,0,6.624,13.03
6/24/2023 15:00,0.364,0.364,0.291,0.04,0.04,0,6.772,12.78
6/24/2023 16:00,0.364,0.364,0.288,0.04,0.04,0,6.692,12.43
6/24/2023 17:00,0.364,0.364,0.289,0.04,0.04,0,6.772,12.22
6/24/2023 18:00,0.364,0.364,0.289,0.04,0.04,0,7.079,12.4
6/24/2023 19:00,0.364,0.364,0.287,0.04,0.04,0,NAN,NAN
6/24/2023 20:00,0.364,0.364,0.288,0.04,0.04,0,6.899,12.65
6/24/2023 21:00,0.364,0.364,0.286,0.04,0.04,0,6.902,11.72
6/24/2023 22:00,0.364,0.364,0.29,0.04,0.04,0,6.764,11.58
6/24/2023 23:00,0.364,0.364,0.295,0.04,0.04,0,6.465,10.5
6/25/2023 0:00,0.364,0.364,0.281,0.04,0.04,0,6.643,8.82
6/25/2023 1:00,0.364,0.364,0.285,0.04,0.04,0,6.57,11.68
6/25/2023 2:00,0.364,0.364,0.287,0.04,0.04,0,6.919,11.13
6/25/2023 3:00,0.364,0.364,0.29,0.04,0.04,0,6.771,10.44
6/25/2023 4:00,0.364,0.364,0.295,0.04,0.04,0,6.455,9.09
6/25/2023 5:00,0.364,0.364,0.3,0.04,0.04,0,6.112,8.11
6/25/2023 6:00,0.364,0.364,0.299,0.04,0.04,0,6.089,8.15
6/25/2023 7:00,0.364,0.364,0.295,0.04,0.04,0,5.589,8.63
6/25/2023 8:00,0.364,0.364,0.318,0.04,0.04,0,5.336,8.69
6/25/2023 9:00,0.364,0.364,0.317,0.04,0.04,0,5.61,7.826
6/25/2023 10:00,0.364,0.364,0.306,0.04,0.04,0,6.122,8.01
6/25/2023 11:00,0.364,0.364,0.307,0.04,0.04,0,6.201,7.551
6/25/2023 12:00,0.364,0.364,0.312,0.04,0.04,0,5.854,6.793
6/25/2023 13:00,0.364,0.364,0.316,0.04,0.04,0,5.917,8.42
6/25/2023 14:00,0.364,0.364,0.294,0.04,0.04,0,6.454,8.52
6/25/2023 15:00,0.364,0.364,0.298,0.04,0.04,0,6.646,7.539
6/25/2023 16:00,0.364,0.364,0.292,0.04,0.04,0,6.63,7.927
6/25/2023 17:00,0.364,0.364,0.287,0.04,0.04,0,6.717,7.802
6/25/2023 18:00,0.364,0.364,0.293,0.04,0.04,0,6.695,8.48
6/25/2023 19:00,0.364,0.364,0.289,0.04,0.04,0,6.794,8.49
6/25/2023 20:00,0.364,0.364,0.284,0.04,0.04,0,6.868,9.37
6/25/2023 21:00,0.364,0.364,0.288,0.04,0.04,0,6.834,9.95
6/25/2023 22:00,0.364,0.364,0.289,0.04,0.04,0,6.973,10.34
6/25/2023 23:00,0.364,0.364,0.286,0.04,0.04,0,6.803,9.53
6/26/2023 0:00,0.364,0.364,0.291,0.04,0.04,0,6.862,10.42
6/26/2023 1:00,0.364,0.364,0.3,0.04,0.04,0,6.642,7.628
6/26/2023 2:00,0.364,0.364,0.304,0.04,0.04,0,6.266,7.102
6/26/2023 3:00,0.364,0.364,0.361,0.04,0.04,0,5.537,6.44
6/26/2023 4:00,0.364,0.364,0.24,0.04,0.04,0,5.598,6.044
6/26/2023 5:00,0.364,0.364,0.436,0.04,0.04,0,5.749,6.74
6/26/2023 6:00,0.364,0.364,0.328,0.04,0.04,0,5.894,7.04
6/26/2023 7:00,0.364,0.364,0.306,0.04,0.04,0,5.692,6.872
6/26/2023 8:00,0.364,0.364,0.33,0.04,0.04,0,6.041,7.715
6/26/2023 9:00,0.364,0.364,0.325,0.04,0.04,0,6.716,8.62
6/26/2023 10:00,0.364,0.364,0.322,0.04,0.04,0,6.63,8.06
6/26/2023 11:00,0.364,0.364,0.326,0.04,0.04,0,6.42,8.63
6/26/2023 12:00,0.364,0.364,0.313,0.04,0.04,0,6.425,8.6
6/26/2023 13:00,0.364,0.364,0.319,0.04,0.04,0,6.083,7.67
6/26/2023 14:00,0.364,0.364,0.296,0.04,0.04,0,6.04,6.899
6/26/2023 15:00,0.364,0.364,0.255,0.04,0.04,0,6.374,6.9
6/26/2023 16:00,0.364,0.364,0.211,0.04,0.04,0,6.593,7.04
6/26/2023 17:00,0.364,0.364,0.318,0.04,0.04,0,6.615,6.97
6/26/2023 18:00,0.364,0.364,0.308,0.04,0.04,0,6.627,7.281
6/26/2023 19:00,0.364,0.364,0.296,0.04,0.04,0,NAN,NAN
6/26/2023 20:00,0.364,0.364,0.303,0.04,0.04,0,6.644,7.547
6/26/2023 21:00,0.364,0.364,0.299,0.04,0.04,0,6.668,7.467
6/26/2023 22:00,0.364,0.364,0.312,0.04,0.04,0,6.63,7.407
6/26/2023 23:00,0.364,0.364,0.205,0.04,0.04,0,6.608,7.546
6/27/2023 0:00,0.364,0.364,0.281,0.04,0.04,0,6.563,7.286
6/27/2023 1:00,0.364,0.364,0.293,0.04,0.04,0,5.979,7.066
6/27/2023 2:00,0.364,0.364,0.315,0.04,0.04,0,5.192,6.151
6/27/2023 3:00,0.364,0.364,0.324,0.04,0.04,0,5.208,6.181
6/27/2023 4:00,0.364,0.364,0.323,0.04,0.04,0,5.653,6.596
6/27/2023 5:00,0.364,0.364,0.296,0.04,0.04,0,5.835,6.861
6/27/2023 6:00,0.364,0.364,0.311,0.04,0.04,0,5.923,7.171
6/27/2023 7:00,0.364,0.364,0.334,0.04,0.04,0,5.809,6.808
6/27/2023 8:00,0.364,0.364,0.312,0.04,0.04,0,5.713,6.765
6/27/2023 9:00,0.364,0.364,0.308,0.04,0.04,0,5.853,7.902
6/27/2023 10:00,0.364,0.364,0.321,0.04,0.04,0,5.885,7.562
6/27/2023 11:00,0.364,0.364,0.298,0.04,0.04,0,6.089,7.599
6/27/2023 12:00,0.364,0.364,0.276,0.04,0.04,0,5.938,6.689
6/27/2023 13:00,0.364,0.364,0.294,0.04,0.04,0,5.657,9.45
6/27/2023 14:00,0.364,0.364,0.297,0.04,0.04,0,6.394,7.358
6/27/2023 15:00,0.364,0.364,0.272,0.04,0.04,0,6.606,7.216
6/27/2023 16:00,0.364,0.364,0.306,0.04,0.04,0,6.64,7.002
6/27/2023 17:00,0.364,0.364,0.28,0.04,0.04,0,6.64,7.242
6/27/2023 18:00,0.364,0.364,0.27,0.04,0.04,0,6.59,7.424
6/27/2023 19:00,0.364,0.364,0.278,0.04,0.04,0,6.671,7.681
6/27/2023 20:00,0.364,0.364,0.292,0.04,0.04,0,6.812,7.622
6/27/2023 21:00,0.364,0.364,0.294,0.04,0.04,0,6.783,8.44
6/27/2023 22:00,0.364,0.364,0.41,0.04,0.04,0,6.706,7.302
6/27/2023 23:00,0.364,0.364,0.301,0.04,0.04,0,6.649,7.935
6/28/2023 0:00,0.364,0.364,0.292,0.04,0.04,0,6.819,7.83
6/28/2023 1:00,0.364,0.364,0.292,0.04,0.04,0,6.472,7.885
6/28/2023 2:00,0.364,0.364,0.307,0.04,0.04,0,6.086,7.589
6/28/2023 3:00,0.364,0.364,0.301,0.04,0.04,0,5.887,8.6
6/28/2023 4:00,0.364,0.364,0.301,0.04,0.04,0,5.87,7.686
6/28/2023 5:00,0.364,0.364,0.302,0.04,0.04,0,5.586,7.678
6/28/2023 6:00,0.364,0.364,0.305,0.04,0.04,0,5.232,6.531
6/28/2023 7:00,0.364,0.364,0.312,0.04,0.04,0,5.485,6.634
6/28/2023 8:00,0.364,0.364,0.323,0.04,0.04,0,5.792,6.781
6/28/2023 9:00,0.364,0.364,0.306,0.04,0.04,0,5.364,6.455
6/28/2023 10:00,0.364,0.364,0.334,0.04,0.04,0,5.64,6.802
6/28/2023 11:00,0.364,0.364,0.308,0.04,0.04,0,5.867,7.236
6/28/2023 12:00,0.364,0.364,0.321,0.04,0.04,0,5.656,7.086
6/28/2023 13:00,0.364,0.364,0.289,0.04,0.04,0,5.941,6.598
6/28/2023 14:00,0.364,0.364,0.201,0.04,0.04,0,5.969,6.454
6/28/2023 15:00,0.364,0.364,0.28,0.04,0.04,0,6.438,6.986
6/28/2023 16:00,0.364,0.364,0.285,0.04,0.04,0,6.577,7.12
6/28/2023 17:00,0.364,0.364,0.286,0.04,0.04,0,6.611,7.202
6/28/2023 18:00,0.364,0.364,0.268,0.04,0.04,0,6.342,8.51
6/28/2023 19:00,0.364,0.364,0.289,0.04,0.04,0,NAN,NAN
6/28/2023 20:00,0.364,0.364,0.289,0.04,0.04,0,6.253,8.92
6/28/2023 21:00,0.364,0.364,0.301,0.04,0.04,0,6.326,9.2
6/28/2023 22:00,0.364,0.364,0.293,0.04,0.04,0,6.432,8.02
6/28/2023 23:00,0.364,0.364,0.287,0.04,0.04,0,6.439,7.59
6/29/2023 0:00,0.364,0.364,0.286,0.04,0.04,0,6.285,8.15
6/29/2023 1:00,0.364,0.364,0.289,0.04,0.04,0,6.37,7.137
6/29/2023 2:00,0.364,0.364,0.29,0.04,0.04,0,6.071,6.77
6/29/2023 3:00,0.364,0.364,0.367,0.04,0.04,0,5.318,6.291
6/29/2023 4:00,0.364,0.364,0.292,0.04,0.04,0,5.42,6.501
6/29/2023 5:00,0.364,0.364,0.306,0.04,0.04,0,5.5,6.296
6/29/2023 6:00,0.364,0.364,0.332,0.04,0.04,0,5.449,6.284
6/29/2023 7:00,0.364,0.364,0.332,0.04,0.04,0,5.616,7.002
6/29/2023 8:00,0.364,0.364,0.328,0.04,0.04,0,5.633,6.435
6/29/2023 9:00,0.364,0.364,0.358,0.04,0.04,0,6.057,6.585
6/29/2023 10:00,0.364,0.364,0.303,0.04,0.04,0,6.347,8.45
6/29/2023 11:00,0.364,0.364,0.308,0.04,0.04,0,6.11,7.919
6/29/2023 12:00,0.364,0.364,0.308,0.04,0.04,0,6.188,8.11
6/29/2023 13:00,0.364,0.364,0.298,0.04,0.04,0,6.119,6.928
6/29/2023 14:00,0.364,0.364,0.248,0.04,0.04,0,5.889,6.681
6/29/2023 15:00,0.364,0.364,0.233,0.04,0.04,0,6.399,6.957
6/29/2023 16:00,0.364,0.364,0.163,0.04,0.04,0,6.704,7.04
6/29/2023 17:00,0.364,0.364,0.397,0.04,0.04,0,6.669,7.178
6/29/2023 18:00,0.364,0.364,0.285,0.04,0.04,0,6.375,6.972
6/29/2023 19:00,0.364,0.364,0.267,0.04,0.04,0,6.236,7.898
6/29/2023 20:00,0.364,0.364,0.279,0.04,0.04,0,6.624,7.267
6/29/2023 21:00,0.364,0.364,0.269,0.04,0.04,0,6.658,7.123
6/29/2023 22:00,0.364,0.364,0.228,0.04,0.04,0,6.607,7.658
6/29/2023 23:00,0.364,0.364,0.252,0.04,0.04,0,6.62,7.008
6/30/2023 0:00,0.364,0.364,0.284,0.04,0.04,0,6.536,7.152
6/30/2023 1:00,0.364,0.364,0.284,0.04,0.04,0,5.759,7.745
6/30/2023 2:00,0.364,0.364,0.196,0.04,0.04,0,5.346,6.137
6/30/2023 3:00,0.364,0.364,0.099,0.04,0.04,0,5.509,6.279
6/30/2023 4:00,0.364,0.364,0.195,0.04,0.04,0,5.742,6.624
6/30/2023 5:00,0.364,0.364,0.313,0.04,0.04,0,5.892,7.364
6/30/2023 6:00,0.364,0.364,0.31,0.04,0.04,0,5.63,9.94
6/30/2023 7:00,0.364,0.364,0.321,0.04,0.04,0,5.126,9.6
6/30/2023 8:00,0.364,0.364,0.314,0.04,0.04,0,5.618,10.55
6/30/2023 9:00,0.364,0.364,0.324,0.04,0.04,0,5.888,8.84
6/30/2023 10:00,0.364,0.364,0.311,0.04,0.04,0,5.816,7.469
6/30/2023 11:00,0.364,0.364,0.307,0.04,0.04,0,5.204,8.51
6/30/2023 12:00,0.364,0.364,0.303,0.04,0.04,0,4.212,9.54
6/30/2023 13:00,0.364,0.364,0.294,0.04,0.04,0,4.035,9.68
6/30/2023 14:00,0.364,0.364,0.289,0.04,0.04,0,4.607,9.41
6/30/2023 15:00,0.364,0.364,0.293,0.04,0.04,0,4.29,10.6
6/30/2023 16:00,0.364,0.364,0.295,0.04,0.04,0,5.312,8.45
6/30/2023 17:00,0.364,0.364,0.289,0.04,0.04,0,5.631,8.99
6/30/2023 18:00,0.364,0.364,0.286,0.04,0.04,0,6.335,7.173
6/30/2023 19:00,0.364,0.364,0.297,0.04,0.04,0,NAN,NAN
6/30/2023 20:00,0.364,0.364,0.285,0.04,0.04,0,6.198,8.1
6/30/2023 21:00,0.364,0.364,0.283,0.04,0.04,0,6.297,8.7
6/30/2023 22:00,0.364,0.364,0.299,0.04,0.04,0,6.347,8.57
6/30/2023 23:00,0.364,0.364,0.273,0.04,0.04,0,6.426,8.41
7/1/2023 0:00,0.364,0.364,0.302,0.04,0.04,0,6.456,7.429
7/1/2023 1:00,0.364,0.364,0.279,0.04,0.04,0,5.963,7.064
7/1/2023 2:00,0.364,0.364,0.276,0.04,0.04,0,5.831,6.479
7/1/2023 3:00,0.364,0.364,0.321,0.04,0.04,0,5.137,5.844
7/1/2023 4:00,0.364,0.364,0.323,0.04,0.04,0,5.757,6.429
7/1/2023 5:00,0.364,0.364,0.32,0.04,0.04,0,5.807,6.552
7/1/2023 6:00,0.364,0.364,0.311,0.04,0.04,0,5.795,7.678
7/1/2023 7:00,0.364,0.364,0.315,0.04,0.04,0,5.905,8.87
7/1/2023 8:00,0.364,0.364,0.31,0.04,0.04,0,4.979,7.605
7/1/2023 9:00,0.364,0.364,0.313,0.04,0.04,0,4.921,7.705
7/1/2023 10:00,0.364,0.364,0.312,0.04,0.04,0,5.36,7.108
7/1/2023 11:00,0.364,0.364,0.318,0.04,0.04,0,3.848,6.677
7/1/2023 12:00,0.364,0.364,0.313,0.04,0.04,0,4.578,7.353
7/1/2023 13:00,0.364,0.364,0.311,0.04,0.04,0,4.342,7.734
7/1/2023 14:00,0.364,0.364,0.302,0.04,0.04,0,5.416,7.56
7/1/2023 15:00,0.364,0.364,0.276,0.04,0.04,0,5.915,7.437
7/1/2023 16:00,0.364,0.364,0.292,0.04,0.04,0,5.691,7.814
7/1/2023 17:00,0.364,0.364,0.285,0.04,0.04,0,6.529,8.6
7/1/2023 18:00,0.364,0.364,0.302,0.04,0.04,0,6.423,8.67
7/1/2023 19:00,0.364,0.364,0.281,0.04,0.04,0,6.437,7.85
7/1/2023 20:00,0.364,0.364,0.3,0.04,0.04,0,6.453,7.434
7/1/2023 21:00,0.364,0.364,0.315,0.04,0.04,0,6.12,7.704
7/1/2023 22:00,0.364,0.364,0.296,0.04,0.04,0,6.391,7.796
7/1/2023 23:00,0.364,0.364,0.285,0.04,0.04,0,6.041,7.811
7/2/2023 0:00,0.364,0.364,0.293,0.04,0.04,0,5.961,7.99
7/2/2023 1:00,0.364,0.364,0.301,0.04,0.04,0,6.189,7.449
7/2/2023 2:00,0.364,0.364,0.306,0.04,0.04,0,4.944,6.109
7/2/2023 3:00,0.364,0.364,0.331,0.04,0.04,0,4.99,5.952
7/2/2023 4:00,0.364,0.364,0.315,0.04,0.04,0,5.922,7.017
7/2/2023 5:00,0.364,0.364,0.313,0.04,0.04,0,6.38,8.93
7/2/2023 6:00,0.364,0.364,0.308,0.04,0.04,0,6.451,9.07
7/2/2023 7:00,0.364,0.364,0.313,0.04,0.04,0,6.071,9.41
7/2/2023 8:00,0.364,0.364,0.318,0.04,0.04,0,6.417,8.23
7/2/2023 9:00,0.364,0.364,0.31,0.04,0.04,0,6.964,9.39
7/2/2023 10:00,0.364,0.364,0.308,0.04,0.04,0,6.127,7.323
7/2/2023 11:00,0.364,0.364,0.307,0.04,0.04,0,5.322,7.658
7/2/2023 12:00,0.364,0.364,0.31,0.04,0.04,0,6.01,7.929
7/2/2023 13:00,0.364,0.364,0.313,0.04,0.04,0,5.987,7.991
7/2/2023 14:00,0.364,0.364,0.301,0.04,0.04,0,5.748,7.022
7/2/2023 15:00,0.364,0.364,0.283,0.04,0.04,0,6.228,6.683
7/2/2023 16:00,0.364,0.364,0.277,0.04,0.04,0,6.388,6.904
7/2/2023 17:00,0.364,0.364,0.282,0.04,0.04,0,6.433,6.982
7/2/2023 18:00,0.364,0.364,0.27,0.04,0.04,0,6.417,6.929
7/2/2023 19:00,0.364,0.364,0.279,0.04,0.04,0,NAN,NAN
7/2/2023 20:00,0.364,0.364,0.292,0.04,0.04,0,6.657,7.59
7/2/2023 21:00,0.364,0.364,0.283,0.04,0.04,0,6.721,8.08
7/2/2023 22:00,0.364,0.364,0.343,0.04,0.04,0,6.574,7.011
7/2/2023 23:00,0.364,0.364,0.279,0.04,0.04,0,6.492,6.851
7/3/2023 0:00,0.364,0.364,0.29,0.04,0.04,0,6.156,7.176
7/3/2023 1:00,0.364,0.364,0.302,0.04,0.04,0,5.555,6.873
7/3/2023 2:00,0.364,0.364,0.303,0.04,0.04,0,4.953,6.405
7/3/2023 3:00,0.364,0.364,0.318,0.04,0.04,0,4.995,7.658
7/3/2023 4:00,0.364,0.364,0.319,0.04,0.04,0,5.592,6.622
7/3/2023 5:00,0.364,0.364,0.343,0.04,0.04,0,5.716,6.352
7/3/2023 6:00,0.364,0.364,0.323,0.04,0.04,0,5.666,6.768
7/3/2023 7:00,0.364,0.364,0.331,0.04,0.04,0,5.848,7.193
7/3/2023 8:00,0.364,0.364,0.305,0.04,0.04,0,5.779,7.558
7/3/2023 9:00,0.364,0.364,0.302,0.04,0.04,0,5.603,6.837
7/3/2023 10:00,0.364,0.364,0.338,0.04,0.04,0,6.427,9.4
7/3/2023 11:00,0.364,0.364,0.327,0.04,0.04,0,6.741,8.8
7/3/2023 12:00,0.364,0.364,0.313,0.04,0.04,0,6.378,8.13
7/3/2023 13:00,0.364,0.364,0.301,0.04,0.04,0,6.525,8.84
7/3/2023 14:00,0.364,0.364,0.358,0.04,0.04,0,5.847,6.543
7/3/2023 15:00,0.364,0.364,0.239,0.04,0.04,0,6.406,6.914
7/3/2023 16:00,0.364,0.364,0.288,0.04,0.04,0,6.426,6.866
7/3/2023 17:00,0.364,0.364,0.233,0.04,0.04,0,6.553,6.853
7/3/2023 18:00,0.364,0.364,0.741,0.04,0.04,0,6.559,6.815
7/3/2023 19:00,0.364,0.364,0.614,0.04,0.04,0,6.607,7.203
7/3/2023 20:00,0.364,0.364,0.45,0.04,0.04,0,6.615,7.208
7/3/2023 21:00,0.364,0.364,0.266,0.04,0.04,0,6.7,7.676
7/3/2023 22:00,0.364,0.364,0.28,0.04,0.04,0,6.677,7.558
7/3/2023 23:00,0.364,0.364,0.258,0.04,0.04,0,6.794,7.897
7/4/2023 0:00,0.364,0.364,0.259,0.04,0.04,0,6.578,7.451
7/4/2023 1:00,0.364,0.364,0.048,0.04,0.04,0,6.363,7.055
7/4/2023 2:00,0.364,0.364,0.025,0.04,0.04,0,6.202,7.195
7/4/2023 3:00,0.364,0.364,0.267,0.04,0.04,0,5.71,7.196
7/4/2023 4:00,0.364,0.364,0.311,0.04,0.04,0,6.283,8.57
7/4/2023 5:00,0.364,0.364,0.312,0.04,0.04,0,6.344,10.71
7/4/2023 6:00,0.364,0.364,0.312,0.04,0.04,0,6.703,11.32
7/4/2023 7:00,0.364,0.364,0.323,0.04,0.04,0,6.502,9.71
7/4/2023 8:00,0.364,0.364,0.3,0.04,0.04,0,6.508,11.2
7/4/2023 9:00,0.364,0.364,0.313,0.04,0.04,0,6.337,11.24
7/4/2023 10:00,0.364,0.364,0.317,0.04,0.04,0,6.886,10.34
7/4/2023 11:00,0.364,0.364,0.306,0.04,0.04,0,7.255,10.97
7/4/2023 12:00,0.364,0.364,0.323,0.04,0.04,0,6.423,8.63
7/4/2023 13:00,0.364,0.364,0.317,0.04,0.04,0,6.28,8.57
7/4/2023 14:00,0.364,0.364,0.32,0.04,0.04,0,6.268,7.946
7/4/2023 15:00,0.364,0.364,0.305,0.04,0.04,0,6.579,7.993
7/4/2023 16:00,0.364,0.364,0.293,0.04,0.04,0,6.505,10.59
7/4/2023 17:00,0.364,0.364,0.293,0.04,0.04,0,7.018,11.21
7/4/2023 18:00,0.364,0.364,0.292,0.04,0.04,0,6.991,12.06
7/4/2023 19:00,0.364,0.364,0.297,0.04,0.04,0,NAN,NAN
7/4/2023 20:00,0.364,0.364,0.297,0.04,0.04,0,6.724,10.22
7/4/2023 21:00,0.364,0.364,0.297,0.04,0.04,0,6.298,11.91
7/4/2023 22:00,0.364,0.364,0.284,0.04,0.04,0,6.258,8.68
7/4/2023 23:00,0.364,0.364,0.284,0.04,0.04,0,6.156,9.6
7/5/2023 0:00,0.364,0.364,0.295,0.04,0.04,0,6.111,9.65
7/5/2023 1:00,0.364,0.364,0.285,0.04,0.04,0,6.285,9.61
7/5/2023 2:00,0.364,0.364,0.293,0.04,0.04,0,6.199,10.21
7/5/2023 3:00,0.364,0.364,0.295,0.04,0.04,0,5.946,9.86
7/5/2023 4:00,0.364,0.364,0.299,0.04,0.04,0,5.558,10.37
7/5/2023 5:00,0.364,0.364,0.303,0.04,0.04,0,4.587,18.98
7/5/2023 6:00,0.364,0.364,0.301,0.04,0.04,0,3.547,9.72
7/5/2023 7:00,0.364,0.364,0.303,0.04,0.04,0,4.149,10.73
7/5/2023 8:00,0.364,0.364,0.3,0.04,0.04,0,5.372,10.87
7/5/2023 9:00,0.364,0.364,0.305,0.04,0.04,0,2.98,7.665
7/5/2023 10:00,0.364,0.364,0.312,0.04,0.04,0,2.455,9.62
7/5/2023 11:00,0.364,0.364,0.306,0.04,0.04,0,6.746,15.16
7/5/2023 12:00,0.364,0.364,0.303,0.04,0.04,0,6.181,14.04
7/5/2023 13:00,0.364,0.364,0.299,0.04,0.04,0,6.248,12.92
7/5/2023 14:00,0.364,0.364,0.303,0.04,0.04,0,6.809,12.36
7/5/2023 15:00,0.364,0.364,0.292,0.04,0.04,0,6.877,11.43
7/5/2023 16:00,0.364,0.364,0.292,0.04,0.04,0,5.942,9.18
7/5/2023 17:00,0.364,0.364,0.294,0.04,0.04,0,5.785,9.53
7/5/2023 18:00,0.364,0.364,0.287,0.04,0.04,0,5.941,11.01
7/5/2023 19:00,0.364,0.364,0.286,0.04,0.04,0,6.166,9.32
7/5/2023 20:00,0.364,0.364,0.29,0.04,0.04,0,6.567,8.66
7/5/2023 21:00,0.364,0.364,0.292,0.04,0.04,0,6.394,8.05
7/5/2023 22:00,0.364,0.364,0.285,0.04,0.04,0,6.357,7.685
7/5/2023 23:00,0.364,0.364,0.287,0.04,0.04,0,6.332,8.27
7/6/2023 0:00,0.364,0.364,0.296,0.04,0.04,0,6.011,7.441
7/6/2023 1:00,0.364,0.364,0.302,0.04,0.04,0,5.667,7.013
7/6/2023 2:00,0.364,0.364,0.29,0.04,0.04,0,5.328,7.206
7/6/2023 3:00,0.364,0.364,0.297,0.04,0.04,0,4.822,6.98
7/6/2023 4:00,0.364,0.364,0.295,0.04,0.04,0,4.662,6.092
7/6/2023 5:00,0.364,0.364,0.3,0.04,0.04,0,5.621,7.977
7/6/2023 6:00,0.364,0.364,0.314,0.04,0.04,0,5.704,7.895
7/6/2023 7:00,0.364,0.364,0.305,0.04,0.04,0,6.21,9.63
7/6/2023 8:00,0.364,0.364,0.315,0.04,0.04,0,6.436,10.02
7/6/2023 9:00,0.364,0.364,0.312,0.04,0.04,0,6.534,10.35
7/6/2023 10:00,0.364,0.364,0.319,0.04,0.04,0,6.808,10.54
7/6/2023 11:00,0.364,0.364,0.321,0.04,0.04,0,6.702,9.05
7/6/2023 12:00,0.364,0.364,0.291,0.04,0.04,0,6.117,8.76
7/6/2023 13:00,0.364,0.364,0.307,0.04,0.04,0,5.903,7.331
7/6/2023 14:00,0.364,0.364,0.302,0.04,0.04,0,5.409,6.753
7/6/2023 15:00,0.364,0.364,0.3,0.04,0.04,0,6.033,6.756
7/6/2023 16:00,0.364,0.364,0.293,0.04,0.04,0,6.263,6.891
7/6/2023 17:00,0.364,0.364,0.295,0.04,0.04,0,6.524,6.852
7/6/2023 18:00,0.364,0.364,0.28,0.04,0.04,0,6.428,6.874
7/6/2023 19:00,0.364,0.364,0.278,0.04,0.04,0,NAN,NAN
7/6/2023 20:00,0.364,0.364,0.287,0.04,0.04,0,6.552,6.849
7/6/2023 21:00,0.364,0.364,0.244,0.04,0.04,0,6.592,6.968
7/6/2023 22:00,0.364,0.364,0.266,0.04,0.04,0,6.552,6.879
7/6/2023 23:00,0.364,0.364,0.287,0.04,0.04,0,6.576,6.868
7/7/2023 0:00,0.364,0.364,0.283,0.04,0.04,0,6.517,6.832
7/7/2023 1:00,0.364,0.364,0.208,0.04,0.04,0,5.751,6.556
7/7/2023 2:00,0.364,0.364,0.257,0.04,0.04,0,5.398,6.02
7/7/2023 3:00,0.364,0.364,0.173,0.04,0.04,0,5.676,6.059
7/7/2023 4:00,0.364,0.364,0.305,0.04,0.04,0,5.701,6.316
7/7/2023 5:00,0.364,0.364,0.314,0.04,0.04,0,6.306,7.827
7/7/2023 6:00,0.364,0.364,0.322,0.04,0.04,0,6.327,7.968
7/7/2023 7:00,0.364,0.364,0.325,0.04,0.04,0,5.897,7.457
7/7/2023 8:00,0.364,0.364,0.309,0.04,0.04,0,5.974,7.298
7/7/2023 9:00,0.364,0.364,0.303,0.04,0.04,0,6.308,7.815
7/7/2023 10:00,0.364,0.364,0.31,0.04,0.04,0,6.443,8.49
7/7/2023 11:00,0.364,0.364,0.337,0.04,0.04,0,5.846,7.012
7/7/2023 12:00,0.364,0.364,0.32,0.04,0.04,0,6.308,7.45
7/7/2023 13:00,0.364,0.364,0.308,0.04,0.04,0,5.975,6.924
7/7/2023 14:00,0.364,0.364,0.44,0.04,0.04,0,6.092,6.897
7/7/2023 15:00,0.364,0.364,0.251,0.04,0.04,0,6.175,6.704
7/7/2023 16:00,0.364,0.364,0.267,0.04,0.04,0,6.45,6.899
7/7/2023 17:00,0.364,0.364,0.125,0.04,0.04,0,6.522,6.814
7/7/2023 18:00,0.364,0.364,0.253,0.04,0.04,0,6.56,6.913
7/7/2023 19:00,0.364,0.364,0.288,0.04,0.04,0,6.579,7.139
7/7/2023 20:00,0.364,0.364,0.253,0.04,0.04,0,6.576,6.862
7/7/2023 21:00,0.364,0.364,0.206,0.04,0.04,0,6.611,7.002
7/7/2023 22:00,0.364,0.364,0.108,0.04,0.04,0,6.6,6.973
7/7/2023 23:00,0.364,0.364,0.174,0.04,0.04,0,6.629,7.269
7/8/2023 0:00,0.364,0.364,0.283,0.04,0.04,0,6.575,7.169
7/8/2023 1:00,0.364,0.364,0.214,0.04,0.04,0,5.913,6.863
7/8/2023 2:00,0.364,0.364,0.03,0.04,0.04,0,5.34,6.877
7/8/2023 3:00,0.364,0.364,0.351,0.04,0.04,0,5.611,6.181
7/8/2023 4:00,0.364,0.364,0.286,0.04,0.04,0,5.538,5.934
7/8/2023 5:00,0.364,0.364,0.316,0.04,0.04,0,5.702,6.571
7/8/2023 6:00,0.364,0.364,0.324,0.04,0.04,0,5.761,6.526
7/8/2023 7:00,0.364,0.364,0.309,0.04,0.04,0,5.736,7.275
7/8/2023 8:00,0.364,0.364,0.318,0.04,0.04,0,5.26,6.676
7/8/2023 9:00,0.364,0.364,0.314,0.04,0.04,0,5.471,6.463
7/8/2023 10:00,0.364,0.364,0.324,0.04,0.04,0,5.57,6.531
7/8/2023 11:00,0.364,0.364,0.298,0.04,0.04,0,6.1,7.276
7/8/2023 12:00,0.364,0.364,0.314,0.04,0.04,0,6.278,7.085
7/8/2023 13:00,0.364,0.364,0.306,0.04,0.04,0.001,5.81,6.63
7/8/2023 14:00,0.364,0.364,0.299,0.04,0.04,0,5.964,6.663
7/8/2023 15:00,0.364,0.364,0.285,0.04,0.04,0,6.32,6.847
7/8/2023 16:00,0.364,0.364,0.257,0.04,0.04,0,6.47,7.071
7/8/2023 17:00,0.364,0.364,0.296,0.04,0.04,0,6.524,7.203
7/8/2023 18:00,0.364,0.364,0.283,0.04,0.04,0,6.574,7.544
7/8/2023 19:00,0.364,0.364,0.306,0.04,0.04,0,NAN,NAN
7/8/2023 20:00,0.364,0.364,0.293,0.04,0.04,0,6.71,8.06
7/8/2023 21:00,0.364,0.364,0.293,0.04,0.04,0,6.635,7.555
7/8/2023 22:00,0.364,0.364,0.287,0.04,0.04,0,6.678,7.634
7/8/2023 23:00,0.364,0.364,0.306,0.04,0.04,0,6.656,7.519
7/9/2023 0:00,0.364,0.364,0.287,0.04,0.04,0,6.571,7.32
7/9/2023 1:00,0.364,0.364,0.285,0.04,0.04,0,6.396,7.355
7/9/2023 2:00,0.364,0.364,0.293,0.04,0.04,0,6.242,7.207
7/9/2023 3:00,0.364,0.364,0.276,0.04,0.04,0,6.038,7.118
7/9/2023 4:00,0.364,0.364,0.294,0.04,0.04,0,5.512,6.841
7/9/2023 5:00,0.364,0.364,0.307,0.04,0.04,0,5.187,6.836
7/9/2023 6:00,0.364,0.364,0.308,0.04,0.04,0,5.616,6.811
7/9/2023 7:00,0.364,0.364,0.304,0.04,0.04,0,5.555,6.463
7/9/2023 8:00,0.364,0.364,0.319,0.04,0.04,0,6.022,7.481
7/9/2023 9:00,0.364,0.364,0.313,0.04,0.04,0,6.589,7.734
7/9/2023 10:00,0.364,0.364,0.318,0.04,0.04,0,6.683,8.49
7/9/2023 11:00,0.364,0.364,0.322,0.04,0.04,0,6.567,7.847
7/9/2023 12:00,0.364,0.364,0.331,0.04,0.04,0,6.265,7.854
7/9/2023 13:00,0.364,0.364,0.334,0.04,0.04,0,5.55,6.938
7/9/2023 14:00,0.364,0.364,0.249,0.04,0.04,0,6.074,6.626
7/9/2023 15:00,0.364,0.364,0.176,0.04,0.04,0,5.941,6.479
7/9/2023 16:00,0.364,0.364,0.25,0.04,0.04,0,6.394,6.839
7/9/2023 17:00,0.364,0.364,0.205,0.04,0.04,0,6.51,7.309
7/9/2023 18:00,0.364,0.364,0.309,0.04,0.04,0,6.514,7.483
7/9/2023 19:00,0.364,0.364,0.288,0.04,0.04,0,6.496,7.44
7/9/2023 20:00,0.364,0.364,0.295,0.04,0.04,0,6.551,7.137
7/9/2023 21:00,0.364,0.364,0.283,0.04,0.04,0,6.462,7.011
7/9/2023 22:00,0.364,0.364,0.3,0.04,0.04,0,6.473,6.967
7/9/2023 23:00,0.364,0.364,0.289,0.04,0.04,0,6.552,7.232
7/10/2023 0:00,0.364,0.364,0.298,0.04,0.04,0,6.496,7.029
7/10/2023 1:00,0.364,0.364,0.294,0.04,0.04,0,6.432,7.057
7/10/2023 2:00,0.364,0.364,0.298,0.04,0.04,0,5.948,6.604
7/10/2023 3:00,0.364,0.364,0.31,0.04,0.04,0,5.282,6.166
7/10/2023 4:00,0.364,0.364,0.307,0.04,0.04,0,5.295,6.125
7/10/2023 5:00,0.364,0.364,0.301,0.04,0.04,0,5.486,6.066
7/10/2023 6:00,0.364,0.364,0.348,0.04,0.04,0,5.414,6.55
7/10/2023 7:00,0.364,0.364,0.31,0.04,0.04,0,5.813,8.29
7/10/2023 8:00,0.364,0.364,0.314,0.04,0.04,0,6.336,7.991
7/10/2023 9:00,0.364,0.364,0.301,0.04,0.04,0,6.278,7.926
7/10/2023 10:00,0.364,0.364,0.306,0.04,0.04,0,5.711,6.39
7/10/2023 11:00,0.364,0.364,0.321,0.04,0.04,0,5.415,6.394
7/10/2023 12:00,0.364,0.364,0.313,0.04,0.04,0,5.549,6.618
7/10/2023 13:00,0.364,0.364,0.297,0.04,0.04,0,5.806,6.374
7/10/2023 14:00,0.364,0.364,0.051,0.04,0.04,0,5.788,6.288
7/10/2023 15:00,0.364,0.364,0.019,0.04,0.04,0,6.255,6.67
7/10/2023 16:00,0.364,0.364,0.354,0.04,0.04,0,6.447,6.71
7/10/2023 17:00,0.364,0.364,0.14,0.04,0.04,0,6.477,6.763
7/10/2023 18:00,0.364,0.364,0.29,0.04,0.04,0,6.419,6.749
7/10/2023 19:00,0.364,0.364,0.292,0.04,0.04,0,NAN,NAN
7/10/2023 20:00,0.364,0.364,0.237,0.04,0.04,0,6.468,6.78
7/10/2023 21:00,0.364,0.364,0.286,0.04,0.04,0,6.445,6.86
7/10/2023 22:00,0.364,0.364,0.273,0.04,0.04,0,6.498,6.861
7/10/2023 23:00,0.364,0.364,0.151,0.04,0.04,0,6.612,7.166
7/11/2023 0:00,0.364,0.364,0.282,0.04,0.04,0,6.635,7.213
7/11/2023 1:00,0.364,0.364,0.288,0.04,0.04,0,6.497,7.992
7/11/2023 2:00,0.364,0.364,0.306,0.04,0.04,0,6.155,8.86
7/11/2023 3:00,0.364,0.364,0.289,0.04,0.04,0,5.817,7.429
7/11/2023 4:00,0.364,0.364,0.31,0.04,0.04,0,5.122,6.12
7/11/2023 5:00,0.364,0.364,0.311,0.04,0.04,0,5.584,6.966
7/11/2023 6:00,0.364,0.364,0.314,0.04,0.04,0,6.184,8.05
7/11/2023 7:00,0.364,0.364,0.314,0.04,0.04,0,5.956,7.865
7/11/2023 8:00,0.364,0.364,0.32,0.04,0.04,0,6.401,9.28
7/11/2023 9:00,0.364,0.364,0.316,0.04,0.04,0,6.94,12.13
7/11/2023 10:00,0.364,0.364,0.322,0.04,0.04,0,6.153,10.04
7/11/2023 11:00,0.364,0.364,0.324,0.04,0.04,0,6.288,9.87
7/11/2023 12:00,0.364,0.364,0.307,0.04,0.04,0,6.202,10.14
7/11/2023 13:00,0.364,0.364,0.323,0.04,0.04,0,6.383,9.21
7/11/2023 14:00,0.364,0.364,0.295,0.04,0.04,0,5.997,8.57
7/11/2023 15:00,0.364,0.364,0.292,0.04,0.04,0,6.806,10.19
7/11/2023 16:00,0.364,0.364,0.298,0.04,0.04,0,6.954,10.95
7/11/2023 17:00,0.364,0.364,0.294,0.04,0.04,0,6.639,9.6
7/11/2023 18:00,0.364,0.364,0.285,0.04,0.04,0,6.637,10.19
7/11/2023 19:00,0.364,0.364,0.287,0.04,0.04,0,6.469,9.48
7/11/2023 20:00,0.364,0.364,0.297,0.04,0.04,0,6.371,9.34
7/11/2023 21:00,0.364,0.364,0.293,0.04,0.04,0,7.164,9.23
7/11/2023 22:00,0.364,0.364,0.292,0.04,0.04,0,6.435,8.23
7/11/2023 23:00,0.364,0.364,0.322,0.04,0.04,0,6.016,10.7
7/12/2023 0:00,0.364,0.364,0.292,0.04,0.04,0,6.591,9.99
7/12/2023 1:00,0.364,0.364,0.294,0.04,0.04,0,6.016,7.434
7/12/2023 2:00,0.364,0.364,0.285,0.04,0.04,0,5.514,6.731
7/12/2023 3:00,0.364,0.364,0.292,0.04,0.04,0,5.558,7.567
7/12/2023 4:00,0.364,0.364,0.298,0.04,0.04,0,5.896,7.185
7/12/2023 5:00,0.364,0.364,0.311,0.04,0.04,0,5.938,7.478
7/12/2023 6:00,0.364,0.364,0.301,0.04,0.04,0,5.683,7.198
7/12/2023 7:00,0.364,0.364,0.312,0.04,0.04,0,6.082,9.28
7/12/2023 8:00,0.364,0.364,0.318,0.04,0.04,0,6.312,9.61
7/12/2023 9:00,0.364,0.364,0.31,0.04,0.04,0,6.582,9.05
7/12/2023 10:00,0.364,0.364,0.332,0.04,0.04,0,7.092,9.78
7/12/2023 11:00,0.364,0.364,0.301,0.04,0.04,0,7.061,9.52
7/12/2023 12:00,0.364,0.364,0.298,0.04,0.04,0,5.834,7.077
7/12/2023 13:00,0.364,0.364,0.3,0.04,0.04,0,5.229,6.176
7/12/2023 14:00,0.364,0.364,0.303,0.04,0.04,0,5.724,6.715
7/12/2023 15:00,0.364,0.364,0.276,0.04,0.04,0,6.33,7.06
7/12/2023 16:00,0.364,0.364,0.294,0.04,0.04,0,6.232,6.971
7/12/2023 17:00,0.364,0.364,0.287,0.04,0.04,0,6.299,6.825
7/12/2023 18:00,0.364,0.364,0.277,0.04,0.04,0,6.384,7.095
7/12/2023 19:00,0.364,0.364,0.287,0.04,0.04,0,NAN,NAN
7/12/2023 20:00,0.364,0.364,0.311,0.04,0.04,0,6.274,6.964
7/12/2023 21:00,0.364,0.364,0.275,0.04,0.04,0,6.408,8.13
7/12/2023 22:00,0.364,0.364,0.299,0.04,0.04,0,6.526,7.506
7/12/2023 23:00,0.364,0.364,0.287,0.04,0.04,0,6.555,7.018
7/13/2023 0:00,0.364,0.364,0.286,0.04,0.04,0,6.545,7.33
7/13/2023 1:00,0.364,0.364,0.288,0.04,0.04,0,6.365,6.751
7/13/2023 2:00,0.364,0.364,0.268,0.04,0.04,0,5.704,6.647
7/13/2023 3:00,0.364,0.364,0.288,0.04,0.04,0,5.322,6.581
7/13/2023 4:00,0.364,0.364,0.294,0.04,0.04,0,5.428,7.049
7/13/2023 5:00,0.364,0.364,0.294,0.04,0.04,0,4.403,6.597
7/13/2023 6:00,0.364,0.364,0.302,0.04,0.04,0,4.447,6.505
7/13/2023 7:00,0.364,0.364,0.324,0.04,0.04,0,5.376,6.562
7/13/2023 8:00,0.364,0.364,0.333,0.04,0.04,0,5.575,6.684
7/13/2023 9:00,0.364,0.364,0.314,0.04,0.04,0,5.954,7.155
7/13/2023 10:00,0.364,0.364,0.336,0.04,0.04,0,6.429,8.29
7/13/2023 11:00,0.364,0.364,0.306,0.04,0.04,0,5.358,6.41
7/13/2023 12:00,0.364,0.364,0.323,0.04,0.04,0,6.097,7.156
7/13/2023 13:00,0.364,0.364,0.296,0.04,0.04,0,5.601,7.441
7/13/2023 14:00,0.364,0.364,0.227,0.04,0.04,0,5.875,6.773
7/13/2023 15:00,0.364,0.364,0.293,0.04,0.04,0,6.113,6.907
7/13/2023 16:00,0.364,0.364,0.095,0.04,0.04,0,6.183,7.155
7/13/2023 17:00,0.364,0.364,0.212,0.04,0.04,0,6.307,7.167
7/13/2023 18:00,0.364,0.364,0.179,0.04,0.04,0,6.139,6.85
7/13/2023 19:00,0.364,0.364,0.275,0.04,0.04,0,6.288,6.609
7/13/2023 20:00,0.364,0.364,0.018,0.04,0.04,0,6.29,6.627
7/13/2023 21:00,0.364,0.364,0.017,0.04,0.04,0,6.5,6.787
7/13/2023 22:00,0.364,0.364,0.017,0.04,0.04,0,6.548,6.913
7/13/2023 23:00,0.364,0.364,0.017,0.04,0.04,0,6.587,6.914
7/14/2023 0:00,0.364,0.364,0.017,0.04,0.04,0,6.591,7.049
7/14/2023 1:00,0.364,0.364,0.249,0.04,0.04,0,6.443,7.788
7/14/2023 2:00,0.364,0.364,0.292,0.04,0.04,0,5.86,7.127
7/14/2023 3:00,0.364,0.364,0.319,0.04,0.04,0,5.13,6.385
7/14/2023 4:00,0.364,0.364,0.302,0.04,0.04,0,5.545,7.078
7/14/2023 5:00,0.364,0.364,0.305,0.04,0.04,0,5.587,7.066
7/14/2023 6:00,0.364,0.364,0.311,0.04,0.04,0,5.698,6.788
7/14/2023 7:00,0.364,0.364,0.31,0.04,0.04,0,5.353,7.308
7/14/2023 8:00,0.364,0.364,0.319,0.04,0.04,0,5.902,7.431
7/14/2023 9:00,0.364,0.364,0.32,0.04,0.04,0,5.948,6.898
7/14/2023 10:00,0.364,0.364,0.297,0.04,0.04,0,5.715,7.138
7/14/2023 11:00,0.364,0.364,0.318,0.04,0.04,0,5.536,6.443
7/14/2023 12:00,0.364,0.364,0.307,0.04,0.04,0,5.865,6.688
7/14/2023 13:00,0.364,0.364,0.295,0.04,0.04,0,5.803,6.552
7/14/2023 14:00,0.364,0.364,0.29,0.04,0.04,0,6.127,7.402
7/14/2023 15:00,0.364,0.364,0.299,0.04,0.04,0,6.457,7.64
7/14/2023 16:00,0.364,0.364,0.299,0.04,0.04,0,6.486,7.525
7/14/2023 17:00,0.364,0.364,0.293,0.04,0.04,0,6.451,7.454
7/14/2023 18:00,0.364,0.364,0.3,0.04,0.04,0,6.428,7.314
7/14/2023 19:00,0.364,0.364,0.296,0.04,0.04,0,NAN,NAN
7/14/2023 20:00,0.364,0.364,0.293,0.04,0.04,0,6.463,7.048
7/14/2023 21:00,0.364,0.364,0.279,0.04,0.04,0,6.484,7.279
7/14/2023 22:00,0.364,0.364,0.288,0.04,0.04,0,6.501,7.476
7/14/2023 23:00,0.364,0.364,0.297,0.04,0.04,0,6.541,7.133
7/15/2023 0:00,0.364,0.364,0.277,0.04,0.04,0,6.469,7.282
7/15/2023 1:00,0.364,0.364,0.307,0.04,0.04,0,5.848,6.809
7/15/2023 2:00,0.364,0.364,0.288,0.04,0.04,0,5.179,6.022
7/15/2023 3:00,0.364,0.364,0.306,0.04,0.04,0,5.558,6.702
7/15/2023 4:00,0.364,0.364,0.324,0.04,0.04,0,5.587,6.977
7/15/2023 5:00,0.364,0.364,0.314,0.04,0.04,0,5.794,7.515
7/15/2023 6:00,0.364,0.364,0.302,0.04,0.04,0,5.889,7.661
7/15/2023 7:00,0.364,0.364,0.302,0.04,0.04,0,5.567,7.016
7/15/2023 8:00,0.364,0.364,0.304,0.04,0.04,0,5.488,6.989
7/15/2023 9:00,0.364,0.364,0.323,0.04,0.04,0,5.576,6.529
7/15/2023 10:00,0.364,0.364,0.32,0.04,0.04,0,5.408,6.398
7/15/2023 11:00,0.364,0.364,0.294,0.04,0.04,0,5.624,7.697
7/15/2023 12:00,0.364,0.364,0.314,0.04,0.04,0,5.691,7.061
7/15/2023 13:00,0.364,0.364,0.302,0.04,0.04,0,6.167,7.421
7/15/2023 14:00,0.364,0.364,0.3,0.04,0.04,0,6.124,7.681
7/15/2023 15:00,0.364,0.364,0.295,0.04,0.04,0,6.449,7.365
7/15/2023 16:00,0.364,0.364,0.294,0.04,0.04,0,6.551,7.836
7/15/2023 17:00,0.364,0.364,0.293,0.04,0.04,0,6.596,8.24
7/15/2023 18:00,0.364,0.364,0.291,0.04,0.04,0,6.559,8.44
7/15/2023 19:00,0.364,0.364,0.295,0.04,0.04,0,6.651,8.23
7/15/2023 20:00,0.364,0.364,0.295,0.04,0.04,0,6.625,7.747
7/15/2023 21:00,0.364,0.364,0.297,0.04,0.04,0,6.597,7.73
7/15/2023 22:00,0.364,0.364,0.301,0.04,0.04,0,6.55,7.613
7/15/2023 23:00,0.364,0.364,0.29,0.04,0.04,0,6.662,7.654
7/16/2023 0:00,0.364,0.364,0.291,0.04,0.04,0,6.538,7.315
7/16/2023 1:00,0.364,0.364,0.295,0.04,0.04,0,6.427,7.091
7/16/2023 2:00,0.364,0.364,0.231,0.04,0.04,0,5.537,6.72
7/16/2023 3:00,0.364,0.364,0.439,0.04,0.04,0,5.293,6.176
7/16/2023 4:00,0.364,0.364,0.28,0.04,0.04,0,5.732,6.561
7/16/2023 5:00,0.364,0.364,0.433,0.04,0.04,0,6.13,6.751
7/16/2023 6:00,0.364,0.364,0.289,0.04,0.04,0,6.401,7.218
7/16/2023 7:00,0.364,0.364,0.289,0.04,0.04,0,6.213,7.283
7/16/2023 8:00,0.364,0.364,0.348,0.04,0.04,0,6.4,7.749
7/16/2023 9:00,0.364,0.364,0.352,0.04,0.04,0,6.491,8.15
7/16/2023 10:00,0.364,0.364,0.298,0.04,0.04,0,5.906,9
7/16/2023 11:00,0.364,0.364,0.322,0.04,0.04,0,5.509,7.528
7/16/2023 12:00,0.364,0.364,0.295,0.04,0.04,0,5.802,6.67
7/16/2023 13:00,0.364,0.364,0.314,0.04,0.04,0,5.468,6.584
7/16/2023 14:00,0.364,0.364,0.29,0.04,0.04,0,5.7,9.38
7/16/2023 15:00,0.364,0.364,0.291,0.04,0.04,0,4.097,8.24
7/16/2023 16:00,0.364,0.364,0.301,0.04,0.04,0,5.552,12.79
7/16/2023 17:00,0.364,0.364,0.294,0.04,0.04,0,5.896,10.91
7/16/2023 18:00,0.364,0.364,0.29,0.04,0.04,0,6.328,10.28
7/16/2023 19:00,0.364,0.364,0.296,0.04,0.04,0,NAN,NAN
7/16/2023 20:00,0.364,0.364,0.289,0.04,0.04,0,6.301,9.18
7/16/2023 21:00,0.364,0.364,0.295,0.04,0.04,0,6.927,10
7/16/2023 22:00,0.364,0.364,0.288,0.04,0.04,0,6.672,9.09
7/16/2023 23:00,0.364,0.364,0.288,0.04,0.04,0,6.664,9.25
7/17/2023 0:00,0.364,0.364,0.29,0.04,0.04,0,6.854,8.36
7/17/2023 1:00,0.364,0.364,0.294,0.04,0.04,0,6.631,8.34
7/17/2023 2:00,0.364,0.364,0.297,0.04,0.04,0,6.495,8.52
7/17/2023 3:00,0.364,0.364,0.289,0.04,0.04,0,6.35,7.635
7/17/2023 4:00,0.364,0.364,0.293,0.04,0.04,0,6.05,12.77
7/17/2023 5:00,0.364,0.364,0.306,0.04,0.04,0,5.901,7.984
7/17/2023 6:00,0.364,0.364,0.296,0.04,0.04,0,5.805,9.26
7/17/2023 7:00,0.364,0.364,0.298,0.04,0.04,0,6.049,9.31
7/17/2023 8:00,0.364,0.364,0.301,0.04,0.04,0,5.995,7.592
7/17/2023 9:00,0.364,0.364,0.309,0.04,0.04,0,5.943,7.48
7/17/2023 10:00,0.364,0.364,0.31,0.04,0.04,0,5.758,7.77
7/17/2023 11:00,0.364,0.364,0.31,0.04,0.04,0,5.669,7.396
7/17/2023 12:00,0.364,0.364,0.309,0.04,0.04,0,5.821,6.847
7/17/2023 13:00,0.364,0.364,0.299,0.04,0.04,0,6.175,8.31
7/17/2023 14:00,0.364,0.364,0.295,0.04,0.04,0,6.499,8.77
7/17/2023 15:00,0.364,0.364,0.304,0.04,0.04,0,6.385,8.73
7/17/2023 16:00,0.364,0.364,0.296,0.04,0.04,0,6.384,8.97
7/17/2023 17:00,0.364,0.364,0.289,0.04,0.04,0,6.52,8.05
7/17/2023 18:00,0.364,0.364,0.281,0.04,0.04,0,6.341,7.876
7/17/2023 19:00,0.364,0.364,0.304,0.04,0.04,0,6.396,7.415
7/17/2023 20:00,0.364,0.364,0.262,0.04,0.04,0,6.324,7.073
7/17/2023 21:00,0.364,0.364,0.209,0.04,0.04,0,6.224,6.727
7/17/2023 22:00,0.364,0.364,0.248,0.04,0.04,0,6.276,6.825
7/17/2023 23:00,0.364,0.364,0.049,0.04,0.04,0,6.321,6.625
7/18/2023 0:00,0.364,0.364,0.019,0.04,0.04,0,6.257,6.561
7/18/2023 1:00,0.364,0.364,0.02,0.04,0.04,0,6.17,6.488
7/18/2023 2:00,0.364,0.364,0.193,0.04,0.04,0,5.827,6.475
7/18/2023 3:00,0.364,0.364,0.31,0.04,0.04,0,5.431,6.159
7/18/2023 4:00,0.364,0.364,0.48,0.04,0.04,0,5.526,6.2
7/18/2023 5:00,0.364,0.364,0.391,0.04,0.04,0,5.453,6.199
7/18/2023 6:00,0.364,0.364,0.277,0.04,0.04,0,6.143,7.827
7/18/2023 7:00,0.364,0.364,0.315,0.04,0.04,0,6.563,7.778
7/18/2023 8:00,0.364,0.364,0.283,0.04,0.04,0,6.302,8.32
7/18/2023 9:00,0.364,0.364,0.3,0.04,0.04,0,5.637,7.785
7/18/2023 10:00,0.364,0.364,0.306,0.04,0.04,0,5.696,6.407
7/18/2023 11:00,0.364,0.364,0.298,0.04,0.04,0,5.289,6.376
7/18/2023 12:00,0.364,0.364,0.298,0.04,0.04,0,4.911,5.633
7/18/2023 13:00,0.364,0.364,0.295,0.04,0.04,0,5.662,6.225
7/18/2023 14:00,0.364,0.364,0.293,0.04,0.04,0,5.755,6.522
7/18/2023 15:00,0.364,0.364,0.344,0.04,0.04,0,6.29,6.867
7/18/2023 16:00,0.364,0.364,0.297,0.04,0.04,0,6.301,7.347
7/18/2023 17:00,0.364,0.364,0.286,0.04,0.04,0,6.321,6.817
7/18/2023 18:00,0.364,0.364,0.27,0.04,0.04,0,6.261,6.576
7/18/2023 19:00,0.364,0.364,0.295,0.04,0.04,0,NAN,NAN
7/18/2023 20:00,0.364,0.364,0.721,0.04,0.04,0,6.407,6.676
7/18/2023 21:00,0.364,0.364,0.35,0.04,0.04,0,6.46,6.819
7/18/2023 22:00,0.364,0.364,0.296,0.04,0.04,0,6.556,7.278
7/18/2023 23:00,0.364,0.364,0.282,0.04,0.04,0,6.397,6.928
7/19/2023 0:00,0.364,0.364,0.211,0.04,0.04,0,6.222,6.644
7/19/2023 1:00,0.364,0.364,0.214,0.04,0.04,0,6.076,6.516
7/19/2023 2:00,0.364,0.364,0.345,0.04,0.04,0,5.7,6.203
7/19/2023 3:00,0.364,0.364,0.216,0.04,0.04,0,5.247,5.9
7/19/2023 4:00,0.364,0.364,0.309,0.04,0.04,0,5.342,5.956
7/19/2023 5:00,0.364,0.364,0.341,0.04,0.04,0,5.564,6.857
7/19/2023 6:00,0.364,0.364,0.309,0.04,0.04,0,6.5,7.509
7/19/2023 7:00,0.364,0.364,0.313,0.04,0.04,0,6.048,7.967
7/19/2023 8:00,0.364,0.364,0.315,0.04,0.04,0,5.456,6.542
7/19/2023 9:00,0.364,0.364,0.304,0.04,0.04,0,5.458,6.625
7/19/2023 10:00,0.364,0.364,0.317,0.04,0.04,0,6.137,7.122
7/19/2023 11:00,0.364,0.364,0.325,0.04,0.04,0,6.215,7.097
7/19/2023 12:00,0.364,0.364,0.301,0.04,0.04,0,6.683,11.14
7/19/2023 13:00,0.364,0.364,0.295,0.04,0.04,0,7.085,10.89
7/19/2023 14:00,0.364,0.364,0.292,0.04,0.04,0,7.641,11.95
7/19/2023 15:00,0.364,0.364,0.292,0.04,0.04,0,9.03,14.22
7/19/2023 16:00,0.364,0.364,0.288,0.04,0.04,0,8.07,13.69
7/19/2023 17:00,0.364,0.364,0.156,0.04,0.04,0,6.361,12.78
7/19/2023 18:00,0.364,0.364,0.282,0.04,0.04,0,6.13,43.62
7/19/2023 19:00,0.364,0.364,0.28,0.04,0.04,0,6.24,12.06
7/19/2023 20:00,0.364,0.364,0.278,0.04,0.04,0,6.504,15.62
7/19/2023 21:00,0.364,0.364,0.279,0.04,0.04,0,6.82,13.63
7/19/2023 22:00,0.364,0.364,0.287,0.04,0.04,0,6.647,14.79
7/19/2023 23:00,0.364,0.364,0.307,0.04,0.04,0,6.58,12.69
7/20/2023 0:00,0.364,0.364,0.301,0.04,0.04,0,6.647,14.9
7/20/2023 1:00,0.364,0.364,0.294,0.04,0.04,0,7.146,20.34
7/20/2023 2:00,0.364,0.364,0.299,0.04,0.04,0,7.359,14.76
7/20/2023 3:00,0.364,0.364,0.281,0.04,0.04,0,6.789,12.49
7/20/2023 4:00,0.364,0.364,0.29,0.04,0.04,0,6.674,11.39
7/20/2023 5:00,0.364,0.364,0.293,0.04,0.04,0,6.503,10.84
7/20/2023 6:00,0.364,0.364,0.301,0.04,0.04,0,6.562,11.5
7/20/2023 7:00,0.364,0.364,0.307,0.04,0.04,0,5.842,10.72
7/20/2023 8:00,0.364,0.364,0.306,0.04,0.04,0,5.856,9.47
7/20/2023 9:00,0.364,0.364,0.31,0.04,0.04,0,7.441,10.28
7/20/2023 10:00,0.364,0.364,0.296,0.04,0.04,0,6.997,11.11
7/20/2023 11:00,0.364,0.364,0.3,0.04,0.04,0,7.555,11.32
7/20/2023 12:00,0.364,0.364,0.31,0.04,0.04,0,8.04,11.92
7/20/2023 13:00,0.364,0.364,0.287,0.04,0.04,0,8.89,12.4
7/20/2023 14:00,0.364,0.364,0.369,0.04,0.04,0,7.165,11.18
7/20/2023 15:00,0.364,0.364,0.314,0.04,0.04,0,6.528,16.56
7/20/2023 16:00,0.364,0.364,0.275,0.04,0.04,0,5.653,16.94
7/20/2023 17:00,0.364,0.364,0.296,0.04,0.04,0,6.94,16.49
7/20/2023 18:00,0.364,0.364,0.304,0.04,0.04,0,7.051,15.71
7/20/2023 19:00,0.364,0.364,0.281,0.04,0.04,0,NAN,NAN
7/20/2023 20:00,0.364,0.364,0.274,0.04,0.04,0,7.057,14.9
7/20/2023 21:00,0.364,0.364,0.275,0.04,0.04,0,7.392,13.9
7/20/2023 22:00,0.364,0.364,0.285,0.04,0.04,0,6.455,19.71
7/20/2023 23:00,0.364,0.364,0.282,0.04,0.04,0,5.922,25.07
7/21/2023 0:00,0.364,0.364,0.286,0.04,0.04,0,5.828,13.85
7/21/2023 1:00,0.364,0.364,0.261,0.04,0.04,0,6.138,14.3
7/21/2023 2:00,0.364,0.364,0.287,0.04,0.04,0,6.249,11.36
7/21/2023 3:00,0.364,0.364,0.289,0.04,0.04,0,6.137,11.89
7/21/2023 4:00,0.364,0.364,0.297,0.04,0.04,0,6.472,9.93
7/21/2023 5:00,0.364,0.364,0.297,0.04,0.04,0,6.086,9.48
7/21/2023 6:00,0.364,0.364,0.298,0.04,0.04,0,6.135,11.53
7/21/2023 7:00,0.364,0.364,0.298,0.04,0.04,0,6.228,14.33
7/21/2023 8:00,0.364,0.364,0.297,0.04,0.04,0,5.715,10.96
7/21/2023 9:00,0.364,0.364,0.298,0.04,0.04,0,5.336,13.38
7/21/2023 10:00,0.364,0.364,0.299,0.04,0.04,0,5.062,12.15
7/21/2023 11:00,0.364,0.364,0.301,0.04,0.04,0,4.863,10.99
7/21/2023 12:00,0.364,0.364,0.298,0.04,0.04,0,4.787,11.08
7/21/2023 13:00,0.364,0.364,0.293,0.04,0.04,0,6.555,11.76
7/21/2023 14:00,0.364,0.364,0.289,0.04,0.04,0,7.133,12.5
7/21/2023 15:00,0.364,0.364,0.296,0.04,0.04,0,6.556,11.18
7/21/2023 16:00,0.364,0.364,0.289,0.04,0.04,0,6.917,12.77
7/21/2023 17:00,0.364,0.364,0.285,0.04,0.04,0,6.647,13.53
7/21/2023 18:00,0.364,0.364,0.293,0.04,0.04,0,6.746,13.78
7/21/2023 19:00,0.364,0.364,0.296,0.04,0.04,0,6.899,11.1
7/21/2023 20:00,0.364,0.364,0.281,0.04,0.04,0,6.88,12.37
7/21/2023 21:00,0.364,0.364,0.283,0.04,0.04,0,6.906,11.29
7/21/2023 22:00,0.364,0.364,0.29,0.04,0.04,0,7.093,8.59
7/21/2023 23:00,0.364,0.364,0.274,0.04,0.04,0,6.907,8.1
7/22/2023 0:00,0.364,0.364,0.299,0.04,0.04,0,6.806,7.731
7/22/2023 1:00,0.364,0.364,0.29,0.04,0.04,0,7.03,9.52
7/22/2023 2:00,0.364,0.364,0.293,0.04,0.04,0,7.318,10.24
7/22/2023 3:00,0.364,0.364,0.297,0.04,0.04,0,6.572,9.54
7/22/2023 4:00,0.364,0.364,0.307,0.04,0.04,0,6.236,7.638
7/22/2023 5:00,0.364,0.364,0.32,0.04,0.04,0,5.713,8.2
7/22/2023 6:00,0.364,0.364,0.301,0.04,0.04,0,5.724,7.904
7/22/2023 7:00,0.364,0.364,0.314,0.04,0.04,0,5.734,7.243
7/22/2023 8:00,0.364,0.364,0.292,0.04,0.04,0,5.725,6.724
7/22/2023 9:00,0.364,0.364,0.438,0.04,0.04,0,5.649,6.293
7/22/2023 10:00,0.364,0.364,0.306,0.04,0.04,0,6.19,6.95
7/22/2023 11:00,0.364,0.364,0.219,0.04,0.04,0,6.29,6.913
7/22/2023 12:00,0.364,0.364,0.312,0.04,0.04,0,6.465,7.251
7/22/2023 13:00,0.364,0.364,0.26,0.04,0.04,0,6.177,6.907
7/22/2023 14:00,0.364,0.364,0.264,0.04,0.04,0,6.095,6.907
7/22/2023 15:00,0.364,0.364,0.364,0.04,0.04,0,6.179,6.877
7/22/2023 16:00,0.364,0.364,0.299,0.04,0.04,0,6.438,7.032
7/22/2023 17:00,0.364,0.364,0.292,0.04,0.04,0,6.607,7.123
7/22/2023 18:00,0.364,0.364,0.293,0.04,0.04,0,6.667,7.115
7/22/2023 19:00,0.364,0.364,0.271,0.04,0.04,0,NAN,NAN
7/22/2023 20:00,0.364,0.364,0.289,0.04,0.04,0,6.709,7.17
7/22/2023 21:00,0.364,0.364,0.256,0.04,0.04,0,6.723,7.211
7/22/2023 22:00,0.364,0.364,0.095,0.04,0.04,0,6.592,6.883
7/22/2023 23:00,0.364,0.364,0.276,0.04,0.04,0,6.47,6.755
7/23/2023 0:00,0.364,0.364,0.287,0.04,0.04,0,6.548,6.842
7/23/2023 1:00,0.364,0.364,0.203,0.04,0.04,0,6.451,6.895
7/23/2023 2:00,0.364,0.364,0.281,0.04,0.04,0,6.035,6.481
7/23/2023 3:00,0.364,0.364,0.298,0.04,0.04,0,5.398,6.489
7/23/2023 4:00,0.364,0.364,0.317,0.04,0.04,0,5.701,6.604
7/23/2023 5:00,0.364,0.364,0.315,0.04,0.04,0,5.783,6.784
7/23/2023 6:00,0.364,0.364,0.306,0.04,0.04,0,5.579,6.401
7/23/2023 7:00,0.364,0.364,0.328,0.04,0.04,0,6.134,7.303
7/23/2023 8:00,0.364,0.364,0.296,0.04,0.04,0,6.451,8.21
7/23/2023 9:00,0.364,0.364,0.324,0.04,0.04,0,6.55,8.05
7/23/2023 10:00,0.364,0.364,0.308,0.04,0.04,0,6.87,8.96
7/23/2023 11:00,0.364,0.364,0.315,0.04,0.04,0,6.807,8.78
7/23/2023 12:00,0.364,0.364,0.293,0.04,0.04,0,6.444,7.765
7/23/2023 13:00,0.364,0.364,0.282,0.04,0.04,0,6.201,7.031
7/23/2023 14:00,0.364,0.364,0.295,0.04,0.04,0,6.525,8.85
7/23/2023 15:00,0.364,0.364,0.287,0.04,0.04,0,6.47,7.223
7/23/2023 16:00,0.364,0.364,0.28,0.04,0.04,0,6.576,7.761
7/23/2023 17:00,0.364,0.364,0.241,0.04,0.04,0,6.563,7.577
7/23/2023 18:00,0.364,0.364,0.283,0.04,0.04,0,6.615,7.17
7/23/2023 19:00,0.364,0.364,0.292,0.04,0.04,0,6.646,7.046
7/23/2023 20:00,0.364,0.364,0.293,0.04,0.04,0,6.71,7.662
7/23/2023 21:00,0.364,0.364,0.295,0.04,0.04,0,6.682,8.37
7/23/2023 22:00,0.364,0.364,0.284,0.04,0.04,0,6.484,7.567
7/23/2023 23:00,0.364,0.364,0.292,0.04,0.04,0,6.473,7.749
7/24/2023 0:00,0.364,0.364,0.305,0.04,0.04,0,6.437,8.78
7/24/2023 1:00,0.364,0.364,0.255,0.04,0.04,0,6.304,11.58
7/24/2023 2:00,0.364,0.364,0.289,0.04,0.04,0,6.12,11.07
7/24/2023 3:00,0.364,0.364,0.283,0.04,0.04,0,5.947,11.82
7/24/2023 4:00,0.364,0.364,0.294,0.04,0.04,0,5.937,11.98
7/24/2023 5:00,0.364,0.364,0.304,0.04,0.04,0,6.12,7.972
7/24/2023 6:00,0.364,0.364,0.306,0.04,0.04,0,5.734,7.693
7/24/2023 7:00,0.364,0.364,0.327,0.04,0.04,0,6.488,7.903
7/24/2023 8:00,0.364,0.364,0.302,0.04,0.04,0,6.579,8.34
7/24/2023 9:00,0.364,0.364,0.303,0.04,0.04,0,5.477,6.613
7/24/2023 10:00,0.364,0.364,0.304,0.04,0.04,0,5.451,6.646
7/24/2023 11:00,0.364,0.364,0.343,0.04,0.04,0,5.476,6.225
7/24/2023 12:00,0.364,0.364,0.28,0.04,0.04,0,5.801,6.661
7/24/2023 13:00,0.364,0.364,0.273,0.04,0.04,0,5.289,6.588
7/24/2023 14:00,0.364,0.364,0.288,0.04,0.04,0,5.673,6.816
7/24/2023 15:00,0.364,0.364,0.299,0.04,0.04,0,6.218,6.655
7/24/2023 16:00,0.364,0.364,0.371,0.04,0.04,0,6.301,6.614
7/24/2023 17:00,0.364,0.364,0.257,0.04,0.04,0,6.492,6.871
7/24/2023 18:00,0.364,0.364,0.228,0.04,0.04,0,6.577,6.877
7/24/2023 19:00,0.364,0.364,0.284,0.04,0.04,0,NAN,NAN
7/24/2023 20:00,0.364,0.364,0.299,0.04,0.04,0,6.533,6.86
7/24/2023 21:00,0.364,0.364,0.281,0.04,0.04,0,6.487,7.564
7/24/2023 22:00,0.364,0.364,0.272,0.04,0.04,0,6.425,7.466
7/24/2023 23:00,0.364,0.364,0.286,0.04,0.04,0,6.548,7.796
7/25/2023 0:00,0.364,0.364,0.286,0.04,0.04,0,6.682,8.1
7/25/2023 1:00,0.364,0.364,0.242,0.04,0.04,0,6.394,8.94
7/25/2023 2:00,0.364,0.364,0.295,0.04,0.04,0,6.029,9.02
7/25/2023 3:00,0.364,0.364,0.292,0.04,0.04,0,5.322,8.15
7/25/2023 4:00,0.364,0.364,0.322,0.04,0.04,0,5.455,6.152
7/25/2023 5:00,0.364,0.364,0.295,0.04,0.04,0,5.555,6.495
7/25/2023 6:00,0.364,0.364,0.325,0.04,0.04,0,5.657,6.848
7/25/2023 7:00,0.364,0.364,0.323,0.04,0.04,0,6.004,7.53
7/25/2023 8:00,0.364,0.364,0.316,0.04,0.04,0,6.052,7.588
7/25/2023 9:00,0.364,0.364,0.301,0.04,0.04,0,6.305,7.427
7/25/2023 10:00,0.364,0.364,0.309,0.04,0.04,0,5.551,6.27
7/25/2023 11:00,0.364,0.364,0.222,0.04,0.04,0,5.59,5.989
7/25/2023 12:00,0.364,0.364,0.341,0.04,0.04,0,5.734,6.251
7/25/2023 13:00,0.364,0.364,0.34,0.04,0.04,0,5.943,6.526
7/25/2023 14:00,0.364,0.364,0.335,0.04,0.04,0,5.942,6.539
7/25/2023 15:00,0.364,0.364,0.245,0.04,0.04,0,6.486,6.815
7/25/2023 16:00,0.364,0.364,0.295,0.04,0.04,0,6.48,6.871
7/25/2023 17:00,0.364,0.364,0.345,0.04,0.04,0,6.502,6.868
7/25/2023 18:00,0.364,0.364,0.756,0.04,0.04,0,6.483,6.798
7/25/2023 19:00,0.364,0.364,0.458,0.04,0.04,0,6.452,6.701
7/25/2023 20:00,0.364,0.364,0.291,0.04,0.04,0,6.524,6.809
7/25/2023 21:00,0.364,0.364,0.236,0.04,0.04,0,6.668,6.97
7/25/2023 22:00,0.364,0.364,0.199,0.04,0.04,0,6.646,6.992
7/25/2023 23:00,0.364,0.364,0.28,0.04,0.04,0,6.33,6.807
7/26/2023 0:00,0.364,0.364,0.283,0.04,0.04,0,6.359,6.903
7/26/2023 1:00,0.364,0.364,0.284,0.04,0.04,0,6.422,6.848
7/26/2023 2:00,0.364,0.364,0.307,0.04,0.04,0,5.57,6.413
7/26/2023 3:00,0.364,0.364,0.316,0.04,0.04,0,5.403,6.219
7/26/2023 4:00,0.364,0.364,0.25,0.04,0.04,0,5.457,6.092
7/26/2023 5:00,0.364,0.364,0.315,0.04,0.04,0,6.089,7.028
7/26/2023 6:00,0.364,0.364,0.259,0.04,0.04,0,6.054,6.754
7/26/2023 7:00,0.364,0.364,0.325,0.04,0.04,0,6.633,7.595
7/26/2023 8:00,0.364,0.364,0.302,0.04,0.04,0,6.647,7.493
7/26/2023 9:00,0.364,0.364,0.317,0.04,0.04,0,7.033,8.64
7/26/2023 10:00,0.364,0.364,0.301,0.04,0.04,0,6.421,7.795
7/26/2023 11:00,0.364,0.364,0.295,0.04,0.04,0,5.561,6.197
7/26/2023 12:00,0.364,0.364,0.297,0.04,0.04,0,5.236,6.008
7/26/2023 13:00,0.364,0.364,0.286,0.04,0.04,0,5.684,6.408
7/26/2023 14:00,0.364,0.364,0.271,0.04,0.04,0,5.971,6.543
7/26/2023 15:00,0.364,0.364,0.298,0.04,0.04,0,6,6.56
7/26/2023 16:00,0.364,0.364,0.145,0.04,0.04,0,6.404,6.735
7/26/2023 17:00,0.364,0.364,0.018,0.04,0.04,0,6.238,6.617
7/26/2023 18:00,0.364,0.364,0.018,0.04,0.04,0,6.278,6.664
7/26/2023 19:00,0.364,0.364,0.018,0.04,0.04,0,NAN,NAN
7/26/2023 20:00,0.364,0.364,0.018,0.04,0.04,0,6.374,6.748
7/26/2023 21:00,0.364,0.364,0.017,0.04,0.04,0,6.448,6.922
7/26/2023 22:00,0.364,0.364,0.103,0.04,0.04,0,6.357,7.246
7/26/2023 23:00,0.364,0.364,0.351,0.04,0.04,0,6.497,7.042
7/27/2023 0:00,0.364,0.364,0.296,0.04,0.04,0,6.31,7.77
7/27/2023 1:00,0.364,0.364,0.306,0.04,0.04,0,5.993,7.336
7/27/2023 2:00,0.364,0.364,0.301,0.04,0.04,0,5.901,6.452
7/27/2023 3:00,0.364,0.364,0.303,0.04,0.04,0,5.361,6.357
7/27/2023 4:00,0.364,0.364,0.306,0.04,0.04,0,5.398,5.911
7/27/2023 5:00,0.364,0.364,0.32,0.04,0.04,0,5.359,5.905
7/27/2023 6:00,0.364,0.364,0.306,0.04,0.04,0,5.538,6.239
7/27/2023 7:00,0.364,0.364,0.303,0.04,0.04,0,5.929,7.078
7/27/2023 8:00,0.364,0.364,0.314,0.04,0.04,0,6.156,7.668
7/27/2023 9:00,0.364,0.364,0.293,0.04,0.04,0,6.565,8.25
7/27/2023 10:00,0.364,0.364,0.303,0.04,0.04,0,6.6,8.77
7/27/2023 11:00,0.364,0.364,0.293,0.04,0.04,0,6.425,8.25
7/27/2023 12:00,0.364,0.364,0.298,0.04,0.04,0,6.295,8.4
7/27/2023 13:00,0.364,0.364,0.299,0.04,0.04,0,6.084,7.764
7/27/2023 14:00,0.364,0.364,0.307,0.04,0.04,0,6.125,6.674
7/27/2023 15:00,0.364,0.364,0.299,0.04,0.04,0,6.433,6.845
7/27/2023 16:00,0.364,0.364,0.293,0.04,0.04,0,6.33,6.865
7/27/2023 17:00,0.364,0.364,0.287,0.04,0.04,0,6.404,6.91
7/27/2023 18:00,0.364,0.364,0.281,0.04,0.04,0,6.171,7.757
7/27/2023 19:00,0.364,0.364,0.287,0.04,0.04,0,5.77,7.239
7/27/2023 20:00,0.364,0.364,0.294,0.04,0.04,0,6.144,7.673
7/27/2023 21:00,0.364,0.364,0.287,0.04,0.04,0,6.033,7.567
7/27/2023 22:00,0.364,0.364,0.291,0.04,0.04,0,6.054,7.201
7/27/2023 23:00,0.364,0.364,0.28,0.04,0.04,0,6.249,7.551
7/28/2023 0:00,0.364,0.364,0.281,0.04,0.04,0,6.123,7.002
7/28/2023 1:00,0.364,0.364,0.293,0.04,0.04,0,6.119,6.869
7/28/2023 2:00,0.364,0.364,0.287,0.04,0.04,0,5.885,6.665
7/28/2023 3:00,0.364,0.364,0.303,0.04,0.04,0,5.238,5.879
7/28/2023 4:00,0.364,0.364,0.319,0.04,0.04,0,5.629,6.333
7/28/2023 5:00,0.364,0.364,0.305,0.04,0.04,0,5.478,5.915
7/28/2023 6:00,0.364,0.364,0.297,0.04,0.04,0,5.699,6.15
7/28/2023 7:00,0.364,0.364,0.297,0.04,0.04,0,5.622,6.564
7/28/2023 8:00,0.364,0.364,0.304,0.04,0.04,0,5.844,7.011
7/28/2023 9:00,0.364,0.364,0.312,0.04,0.04,0,6.208,7.253
7/28/2023 10:00,0.364,0.364,0.31,0.04,0.04,0,6.389,7.475
7/28/2023 11:00,0.364,0.364,0.314,0.04,0.04,0,6.415,7.788
7/28/2023 12:00,0.364,0.364,0.281,0.04,0.04,0,5.928,6.69
7/28/2023 13:00,0.364,0.364,0.303,0.04,0.04,0,5.531,6.435
7/28/2023 14:00,0.364,0.364,0.359,0.04,0.04,0,6.093,6.547
7/28/2023 15:00,0.364,0.364,0.308,0.04,0.04,0,6.363,6.736
7/28/2023 16:00,0.364,0.364,0.286,0.04,0.04,0,6.516,6.836
7/28/2023 17:00,0.364,0.364,0.31,0.04,0.04,0,6.62,7.028
7/28/2023 18:00,0.364,0.364,0.281,0.04,0.04,0,6.713,7.071
7/28/2023 19:00,0.364,0.364,0.245,0.04,0.04,0,NAN,NAN
7/28/2023 20:00,0.364,0.364,0.245,0.04,0.04,0,6.661,7.099
7/28/2023 21:00,0.364,0.364,0.152,0.04,0.04,0,6.614,6.862
7/28/2023 22:00,0.364,0.364,0.267,0.04,0.04,0,6.446,7.039
7/28/2023 23:00,0.364,0.364,0.282,0.04,0.04,0,6.204,6.869
7/29/2023 0:00,0.364,0.364,0.3,0.04,0.04,0,6.137,6.817
7/29/2023 1:00,0.364,0.364,0.292,0.04,0.04,0,6.363,6.702
7/29/2023 2:00,0.364,0.364,0.308,0.04,0.04,0,5.773,6.573
7/29/2023 3:00,0.364,0.364,0.309,0.04,0.04,0,5.029,6.388
7/29/2023 4:00,0.364,0.364,0.306,0.04,0.04,0,5.513,6.073
7/29/2023 5:00,0.364,0.364,0.315,0.04,0.04,0,5.432,6.054
7/29/2023 6:00,0.364,0.364,0.312,0.04,0.04,0,5.456,5.979
7/29/2023 7:00,0.364,0.364,0.31,0.04,0.04,0,5.854,7.225
7/29/2023 8:00,0.364,0.364,0.306,0.04,0.04,0,6.366,7.687
7/29/2023 9:00,0.364,0.364,0.288,0.04,0.04,0,6.278,7.897
7/29/2023 10:00,0.364,0.364,0.29,0.04,0.04,0,6.499,7.154
7/29/2023 11:00,0.364,0.364,0.312,0.04,0.04,0,6.488,7.222
7/29/2023 12:00,0.364,0.364,0.271,0.04,0.04,0,6.043,6.722
7/29/2023 13:00,0.364,0.364,0.068,0.04,0.04,0,5.79,6.439
7/29/2023 14:00,0.364,0.364,0.282,0.04,0.04,0,5.999,6.547
7/29/2023 15:00,0.364,0.364,0.296,0.04,0.04,0,6.41,6.754
7/29/2023 16:00,0.364,0.364,0.292,0.04,0.04,0,6.351,6.829
7/29/2023 17:00,0.364,0.364,0.294,0.04,0.04,0,6.323,6.759
7/29/2023 18:00,0.364,0.364,0.294,0.04,0.04,0,6.172,6.802
7/29/2023 19:00,0.364,0.364,0.311,0.04,0.04,0,6.683,6.922
7/29/2023 20:00,0.364,0.364,0.211,0.04,0.04,0,6.693,6.976
7/29/2023 21:00,0.364,0.364,0.283,0.04,0.04,0,6.658,6.926
7/29/2023 22:00,0.364,0.364,0.286,0.04,0.04,0,6.609,6.919
7/29/2023 23:00,0.364,0.364,0.28,0.04,0.04,0,6.54,7.36
7/30/2023 0:00,0.364,0.364,0.278,0.04,0.04,0,6.491,6.841
7/30/2023 1:00,0.364,0.364,0.296,0.04,0.04,0,6.454,6.786
7/30/2023 2:00,0.364,0.364,0.288,0.04,0.04,0,5.913,6.577
7/30/2023 3:00,0.364,0.364,0.3,0.04,0.04,0,4.572,5.62
7/30/2023 4:00,0.364,0.364,0.306,0.04,0.04,0,4.07,6.005
7/30/2023 5:00,0.364,0.364,0.292,0.04,0.04,0,5.068,6.048
7/30/2023 6:00,0.364,0.364,0.301,0.04,0.04,0,5.671,6.561
7/30/2023 7:00,0.364,0.364,0.306,0.04,0.04,0,5.759,6.895
7/30/2023 8:00,0.364,0.364,0.3,0.04,0.04,0,5.968,8
7/30/2023 9:00,0.364,0.364,0.31,0.04,0.04,0,6.111,7.399
7/30/2023 10:00,0.364,0.364,0.301,0.04,0.04,0,6.272,7.544
7/30/2023 11:00,0.364,0.364,0.329,0.04,0.04,0,6.699,7.76
7/30/2023 12:00,0.364,0.364,0.3,0.04,0.04,0,7.078,7.989
7/30/2023 13:00,0.364,0.364,0.32,0.04,0.04,0,6.407,7.167
7/30/2023 14:00,0.364,0.364,0.316,0.04,0.04,0,5.88,6.723
7/30/2023 15:00,0.364,0.364,0.109,0.04,0.04,0,6.119,6.507
7/30/2023 16:00,0.364,0.364,0.177,0.04,0.04,0,6.45,6.727
7/30/2023 17:00,0.364,0.364,0.199,0.04,0.04,0,6.471,6.91
7/30/2023 18:00,0.364,0.364,0.069,0.04,0.04,0,6.624,6.916
7/30/2023 19:00,0.364,0.364,0.103,0.04,0.04,0,NAN,NAN
7/30/2023 20:00,0.364,0.364,0.753,0.04,0.04,0,6.754,6.987
7/30/2023 21:00,0.364,0.364,0.237,0.04,0.04,0,6.736,6.961
7/30/2023 22:00,0.364,0.364,0.175,0.04,0.04,0,6.677,7.009
7/30/2023 23:00,0.364,0.364,0.102,0.04,0.04,0,6.625,6.906
7/31/2023 0:00,0.364,0.364,0.201,0.04,0.04,0,6.512,6.75
7/31/2023 1:00,0.364,0.364,0.214,0.04,0.04,0,6.483,6.853
7/31/2023 2:00,0.364,0.364,0.243,0.04,0.04,0,5.976,6.57
7/31/2023 3:00,0.364,0.364,0.309,0.04,0.04,0,5.225,5.923
7/31/2023 4:00,0.364,0.364,0.356,0.04,0.04,0,5.485,6.074
7/31/2023 5:00,0.364,0.364,0.238,0.04,0.04,0,5.847,6.389
7/31/2023 6:00,0.364,0.364,0.38,0.04,0.04,0,6.18,6.694
7/31/2023 7:00,0.364,0.364,0.184,0.04,0.04,0,6.254,7.432
7/31/2023 8:00,0.364,0.364,0.279,0.04,0.04,0,6.632,7.448
7/31/2023 9:00,0.364,0.364,0.348,0.04,0.04,0,6.503,7.095
7/31/2023 10:00,0.364,0.364,0.291,0.04,0.04,0,6.46,7.281
7/31/2023 11:00,0.364,0.364,0.326,0.04,0.04,0,6.54,7.113
7/31/2023 12:00,0.364,0.364,0.268,0.04,0.04,0,6.036,6.809
7/31/2023 13:00,0.364,0.364,0.241,0.04,0.04,0,6.07,6.619
7/31/2023 14:00,0.364,0.364,0.446,0.04,0.04,0,5.845,6.314
7/31/2023 15:00,0.364,0.364,0.294,0.04,0.04,0,6.205,6.715
7/31/2023 16:00,0.364,0.364,0.385,0.04,0.04,0,6.397,6.69
7/31/2023 17:00,0.364,0.364,0.242,0.04,0.04,0,6.494,7.044
7/31/2023 18:00,0.364,0.364,0.258,0.04,0.04,0,6.552,6.976
7/31/2023 19:00,0.364,0.364,0.326,0.04,0.04,0,6.612,6.933
7/31/2023 20:00,0.364,0.364,0.283,0.04,0.04,0,6.625,6.926
7/31/2023 21:00,0.364,0.364,0.235,0.04,0.04,0,6.684,6.942
7/31/2023 22:00,0.364,0.364,0.299,0.04,0.04,0,6.654,6.959
7/31/2023 23:00,0.364,0.364,0.207,0.04,0.04,0,6.673,7.033
8/1/2023 0:00,0.364,0.364,0.296,0.04,0.04,0,6.653,7.25
8/1/2023 1:00,0.364,0.364,0.292,0.04,0.04,0,6.424,7.118
8/1/2023 2:00,0.364,0.364,0.305,0.04,0.04,0,5.96,7.02
8/1/2023 3:00,0.364,0.364,0.303,0.04,0.04,0,5.302,5.999
8/1/2023 4:00,0.364,0.364,0.298,0.04,0.04,0,5.641,6.196
8/1/2023 5:00,0.364,0.364,0.305,0.04,0.04,0,5.804,6.638
8/1/2023 6:00,0.364,0.364,0.292,0.04,0.04,0,5.864,6.755
8/1/2023 7:00,0.364,0.364,0.294,0.04,0.04,0,5.491,6.519
8/1/2023 8:00,0.364,0.364,0.315,0.04,0.04,0,5.649,6.838
8/1/2023 9:00,0.364,0.364,0.313,0.04,0.04,0,5.561,6.253
8/1/2023 10:00,0.364,0.364,0.31,0.04,0.04,0,5.699,6.376
8/1/2023 11:00,0.364,0.364,0.299,0.04,0.04,0,6.254,6.969
8/1/2023 12:00,0.364,0.364,0.27,0.04,0.04,0,6.264,6.929
8/1/2023 13:00,0.364,0.364,0.286,0.04,0.04,0,6.043,7.453
8/1/2023 14:00,0.364,0.364,0.505,0.04,0.04,0,6.259,7.242
8/1/2023 15:00,0.364,0.364,0.251,0.04,0.04,0,6.374,6.976
8/1/2023 16:00,0.364,0.364,0.285,0.04,0.04,0,6.391,6.973
8/1/2023 17:00,0.364,0.364,0.292,0.04,0.04,0,6.465,7.511
8/1/2023 18:00,0.364,0.364,0.273,0.04,0.04,0,6.587,7.43
8/1/2023 19:00,0.364,0.364,0.287,0.04,0.04,0,NAN,NAN
8/1/2023 20:00,0.364,0.364,0.293,0.04,0.04,0,6.546,7.268
8/1/2023 21:00,0.364,0.364,0.294,0.04,0.04,0,6.527,7.58
8/1/2023 22:00,0.364,0.364,0.273,0.04,0.04,0,6.576,7.318
8/1/2023 23:00,0.364,0.364,0.294,0.04,0.04,0,6.508,7.295
8/2/2023 0:00,0.364,0.364,0.297,0.04,0.04,0,6.452,7.343
8/2/2023 1:00,0.364,0.364,0.295,0.04,0.04,0,6.307,7.098
8/2/2023 2:00,0.364,0.364,0.29,0.04,0.04,0,6.074,6.844
8/2/2023 3:00,0.364,0.364,0.328,0.04,0.04,0,5.679,6.673
8/2/2023 4:00,0.364,0.364,0.592,0.04,0.04,0,5.536,6.933
8/2/2023 5:00,0.364,0.364,0.457,0.04,0.04,0,5.983,7.686
8/2/2023 6:00,0.364,0.364,0.294,0.04,0.04,0,5.764,7.086
8/2/2023 7:00,0.364,0.364,0.311,0.04,0.04,0,5.749,7.02
8/2/2023 8:00,0.364,0.364,0.322,0.04,0.04,0,5.52,6.721
8/2/2023 9:00,0.364,0.364,0.308,0.04,0.04,0,5.58,7.234
8/2/2023 10:00,0.364,0.364,0.469,0.04,0.04,0,6.163,7.329
8/2/2023 11:00,0.364,0.364,0.654,0.04,0.04,0,5.91,6.822
8/2/2023 12:00,0.364,0.364,1.011,0.04,0.04,0,5.862,6.66
8/2/2023 13:00,0.364,0.364,0.535,0.04,0.04,0,6.169,6.982
8/2/2023 14:00,0.364,0.364,0.38,0.04,0.04,0,6.178,7.365
8/2/2023 15:00,0.364,0.364,0.375,0.04,0.04,0,6.469,7.606
8/2/2023 16:00,0.364,0.364,0.365,0.04,0.04,0,6.504,7.636
8/2/2023 17:00,0.364,0.364,0.369,0.04,0.04,0,6.478,7.767
8/2/2023 18:00,0.364,0.364,0.369,0.04,0.04,0,6.498,7.398
8/2/2023 19:00,0.364,0.364,0.373,0.04,0.04,0,6.54,7.378
8/2/2023 20:00,0.364,0.364,0.388,0.04,0.04,0,6.515,7.348
8/2/2023 21:00,0.364,0.364,0.401,0.04,0.04,0,6.549,7.409
8/2/2023 22:00,0.364,0.364,0.399,0.04,0.04,0,6.462,7.009
8/2/2023 23:00,0.364,0.364,0.398,0.04,0.04,0,6.537,7.619
8/3/2023 0:00,0.364,0.364,0.352,0.04,0.04,0,6.699,7.635
8/3/2023 1:00,0.364,0.364,0.62,0.04,0.04,0,6.586,7.43
8/3/2023 2:00,0.364,0.364,1.929,0.04,0.04,0,6.071,6.937
8/3/2023 3:00,0.364,0.364,2.245,0.04,0.04,0,5.342,6.435
8/3/2023 4:00,0.364,0.364,1.848,0.04,0.04,0,5.708,7.068
8/3/2023 5:00,0.364,0.364,3.562,0.04,0.04,0,5.707,6.283
8/3/2023 6:00,0.364,0.364,4.215,0.04,0.04,0,5.628,6.147
8/3/2023 7:00,0.364,0.364,4.741,0.04,0.04,0,5.757,6.44
8/3/2023 8:00,0.364,0.364,3.936,0.04,0.04,0,6.074,6.962
8/3/2023 9:00,0.364,0.364,1.419,0.04,0.04,0,6.265,7.013
8/3/2023 10:00,0.364,0.364,0.318,0.04,0.04,0,6.867,7.873
8/3/2023 11:00,0.364,0.364,0.315,0.04,0.04,0,6.638,7.712
8/3/2023 12:00,0.364,0.364,0.238,0.04,0.04,0,6.52,7.244
8/3/2023 13:00,0.364,0.364,0.12,0.04,0.04,0,6.315,6.868
8/3/2023 14:00,0.364,0.364,0.277,0.04,0.04,0,5.823,6.543
8/3/2023 15:00,0.364,0.364,0.285,0.04,0.04,0,6.262,7.224
8/3/2023 16:00,0.364,0.364,0.36,0.04,0.04,0,6.065,6.513
8/3/2023 17:00,0.364,0.364,0.523,0.04,0.04,0,6.262,6.603
8/3/2023 18:00,0.364,0.364,0.295,0.04,0.04,0,6.252,6.832
8/3/2023 19:00,0.364,0.364,0.293,0.04,0.04,0,NAN,NAN
8/3/2023 20:00,0.364,0.364,0.289,0.04,0.04,0,6.323,6.897
8/3/2023 21:00,0.364,0.364,0.468,0.04,0.04,0,6.227,6.738
8/3/2023 22:00,0.364,0.364,0.75,0.04,0.04,0,6.192,6.643
8/3/2023 23:00,0.364,0.364,0.75,0.04,0.04,0,6.288,6.697
8/4/2023 0:00,0.364,0.364,0.75,0.04,0.04,0,6.394,6.697
8/4/2023 1:00,0.364,0.364,0.75,0.04,0.04,0,6.209,6.62
8/4/2023 2:00,0.364,0.364,0.752,0.04,0.04,0,5.862,6.517
8/4/2023 3:00,0.364,0.364,0.367,0.04,0.04,0,5.26,8.21
8/4/2023 4:00,0.364,0.364,0.303,0.04,0.04,0,6.061,7.131
8/4/2023 5:00,0.364,0.364,0.307,0.04,0.04,0,5.767,8.09
8/4/2023 6:00,0.364,0.364,0.313,0.04,0.04,0,5.622,7.365
8/4/2023 7:00,0.364,0.364,0.303,0.04,0.04,0,6.184,8.04
8/4/2023 8:00,0.364,0.364,0.304,0.04,0.04,0,5.813,7.667
8/4/2023 9:00,0.364,0.364,0.306,0.04,0.04,0,5.775,8.17
8/4/2023 10:00,0.364,0.364,0.323,0.04,0.04,0,6.418,7.833
8/4/2023 11:00,0.364,0.364,0.31,0.04,0.04,0,6.318,7.645
8/4/2023 12:00,0.364,0.364,0.304,0.04,0.04,0,6.031,7.388
8/4/2023 13:00,0.364,0.364,0.284,0.04,0.04,0,6.091,8.42
8/4/2023 14:00,0.364,0.364,0.286,0.04,0.04,0,6.058,7.512
8/4/2023 15:00,0.364,0.364,0.277,0.04,0.04,0,6.303,7.557
8/4/2023 16:00,0.364,0.364,0.289,0.04,0.04,0,6.382,7.72
8/4/2023 17:00,0.364,0.364,0.29,0.04,0.04,0,6.218,7.399
8/4/2023 18:00,0.364,0.364,0.299,0.04,0.04,0,6.087,6.549
8/4/2023 19:00,0.364,0.364,0.28,0.04,0.04,0,6.134,6.779
8/4/2023 20:00,0.364,0.364,0.292,0.04,0.04,0,6.022,6.431
8/4/2023 21:00,0.364,0.364,0.107,0.04,0.04,0,6.051,6.398
8/4/2023 22:00,0.364,0.364,0.305,0.04,0.04,0,6.14,6.575
8/4/2023 23:00,0.364,0.364,0.264,0.04,0.04,0,6.193,6.487
8/5/2023 0:00,0.364,0.364,0.161,0.04,0.04,0,6.277,6.607
8/5/2023 1:00,0.364,0.364,0.332,0.04,0.04,0,6.202,6.584
8/5/2023 2:00,0.364,0.364,0.273,0.04,0.04,0,5.842,6.259
8/5/2023 3:00,0.364,0.364,0.293,0.04,0.04,0,5.334,6.186
8/5/2023 4:00,0.364,0.364,0.297,0.04,0.04,0,5.426,6.268
8/5/2023 5:00,0.364,0.364,0.3,0.04,0.04,0,5.911,6.694
8/5/2023 6:00,0.364,0.364,0.314,0.04,0.04,0,6.567,8.06
8/5/2023 7:00,0.364,0.364,0.322,0.04,0.04,0,6.629,7.652
8/5/2023 8:00,0.364,0.364,0.242,0.04,0.04,0,6.362,6.886
8/5/2023 9:00,0.364,0.364,0.268,0.04,0.04,0,6.272,6.853
8/5/2023 10:00,0.364,0.364,0.344,0.04,0.04,0,6.604,7.117
8/5/2023 11:00,0.364,0.364,0.15,0.04,0.04,0,6.037,6.659
8/5/2023 12:00,0.364,0.364,0.224,0.04,0.04,0,6.038,6.419
8/5/2023 13:00,0.364,0.364,0.37,0.04,0.04,0,5.368,6.059
8/5/2023 14:00,0.364,0.364,0.274,0.04,0.04,0,5.774,6.384
8/5/2023 15:00,0.364,0.364,0.109,0.04,0.04,0,6.078,6.422
8/5/2023 16:00,0.364,0.364,0.02,0.04,0.04,0,6.071,6.402
8/5/2023 17:00,0.364,0.364,0.02,0.04,0.04,0,6.051,6.315
8/5/2023 18:00,0.364,0.364,0.019,0.04,0.04,0,6.205,6.513
8/5/2023 19:00,0.364,0.364,0.019,0.04,0.04,0,NAN,NAN
8/5/2023 20:00,0.364,0.364,0.019,0.04,0.04,0,6.136,6.472
8/5/2023 21:00,0.364,0.364,0.019,0.04,0.04,0,6.159,6.6
8/5/2023 22:00,0.364,0.364,0.019,0.04,0.04,0,6.212,6.486
8/5/2023 23:00,0.364,0.364,0.019,0.04,0.04,0,6.234,6.582
8/6/2023 0:00,0.364,0.364,0.018,0.04,0.04,0,6.387,6.81
8/6/2023 1:00,0.364,0.364,0.019,0.04,0.04,0,6.447,6.721
8/6/2023 2:00,0.364,0.364,0.02,0.04,0.04,0,6.199,6.626
8/6/2023 3:00,0.364,0.364,0.025,0.04,0.04,0,5.279,6.172
8/6/2023 4:00,0.364,0.364,0.148,0.04,0.04,0,5.687,6.243
8/6/2023 5:00,0.364,0.364,0.271,0.04,0.04,0,5.837,7.464
8/6/2023 6:00,0.364,0.364,0.302,0.04,0.04,0,6.271,6.687
8/6/2023 7:00,0.364,0.364,0.315,0.04,0.04,0,6.104,6.937
8/6/2023 8:00,0.364,0.364,0.311,0.04,0.04,0,6.169,7.732
8/6/2023 9:00,0.364,0.364,0.293,0.04,0.04,0,7.026,8.44
8/6/2023 10:00,0.364,0.364,0.302,0.04,0.04,0,5.856,7.513
8/6/2023 11:00,0.364,0.364,0.302,0.04,0.04,0,5.714,6.328
8/6/2023 12:00,0.364,0.364,0.289,0.04,0.04,0,5.811,6.333
8/6/2023 13:00,0.364,0.364,0.288,0.04,0.04,0,5.633,6.391
8/6/2023 14:00,0.364,0.364,0.233,0.04,0.04,0,5.879,6.31
8/6/2023 15:00,0.364,0.364,0.019,0.04,0.04,0,5.972,6.276
8/6/2023 16:00,0.364,0.364,0.02,0.04,0.04,0,5.933,6.215
8/6/2023 17:00,0.364,0.364,0.02,0.04,0.04,0,5.996,6.268
8/6/2023 18:00,0.364,0.364,0.019,0.04,0.04,0,5.942,6.393
8/6/2023 19:00,0.364,0.364,0.018,0.04,0.04,0,6.116,6.453
8/6/2023 20:00,0.364,0.364,0.019,0.04,0.04,0,6.145,6.612
8/6/2023 21:00,0.364,0.364,0.018,0.04,0.04,0,6.399,6.703
8/6/2023 22:00,0.364,0.364,0.017,0.04,0.04,0,6.555,6.844
8/6/2023 23:00,0.364,0.364,0.017,0.04,0.04,0,6.637,6.874
8/7/2023 0:00,0.364,0.364,0.017,0.04,0.04,0,6.65,6.996
8/7/2023 1:00,0.364,0.364,0.02,0.04,0.04,0,6.47,6.799
8/7/2023 2:00,0.364,0.364,0.026,0.04,0.04,0,5.901,6.436
8/7/2023 3:00,0.364,0.364,0.028,0.04,0.04,0,5.383,5.962
8/7/2023 4:00,0.364,0.364,0.398,0.04,0.04,0,5.513,5.968
8/7/2023 5:00,0.364,0.364,0.529,0.04,0.04,0,5.948,6.925
8/7/2023 6:00,0.364,0.364,0.127,0.04,0.04,0,6.225,6.643
8/7/2023 7:00,0.364,0.364,0.294,0.04,0.04,0,6.126,6.505
8/7/2023 8:00,0.364,0.364,0.286,0.04,0.04,0,5.932,6.405
8/7/2023 9:00,0.364,0.364,0.28,0.04,0.04,0,6.334,6.884
8/7/2023 10:00,0.364,0.364,0.132,0.04,0.04,0,5.892,6.224
8/7/2023 11:00,0.364,0.364,0.225,0.04,0.04,0,5.875,6.345
8/7/2023 12:00,0.364,0.364,0.251,0.04,0.04,0,5.873,6.433
8/7/2023 13:00,0.364,0.364,0.287,0.04,0.04,0,5.705,6.593
8/7/2023 14:00,0.364,0.364,0.294,0.04,0.04,0,5.807,6.878
8/7/2023 15:00,0.364,0.364,0.298,0.04,0.04,0,6.098,6.818
8/7/2023 16:00,0.364,0.364,0.28,0.04,0.04,0,6.301,6.971
8/7/2023 17:00,0.364,0.364,0.31,0.04,0.04,0,6.359,6.875
8/7/2023 18:00,0.364,0.364,0.26,0.04,0.04,0,6.348,6.673
8/7/2023 19:00,0.364,0.364,0.218,0.04,0.04,0,NAN,NAN
8/7/2023 20:00,0.364,0.364,0.019,0.04,0.04,0,6.263,6.62
8/7/2023 21:00,0.364,0.364,0.018,0.04,0.04,0,6.554,6.986
8/7/2023 22:00,0.364,0.364,0.018,0.04,0.04,0,6.549,7.05
8/7/2023 23:00,0.364,0.364,0.018,0.04,0.04,0,6.558,7.092
8/8/2023 0:00,0.364,0.364,0.018,0.04,0.04,0,6.579,7.44
8/8/2023 1:00,0.364,0.364,0.019,0.04,0.04,0,6.421,7.296
8/8/2023 2:00,0.364,0.364,0.127,0.04,0.04,0,5.692,6.722
8/8/2023 3:00,0.364,0.364,0.298,0.04,0.04,0,5.501,6.224
8/8/2023 4:00,0.364,0.364,0.302,0.04,0.04,0,5.645,10.22
8/8/2023 5:00,0.364,0.364,0.301,0.04,0.04,0,5.68,10.06
8/8/2023 6:00,0.364,0.364,0.302,0.04,0.04,0,5.663,6.759
8/8/2023 7:00,0.364,0.364,0.307,0.04,0.04,0,5.381,6.134
8/8/2023 8:00,0.364,0.364,0.294,0.04,0.04,0,5.818,6.829
8/8/2023 9:00,0.364,0.364,0.301,0.04,0.04,0,6.297,7.749
8/8/2023 10:00,0.364,0.364,0.311,0.04,0.04,0,6.334,8.06
8/8/2023 11:00,0.364,0.364,0.317,0.04,0.04,0,6.451,8.11
8/8/2023 12:00,0.364,0.364,0.293,0.04,0.04,0,6.113,6.979
8/8/2023 13:00,0.364,0.364,0.286,0.04,0.04,0,5.695,6.992
8/8/2023 14:00,0.364,0.364,0.293,0.04,0.04,0,6.186,7.056
8/8/2023 15:00,0.364,0.364,0.295,0.04,0.04,0,6.155,6.783
8/8/2023 16:00,0.364,0.364,0.294,0.04,0.04,0,5.996,6.42
8/8/2023 17:00,0.364,0.364,0.289,0.04,0.04,0,5.988,6.647
8/8/2023 18:00,0.364,0.364,0.287,0.04,0.04,0,6.193,6.799
8/8/2023 19:00,0.364,0.364,0.286,0.04,0.04,0,6.347,7.068
8/8/2023 20:00,0.364,0.364,0.171,0.04,0.04,0,6.407,6.877
8/8/2023 21:00,0.364,0.364,0.018,0.04,0.04,0,6.434,6.996
8/8/2023 22:00,0.364,0.364,0.018,0.04,0.04,0,6.432,7.194
8/8/2023 23:00,0.364,0.364,0.018,0.04,0.04,0,6.488,7.226
8/9/2023 0:00,0.364,0.364,0.018,0.04,0.04,0,6.525,7.064
8/9/2023 1:00,0.364,0.364,0.057,0.04,0.04,0,6.361,6.954
8/9/2023 2:00,0.364,0.364,0.29,0.04,0.04,0,5.961,7.118
8/9/2023 3:00,0.364,0.364,0.293,0.04,0.04,0,5.575,9.3
8/9/2023 4:00,0.364,0.364,0.304,0.04,0.04,0,5.101,8.39
8/9/2023 5:00,0.364,0.364,0.292,0.04,0.04,0,5.294,7.274
8/9/2023 6:00,0.364,0.364,0.297,0.04,0.04,0,5.247,9.6
8/9/2023 7:00,0.364,0.364,0.288,0.04,0.04,0,5.484,6.731
8/9/2023 8:00,0.364,0.364,0.283,0.04,0.04,0,5.463,6.772
8/9/2023 9:00,0.364,0.364,0.309,0.04,0.04,0,6.083,7.266
8/9/2023 10:00,0.364,0.364,0.322,0.04,0.04,0,5.558,6.521
8/9/2023 11:00,0.364,0.364,0.309,0.04,0.04,0,5.886,6.651
8/9/2023 12:00,0.364,0.364,0.312,0.04,0.04,0,6.064,7.031
8/9/2023 13:00,0.364,0.364,0.31,0.04,0.04,0,5.968,6.594
8/9/2023 14:00,0.364,0.364,0.288,0.04,0.04,0,6.056,6.806
8/9/2023 15:00,0.364,0.364,0.3,0.04,0.04,0,6.436,6.982
8/9/2023 16:00,0.364,0.364,0.292,0.04,0.04,0,6.502,7.044
8/9/2023 17:00,0.364,0.364,0.295,0.04,0.04,0,6.467,7.003
8/9/2023 18:00,0.364,0.364,0.298,0.04,0.04,0,6.5,6.993
8/9/2023 19:00,0.364,0.364,0.298,0.04,0.04,0,NAN,NAN
8/9/2023 20:00,0.364,0.364,0.288,0.04,0.04,0,6.635,6.972
8/9/2023 21:00,0.364,0.364,0.266,0.04,0.04,0,6.64,6.935
8/9/2023 22:00,0.364,0.364,0.252,0.04,0.04,0,6.566,6.884
8/9/2023 23:00,0.364,0.364,0.283,0.04,0.04,0,6.6,7.006
8/10/2023 0:00,0.364,0.364,0.297,0.04,0.04,0,6.551,6.894
8/10/2023 1:00,0.364,0.364,0.316,0.04,0.04,0,6.446,6.916
8/10/2023 2:00,0.364,0.364,0.323,0.04,0.04,0,5.958,6.512
8/10/2023 3:00,0.364,0.364,0.302,0.04,0.04,0,5.343,6.066
8/10/2023 4:00,0.364,0.364,0.302,0.04,0.04,0,5.627,6.172
8/10/2023 5:00,0.364,0.364,0.335,0.04,0.04,0,5.52,7.007
8/10/2023 6:00,0.364,0.364,0.356,0.04,0.04,0,5.737,6.652
8/10/2023 7:00,0.364,0.364,0.321,0.04,0.04,0,6.021,6.798
8/10/2023 8:00,0.364,0.364,0.356,0.04,0.04,0,6.095,7.019
8/10/2023 9:00,0.364,0.364,0.323,0.04,0.04,0,6.104,6.954
8/10/2023 10:00,0.364,0.364,0.325,0.04,0.04,0,5.891,6.651
8/10/2023 11:00,0.364,0.364,0.293,0.04,0.04,0,6.108,6.816
8/10/2023 12:00,0.364,0.364,0.334,0.04,0.04,0,6.26,7.073
8/10/2023 13:00,0.364,0.364,0.312,0.04,0.04,0,6.078,6.926
8/10/2023 14:00,0.364,0.364,0.297,0.04,0.04,0,6.051,7.085
8/10/2023 15:00,0.364,0.364,0.291,0.04,0.04,0,6.442,7.043
8/10/2023 16:00,0.364,0.364,0.3,0.04,0.04,0,6.463,7.111
8/10/2023 17:00,0.364,0.364,0.233,0.04,0.04,0,6.565,6.907
8/10/2023 18:00,0.364,0.364,0.254,0.04,0.04,0,6.587,7.107
8/10/2023 19:00,0.364,0.364,0.245,0.04,0.04,0,6.565,6.829
8/10/2023 20:00,0.364,0.364,0.274,0.04,0.04,0,6.578,7.015
8/10/2023 21:00,0.364,0.364,0.302,0.04,0.04,0,6.559,6.982
8/10/2023 22:00,0.364,0.364,0.292,0.04,0.04,0,6.598,7.056
8/10/2023 23:00,0.364,0.364,0.301,0.04,0.04,0,6.557,7.047
8/11/2023 0:00,0.364,0.364,0.306,0.04,0.04,0,6.554,7.297
8/11/2023 1:00,0.364,0.364,0.288,0.04,0.04,0,6.354,7.314
8/11/2023 2:00,0.364,0.364,0.3,0.04,0.04,0,6.032,6.93
8/11/2023 3:00,0.364,0.364,0.299,0.04,0.04,0,5.297,6.479
8/11/2023 4:00,0.364,0.364,0.337,0.04,0.04,0,5.43,6.432
8/11/2023 5:00,0.364,0.364,0.361,0.04,0.04,0,5.624,6.449
8/11/2023 6:00,0.364,0.364,0.309,0.04,0.04,0,5.513,6.503
8/11/2023 7:00,0.364,0.364,0.351,0.04,0.04,0,6.372,7.421
8/11/2023 8:00,0.364,0.364,0.309,0.04,0.04,0,6.384,7.379
8/11/2023 9:00,0.364,0.364,0.365,0.04,0.04,0,6.672,7.321
8/11/2023 10:00,0.364,0.364,0.367,0.04,0.04,0,6.358,7.767
8/11/2023 11:00,0.364,0.364,0.335,0.04,0.04,0,6.128,7.494
8/11/2023 12:00,0.364,0.364,0.247,0.04,0.04,0,6.061,6.892
8/11/2023 13:00,0.364,0.364,0.45,0.04,0.04,0,5.63,6.465
8/11/2023 14:00,0.364,0.364,0.339,0.04,0.04,0,5.899,6.95
8/11/2023 15:00,0.364,0.364,0.566,0.04,0.04,0,5.866,6.22
8/11/2023 16:00,0.364,0.364,0.286,0.04,0.04,0,6.159,6.534
8/11/2023 17:00,0.364,0.364,0.246,0.04,0.04,0,6.221,6.879
8/11/2023 18:00,0.364,0.364,0.079,0.04,0.04,0,6.444,6.772
8/11/2023 19:00,0.364,0.364,0.233,0.04,0.04,0,NAN,NAN
8/11/2023 20:00,0.364,0.364,0.296,0.04,0.04,0,6.588,6.992
8/11/2023 21:00,0.364,0.364,0.198,0.04,0.04,0,6.658,7.047
8/11/2023 22:00,0.364,0.364,0.277,0.04,0.04,0,6.615,7.198
8/11/2023 23:00,0.364,0.364,0.305,0.04,0.04,0,6.592,7.077
8/12/2023 0:00,0.364,0.364,0.287,0.04,0.04,0,6.602,6.938
8/12/2023 1:00,0.364,0.364,0.29,0.04,0.04,0,6.548,6.933
8/12/2023 2:00,0.364,0.364,0.312,0.04,0.04,0,6.089,6.579
8/12/2023 3:00,0.364,0.364,0.323,0.04,0.04,0,5.459,6.21
8/12/2023 4:00,0.364,0.364,0.348,0.04,0.04,0,5.717,6.233
8/12/2023 5:00,0.364,0.364,0.352,0.04,0.04,0,5.518,6.103
8/12/2023 6:00,0.364,0.364,0.385,0.04,0.04,0,5.56,6.257
8/12/2023 7:00,0.364,0.364,0.321,0.04,0.04,0,6.216,6.981
8/12/2023 8:00,0.364,0.364,0.404,0.04,0.04,0,6.148,7.038
8/12/2023 9:00,0.364,0.364,0.43,0.04,0.04,0,6.513,7.517
8/12/2023 10:00,0.364,0.364,0.335,0.04,0.04,0,6.711,8.69
8/12/2023 11:00,0.364,0.364,0.335,0.04,0.04,0,6.582,7.714
8/12/2023 12:00,0.364,0.364,0.327,0.04,0.04,0,6.064,6.978
8/12/2023 13:00,0.364,0.364,0.263,0.04,0.04,0,5.948,6.448
8/12/2023 14:00,0.364,0.364,0.299,0.04,0.04,0,5.975,6.58
8/12/2023 15:00,0.364,0.364,0.295,0.04,0.04,0,6.31,6.736
8/12/2023 16:00,0.364,0.364,0.289,0.04,0.04,0,6.357,6.755
8/12/2023 17:00,0.364,0.364,0.278,0.04,0.04,0,6.473,6.888
8/12/2023 18:00,0.364,0.364,0.292,0.04,0.04,0,6.428,6.788
8/12/2023 19:00,0.364,0.364,0.291,0.04,0.04,0,6.474,6.906
8/12/2023 20:00,0.364,0.364,0.291,0.04,0.04,0,6.565,6.863
8/12/2023 21:00,0.364,0.364,0.299,0.04,0.04,0,6.487,6.898
8/12/2023 22:00,0.364,0.364,0.299,0.04,0.04,0,6.396,6.701
8/12/2023 23:00,0.364,0.364,0.281,0.04,0.04,0,6.48,6.804
8/13/2023 0:00,0.364,0.364,0.288,0.04,0.04,0,6.54,6.931
8/13/2023 1:00,0.364,0.364,0.302,0.04,0.04,0,6.341,6.751
8/13/2023 2:00,0.364,0.364,0.314,0.04,0.04,0,5.705,6.443
8/13/2023 3:00,0.364,0.364,0.321,0.04,0.04,0,5.061,5.893
8/13/2023 4:00,0.364,0.364,0.336,0.04,0.04,0,5.442,6.131
8/13/2023 5:00,0.364,0.364,0.228,0.04,0.04,0,5.792,6.446
8/13/2023 6:00,0.364,0.364,0.359,0.04,0.04,0,6.027,6.72
8/13/2023 7:00,0.364,0.364,0.306,0.04,0.04,0,5.996,6.751
8/13/2023 8:00,0.364,0.364,0.372,0.04,0.04,0,5.863,7.02
8/13/2023 9:00,0.364,0.364,0.378,0.04,0.04,0,6.415,6.933
8/13/2023 10:00,0.364,0.364,0.366,0.04,0.04,0,6.477,7.389
8/13/2023 11:00,0.364,0.364,0.355,0.04,0.04,0,6.558,7.604
8/13/2023 12:00,0.364,0.364,0.237,0.04,0.04,0,5.941,6.809
8/13/2023 13:00,0.364,0.364,0.198,0.04,0.04,0,5.836,6.387
8/13/2023 14:00,0.364,0.364,0.288,0.04,0.04,0,5.932,6.864
8/13/2023 15:00,0.364,0.364,0.301,0.04,0.04,0,6.123,6.711
8/13/2023 16:00,0.364,0.364,0.221,0.04,0.04,0,6.258,6.66
8/13/2023 17:00,0.364,0.364,0.167,0.04,0.04,0,6.36,7.003
8/13/2023 18:00,0.364,0.364,0.294,0.04,0.04,0,6.287,8.24
8/13/2023 19:00,0.364,0.364,0.298,0.04,0.04,0,NAN,NAN
8/13/2023 20:00,0.364,0.364,0.299,0.04,0.04,0,6.296,7.093
8/13/2023 21:00,0.364,0.364,0.298,0.04,0.04,0,6.217,6.833
8/13/2023 22:00,0.364,0.364,0.285,0.04,0.04,0,6.088,6.69
8/13/2023 23:00,0.364,0.364,0.292,0.04,0.04,0,6.148,6.71
8/14/2023 0:00,0.364,0.364,0.257,0.04,0.04,0,6.295,6.922
8/14/2023 1:00,0.364,0.364,0.255,0.04,0.04,0,6.32,6.827
8/14/2023 2:00,0.364,0.364,0.235,0.04,0.04,0,5.95,6.438
8/14/2023 3:00,0.364,0.364,0.302,0.04,0.04,0,5.144,5.946
8/14/2023 4:00,0.364,0.364,0.318,0.04,0.04,0,5.586,6.684
8/14/2023 5:00,0.364,0.364,0.314,0.04,0.04,0,5.731,6.811
8/14/2023 6:00,0.364,0.364,0.335,0.04,0.04,0,5.539,6.617
8/14/2023 7:00,0.364,0.364,0.335,0.04,0.04,0,5.858,7.29
8/14/2023 8:00,0.364,0.364,0.33,0.04,0.04,0,6.299,7.509
8/14/2023 9:00,0.364,0.364,0.325,0.04,0.04,0,5.788,7.473
8/14/2023 10:00,0.364,0.364,0.322,0.04,0.04,0,4.456,8.4
8/14/2023 11:00,0.364,0.364,0.283,0.04,0.04,0,4.025,7.929
8/14/2023 12:00,0.364,0.364,0.309,0.04,0.04,0,0.839,6.399
8/14/2023 13:00,0.364,0.364,0.345,0.04,0.04,0,0.311,2.599
8/14/2023 14:00,0.364,0.364,0.232,0.04,0.04,0,3.097,5.135
8/14/2023 15:00,0.364,0.364,0.113,0.04,0.04,0,5.333,6.057
8/14/2023 16:00,0.364,0.364,0.133,0.04,0.04,0,5.651,6.328
8/14/2023 17:00,0.364,0.364,0.29,0.04,0.04,0,6.186,7.311
8/14/2023 18:00,0.364,0.364,0.225,0.04,0.04,0,6.077,6.808
8/14/2023 19:00,0.364,0.364,0.298,0.04,0.04,0,6.019,7.012
8/14/2023 20:00,0.364,0.364,0.286,0.04,0.04,0,6.011,7.237
8/14/2023 21:00,0.364,0.364,0.221,0.04,0.04,0,6.221,7.155
8/14/2023 22:00,0.364,0.364,0.13,0.04,0.04,0,5.991,6.624
8/14/2023 23:00,0.364,0.364,0.204,0.04,0.04,0,5.646,6.599
8/15/2023 0:00,0.364,0.364,0.206,0.04,0.04,0,6.087,7.51
8/15/2023 1:00,0.364,0.364,0.223,0.04,0.04,0,8.54,9.84
8/15/2023 2:00,0.364,0.364,0.376,0.04,0.04,0,9.13,10.1
8/15/2023 3:00,0.364,0.364,0.328,0.04,0.04,0,6.671,8.95
8/15/2023 4:00,0.364,0.364,0.335,0.04,0.04,0,7.164,8.49
8/15/2023 5:00,0.364,0.364,0.322,0.04,0.04,0,6.301,9.9
8/15/2023 6:00,0.364,0.364,0.292,0.04,0.04,0,9.81,14.09
8/15/2023 7:00,0.364,0.364,0.34,0.04,0.04,0,5.683,14.72
8/15/2023 8:00,0.364,0.364,0.291,0.04,0.04,0,6.118,14.33
8/15/2023 9:00,0.364,0.364,0.443,0.04,0.04,0,4.453,15.09
8/15/2023 10:00,0.364,0.364,0.223,0.04,0.04,0,8.05,17.14
8/15/2023 11:00,0.364,0.364,0.28,0.04,0.04,0,3.438,13.81
8/15/2023 12:00,0.364,0.364,0.282,0.04,0.04,0,1.813,10.83
8/15/2023 13:00,0.364,0.364,0.545,0.04,0.04,0,0.091,2.939
8/15/2023 14:00,0.364,0.364,0.429,0.04,0.04,0,0.558,4.163
8/15/2023 15:00,0.364,0.364,0.359,0.04,0.04,0,4.908,5.967
8/15/2023 16:00,0.364,0.364,0.361,0.04,0.04,0,6.129,7.368
8/15/2023 17:00,0.364,0.364,0.347,0.04,0.04,0,6.483,8.07
8/15/2023 18:00,0.364,0.364,0.441,0.04,0.04,0,6.227,7.02
8/15/2023 19:00,0.364,0.364,0.35,0.04,0.04,0,NAN,NAN
8/15/2023 20:00,0.364,0.364,0.329,0.04,0.04,0,7.053,10.27
8/15/2023 21:00,0.364,0.364,0.335,0.04,0.04,0,6.86,10.02
8/15/2023 22:00,0.364,0.364,0.335,0.04,0.04,0,6.946,9.97
8/15/2023 23:00,0.364,0.364,0.335,0.04,0.04,0,7,12.66
8/16/2023 0:00,0.364,0.364,0.341,0.04,0.04,0,6.367,10.08
8/16/2023 1:00,0.364,0.364,0.338,0.04,0.04,0,6.357,9.29
8/16/2023 2:00,0.364,0.364,0.337,0.04,0.04,0,6.715,9.72
8/16/2023 3:00,0.364,0.364,0.334,0.04,0.04,0,6.411,10.16
8/16/2023 4:00,0.364,0.364,0.374,0.04,0.04,0,6.855,11.51
8/16/2023 5:00,0.364,0.364,0.472,0.04,0.04,0,5.722,11.21
8/16/2023 6:00,0.364,0.364,0.43,0.04,0.04,0,7.064,11.94
8/16/2023 7:00,0.364,0.364,0.309,0.04,0.04,0,5.063,12.15
8/16/2023 8:00,0.364,0.364,0.317,0.04,0.04,0,5.059,9.77
8/16/2023 9:00,0.364,0.364,0.372,0.04,0.04,0,7.41,16.21
8/16/2023 10:00,0.364,0.364,3.85,0.04,0.04,0,5.041,11.48
8/16/2023 11:00,0.364,0.364,1.411,0.04,0.04,0,2.491,10.45
8/16/2023 12:00,0.364,0.364,0.567,0.04,0.04,0,3.903,8.97
8/16/2023 13:00,0.364,0.364,0.3,0.04,0.04,0,0.625,6.716
8/16/2023 14:00,0.364,0.364,0.301,0.04,0.04,0,2.14,5.691
8/16/2023 15:00,0.364,0.364,0.284,0.04,0.04,0,4.71,5.853
8/16/2023 16:00,0.364,0.364,0.286,0.04,0.04,0,5.869,7.017
8/16/2023 17:00,0.364,0.364,0.281,0.04,0.04,0,6.621,8.13
8/16/2023 18:00,0.364,0.364,0.3,0.04,0.04,0,7.384,11.51
8/16/2023 19:00,0.364,0.364,0.303,0.04,0.04,0,6.31,10.93
8/16/2023 20:00,0.364,0.364,0.306,0.04,0.04,0,6.538,11.02
8/16/2023 21:00,0.364,0.364,0.296,0.04,0.04,0,6.36,8.9
8/16/2023 22:00,0.364,0.364,0.295,0.04,0.04,0,5.836,8.65
8/16/2023 23:00,0.364,0.364,0.301,0.04,0.04,0,6.508,9.76
8/17/2023 0:00,0.364,0.364,0.293,0.04,0.04,0,6.326,9.45
8/17/2023 1:00,0.364,0.364,0.295,0.04,0.04,0,6.868,9.29
8/17/2023 2:00,0.364,0.364,0.304,0.04,0.04,0,7.335,10.8
8/17/2023 3:00,0.364,0.364,0.326,0.04,0.04,0,6.288,9.73
8/17/2023 4:00,0.364,0.364,0.318,0.04,0.04,0,7.678,12.56
8/17/2023 5:00,0.364,0.364,0.382,0.04,0.04,0,4.65,11.76
8/17/2023 6:00,0.364,0.364,0.319,0.04,0.04,0,2.336,9.4
8/17/2023 7:00,0.364,0.364,0.331,0.04,0.04,0,5.821,11.79
8/17/2023 8:00,0.364,0.364,0.341,0.04,0.04,0,6.096,12.27
8/17/2023 9:00,0.364,0.364,0.332,0.04,0.04,0,5.092,10.52
8/17/2023 10:00,0.364,0.364,0.335,0.04,0.04,0,4.217,8.57
8/17/2023 11:00,0.364,0.364,0.319,0.04,0.04,0,4.368,9.14
8/17/2023 12:00,0.364,0.364,0.343,0.04,0.04,0,4.776,10.04
8/17/2023 13:00,0.364,0.364,0.308,0.04,0.04,0,0.81,7.991
8/17/2023 14:00,0.364,0.364,0.301,0.04,0.04,0,4.186,8.22
8/17/2023 15:00,0.364,0.364,0.308,0.04,0.04,0,5.79,8.06
8/17/2023 16:00,0.364,0.364,0.322,0.04,0.04,0,6.323,8.86
8/17/2023 17:00,0.364,0.364,0.32,0.04,0.04,0,6.226,8.35
8/17/2023 18:00,0.364,0.364,0.32,0.04,0.04,0,6.32,10.91
8/17/2023 19:00,0.364,0.364,0.309,0.04,0.04,0,NAN,NAN
8/17/2023 20:00,0.364,0.364,0.315,0.04,0.04,0,6.14,10.1
8/17/2023 21:00,0.364,0.364,0.316,0.04,0.04,0,6.369,9.33
8/17/2023 22:00,0.364,0.364,0.297,0.04,0.04,0,5.403,10.39
8/17/2023 23:00,0.364,0.364,0.3,0.04,0.04,0,5.195,11.03
8/18/2023 0:00,0.364,0.364,0.307,0.04,0.04,0,6.062,10.7
8/18/2023 1:00,0.364,0.364,0.296,0.04,0.04,0,6.862,9.08
8/18/2023 2:00,0.364,0.364,0.313,0.04,0.04,0,6.974,9.89
8/18/2023 3:00,0.364,0.364,0.485,0.04,0.04,0,7.29,11.52
8/18/2023 4:00,0.364,0.364,0.5,0.04,0.04,0,5.991,13.31
8/18/2023 5:00,0.364,0.364,0.433,0.04,0.04,0,6.124,14.14
8/18/2023 6:00,0.364,0.364,0.366,0.04,0.04,0,4.33,14.91
8/18/2023 7:00,0.364,0.364,0.352,0.04,0.04,0,4.595,16.37
8/18/2023 8:00,0.364,0.364,0.365,0.04,0.04,0,5.846,18.15
8/18/2023 9:00,0.364,0.364,0.386,0.04,0.04,0,7.525,16.45
8/18/2023 10:00,0.504,0.364,0.321,0.04,0.04,0,4.265,10.16
8/18/2023 11:00,0.364,0.364,0.328,0.04,0.04,0,2.988,14.44
8/18/2023 12:00,0.364,0.364,0.308,0.04,0.04,0,4.185,12.14
8/18/2023 13:00,0.364,0.364,0.293,0.04,0.04,0,1.578,13.92
8/18/2023 14:00,0.364,0.364,0.291,0.04,0.04,0,3.877,8.31
8/18/2023 15:00,0.364,0.364,0.288,0.04,0.04,0,5.541,8.15
8/18/2023 16:00,0.364,0.364,0.296,0.04,0.04,0,6.968,10.91
8/18/2023 17:00,0.364,0.364,0.292,0.04,0.04,0,6.169,12.88
8/18/2023 18:00,0.364,0.364,0.296,0.04,0.04,0,5.539,12.94
8/18/2023 19:00,0.364,0.364,0.289,0.04,0.04,0,5.834,13.78
8/18/2023 20:00,0.364,0.364,0.291,0.04,0.04,0,5.814,13.53
8/18/2023 21:00,0.364,0.364,0.338,0.04,0.04,0,6.041,8.78
8/18/2023 22:00,0.364,0.364,0.253,0.04,0.04,0,6.636,7.913
8/18/2023 23:00,0.364,0.364,0.36,0.04,0.04,0,6.66,7.992
8/19/2023 0:00,0.364,0.364,0.291,0.04,0.04,0,6.231,8.98
8/19/2023 1:00,0.364,0.364,0.299,0.04,0.04,0,6.275,8.57
8/19/2023 2:00,0.364,0.364,0.303,0.04,0.04,0,6.335,8.29
8/19/2023 3:00,0.364,0.364,0.308,0.04,0.04,0,7.1,9.53
8/19/2023 4:00,0.364,0.364,0.296,0.04,0.04,0,6.509,9.33
8/19/2023 5:00,0.364,0.364,0.322,0.04,0.04,0,6.54,10.01
8/19/2023 6:00,0.364,0.364,0.327,0.04,0.04,0,6.876,10.04
8/19/2023 7:00,0.364,0.364,0.311,0.04,0.04,0,7.824,12.11
8/19/2023 8:00,0.364,0.364,1.166,0.04,0.04,0,3.015,10.61
8/19/2023 9:00,0.364,0.364,0.31,0.04,0.04,0,6.266,12.41
8/19/2023 10:00,0.364,0.364,0.324,0.04,0.04,0,4.845,9.55
8/19/2023 11:00,0.364,0.364,0.311,0.04,0.04,0,3.926,8.98
8/19/2023 12:00,0.364,0.364,0.314,0.04,0.04,0,2.001,10.15
8/19/2023 13:00,0.364,0.364,0.292,0.04,0.04,0,0.015,3.221
8/19/2023 14:00,0.364,0.364,0.283,0.04,0.04,0,3.597,6.814
8/19/2023 15:00,0.364,0.364,0.29,0.04,0.04,0,5.3,7.931
8/19/2023 16:00,0.364,0.364,0.291,0.04,0.04,0,5.738,8.31
8/19/2023 17:00,0.364,0.364,0.292,0.04,0.04,0,6.021,7.802
8/19/2023 18:00,0.364,0.364,0.291,0.04,0.04,0,6.149,7.386
8/19/2023 19:00,0.364,0.364,0.29,0.04,0.04,0,NAN,NAN
8/19/2023 20:00,0.364,0.364,0.286,0.04,0.04,0,6.326,8.95
8/19/2023 21:00,0.364,0.364,0.288,0.04,0.04,0,6.315,8.73
8/19/2023 22:00,0.364,0.364,0.282,0.04,0.04,0,6.341,8.02
8/19/2023 23:00,0.364,0.364,0.285,0.04,0.04,0,6.558,8.62
8/20/2023 0:00,0.364,0.364,0.29,0.04,0.04,0,6.613,11.75
8/20/2023 1:00,0.364,0.364,0.295,0.04,0.04,0,7.006,10.27
8/20/2023 2:00,0.364,0.364,0.298,0.04,0.04,0,7.449,12.12
8/20/2023 3:00,0.364,0.364,0.294,0.04,0.04,0,6.956,10.12
8/20/2023 4:00,0.364,0.364,0.3,0.04,0.04,0,7.07,13.45
8/20/2023 5:00,0.364,0.364,0.298,0.04,0.04,0,6.336,13.32
8/20/2023 6:00,0.364,0.364,0.297,0.04,0.04,0,7.717,12.01
8/20/2023 7:00,0.364,0.364,0.325,0.04,0.04,0,5.454,12.36
8/20/2023 8:00,0.364,0.364,0.306,0.04,0.04,0,4.108,9.55
8/20/2023 9:00,0.504,0.364,0.523,0.04,0.04,0,8.38,14.65
8/20/2023 10:00,0.504,0.365,1.143,0.04,0.04,0,1.505,12.23
8/20/2023 11:00,0.364,0.364,0.299,0.04,0.04,0,2.347,10.68
8/20/2023 12:00,0.364,0.364,0.306,0.04,0.04,0,3.735,7.631
8/20/2023 13:00,0.364,0.364,0.301,0.04,0.04,0,5.409,10.41
8/20/2023 14:00,0.364,0.364,0.292,0.04,0.04,0,5.785,11.98
8/28/2023 9:00,0.364,0.364,0.448,0.04,0.04,0,NAN,NAN
8/28/2023 10:00,0.364,0.364,0.482,0.04,0.04,0,2.459,9.45
8/28/2023 11:00,0.364,0.364,0.422,0.04,0.04,0,3.499,10.82
8/28/2023 12:00,0.364,0.364,0.311,0.04,0.04,0,3.046,10.54
8/28/2023 13:00,0.364,0.364,0.299,0.04,0.04,0,4.787,13.52
8/29/2023 5:00,0.364,0.359,0.536,0.04,0.039,0,NAN,NAN
8/29/2023 6:00,0.364,0.364,0.4,0.04,0.04,0,5.863,10
8/29/2023 7:00,0.364,0.364,0.412,0.04,0.04,0,6.162,11.11
8/29/2023 8:00,0.364,0.364,0.333,0.04,0.04,0,6.82,10.59
8/29/2023 9:00,0.364,0.364,0.339,0.04,0.04,0,6.499,12.29
8/29/2023 10:00,0.364,0.364,0.339,0.04,0.04,0,6.726,11.91
8/29/2023 11:00,0.364,0.364,0.338,0.04,0.04,0,7.097,13.61
8/29/2023 12:00,0.364,0.364,0.329,0.04,0.04,0,6.719,10.43
8/29/2023 13:00,0.364,0.364,0.284,0.04,0.04,0,4.791,8.01
8/29/2023 14:00,0.364,0.364,0.284,0.04,0.04,0,5.711,8.15
8/29/2023 15:00,0.364,0.364,0.288,0.04,0.04,0,4.538,7.408
8/29/2023 16:00,0.364,0.364,0.288,0.04,0.04,0,4.813,8.18
8/29/2023 17:00,0.364,0.364,0.279,0.04,0.04,0,5.34,7.599
8/29/2023 18:00,0.364,0.364,0.275,0.04,0.04,0,5.086,7.176
8/29/2023 19:00,0.364,0.364,0.283,0.04,0.04,0,NAN,NAN
8/29/2023 20:00,0.364,0.364,0.289,0.04,0.04,0,4.364,6.99
8/29/2023 21:00,0.364,0.364,0.29,0.04,0.04,0,4.211,6.012
8/29/2023 22:00,0.364,0.364,0.29,0.04,0.04,0,4.684,6.355
8/29/2023 23:00,0.364,0.364,0.283,0.04,0.04,0,5.229,6.559
8/30/2023 0:00,0.364,0.364,0.27,0.04,0.04,0,4.904,6.808
8/30/2023 1:00,0.364,0.364,0.292,0.04,0.04,0,4.348,5.79
8/30/2023 2:00,0.364,0.364,0.298,0.04,0.04,0,4.57,5.697
8/30/2023 3:00,0.364,0.364,0.302,0.04,0.04,0,4.74,5.768
8/30/2023 4:00,0.364,0.364,0.334,0.04,0.04,0,4.236,5.593
8/30/2023 5:00,0.364,0.364,0.366,0.04,0.04,0,3.467,4.934
8/30/2023 6:00,0.364,0.364,0.363,0.04,0.04,0,4.106,5.233
8/30/2023 7:00,0.364,0.364,0.369,0.04,0.04,0,4.841,5.905
8/30/2023 8:00,0.364,0.364,0.376,0.04,0.04,0,5.489,6.419
8/30/2023 9:00,0.364,0.364,0.375,0.04,0.04,0,5.527,6.365
8/30/2023 10:00,0.364,0.364,0.376,0.04,0.04,0,5.603,6.496
8/30/2023 11:00,0.364,0.364,0.365,0.04,0.04,0,5.065,6.554
8/30/2023 12:00,0.364,0.364,0.359,0.04,0.04,0,4.691,6.676
8/30/2023 13:00,0.364,0.364,0.335,0.04,0.04,0,4.745,6.325
8/30/2023 14:00,0.364,0.364,0.307,0.04,0.04,0,5.43,6.102
8/30/2023 15:00,0.364,0.364,0.282,0.04,0.04,0,5.487,5.95
8/30/2023 16:00,0.364,0.364,0.303,0.04,0.04,0,5.374,5.804
8/30/2023 17:00,0.364,0.364,0.311,0.04,0.04,0,5.35,5.749
8/30/2023 18:00,0.364,0.364,0.314,0.04,0.04,0,5.396,5.729
8/30/2023 19:00,0.364,0.364,0.276,0.04,0.04,0,5.372,5.662
8/30/2023 20:00,0.364,0.364,0.288,0.04,0.04,0,5.381,5.747
8/30/2023 21:00,0.364,0.364,0.293,0.04,0.04,0,5.343,5.614
8/30/2023 22:00,0.364,0.364,0.44,0.04,0.04,0,5.299,5.593
8/30/2023 23:00,0.364,0.364,0.292,0.04,0.04,0,5.298,5.606
8/31/2023 0:00,0.364,0.364,0.298,0.04,0.04,0,5.21,5.618
8/31/2023 1:00,0.364,0.364,0.301,0.04,0.04,0,5.201,5.518
8/31/2023 2:00,0.364,0.364,0.315,0.04,0.04,0,5.363,5.762
8/31/2023 3:00,0.364,0.364,0.347,0.04,0.04,0,5.171,5.673
8/31/2023 4:00,0.364,0.364,0.35,0.04,0.04,0,4.468,5.185
8/31/2023 5:00,0.364,0.364,0.341,0.04,0.04,0,4.476,4.897
8/31/2023 6:00,0.364,0.364,0.284,0.04,0.04,0,4.508,5.03
8/31/2023 7:00,0.364,0.364,0.346,0.04,0.04,0,4.665,6.282
8/31/2023 8:00,0.364,0.364,0.396,0.04,0.04,0,4.846,5.598
8/31/2023 9:00,0.364,0.364,0.51,0.04,0.04,0,5.306,6.902
8/31/2023 10:00,0.364,0.364,0.376,0.04,0.04,0,5.234,9.09
8/31/2023 11:00,0.364,0.364,0.333,0.04,0.04,0,4.478,5.314
8/31/2023 12:00,0.364,0.364,0.334,0.04,0.04,0,4.23,5.708
8/31/2023 13:00,0.364,0.364,0.306,0.04,0.04,0,4.708,5.773
8/31/2023 14:00,0.364,0.364,0.294,0.04,0.04,0,5.67,6.527
8/31/2023 15:00,0.364,0.364,0.306,0.04,0.04,0,5.666,6.558
8/31/2023 16:00,0.364,0.364,0.306,0.04,0.04,0,5.631,6.82
8/31/2023 17:00,0.364,0.364,0.246,0.04,0.04,0.001,5.513,6.571
8/31/2023 18:00,0.364,0.364,0.245,0.04,0.04,0,5.497,5.865
8/31/2023 19:00,0.364,0.364,0.307,0.04,0.04,0,NAN,NAN
8/31/2023 20:00,0.364,0.364,0.287,0.04,0.04,0,5.411,6.076
8/31/2023 21:00,0.364,0.364,0.307,0.04,0.04,0,5.529,6.501
8/31/2023 22:00,0.364,0.364,0.304,0.04,0.04,0,5.661,7.555
8/31/2023 23:00,0.364,0.364,0.301,0.04,0.04,0,5.655,7.694
9/1/2023 0:00,0.364,0.364,0.297,0.04,0.04,0,5.651,6.541
9/1/2023 1:00,0.364,0.364,0.29,0.04,0.04,0,5.397,5.842
9/1/2023 2:00,0.364,0.364,0.318,0.04,0.04,0,5.443,5.967
9/1/2023 3:00,0.364,0.364,0.351,0.04,0.04,0,5.285,5.893
9/1/2023 4:00,0.364,0.364,0.347,0.04,0.04,0,5.012,5.76
9/1/2023 5:00,0.364,0.364,0.343,0.04,0.04,0,4.867,5.722
9/1/2023 6:00,0.364,0.364,0.357,0.04,0.04,0,4.522,5.415
9/1/2023 7:00,0.364,0.364,0.346,0.04,0.04,0,4.816,5.743
9/1/2023 8:00,0.364,0.364,0.387,0.04,0.04,0,4.758,5.59
9/1/2023 9:00,0.364,0.364,0.375,0.04,0.04,0,4.916,5.966
9/1/2023 10:00,0.364,0.364,0.359,0.04,0.04,0,4.932,5.968
9/1/2023 11:00,0.364,0.364,0.362,0.04,0.04,0,5.156,6.345
9/1/2023 12:00,0.364,0.364,0.337,0.04,0.04,0,5.075,6.727
9/1/2023 13:00,0.364,0.364,0.305,0.04,0.04,0,6.332,8.87
9/1/2023 14:00,0.364,0.364,0.292,0.04,0.04,0,6.099,9.25
9/1/2023 15:00,0.364,0.364,0.292,0.04,0.04,0,5.936,9.17
9/1/2023 16:00,0.364,0.364,0.29,0.04,0.04,0,6.111,9.2
9/1/2023 17:00,0.364,0.364,0.293,0.04,0.04,0,6.358,10.16
9/1/2023 18:00,0.364,0.364,0.293,0.04,0.04,0,6.16,10.06
9/1/2023 19:00,0.364,0.364,0.296,0.04,0.04,0,5.957,8.47
9/1/2023 20:00,0.364,0.364,0.299,0.04,0.04,0,5.723,8.01
9/1/2023 21:00,0.364,0.364,0.297,0.04,0.04,0,5.727,9.37
9/1/2023 22:00,0.364,0.364,0.298,0.04,0.04,0,5.743,9.46
9/1/2023 23:00,0.364,0.364,0.297,0.04,0.04,0,5.776,8.88
9/2/2023 0:00,0.364,0.364,0.294,0.04,0.04,0,5.592,8.94
2/25/2025 8:00,0,0,0,0,0,0,43.75,60.18
2/25/2025 9:00,0,0,0,0,0,0,43.23,58.21
2/25/2025 10:00,0,0,0,0,0,0,42.65,61.42
2/25/2025 11:00,0,0,0,0,0,0,42.56,56.35
2/25/2025 12:00,0,0,0,0,0,0,42.22,64.99
2/25/2025 13:00,0,0,0,0,0,0,40.53,54.15
2/25/2025 14:00,0,0,0,0,0,0,39.72,51.87
2/25/2025 15:00,0,0,0,0,0,0,39.42,51.19
2/25/2025 16:00,0,0,0,0,0,0,39.37,50.64
2/25/2025 17:00,0,0,0,0,0,0,39.36,50.56
2/25/2025 18:00,0,0,0,0,0,0,39.37,50.24
2/25/2025 19:00,0,0,0,0,0,0,39.33,50.18
2/25/2025 20:00,0,0,0,0,0,0,39.34,50.11
2/25/2025 21:00,0,0,0,0,0,0,39.36,50.09
2/25/2025 22:00,0,0,0,0,0,0,39.37,50.21
2/25/2025 23:00,0,0,0,0,0,0,39.39,50.19
2/26/2025 0:00,0,0,0,0,0,0,39.45,50.27
2/26/2025 1:00,0,0,0,0,0,0,39.42,50.36
2/26/2025 2:00,0,0,0,0,0,0,39.56,50.58
2/26/2025 3:00,0,0,0,0,0,0,40.25,52.12
2/26/2025 4:00,0,0,0,0,0,0,40.99,52.3
2/26/2025 5:00,0,0,0,0,0,0,41.07,52.4
2/26/2025 6:00,0,0,0,0,0,0,40.99,52.31
2/26/2025 7:00,0,0,0,0,0,0,41.19,52.82
2/26/2025 8:00,0,0,0,0,0,0,41.07,53.11
2/26/2025 9:00,0,0,0,0,0,0,41.34,53.75
2/26/2025 10:00,0,0,0,0,0,0,41.86,54.9
2/26/2025 11:00,0,0,0,0,0,0,42.08,55.85
2/26/2025 12:00,0,0,0,0,0,0,41.74,55.33
2/26/2025 13:00,0,0,0,0,0,0,39.61,53.78
2/26/2025 14:00,0,0,0,0,0,0,39.69,53.21
2/26/2025 15:00,0,0,0,0,0,0,38.84,53.5
2/26/2025 16:00,0,0,0,0,0,0,38.81,54.08
2/26/2025 17:00,0,0,0,0,0,0,39.18,58.99
2/26/2025 18:00,0,0,0,0,0,0,39.06,51.67
2/26/2025 19:00,0,0,0,0,0,0,39.1,50.67
2/26/2025 20:00,0,0,0,0,0,0,39.24,50.2
2/26/2025 21:00,0,0,0,0,0,0,39.32,50.12
2/26/2025 22:00,0,0,0,0,0,0,39.4,50.07
2/26/2025 23:00,0,0,0,0,0,0,39.4,50.07
2/27/2025 0:00,0,0,0,0,0,0,39.42,50.03
2/27/2025 1:00,0,0,0,0,0,0,39.5,50.42
2/27/2025 2:00,0,0,0,0,0,0,39.73,50.78
2/27/2025 3:00,0,0,0,0,0,0,40.63,52.16
2/27/2025 4:00,0,0,0,0,0,0,41.16,52.63
2/27/2025 5:00,0,0,0,0,0,0,41.19,52.65
2/27/2025 6:00,0,0,0,0,0,0,41.05,52.3
2/27/2025 7:00,0,0,0,0,0,0,41.01,53.44
2/27/2025 8:00,0,0,0,0,0,0,41.5,54.31
2/27/2025 9:00,0,0,0,0,0,0,41.72,54.84
2/27/2025 10:00,0,0,0,0,0,0,42.11,55.73
2/27/2025 11:00,0,0,0,0,0,0,42.36,56.03
2/27/2025 12:00,0,0,0,0,0,0,41.44,55.27
2/27/2025 13:00,0,0,0,0,0,0,39.83,52.89
2/27/2025 14:00,0,0,0,0,0,0,39.41,52.03
2/27/2025 15:00,0,0,0,0,0,0,39.27,50.96
2/27/2025 16:00,0,0,0,0,0,0,39.28,50.52
2/27/2025 17:00,0,0,0,0,0,0,39.36,50.42
2/27/2025 18:00,0,0,0,0,0,0,39.4,50.52
2/27/2025 19:00,0,0,0,0,0,0,39.41,50.31
2/27/2025 20:00,0,0,0,0,0,0,39.41,50.49
2/27/2025 21:00,0,0,0,0,0,0,39.45,51.55
2/27/2025 22:00,0,0,0,0,0,0,39.43,50.7
2/27/2025 23:00,0,0,0,0,0,0,39.77,53.68
2/28/2025 0:00,0,0,0,0,0,0,40.54,53.61
2/28/2025 1:00,0,0,0,0,0,0,39.46,50.48
2/28/2025 2:00,0,0,0,0,0,0,39.68,51.97
2/28/2025 3:00,0,0,0,0,0,0,40.99,60.25
2/28/2025 4:00,0,0,0,0,0,0,40.57,73.78
2/28/2025 5:00,0,0,0,0,0,0,43.81,73.99
2/28/2025 6:00,0,0,0,0,0,0,41.28,55.9
2/28/2025 7:00,0,0,0,0,0,0,40.96,59.63
2/28/2025 8:00,0,0,0,0,0,0,41.34,64.16
2/28/2025 9:00,0,0,0,0,0,0,40.59,67.16
2/28/2025 10:00,0,0,0,0,0,0,41.81,64.03
2/28/2025 11:00,0,0,0,0,0,0,41.52,62.37
2/28/2025 12:00,0,0,0,0,0,0,42.52,64.42
2/28/2025 13:00,0,0,0,0,0,0,40.92,57.12
2/28/2025 14:00,0,0,0,0,0,0,39.91,64.77
2/28/2025 15:00,0,0,0,0,0,0,39.83,53.59
2/28/2025 16:00,0,0,0,0,0,0,38.85,52.1
2/28/2025 17:00,0,0,0,0,0,0,38.65,56.82
2/28/2025 18:00,0,0,0,0,0,0,39.2,60.81
2/28/2025 19:00,0,0,0,0.116,0,291.5,43.58,83.8
2/28/2025 20:00,0,0,0,0.581,0.009,264,41.18,59.64
2/28/2025 21:00,0,0,0,0.116,0,274.1,38.73,70.16
2/28/2025 22:00,0,0,0,0,0,0,49.18,80.9
2/28/2025 23:00,0,0,0,0,0,0,52.57,82.4
3/1/2025 0:00,0,0,0,0,0,0,53.07,100
3/1/2025 1:00,0,0,0,0,0,0,52.9,86.4
3/1/2025 2:00,0,0,0,0,0,0,51.77,89.2
3/1/2025 3:00,0,0,0,0,0,0,44.82,76.58
3/1/2025 4:00,0,0,0,0,0,0,40.69,55.77
3/1/2025 5:00,0,0,0,0,0,0,41.05,61.72
3/1/2025 6:00,0,0,0,0,0,0,42.6,64.08
3/1/2025 7:00,0,0,0,0,0,0,41.84,58.24
3/1/2025 8:00,0,0,0,0,0,0,41.78,57.6
3/1/2025 9:00,0,0,0,0,0,0,40.88,57.42
3/1/2025 10:00,0,0,0,0,0,0,42.41,61.48
3/1/2025 11:00,0,0,0,0,0,0,42.55,57.52
3/1/2025 12:00,0,0,0,0.058,0,253.7,38.68,71.95
3/1/2025 13:00,0,0,0,0,0,0,45.88,74.07
3/1/2025 14:00,0,0,0,0,0,0,42.16,56.58
3/1/2025 15:00,0,0,0,0,0,0,40.78,53.16
3/1/2025 16:00,0,0,0,0,0,0,39.99,51.99
3/1/2025 17:00,0,0,0,0,0,0,39.78,51.12
3/1/2025 18:00,0,0,0,0,0,0,39.68,50.93
3/1/2025 19:00,0,0,0,0,0,0,39.74,51.26
3/1/2025 20:00,0,0,0,0,0,0,39.78,50.78
3/1/2025 21:00,0,0,0,0,0,0,39.84,50.74
3/1/2025 22:00,0,0,0,0,0,0,39.87,50.75
3/1/2025 23:00,0,0,0,0,0,0,39.88,50.72
3/2/2025 0:00,0,0,0,0,0,0,39.83,50.75
3/2/2025 1:00,0,0,0,0,0,0,39.97,54.08
3/2/2025 2:00,0,0,0,0,0,0,40.15,51.22
3/2/2025 3:00,0,0,0,0,0,0,40.95,53.71
3/2/2025 4:00,0,0,0,0,0,0,41.58,55.92
3/2/2025 5:00,0,0,0,0,0,0,41.67,53.51
3/2/2025 6:00,0,0,0,0,0,0,41.45,52.73
3/2/2025 7:00,0,0,0,0,0,0,41.53,53.13
3/2/2025 8:00,0,0,0,0,0,0,41.37,53.07
3/2/2025 9:00,0,0,0,0,0,0,41.66,54.17
3/2/2025 10:00,0,0,0,0,0,0,42.11,55.1
3/2/2025 11:00,0,0,0,0,0,0,42.32,57.03
3/2/2025 12:00,0,0,0,0,0,0,42.16,55.4
3/2/2025 13:00,0,0,0,0,0,0,40.8,55.2
3/2/2025 14:00,0,0,0,0.058,0,242,39.85,52.49
3/2/2025 15:00,0,0,0,0,0,0,39.56,51.65
3/2/2025 16:00,0,0,0,0,0,0,39.42,51.07
3/2/2025 17:00,0,0,0,0,0,0,39.38,50.71
3/2/2025 18:00,0,0,0,0,0,0,39.41,50.59
3/2/2025 19:00,0,0,0,0,0,0,39.41,50.43
3/2/2025 20:00,0,0,0,0,0,0,39.49,50.3
3/2/2025 21:00,0,0,0,0,0,0,39.48,50.27
3/2/2025 22:00,0,0,0,0,0,0,39.5,50.36
3/2/2025 23:00,0,0,0,0,0,0,39.51,50.38
3/3/2025 0:00,0,0,0,0,0,0,39.56,50.31
3/3/2025 1:00,0,0,0,0,0,0,39.69,50.75
3/3/2025 2:00,0,0,0,0.058,0,289,39.72,50.82
3/3/2025 3:00,0,0,0,0,0,0,40.86,52.53
3/3/2025 4:00,0,0,0,0,0,0,41.23,52.69
3/3/2025 5:00,0,0,0,0,0,0,41.22,52.57
3/3/2025 6:00,0,0,0,0.058,0,226.1,41.13,52.58
3/3/2025 7:00,0,0,0,0,0,0,41.09,52.44
3/3/2025 8:00,0,0,0,0,0,0,40.9,52.67
3/3/2025 9:00,0,0,0,0,0,0,41.16,53.04
3/3/2025 10:00,0,0,0,0,0,0,41.52,53.94
3/3/2025 11:00,0,0,0,0.058,0,290.4,41.72,54.38
3/3/2025 12:00,0,0,0,0,0,0,41.67,54.26
3/3/2025 13:00,0,0,0,0.058,0,278.7,40.5,53.87
3/3/2025 14:00,0,0,0,0.058,0,250.3,39.65,51.73
3/3/2025 15:00,0,0,0,0.058,0,284.3,39.41,51.18
3/3/2025 16:00,0,0,0,0,0,0,39.33,50.67
3/3/2025 17:00,0,0,0,0.058,0,295.5,39.34,50.69
3/3/2025 18:00,0,0,0,0.058,0,251.4,39.41,50.63
3/3/2025 19:00,0,0,0,0.058,0,257.4,39.4,50.4
3/3/2025 20:00,0,0,0,0.058,0,307.4,39.45,50.45
3/3/2025 21:00,0,0,0,0.116,0,271.2,39.48,50.53
3/3/2025 22:00,0,0,0,0.058,0,280.3,39.48,50.66
3/3/2025 23:00,0,0,0,0.174,0.001,275.9,39.47,51.78
3/4/2025 0:00,0,0,0,0.174,0.001,259.8,39.48,50.8
3/4/2025 1:00,0,0,0,0.233,0.004,268.1,39.91,51.51
3/4/2025 2:00,0,0,0,0.174,0.002,282.7,39.61,51.11
3/4/2025 3:00,0,0,0,0.233,0.004,273.8,41.54,55.18
3/4/2025 4:00,0,0,0,0.465,0.006,278.4,41.63,56.6
3/4/2025 5:00,0,0,0,0.523,0.01,272,41.49,55.14
3/4/2025 6:00,0,0,0,0.291,0.005,276.9,41.22,54.49
3/4/2025 7:00,0,0,0,0.407,0.005,275.1,40.75,53.27
3/4/2025 8:00,0,0,0,0.465,0.01,274,41.28,55.27
3/4/2025 9:00,0,0,0,0.639,0.017,275.3,41.78,56.92
3/4/2025 10:00,0,0,0,0.581,0.014,281.6,41.83,56.06
3/4/2025 11:00,0,0,0,0.523,0.011,270.9,41.37,55.84
3/4/2025 12:00,0,0,0,0.698,0.008,265.9,41.83,55.85
3/4/2025 13:00,0,0,0,0.407,0.008,266,40.74,55.42
3/4/2025 14:00,0,0,0,0.407,0.008,268.7,39.8,53.8
3/4/2025 15:00,0,0,0,0.407,0.007,264,39.64,54.34
3/4/2025 16:00,0,0,0,0.233,0.007,263.2,39.5,53.34
3/4/2025 17:00,0,0,0,0.465,0.006,269.3,39.56,51.24
3/4/2025 18:00,0,0,0,0.291,0.006,264.2,39.59,54.88
3/4/2025 19:00,0,0,0,0.349,0.011,267.5,39.74,53.31
3/4/2025 20:00,0,0,0,0.407,0.011,272.6,39.82,53.71
3/4/2025 21:00,0,0,0,0.349,0.005,272.2,39.69,54.02
3/4/2025 22:00,0,0,0,0.116,0.001,269.7,39.7,51.68
3/4/2025 23:00,0,0,0,0.058,0,295.6,39.95,51.08
3/5/2025 0:00,0,0,0,0,0,0,40.27,51.1
3/5/2025 1:00,0,0,0,0,0,0,40.26,51.24
3/5/2025 2:00,0,0,0,0,0,0,40.24,51.4
3/5/2025 3:00,0,0,0,0,0,0,41.05,52.39
3/5/2025 4:00,0,0,0,0,0,0,41.51,52.37
3/5/2025 5:00,0,0,0,0,0,0,41.6,52.44
3/5/2025 6:00,0,0,0,0,0,0,41.53,52.45
3/5/2025 7:00,0,0,0,0,0,0,41.52,52.5
3/5/2025 8:00,0,0,0,0,0,0,41.31,52.53
3/5/2025 9:00,0,0,0,0.058,0,241.6,41.74,53.44
3/5/2025 10:00,0,0,0,0,0,0,42.62,55.77
3/5/2025 11:00,0,0,0,0,0,0,43.36,56.3
3/5/2025 12:00,0,0,0,0,0,0,43.26,56.38
3/5/2025 13:00,0,0,0,0,0,0,41.92,55.34
3/5/2025 14:00,0,0,0,0,0,0,40.86,52.6
3/5/2025 15:00,0,0,0,0,0,0,40.46,51.75
3/5/2025 16:00,0,0,0,0,0,0,40.22,51.11
3/5/2025 17:00,0,0,0,0,0,0,40.17,51.01
3/5/2025 18:00,0,0,0,0,0,0,40.15,51.11
3/5/2025 19:00,0,0,0,0.116,0,279.2,40.2,51.34
3/5/2025 20:00,0,0,0,0.058,0,243.5,40.01,51.37
3/5/2025 21:00,0,0,0,0.291,0.003,255.6,40.09,52.9
3/5/2025 22:00,0,0,0,0.349,0.006,253.8,40.11,51.67
3/5/2025 23:00,0,0,0,0.233,0.001,248.5,39.89,51.31
3/6/2025 0:00,0,0,0,0.174,0,259.5,39.59,50.61
3/6/2025 1:00,0,0,0,0,0,0,39.54,50.59
3/6/2025 2:00,0,0,0,0,0,0,39.57,50.69
3/6/2025 3:00,0,0,0,0,0,0,40.36,51.46
3/6/2025 4:00,0,0,0,0,0,0,40.14,51.37
3/6/2025 5:00,0,0,0,0,0,0,40.49,51.5
3/6/2025 6:00,0,0,0,0,0,0,40.47,51.48
3/6/2025 7:00,0,0,0,0,0,0,40.35,51.28
3/6/2025 8:00,0,0,0,0,0,0,39.5,52.77
3/6/2025 9:00,0,0,0,0,0,0,40.53,55.5
3/6/2025 10:00,0,0,0,0,0,0,42.06,56.95
3/6/2025 11:00,0,0,0,0.203,0,286.3,41.84,54.91
3/6/2025 12:00,0,0,0,0.058,0,266.7,41.58,54.28
3/6/2025 13:00,0,0,0,0.058,0,313.7,40.4,53.89
3/6/2025 14:00,0,0,0,0.058,0,262.3,39.67,51.46
3/6/2025 15:00,0,0,0,0,0,0,39.5,50.86
3/6/2025 16:00,0,0,0,0,0,0,39.47,50.44
3/6/2025 17:00,0,0,0,0,0,0,39.47,50.53
3/6/2025 18:00,0,0,0,0,0,0,39.44,50.39
3/6/2025 19:00,0,0,0,0,0,0,39.5,50.49
3/6/2025 20:00,0,0,0,0,0,0,39.6,50.6
3/6/2025 21:00,0,0,0,0,0,0,39.63,50.54
3/6/2025 22:00,0,0,0,0,0,0,39.67,50.73
3/6/2025 23:00,0,0,0,0,0,0,39.64,50.91
3/7/2025 0:00,0,0,0,0,0,0,39.71,50.75
3/7/2025 1:00,0,0,0,0,0,0,39.76,51.04
3/7/2025 2:00,0,0,0,0,0,0,40.59,52.13
3/7/2025 3:00,0,0,0,0,0,0,41.04,52.28
3/7/2025 4:00,0,0,0,0,0,0,41.02,52.38
3/7/2025 5:00,0,0,0,0,0,0,40.99,52.49
3/7/2025 6:00,0,0,0,0,0,0,40.85,52.26
3/7/2025 7:00,0,0,0,0,0,0,40.94,52.91
3/7/2025 8:00,0,0,0,0,0,0,41.22,53.51
3/7/2025 9:00,0,0,0,0,0,0,41.67,55.16
3/7/2025 10:00,0,0,0,0,0,0,42.03,55.84
3/7/2025 11:00,0,0,0,0,0,0,42,55.9
3/7/2025 12:00,0,0,0,0,0,0,41.92,58.23
3/7/2025 13:00,0,0,0,0,0,0,40.7,54.86
3/7/2025 14:00,0,0,0,0,0,0,39.73,52.41
3/7/2025 15:00,0,0,0,0,0,0,39.47,51.36
3/7/2025 16:00,0,0,0,0,0,0,39.4,51.1
3/7/2025 17:00,0,0,0,0.058,0,259,39.43,50.83
3/7/2025 18:00,0,0,0,0,0,0,39.48,50.67
3/7/2025 19:00,0,0,0,0.058,0,313.9,38.74,59.99
3/7/2025 20:00,0,0,0,0.233,0.001,288.2,39.07,63.38
3/7/2025 21:00,0,0,0,0.349,0.003,294,47.09,100.8
3/7/2025 22:00,0,0,0,0.465,0.005,284.1,55.15,102.7
3/7/2025 23:00,0,0,0,0.174,0.003,279.5,42.84,75.28
3/8/2025 0:00,0,0,0,0.058,0,273.9,39.33,56.07
3/8/2025 1:00,0,0,0,0,0,0,41.55,54.64
3/8/2025 2:00,0,0,0,0,0,0,40.91,52.87
3/8/2025 3:00,0,0,0,0,0,0,40.93,53.53
3/8/2025 4:00,0,0,0,0,0,0,41.5,53.34
3/8/2025 5:00,0,0,0,0,0,0,41.23,64.8
3/8/2025 6:00,0,0,0,0,0,0,41.09,65.7
3/8/2025 7:00,0,0,0,0,0,0,41.64,66.22
3/8/2025 8:00,0,0,0,0,0,0,40.69,52.99
3/8/2025 9:00,0,0,0,0,0,0,41.28,53.94
3/8/2025 10:00,0,0,0,0,0,0,41.72,55.12
3/8/2025 11:00,0,0,0,0,0,0,41.84,55.6
3/8/2025 12:00,0,0,0,0,0,0,41.62,55.19
3/8/2025 13:00,0,0,0,0,0,0,40.4,54.58
3/8/2025 14:00,0,0,0,0,0,0,39.4,52.05
3/8/2025 15:00,0,0,0,0,0,0,39.14,51.18
3/8/2025 16:00,0,0,0,0,0,0,39.04,50.65
3/8/2025 17:00,0,0,0,0,0,0,39.05,50.49
3/8/2025 18:00,0,0,0,0,0,0,39.05,50.36
3/8/2025 19:00,0,0,0,0,0,0,39.07,50.17
3/8/2025 20:00,0,0,0,0,0,0,39.14,50.29
3/8/2025 21:00,0,0,0,0,0,0,39.18,50.27
3/8/2025 22:00,0,0,0,0,0,0,39.25,50.44
3/8/2025 23:00,0,0,0,0,0,0,39.28,50.38
3/9/2025 0:00,0,0,0,0,0,0,39.27,50.24
3/9/2025 1:00,0,0,0,0,0,0,39.33,50.45
3/9/2025 2:00,0,0,0,0,0,0,39.4,51.23
3/9/2025 3:00,0,0,0,0,0,0,40.38,51.75
3/9/2025 4:00,0,0,0,0,0,0,40.52,51.75
3/9/2025 5:00,0,0,0,0,0,0,40.49,51.66
3/9/2025 6:00,0,0,0,0,0,0,40.43,51.9
3/9/2025 7:00,0,0,0,0,0,0,40.71,52.59
3/9/2025 8:00,0,0,0,0,0,0,40.9,53.36
3/9/2025 9:00,0,0,0,0,0,0,41.32,54.71
3/9/2025 10:00,0,0,0,0,0,0,41.19,54.2
3/9/2025 11:00,0,0,0,0,0,0,40.8,53.82
3/9/2025 12:00,0,0,0,0,0,0,40.26,53.39
3/9/2025 13:00,0,0,0,0,0,0,39.78,53.11
3/9/2025 14:00,0,0,0,0,0,0,39.14,51.03
3/9/2025 15:00,0,0,0,0,0,0,38.86,50.41
3/9/2025 16:00,0,0,0,0,0,0,38.75,49.86
3/9/2025 17:00,0,0,0,0,0,0,38.75,49.77
3/9/2025 18:00,0,0,0,0,0,0,38.74,49.92
3/9/2025 19:00,0,0,0,0,0,0,38.77,49.92
3/9/2025 20:00,0,0,0,0,0,0,38.79,49.86
3/9/2025 21:00,0,0,0,0,0,0,38.83,49.93
3/9/2025 22:00,0,0,0,0,0,0,38.79,50.01
3/9/2025 23:00,0,0,0,0,0,0,38.77,49.82
3/10/2025 0:00,0,0,0,0,0,0,38.74,49.79
3/10/2025 1:00,0,0,0,0,0,0,38.78,49.95
3/10/2025 2:00,0,0,0,0,0,0,38.9,50.11
3/10/2025 3:00,0,0,0,0,0,0,40.25,51.67
3/10/2025 4:00,0,0,0,0,0,0,40.27,51.73
3/10/2025 5:00,0,0,0,0,0,0,40.24,51.65
3/10/2025 6:00,0,0,0,0,0,0,40.16,51.51
3/10/2025 7:00,0,0,0,0,0,0,40.06,51.39
3/10/2025 8:00,0,0,0,0,0,0,40.03,51.69
3/10/2025 9:00,0,0,0,0,0,0,40.66,53.78
3/10/2025 10:00,0,0,0,0,0,0,41.55,55.73
3/10/2025 11:00,0,0,0,0,0,0,41.85,56.02
3/10/2025 12:00,0,0,0,0,0,0,41.62,55.68
3/10/2025 13:00,0,0,0,0,0,0,40.19,55.14
3/10/2025 14:00,0,0,0,0,0,0,39.04,52.11
3/10/2025 15:00,0,0,0,0,0,0,38.66,51.07
3/10/2025 16:00,0,0,0,0,0,0,38.58,50.28
3/10/2025 17:00,0,0,0,0,0,0,38.61,49.99
3/10/2025 18:00,0,0,0,0,0,0,38.65,49.98
3/10/2025 19:00,0,0,0,0,0,0,38.73,49.83
3/10/2025 20:00,0,0,0,0,0,0,38.79,49.98
3/10/2025 21:00,0,0,0,0,0,0,38.88,50
3/10/2025 22:00,0,0,0,0,0,0,38.91,49.9
3/10/2025 23:00,0,0,0,0,0,0,38.97,49.92
3/11/2025 0:00,0,0,0,0,0,0,39.11,50.03
3/11/2025 1:00,0,0,0,0,0,0,39.23,50.27
3/11/2025 2:00,0,0,0,0,0,0,39.39,50.63
3/11/2025 3:00,0,0,0,0,0,0,40.55,51.94
3/11/2025 4:00,0,0,0,0,0,0,40.6,51.93
3/11/2025 5:00,0,0,0,0,0,0,40.78,52.9
3/11/2025 6:00,0,0,0,0,0,0,40.53,52.28
3/11/2025 7:00,0,0,0,0,0,0,40.59,52.19
3/11/2025 8:00,0,0,0,0,0,0,40.83,54.01
3/11/2025 9:00,0,0,0,0,0,0,41.42,54.92
3/11/2025 10:00,0,0,0,0,0,0,41.18,55.02
3/11/2025 11:00,0,0,0,0,0,0,40.24,54.14
3/11/2025 12:00,0,0,0,0,0,0,40.15,54.48
3/11/2025 13:00,0,0,0,0,0,0,39.43,52.81
3/11/2025 14:00,0,0,0,0,0,0,38.98,51.24
3/11/2025 15:00,0,0,0,0,0,0,38.84,50.83
3/11/2025 16:00,0,0,0,0,0,0,38.76,50.67
3/11/2025 17:00,0,0,0,0,0,0,38.76,50.2
3/11/2025 18:00,0,0,0,0,0,0,38.8,50.09
3/11/2025 19:00,0,0,0,0,0,0,38.91,50.13
3/11/2025 20:00,0,0,0,0,0,0,39.02,50.06
3/11/2025 21:00,0,0,0,0,0,0,39.03,50.03
3/11/2025 22:00,0,0,0,0,0,0,39.05,50.08
3/11/2025 23:00,0,0,0,0,0,0,39.12,50.14
3/12/2025 0:00,0,0,0,0,0,0,39.15,50.34
3/12/2025 1:00,0,0,0,0,0,0,39.24,50.38
3/12/2025 2:00,0,0,0,0,0,0,39.36,50.95
3/12/2025 3:00,0,0,0,0,0,0,40.64,52.19
3/12/2025 4:00,0,0,0,0,0,0,40.68,52.16
3/12/2025 5:00,0,0,0,0,0,0,40.76,52.46
3/12/2025 6:00,0,0,0,0,0,0,40.64,52.07
3/12/2025 7:00,0,0,0,0,0,0,40.59,52.29
3/12/2025 8:00,0,0,0,0,0,0,40.63,53.06
3/12/2025 9:00,0,0,0,0,0,0,41.55,55.04
3/12/2025 10:00,0,0,0,0,0,0,41.77,56.15
3/12/2025 11:00,0,0,0,0,0,0,40.26,60.38
3/12/2025 12:00,0,0,0,0,0,0,41.02,60.02
3/12/2025 13:00,0,0,0,0,0,0,40.55,55.99
3/12/2025 14:00,0,0,0,0,0,0,39.42,54.08
3/12/2025 15:00,0,0,0,0,0,0,38.67,57.91
3/12/2025 16:00,0,0,0,0,0,0,41.86,65.41
3/12/2025 17:00,0,0,0,0,0,0,43.17,57.14
3/12/2025 18:00,0,0,0,0,0,0,40.51,60.5
3/12/2025 19:00,0,0,0,0,0,0,40.06,63.96
3/12/2025 20:00,0,0,0,0,0,0,42.6,67.06
3/12/2025 21:00,0,0,0,0,0,0,39.04,56.01
3/12/2025 22:00,0,0,0,0,0,0,39.3,54.17
3/12/2025 23:00,0,0,0,0,0,0,39.12,52.71
3/13/2025 0:00,0,0,0,0,0,0,39.03,51.6
3/13/2025 1:00,0,0,0,0,0,0,39.05,56.65
3/13/2025 2:00,0,0,0,0,0,0,39.22,55.8
3/13/2025 3:00,0,0,0,0,0,0,40.79,53.22
3/13/2025 4:00,0,0,0,0,0,0,40.92,52.98
3/13/2025 5:00,0,0,0,0,0,0,40.85,52.53
3/13/2025 6:00,0,0,0,0,0,0,40.69,52.44
3/13/2025 7:00,0,0,0,0,0,0,40.47,54.8
3/13/2025 8:00,0,0,0,0,0,0,41.3,56.67
3/13/2025 9:00,0,0,0,0,0,0,41.24,63.01
3/13/2025 10:00,0,0,0,0,0,0,41.85,59.02
3/13/2025 11:00,0,0,0,0,0,0,41.86,56.57
3/13/2025 12:00,0,0,0,0,0,0,41.09,56.08
3/13/2025 13:00,0,0,0,0,0,0,39.65,53.97
3/13/2025 14:00,0,0,0,0,0,0,39.06,54.52
3/13/2025 15:00,0,0,0,0,0,0,39.07,52.75
3/13/2025 16:00,0,0,0,0,0,0,38.53,54.29
3/13/2025 17:00,0,0,0,0,0,0,38.5,51.69
3/13/2025 18:00,0,0,0,0,0,0,38.41,51.14
3/13/2025 19:00,0,0,0,0,0,0,38.43,51.37
3/13/2025 20:00,0,0,0,0,0,0,38.71,52.56
3/13/2025 21:00,0,0,0,0,0,0,39.3,55.81
3/13/2025 22:00,0,0,0,0,0,0,39.55,58.08
3/13/2025 23:00,0,0,0,0,0,0,40.55,54.74
3/14/2025 0:00,0,0,0,0,0,0,39.62,52.98
3/14/2025 1:00,0,0,0,0,0,0,39.87,52.47
3/14/2025 2:00,0,0,0,0,0,0,39.77,51.51
3/14/2025 3:00,0,0,0,0,0,0,41.21,53.62
3/14/2025 4:00,0,0,0,0,0,0,41.29,53.47
3/14/2025 5:00,0,0,0,0,0,0,41.06,53.98
3/14/2025 6:00,0,0,0,0,0,0,41.22,54.42
3/14/2025 7:00,0,0,0,0,0,0,41.05,53.38
3/14/2025 8:00,0,0,0,0,0,0,40.81,53.22
3/14/2025 9:00,0,0,0,0,0,0,41.52,55.09
3/14/2025 10:00,0,0,0,0,0,0,41.95,56.35
3/14/2025 11:00,0,0,0,0,0,0,42.05,56.66
3/14/2025 12:00,0,0,0,0,0,0,41.95,56.52
3/14/2025 13:00,0,0,0,0,0,0,40.51,55.96
3/14/2025 14:00,0,0,0,0,0,0,39.39,53.23
3/14/2025 15:00,0,0,0,0.058,0,249.4,39.09,52.53
3/14/2025 16:00,0,0,0,0,0,0,38.88,51.7
3/14/2025 17:00,0,0,0,0,0,0,38.78,51.11
3/14/2025 18:00,0,0,0,0,0,0,38.73,51
3/14/2025 19:00,0,0,0,0,0,0,38.78,50.55
3/14/2025 20:00,0,0,0,0,0,0,38.84,50.42
3/14/2025 21:00,0,0,0,0,0,0,38.91,50.38
3/14/2025 22:00,0,0,0,0,0,0,38.9,50.42
3/14/2025 23:00,0,0,0,0,0,0,38.9,50.53
3/15/2025 0:00,0,0,0,0,0,0,38.94,50.47
3/15/2025 1:00,0,0,0,0,0,0,39.02,50.75
3/15/2025 2:00,0,0,0,0.058,0,247.2,39.64,53.04
3/15/2025 3:00,0,0,0,0.058,0,256.9,41.19,53.58
3/15/2025 4:00,0,0,0,0,0,0,41,53.31
3/15/2025 5:00,0,0,0,0,0,0,40.85,52.77
3/15/2025 6:00,0,0,0,0,0,0,40.77,54.52
3/15/2025 7:00,0,0,0,0,0,0,40.61,52.48
3/15/2025 8:00,0,0,0,0,0,0,40.57,52.98
3/15/2025 9:00,0,0,0,0.058,0,265,41.17,54.47
3/15/2025 10:00,0,0,0,0,0,0,41.49,55.81
3/15/2025 11:00,0,0,0,0,0,0,41.56,55.54
3/15/2025 12:00,0,0,0,0,0,0,38.75,61.77
3/15/2025 13:00,0,0,0,0.029,0,263.8,41.09,56.79
3/15/2025 14:00,0,0,0,0.058,0,297.7,39.38,52.67
3/15/2025 15:00,0,0,0,0.291,0,297.8,39.04,51.63
3/15/2025 16:00,0,0,0,0.058,0,251.9,38.88,51.22
3/15/2025 17:00,0,0,0,0,0,0,38.66,51.35
3/15/2025 18:00,0,0,0,0.058,0,270.9,38.97,51.38
3/15/2025 19:00,0,0,0,0.058,0,245.9,38.85,51.61
3/15/2025 20:00,0,0,0,0.058,0,253.9,38.78,52.98
3/15/2025 21:00,0,0,0,0.058,0,280.5,37.6,52.05
3/15/2025 22:00,0,0,0,0.116,0,246.6,38.22,55.05
3/15/2025 23:00,0,0,0,0.058,0,253,39.02,60.61
3/16/2025 0:00,0,0,0,0.058,0,267,39.44,60.76
3/16/2025 1:00,0,0,0,0,0,0,39.79,55.28
3/16/2025 2:00,0,0,0,0.058,0,260.8,38.33,68.32
3/16/2025 3:00,0,0,0,0.058,0,246,42.07,62.78
3/16/2025 4:00,0,0,0,0.058,0,254.7,41.53,60.91
3/16/2025 5:00,0,0,0,0.058,0,258.3,40.92,65.38
3/16/2025 6:00,0,0,0,0.058,0,265.4,40.17,65.6
3/16/2025 7:00,0,0,0,0.058,0,279.1,41.46,67.29
3/16/2025 8:00,0,0,0,0.058,0,268.9,40.83,64.66
3/16/2025 9:00,0,0,0,0.233,0.001,286.6,43.02,64.51
3/16/2025 10:00,0,0,0,0.465,0.002,280.3,41.51,61.39
3/16/2025 11:00,0,0,0,0.407,0.001,290.1,41.28,62.45
3/16/2025 12:00,0,0,0,0.058,0,253.4,40.82,75.72
3/16/2025 13:00,0,0,0,0.116,0,301.9,41.89,73.18
3/16/2025 14:00,0,0,0,0.116,0.001,285.4,40.03,57.61
3/16/2025 15:00,0,0,0,0.174,0.001,289.4,39.2,54
3/16/2025 16:00,0,0,0,0.058,0,290.8,39.03,51.65
3/16/2025 17:00,0,0,0,0.233,0.001,278.8,38.98,52.48
3/16/2025 18:00,0,0,0,0.233,0.001,274.5,39.05,51.43
3/16/2025 19:00,0,0,0,0.465,0.007,280.9,39.76,54.36
3/16/2025 20:00,0,0,0,0.407,0.009,284.5,39.52,53.19
3/16/2025 21:00,0,0,0,0.698,0.014,277.8,40.9,60.52
3/16/2025 22:00,0,0,0,0.581,0.013,282.7,40.23,56.59
3/16/2025 23:00,0,0,0,0.872,0.02,283.1,39.85,54.04
3/17/2025 0:00,0,0,0,0.581,0.007,286.3,39.71,52.54
3/17/2025 1:00,0,0,0,0.174,0.002,286.9,40.07,52.15
3/17/2025 2:00,0,0,0,0.174,0.001,287,39.45,52.94
3/17/2025 3:00,0,0,0,0.174,0.001,279.2,40.16,55.35
3/17/2025 4:00,0,0,0,0.058,0,272.1,42.06,56.41
3/17/2025 5:00,0,0,0,0.058,0,276.7,41.5,59.07
3/17/2025 6:00,0,0,0,0,0,0,41.65,59.46
3/17/2025 7:00,0,0,0,0.058,0,276.8,39.85,61.91
3/17/2025 8:00,0,0,0,0.058,0,268.9,44.49,61.67
3/17/2025 9:00,0,0,0,0.058,0,280.6,42.23,58.89
3/17/2025 10:00,0,0,0,0.058,0,306.8,41.04,55.08
3/17/2025 11:00,0,0,0,0.058,0,284,40.27,56.71
3/17/2025 12:00,0,0,0,0.116,0,283.9,42.06,57.08
3/17/2025 13:00,0,0,0,0.116,0.001,291,40.97,55.97
3/17/2025 14:00,0,0,0,0.291,0.003,276.6,39.85,56.41
3/17/2025 15:00,0,0,0,0.465,0.004,278.9,39.49,53.96
3/17/2025 16:00,0,0,0,0.291,0.005,271.2,39.62,55.62
3/17/2025 17:00,0,0,0,0.581,0.004,270.7,40.19,54.08
3/17/2025 18:00,0,0,0,0.291,0.004,276.7,39.99,54.41
3/17/2025 19:00,0,0,0,0.174,0.002,271.7,39.82,53.28
3/17/2025 20:00,0,0,0,0.116,0.001,267.4,39.99,55.91
3/17/2025 21:00,0,0,0,0.174,0.001,272.3,40,56.85
3/17/2025 22:00,0,0,0,0.116,0,264,39.98,53.54
3/17/2025 23:00,0,0,0,0.058,0,273.1,39.95,52.06
3/18/2025 0:00,0,0,0,0,0,0,39.91,51.96
3/18/2025 1:00,0,0,0,0,0,0,39.94,52.28
3/18/2025 2:00,0,0,0,0,0,0,40.04,54.05
3/18/2025 3:00,0,0,0,0,0,0,42.14,54.25
3/18/2025 4:00,0,0,0,0,0,0,42.11,55.65
3/18/2025 5:00,0,0,0,0,0,0,42.12,55.67
3/18/2025 6:00,0,0,0,0,0,0,42.15,56.01
3/18/2025 7:00,0,0,0,0,0,0,41.83,56.24
3/18/2025 8:00,0,0,0,0,0,0,41.87,54.7
3/18/2025 9:00,0,0,0,0,0,0,42.95,56.36
3/18/2025 10:00,0,0,0,0,0,0,43.51,57.89
3/18/2025 11:00,0,0,0,0,0,0,43.6,58.75
3/18/2025 12:00,0,0,0,0,0,0,43.1,57.31
3/18/2025 13:00,0,0,0,0,0,0,41.99,56.44
3/18/2025 14:00,0,0,0,0,0,0,40.56,54.16
3/18/2025 15:00,0,0,0,0,0,0,40.12,52.94
3/18/2025 16:00,0,0,0,0,0,0,39.85,51.9
3/18/2025 17:00,0,0,0,0,0,0,39.74,52.99
3/18/2025 18:00,0,0,0,0.174,0,256.2,39.69,52.86
3/18/2025 19:00,0,0,0,0,0,0,39.64,52.72
3/18/2025 20:00,0,0,0,0,0,0,39.65,52.14
3/18/2025 21:00,0,0,0,0,0,0,39.63,52.24
3/18/2025 22:00,0,0,0,0,0,0,39.66,52.49
3/18/2025 23:00,0,0,0,0,0,0,39.69,51.6
3/19/2025 0:00,0,0,0,0,0,0,39.73,51.6
3/19/2025 1:00,0,0,0,0,0,0,39.87,51.01
3/19/2025 2:00,0,0,0,0,0,0,40.31,54.09
3/19/2025 3:00,0,0,0,0,0,0,41.98,54.58
3/19/2025 4:00,0,0,0,0,0,0,42,54.04
3/19/2025 5:00,0,0,0,0,0,0,41.98,54.79
3/19/2025 6:00,0,0,0,0,0,0,41.81,54.47
3/19/2025 7:00,0,0,0,0.058,0,243.9,41.62,53.53
3/19/2025 8:00,0,0,0,0,0,0,41.82,54.57
3/19/2025 9:00,0,0,0,0.087,0,343.1,41.91,55.5
3/19/2025 10:00,0,0,0,0,0,0,40.75,54.2
3/19/2025 11:00,0,0,0,0.233,0,287.1,41.04,57.9
3/19/2025 12:00,0,0,0,0.174,0.001,275.4,40.82,54.79
3/19/2025 13:00,0,0,0,0.291,0.001,267.3,39.92,53.95
3/19/2025 14:00,0,0,0,0.058,0,274.8,39.08,52.07
3/19/2025 15:00,0,0,0,0.233,0,284.3,38.92,51.17
3/19/2025 16:00,0,0,0,0.058,0,278.6,38.82,51.4
3/19/2025 17:00,0,0,0,0.058,0,297.7,38.82,51.25
3/19/2025 18:00,0,0,0,0.116,0,275.7,38.87,50.93
3/19/2025 19:00,0,0,0,0.116,0,263.7,38.93,51.02
3/19/2025 20:00,0,0,0,0,0,0,39.33,52.46
3/19/2025 21:00,0,0,0,0.058,0,287.1,39.34,52.96
3/19/2025 22:00,0,0,0,0.058,0,213.3,39.33,51.53
3/19/2025 23:00,0,0,0,0.058,0,252.6,39.68,51.32
3/20/2025 0:00,0,0,0,0.058,0,283.6,39.5,51.56
3/20/2025 1:00,0,0,0,0,0,0,39.27,50.99
3/20/2025 2:00,0,0,0,0,0,0,39.51,51.91
3/20/2025 3:00,0,0,0,0.058,0,299,40.47,51.89
3/20/2025 4:00,0,0,0,0.029,0,295.3,40.44,52.35
3/20/2025 5:00,0,0,0,0.058,0,301.8,40.84,53.12
3/20/2025 6:00,0,0,0,0,0,0,41.48,53.51
3/20/2025 7:00,0,0,0,0,0,0,41.18,53.08
3/20/2025 8:00,0,0,0,0,0,0,41.49,54.13
3/20/2025 9:00,0,0,0,0,0,0,42.49,55.87
3/20/2025 10:00,0,0,0,0,0,0,42.64,56.86
3/20/2025 11:00,0,0,0,0.058,0,272.7,40.93,54.54
3/20/2025 12:00,0,0,0,0.116,0.001,273.6,40.75,54.59
3/20/2025 13:00,0,0,0,0.174,0.002,281.1,40.91,56.05
3/20/2025 14:00,0,0,0,0.174,0.001,270.1,40.01,53.4
3/20/2025 15:00,0,0,0,0.233,0,281,39.29,52.88
3/20/2025 16:00,0,0,0,0.116,0,288.6,38.88,51.24
3/20/2025 17:00,0,0,0,0,0,0,38.93,50.61
3/20/2025 18:00,0,0,0,0.349,0.001,281.2,39.28,52.53
3/20/2025 19:00,0,0,0,0.174,0.001,299.6,39.32,52.42
3/20/2025 20:00,0,0,0,0.523,0.002,283.3,38.97,57.21
3/20/2025 21:00,0,0,0,0.233,0.003,294.9,39.32,53.1
3/20/2025 22:00,0,0,0,0.349,0.004,293.7,38.96,52.44
3/20/2025 23:00,0,0,0,0.291,0.001,289.8,39.09,50.56
3/21/2025 0:00,0,0,0,0.174,0.002,302.6,39.15,50.54
3/21/2025 1:00,0,0,0,0.116,0.001,294.8,39.28,52.28
3/21/2025 2:00,0,0,0,0.116,0.001,298.3,40.17,53.38
3/21/2025 3:00,0,0,0,0.291,0.001,299.7,40.88,53.53
3/21/2025 4:00,0,0,0,0.116,0,285.6,40.98,55.9
3/21/2025 5:00,0,0,0,0.233,0.001,317.2,40.48,57.68
3/21/2025 6:00,0,0,0,0.174,0,271.2,40.17,58.98
3/21/2025 7:00,0,0,0,0.058,0,314.5,40.06,53.44
3/21/2025 8:00,0,0,0,0.058,0,308.9,40.31,53.09
3/21/2025 9:00,0,0,0,0.116,0,262.8,40.88,60.97
3/21/2025 10:00,0,0,0,0.174,0,301,40.88,55.05
3/21/2025 11:00,0,0,0,0.116,0,317.4,41.9,56.69
3/21/2025 12:00,0,0,0,0.233,0,300,40.46,63.33
3/21/2025 13:00,0,0,0,0.058,0,289.4,40.04,59.79
3/21/2025 14:00,0,0,0,0,0,0,38.22,54.4
3/21/2025 15:00,0,0,0,0,0,0,41.11,64.69
3/21/2025 16:00,0,0,0,0,0,0,41.96,55.54
3/21/2025 17:00,0,0,0,0,0,0,39.84,52.51
3/21/2025 18:00,0,0,0,0,0,0,39.16,50.35
3/21/2025 19:00,0,0,0,0,0,0,39.1,50.92
3/21/2025 20:00,0,0,0,0,0,0,39.14,52.13
3/21/2025 21:00,0,0,0,0,0,0,39.22,50.66
3/21/2025 22:00,0,0,0,0,0,0,37.6,56.8
3/21/2025 23:00,0,0,0,0,0,0,40.08,57.81
3/22/2025 0:00,0,0,0,0,0,0,39.94,62.64
3/22/2025 1:00,0,0,0,0,0,0,39.31,51.76
3/22/2025 2:00,0,0,0,0,0,0,39.53,51.51
3/22/2025 3:00,0,0,0,0,0,0,40.59,51.77
3/22/2025 4:00,0,0,0,0,0,0,40.62,52.05
3/22/2025 5:00,0,0,0,0,0,0,40.53,51.52
3/22/2025 6:00,0,0,0,0,0,0,40.13,51.74
3/22/2025 7:00,0,0,0,0,0,0,40.15,52.8
3/22/2025 8:00,0,0,0,0,0,0,39.68,52.55
3/22/2025 9:00,0,0,0,0,0,0,38.33,58.16
3/22/2025 10:00,0,0,0,0,0,0,41.12,59.84
3/22/2025 11:00,0,0,0,0,0,0,42.54,62.06
3/22/2025 12:00,0,0,0,0,0,0,41.33,59.2
3/22/2025 13:00,0,0,0,0,0,0,40.21,53.93
3/22/2025 14:00,0,0,0,0,0,0,39.65,52.46
3/22/2025 15:00,0,0,0,0,0,0,39.26,51.09
3/22/2025 16:00,0,0,0,0,0,0,39.16,50.5
3/22/2025 17:00,0,0,0,0,0,0,39.29,50.3
3/22/2025 18:00,0,0,0,0,0,0,39.26,50.37
3/22/2025 19:00,0,0,0,0,0,0,39.3,50.36
3/22/2025 20:00,0,0,0,0,0,0,38.81,51.16
3/22/2025 21:00,0,0,0,0,0,0,39.29,55.62
3/22/2025 22:00,0,0,0,0,0,0,38.02,63.9
3/22/2025 23:00,0,0,0,0,0,0,39.49,60.61
3/23/2025 0:00,0,0,0,0,0,0,40.01,60.66
3/23/2025 1:00,0,0,0,0,0,0,40.37,56.34
3/23/2025 2:00,0,0,0,0,0,0,40.02,55.37
3/23/2025 3:00,0,0,0,0,0,0,40.81,54.5
3/23/2025 4:00,0,0,0,0,0,0,40.46,52.35
3/23/2025 5:00,0,0,0,0,0,0,40.54,58.57
3/23/2025 6:00,0,0,0,0,0,0,40.52,63.74
3/23/2025 7:00,0,0,0,0,0,0,40.9,57.55
3/23/2025 8:00,0,0,0,0,0,0,41.28,54.88
3/23/2025 9:00,0,0,0,0,0,0,41.43,55.37
3/23/2025 10:00,0,0,0,0,0,0,41.18,55.43
3/23/2025 11:00,0,0,0,0,0,0,40.72,56.28
3/23/2025 12:00,0,0,0,0,0,0,40.77,56.26
3/23/2025 13:00,0,0,0,0,0,0,39.82,56.34
3/23/2025 14:00,0,0,0,0,0,0,38.81,54.96
3/23/2025 15:00,0,0,0,0,0,0,38.05,54.72
3/23/2025 16:00,0,0,0,0,0,0,38.35,56.1
3/23/2025 17:00,0,0,0,0,0,0,38.79,57.24
3/23/2025 18:00,0,0,0,0,0,0,38.49,56.91
3/23/2025 19:00,0,0,0,0,0,0,39.66,52.15
3/23/2025 20:00,0,0,0,0,0,0,39.36,51.53
3/23/2025 21:00,0,0,0,0,0,0,39.25,50.66
3/23/2025 22:00,0,0,0,0,0,0,39.27,50.17
3/23/2025 23:00,0,0,0,0,0,0,39.44,50.18
3/24/2025 0:00,0,0,0,0,0,0,39.34,50.27
3/24/2025 1:00,0,0,0,0,0,0,39.1,54.43
3/24/2025 2:00,0,0,0,0,0,0,39.32,56.7
3/24/2025 3:00,0,0,0,0,0,0,40.92,56.59
3/24/2025 4:00,0,0,0,0,0,0,40.84,55.08
3/24/2025 5:00,0,0,0,0,0,0,40.51,58.13
3/24/2025 6:00,0,0,0,0,0,0,40.41,52.16
3/24/2025 7:00,0,0,0,0,0,0,40.16,54.68
3/24/2025 8:00,0,0,0,0,0,0,41.22,60.65
3/24/2025 9:00,0,0,0,0,0,0,41.66,65.7
3/24/2025 10:00,0,0,0,0,0,0,41.02,65.72
3/24/2025 11:00,0,0,0,0,0,0,40.9,64.13
3/24/2025 12:00,0,0,0,0,0,0,40.82,61.13
3/24/2025 13:00,0,0,0,0,0,0,38.76,68.68
3/24/2025 14:00,0,0,0,0,0,0,38.32,67.33
3/24/2025 15:00,0,0,0,0,0,0,39.52,84.8
3/24/2025 16:00,0,0,0,0,0,0,39.25,61.29
3/24/2025 17:00,0,0,0,0,0,0,39.58,61.38
3/24/2025 18:00,0,0,0,0,0,0,39.58,71.7
3/24/2025 19:00,0,0,0,0,0,0,39.97,60.01
3/24/2025 20:00,0,0,0,0,0,0,39.59,52.6
3/24/2025 21:00,0,0,0,0,0,0,38.94,51.46
3/24/2025 22:00,0,0,0,0,0,0,38.68,51.77
3/24/2025 23:00,0,0,0,0,0,0,38.94,51.71
3/25/2025 0:00,0,0,0,0,0,0,38.74,51
3/25/2025 1:00,0,0,0,0,0,0,38.61,60.37
3/25/2025 2:00,0,0,0,0,0,0,40.21,63.12
3/25/2025 3:00,0,0,0,0,0,0,41.33,57.17
3/25/2025 4:00,0,0,0,0,0,0,41.19,54.05
3/25/2025 5:00,0,0,0,0,0,0,40.66,52.39
3/25/2025 6:00,0,0,0,0,0,0,40.5,51.64
3/25/2025 7:00,0,0,0,0,0,0,40.62,54.84
3/25/2025 8:00,0,0,0,0,0,0,42.19,56.68
3/25/2025 9:00,0,0,0,0,0,0,41.68,56.65
3/25/2025 10:00,0,0,0,0,0,0,40.27,55.89
3/25/2025 11:00,0,0,0,0,0,0,40.36,57.35
3/25/2025 12:00,0,0,0,0,0,0,40.38,58.61
3/25/2025 13:00,0,0,0,0,0,0,40.31,58.92
3/25/2025 14:00,0,0,0,0,0,0,39.71,56.53
3/25/2025 15:00,0,0,0,0,0,0,38.81,62.63
3/25/2025 16:00,0,0,0,0.058,0,157,38.41,62.64
3/25/2025 17:00,0,0,0,0,0,0,38.26,55.74
3/25/2025 18:00,0,0,0,0,0,0,37.78,69.08
3/25/2025 19:00,0,0,0,0,0,0,38.18,55.78
3/25/2025 20:00,0,0,0,0,0,0,38.06,56.64
3/25/2025 21:00,0,0,0,0,0,0,38.19,62.43
3/25/2025 22:00,0,0,0,0,0,0,38.85,59.3
3/25/2025 23:00,0,0,0,0,0,0,38.01,60.93
3/26/2025 0:00,0,0,0,0,0,0,38.58,54.48
3/26/2025 1:00,0,0,0,0,0,0,38.02,57.52
3/26/2025 2:00,0,0,0,0,0,0,39.45,58.81
3/26/2025 3:00,0,0,0,0,0,0,40.76,55.7
3/26/2025 4:00,0,0,0,0,0,0,41.45,55.54
3/26/2025 5:00,0,0,0,0,0,0,41.83,55.48
3/26/2025 6:00,0,0,0,0,0,0,41.77,55.3
3/26/2025 7:00,0,0,0,0,0,0,41.63,55.27
3/26/2025 8:00,0,0,0,0,0,0,41.77,57.41
3/26/2025 9:00,0,0,0,0,0,0,41.84,56.41
3/26/2025 10:00,0,0,0,0,0,0,41.5,56.17
3/26/2025 11:00,0,0,0,0,0,0,41.6,56.35
3/26/2025 12:00,0,0,0,0,0,0,41.65,56.37
3/26/2025 13:00,0,0,0,0,0,0,41.13,56.62
3/26/2025 14:00,0,0,0,0,0,0,40.14,55.66
3/26/2025 15:00,0,0,0,0,0,0,39.3,54.01
3/26/2025 16:00,0,0,0,0,0,0,38.88,53.13
3/26/2025 17:00,0,0,0,0,0,0,38.73,52.45
3/26/2025 18:00,0,0,0,0,0,0,38.66,52.09
3/26/2025 19:00,0,0,0,0,0,0,38.63,51.91
3/26/2025 20:00,0,0,0,0,0,0,38.59,52.33
3/26/2025 21:00,0,0,0,0,0,0,38.72,52.05
3/26/2025 22:00,0,0,0,0,0,0,38.57,51.61
3/26/2025 23:00,0,0,0,0,0,0,38.54,52.45
3/27/2025 0:00,0,0,0,0,0,0,38.54,51.29
3/27/2025 1:00,0,0,0,0,0,0,38.6,51.41
3/27/2025 2:00,0,0,0,0,0,0,39.95,54.97
3/27/2025 3:00,0,0,0,0,0,0,41.14,54.78
3/27/2025 4:00,0,0,0,0,0,0,41.43,54.66
3/27/2025 5:00,0,0,0,0,0,0,41.4,54.91
3/27/2025 6:00,0,0,0,0,0,0,41.28,54.44
3/27/2025 7:00,0,0,0,0,0,0,40.97,54.13
3/27/2025 8:00,0,0,0,0,0,0,41.46,57.05
3/27/2025 9:00,0,0,0,0,0,0,42.04,56.56
3/27/2025 10:00,0,0,0,0,0,0,41.76,56.39
3/27/2025 11:00,0,0,0,0,0,0,41.9,56.45
3/27/2025 12:00,0,0,0,0,0,0,41.77,56.34
3/27/2025 13:00,0,0,0,0,0,0,40.89,56.22
3/27/2025 14:00,0,0,0,0,0,0,39.53,54.26
3/27/2025 15:00,0,0,0,0,0,0,39.03,53.09
3/27/2025 16:00,0,0,0,0,0,0,38.81,52.46
3/27/2025 17:00,0,0,0,0,0,0,38.7,51.82
3/27/2025 18:00,0,0,0,0,0,0,38.71,51.94
3/27/2025 19:00,0,0,0,0,0,0,38.66,51.61
3/27/2025 20:00,0,0,0,0,0,0,38.67,63.03
3/27/2025 21:00,0,0,0,0,0,0,38.99,52.31
3/27/2025 22:00,0,0,0,0,0,0,38.7,53.81
3/27/2025 23:00,0,0,0,0.291,0,286.7,40.11,59.07
3/28/2025 0:00,0,0,0,0.058,0,295.1,39.66,69.1
3/28/2025 1:00,0,0,0,0.058,0,263.2,38.79,53.93
3/28/2025 2:00,0,0,0,0,0,0,40.06,55.45
3/28/2025 3:00,0,0,0,0.058,0,258.2,40.93,54.64
3/28/2025 4:00,0,0,0,0,0,0,40.82,56.21
3/28/2025 5:00,0,0,0,0,0,0,41.31,60.64
3/28/2025 6:00,0,0,0,0,0,0,41.17,54.2
3/28/2025 7:00,0,0,0,0,0,0,41.03,54.08
3/28/2025 8:00,0,0,0,0,0,0,41.34,55.21
3/28/2025 9:00,0,0,0,0,0,0,41.74,56.1
3/28/2025 10:00,0,0,0,0,0,0,41.86,56.86
3/28/2025 11:00,0,0,0,0.058,0,251.1,41.92,57.07
3/28/2025 12:00,0,0,0,0,0,0,41.56,56.58
3/28/2025 13:00,0,0,0,0,0,0,40.55,56.55
3/28/2025 14:00,0,0,0,0,0,0,39.32,53.52
3/28/2025 15:00,0,0,0,0,0,0,38.86,52.15
3/28/2025 16:00,0,0,0,0.058,0,263,38.67,51.44
3/28/2025 17:00,0,0,0,0,0,0,38.62,51.09
3/28/2025 18:00,0,0,0,0.058,0,247.4,38.61,51.85
3/28/2025 19:00,0,0,0,0,0,0,38.67,50.78
3/28/2025 20:00,0,0,0,0,0,0,38.7,50.69
3/28/2025 21:00,0,0,0,0,0,0,38.69,50.86
3/28/2025 22:00,0,0,0,0,0,0,38.65,50.71
3/28/2025 23:00,0,0,0,0.058,0,243.6,38.71,51.31
3/29/2025 0:00,0,0,0,0,0,0,38.85,51.33
3/29/2025 1:00,0,0,0,0.058,0,251.8,38.92,52.11
3/29/2025 2:00,0,0,0,0,0,0,39.92,53.95
3/29/2025 3:00,0,0,0,0,0,0,40.66,53.11
3/29/2025 4:00,0,0,0,0,0,0,40.78,53.5
3/29/2025 5:00,0,0,0,0,0,0,40.76,53.06
3/29/2025 6:00,0,0,0,0,0,0,40.8,53.39
3/29/2025 7:00,0,0,0,0,0,0,40.67,53.37
3/29/2025 8:00,0,0,0,0,0,0,41.29,55.3
3/29/2025 9:00,0,0,0,0,0,0,41.82,56.2
3/29/2025 10:00,0,0,0,0,0,0,41.9,56.39
3/29/2025 11:00,0,0,0,0,0,0,41.63,56.7
3/29/2025 12:00,0,0,0,0,0,0,40.83,56.82
3/29/2025 13:00,0,0,0,0,0,0,40.42,56.15
3/29/2025 14:00,0,0,0,0,0,0,39.2,54.12
3/29/2025 15:00,0,0,0,0.116,0,253.5,39.02,53.71
3/29/2025 16:00,0,0,0,0.116,0,282.5,38.64,52.27
3/29/2025 17:00,0,0,0,0.349,0.001,247.4,39.03,54.19
3/29/2025 18:00,0,0,0,0.116,0,243.5,39.06,53.79
3/29/2025 19:00,0,0,0,0.174,0.001,255.8,38.63,52.52
3/29/2025 20:00,0,0,0,0.058,0,243.2,38.46,52.02
3/29/2025 21:00,0,0,0,0,0,0,38.15,53.36
3/29/2025 22:00,0,0,0,0.116,0,268.7,39.36,55.88
3/29/2025 23:00,0,0,0,0.116,0,251.6,38.43,51.71
3/30/2025 0:00,0,0,0,0.058,0,244.9,38.36,51.97
3/30/2025 1:00,0,0,0,0.058,0,261.2,38.55,52.01
3/30/2025 2:00,0,0,0,0.116,0,264.8,39.68,54.41
3/30/2025 3:00,0,0,0,0.174,0.001,253.7,41.04,55.48
3/30/2025 4:00,0,0,0,0.116,0,279.8,41.52,57.92
3/30/2025 5:00,0,0,0,0.058,0,285.5,41.56,55.52
3/30/2025 6:00,0,0,0,0.058,0,252.8,41.53,55.85
3/30/2025 7:00,0,0,0,0.058,0,313.1,41.48,56.34
3/30/2025 8:00,0,0,0,0.058,0,287.7,41.17,58.77
3/30/2025 9:00,0,0,0,0.058,0,224.9,39.03,58.63
3/30/2025 10:00,0,0,0,0.029,0,246.5,41.13,66.96
3/30/2025 11:00,0,0,0,0.058,0,265.9,40.29,60.4
3/30/2025 12:00,0,0,0,0.058,0,293.5,41.85,62.64
3/30/2025 13:00,0,0,0,0.291,0.001,290.8,40.87,57.47
3/30/2025 14:00,0,0,0,0.116,0.001,277.5,39.46,55.78
3/30/2025 15:00,0,0,0,0.174,0.001,292.9,39.38,54.5
3/30/2025 16:00,0,0,0,0.174,0.001,294.6,39,57.61
3/30/2025 17:00,0,0,0,0.233,0.001,300.2,38.69,55.81
3/30/2025 18:00,0,0,0,0.116,0.001,286.8,40.07,54.57
3/30/2025 19:00,0,0,0,0.058,0,299.8,39.1,54.07
3/30/2025 20:00,0,0,0,0.174,0.001,287.5,38.83,53.03
3/30/2025 21:00,0,0,0,0.174,0.002,295.5,39.32,54.75
3/30/2025 22:00,0,0,0,0.233,0.002,287.1,38.77,53.28
3/30/2025 23:00,0,0,0,0.174,0.001,280.8,39.27,54.42
3/31/2025 0:00,0,0,0,0.058,0,277.2,38.87,52.37
3/31/2025 1:00,0,0,0,0.058,0,277,38.91,51.83
3/31/2025 2:00,0,0,0,0.116,0,271.8,41.78,56.63
3/31/2025 3:00,0,0,0,0.116,0,289.9,42.72,56.11
3/31/2025 4:00,0,0,0,0.058,0,264.6,42.72,55.91
3/31/2025 5:00,0,0,0,0,0,0,42.8,55.85
3/31/2025 6:00,0,0,0,0,0,0,42.79,55.86
3/31/2025 7:00,0,0,0,0,0,0,42.34,55.6
3/31/2025 8:00,0,0,0,0,0,0,43.4,58.21
3/31/2025 9:00,0,0,0,0,0,0,44.55,59.17
3/31/2025 10:00,0,0,0,0,0,0,45.09,59.63
3/31/2025 11:00,0,0,0,0,0,0,44.96,59.63
3/31/2025 12:00,0,0,0,0,0,0,44.56,59.38
3/31/2025 13:00,0,0,0,0,0,0,43.17,58.53
3/31/2025 14:00,0,0,0,0,0,0,41.17,55.62
3/31/2025 15:00,0,0,0,0,0,0,40.46,54.31
3/31/2025 16:00,0,0,0,0,0,0,40.03,53.07
3/31/2025 17:00,0,0,0,0,0,0,39.76,52.99
3/31/2025 18:00,0,0,0,0,0,0,39.66,52.08
3/31/2025 19:00,0,0,0,0,0,0,39.59,52.02
3/31/2025 20:00,0,0,0,0.058,0,311.8,39.53,52.09
3/31/2025 21:00,0,0,0,0,0,0,39.52,54.15
3/31/2025 22:00,0,0,0,0.058,0,280.3,39.56,52.6
3/31/2025 23:00,0,0,0,0.058,0,255.3,39.56,52.43
4/1/2025 0:00,0,0,0,0,0,0,39.44,52.55
4/1/2025 1:00,0,0,0,0.058,0,227.1,39.36,52.13
4/1/2025 2:00,0,0,0,0.058,0,241.9,40.65,55.32
4/1/2025 3:00,0,0,0,0,0,0,40.52,55.41
4/1/2025 4:00,0,0,0,0,0,0,41.32,55.82
4/1/2025 5:00,0,0,0,0,0,0,40.86,54.89
4/1/2025 6:00,0,0,0,0,0,0,41.46,55.73
4/1/2025 7:00,0,0,0,0,0,0,41.7,54.25
4/1/2025 8:00,0,0,0,0,0,0,43.54,57.92
4/1/2025 9:00,0,0,0,0,0,0,44.48,58.76
4/1/2025 10:00,0,0,0,0,0,0,44.55,59.06
4/1/2025 11:00,0,0,0,0,0,0,42.85,59.47
4/1/2025 12:00,0,0,0,0,0,0,41.18,58.14
4/1/2025 13:00,0,0,0,0,0,0,40.23,54.81
4/1/2025 14:00,0,0,0,0,0,0,40.31,54.55
4/1/2025 15:00,0,0,0,0,0,0,39.52,53.23
4/1/2025 16:00,0,0,0,0,0,0,39.69,53.44
4/1/2025 17:00,0,0,0,0,0,0,39.45,51.76
4/1/2025 18:00,0,0,0,0,0,0,38.6,52.69
4/1/2025 19:00,0,0,0,0,0,0,38.53,51.17
4/1/2025 20:00,0,0,0,0.058,0,318.8,39.11,52.58
4/1/2025 21:00,0,0,0,0,0,0,39.69,51.42
4/1/2025 22:00,0,0,0,0,0,0,37.88,54.01
4/1/2025 23:00,0,0,0,0.058,0,262.6,37.74,66.24
4/2/2025 0:00,0,0,0,0.174,0,269.1,44.46,79
4/2/2025 1:00,0,0,0,0.233,0,269.6,45.81,77.04
4/2/2025 2:00,0,0,0,0.058,0,275.5,47.99,80.1
4/2/2025 3:00,0,0,0,0.058,0,217.3,45.26,76.83
4/2/2025 4:00,0,0,0,0.116,0,55.76,43.7,93
4/2/2025 5:00,0,0,0,0.116,0,191.2,43.68,78.19
4/2/2025 6:00,0,0,0,0.116,0,284.1,42.43,79.33
4/2/2025 7:00,0,0,0,0,0,0,41.35,75.88
4/2/2025 8:00,0,0,0,0,0,0,43.12,69.15
4/2/2025 9:00,0,0,0,0,0,0,42.99,77.36
4/2/2025 10:00,0,0,0,0,0,0,41.98,72.57
4/2/2025 11:00,0,0,0,0,0,0,42.18,73.55
4/2/2025 12:00,0,0,0,0,0,0,43.78,82.2
4/2/2025 13:00,0,0,0,0,0,0,45.03,79.38
4/2/2025 14:00,0,0,0,0,0,0,45.52,77.53
4/2/2025 15:00,0,0,0,0,0,0,45.03,72.18
4/2/2025 16:00,0,0,0,0,0,0,44.81,80.8
4/2/2025 17:00,0,0,0,0,0,0,43.88,79.6
4/2/2025 18:00,0,0,0,0,0,0,43.53,74.95
4/2/2025 19:00,0,0,0,0,0,0,43.79,77.17
4/2/2025 20:00,0,0,0,0,0,0,39.62,66.7
4/2/2025 21:00,0,0,0,0,0,0,37.48,56.75
4/2/2025 22:00,0,0,0,0.058,0,264.8,38.08,52.56
4/2/2025 23:00,0,0,0,0.058,0,294.3,39.07,60.65
4/3/2025 0:00,0,0,0,0.174,0,294.4,39.36,54.26
4/3/2025 1:00,0,0,0,0.174,0,278.2,39.8,55.43
4/3/2025 2:00,0,0,0,0,0,0,40.77,55.6
4/3/2025 3:00,0,0,0,0,0,0,40.33,53.11
4/3/2025 4:00,0,0,0,0,0,0,40.4,53.25
4/3/2025 5:00,0,0,0,0,0,0,42.18,55.81
4/3/2025 6:00,0,0,0,0,0,0,42.72,55.88
4/3/2025 7:00,0,0,0,0,0,0,42.44,55.65
4/3/2025 8:00,0,0,0,0,0,0,42.99,57.3
4/3/2025 9:00,0,0,0,0,0,0,44.16,58.59
4/3/2025 10:00,0,0,0,0,0,0,44.23,59.74
4/3/2025 11:00,0,0,0,0,0,0,44.16,59.71
4/3/2025 12:00,0,0,0,0,0,0,43.68,59.18
4/3/2025 13:00,0,0,0,0,0,0,41.66,57.92
4/3/2025 14:00,0,0,0,0,0,0,38.09,59.18
4/3/2025 15:00,0,0,0,0,0,0,42.72,64.63
4/3/2025 16:00,0,0,0,0,0,0,40.42,54.83
4/3/2025 17:00,0,0,0,0.058,0,319.9,39.52,53.74
4/3/2025 18:00,0,0,0,0.233,0,315.2,38.82,52.27
4/3/2025 19:00,0,0,0,0.058,0,325.4,38.72,53.9
4/3/2025 20:00,0,0,0,0.058,0,318.6,38.61,52.73
4/3/2025 21:00,0,0,0,0.058,0.001,287.7,38.69,61.34
4/3/2025 22:00,0,0,0,0.116,0,252.3,38.84,62.62
4/3/2025 23:00,0,0,0,0.174,0.001,297.6,39.1,58.79
4/4/2025 0:00,0,0,0,0.756,0.002,294.4,39.5,57.9
4/4/2025 1:00,0,0,0,0.116,0.001,306.9,40.62,67.12
4/4/2025 2:00,0,0,0,0.291,0.001,321.2,40.98,58.57
4/4/2025 3:00,0,0,0,0,0,0,40.6,60.06
4/4/2025 4:00,0,0,0,0,0,0,40.46,53.74
4/4/2025 5:00,0,0,0,0,0,0,40.65,60.2
4/4/2025 6:00,0,0,0,0.174,0,291.2,40.13,60.03
4/4/2025 7:00,0,0,0,0.058,0,315.9,41.02,58.14
4/4/2025 8:00,0,0,0,0.291,0,292.4,41.07,69.02
4/4/2025 9:00,0,0,0,0,0,0,41.26,56.21
4/4/2025 10:00,0,0,0,0,0,0,41.07,56.1
4/4/2025 11:00,0,0,0,0,0,0,41.23,55.58
4/4/2025 12:00,0,0,0,0,0,0,40.85,54.86
4/4/2025 13:00,0,0,0,0,0,0,40.29,53.99
4/4/2025 14:00,0,0,0,0,0,0,39.15,52.1
4/4/2025 15:00,0,0,0,0,0,0,38.92,51.29
4/4/2025 16:00,0,0,0,0,0,0,38.86,50.38
4/4/2025 17:00,0,0,0,0,0,0,38.81,49.95
4/4/2025 18:00,0,0,0,0,0,0,38.8,49.96
4/4/2025 19:00,0,0,0,0,0,0,38.8,50.06
4/4/2025 20:00,0,0,0,0,0,0,38.8,50.12
4/4/2025 21:00,0,0,0,0,0,0,38.85,50.05
4/4/2025 22:00,0,0,0,0,0,0,38.94,50.06
4/4/2025 23:00,0,0,0,0,0,0,38.97,50.05
4/5/2025 0:00,0,0,0,0,0,0,39.02,50.17
4/5/2025 1:00,0,0,0,0,0,0,39.11,50.25
4/5/2025 2:00,0,0,0,0,0,0,40.03,51.96
4/5/2025 3:00,0,0,0,0,0,0,40.28,51.33
4/5/2025 4:00,0,0,0,0,0,0,40.43,51.51
4/5/2025 5:00,0,0,0,0,0,0,40.68,52.16
4/5/2025 6:00,0,0,0,0,0,0,40.72,52.67
4/5/2025 7:00,0,0,0,0,0,0,40.68,54.23
4/5/2025 8:00,0,0,0,0,0,0,41.63,55.67
4/5/2025 9:00,0,0,0,0,0,0,42.07,56.93
4/5/2025 10:00,0,0,0,0,0,0,41.82,56.33
4/5/2025 11:00,0,0,0,0,0,0,41.88,56.25
4/5/2025 12:00,0,0,0,0,0,0,40.68,56.16
4/5/2025 13:00,0,0,0,0,0,0,38.87,55.71
4/5/2025 14:00,0,0,0,0,0,0,39.77,56.69
4/5/2025 15:00,0,0,0,0,0,0,38.85,53.24
4/5/2025 16:00,0,0,0,0,0,0,38.73,52.25
4/5/2025 17:00,0,0,0,0,0,0,38.7,50.73
4/5/2025 18:00,0,0,0,0,0,0,38.72,50.43
4/5/2025 19:00,0,0,0,0,0,0,38.32,50.57
4/5/2025 20:00,0,0,0,0,0,0,38.69,54.47
4/5/2025 21:00,0,0,0,0,0,0,38.97,50.6
4/5/2025 22:00,0,0,0,0,0,0,38.83,50.11
4/5/2025 23:00,0,0,0,0,0,0,38.53,50.67
4/6/2025 0:00,0,0,0,0,0,0,38.94,50.91
4/6/2025 1:00,0,0,0,0,0,0,39.43,60.76
4/6/2025 2:00,0,0,0,0,0,0,41.84,59.91
4/6/2025 3:00,0,0,0,0,0,0,42.49,59.59
4/6/2025 4:00,0,0,0,0,0,0,41.8,53.94
4/6/2025 5:00,0,0,0,0,0,0,42.22,59.37
4/6/2025 6:00,0,0,0,0,0,0,42.22,62.94
4/6/2025 7:00,0,0,0,0,0,0,42.09,56.2
4/6/2025 8:00,0,0,0,0,0,0,41.81,55.42
4/6/2025 9:00,0,0,0,0,0,0,41.08,56.8
4/6/2025 10:00,0,0,0,0,0,0,41.34,56.05
4/6/2025 11:00,0,0,0,0,0,0,41.25,56
4/6/2025 12:00,0,0,0,0,0,0,40.57,54.52
4/6/2025 13:00,0,0,0,0,0,0,39.53,52.79
4/6/2025 14:00,0,0,0,0,0,0,38.89,51.64
4/6/2025 15:00,0,0,0,0,0,0,43.01,76.76
4/6/2025 16:00,0,0,0,0,0,0,54.02,103.8
4/6/2025 17:00,0,0,0,0,0,0,43.79,70.05
4/6/2025 18:00,0,0,0,0,0,0,41.06,56.15
4/6/2025 19:00,0,0,0,0,0,0,39.48,51.53
4/6/2025 20:00,0,0,0,0,0,0,39.3,51.09
4/6/2025 21:00,0,0,0,0,0,0,39.38,51.27
4/6/2025 22:00,0,0,0,0,0,0,39.44,50.9
4/6/2025 23:00,0,0,0,0,0,0,39.32,51.38
4/7/2025 0:00,0,0,0,0,0,0,39.09,68.68
4/7/2025 1:00,0,0,0,0,0,0,47.05,80.3
4/7/2025 2:00,0,0,0,0,0,0,45.75,69.72
4/7/2025 3:00,0,0,0,0,0,0,43.58,57.89
4/7/2025 4:00,0,0,0,0,0,0,42.71,56.13
4/7/2025 5:00,0,0,0,0,0,0,42.59,55.64
4/7/2025 6:00,0,0,0,0,0,0,42.23,56.35
4/7/2025 7:00,0,0,0,0,0,0,41.53,56.19
4/7/2025 8:00,0,0,0,0,0,0,41.92,57.78
4/7/2025 9:00,0,0,0,0,0,0,41.34,55.82
4/7/2025 10:00,0,0,0,0,0,0,41.55,56.3
4/7/2025 11:00,0,0,0,0,0,0,41.16,55.63
4/7/2025 12:00,0,0,0,0,0,0,41.04,55.64
4/7/2025 13:00,0,0,0,0,0,0,39.77,54.44
4/7/2025 14:00,0,0,0,0,0,0,38.7,52.7
4/7/2025 15:00,0,0,0,0,0,0,38.73,52.58
4/7/2025 16:00,0,0,0,0,0,0,38.36,51.54
4/7/2025 17:00,0,0,0,0,0,0,38.2,50.81
4/7/2025 18:00,0,0,0,0,0,0,38.23,50.52
4/7/2025 19:00,0,0,0,0,0,0,38.29,50.18
4/7/2025 20:00,0,0,0,0,0,0,38.3,50.19
4/7/2025 21:00,0,0,0,0,0,0,38.28,50.06
4/7/2025 22:00,0,0,0,0,0,0,38.33,49.96
4/7/2025 23:00,0,0,0,0,0,0,38.35,49.87
4/8/2025 0:00,0,0,0,0,0,0,38.4,49.95
4/8/2025 1:00,0,0,0,0,0,0,38.48,50.06
4/8/2025 2:00,0,0,0,0,0,0,40.59,53.69
4/8/2025 3:00,0,0,0,0,0,0,41.32,55.21
4/8/2025 4:00,0,0,0,0,0,0,41.71,55.71
4/8/2025 5:00,0,0,0,0,0,0,41.6,56.06
4/8/2025 6:00,0,0,0,0,0,0,41,55.19
4/8/2025 7:00,0,0,0,0,0,0,41.58,56.02
4/8/2025 8:00,0,0,0,0,0,0,38.46,55.17
4/8/2025 9:00,0,0,0,0,0,0,36.54,51.57
4/8/2025 10:00,0,0,0,0,0,0,36.75,51.22
4/8/2025 11:00,0,0,0,0,0,0,36.55,51.09
4/8/2025 12:00,0,0,0,0,0,0,37.15,51.57
4/8/2025 13:00,0,0,0,0,0,0,36.09,51.37
4/8/2025 14:00,0,0,0,0,0,0,35.82,50.17
4/8/2025 15:00,0,0,0,0,0,0,35.62,49.88
4/8/2025 16:00,0,0,0,0,0,0,34.83,52.59
4/8/2025 17:00,0,0,0,0,0,0,35.82,62.49
4/8/2025 18:00,0,0,0,0,0,0,39.46,67.77
4/8/2025 19:00,0,0,0,0,0,0,41.31,66.25
4/8/2025 20:00,0,0,0,0,0,0,38.35,60.36
4/8/2025 21:00,0,0,0,0,0,0,35.5,56.91
4/8/2025 22:00,0,0,0,0,0,0,37.43,56.34
4/8/2025 23:00,0,0,0,0,0,0,37.45,56.65
4/9/2025 0:00,0,0,0,0,0,0,38.16,56.41
4/9/2025 1:00,0,0,0,0,0,0,37.58,55.15
4/9/2025 2:00,0,0,0,0,0,0,39.71,58.05
4/9/2025 3:00,0,0,0,0,0,0,40.2,58.75
4/9/2025 4:00,0,0,0,0,0,0,41.25,60.43
4/9/2025 5:00,0,0,0,0,0,0,41.47,62.37
4/9/2025 6:00,0,0,0,0,0,0,41.81,55.67
4/9/2025 7:00,0,0,0,0,0,0,42.43,56.14
4/9/2025 8:00,0,0,0,0,0,0,41.44,56.33
4/9/2025 9:00,0,0,0,0,0,0,40.13,53.75
4/9/2025 10:00,0,0,0,0,0,0,39.82,53.49
4/9/2025 11:00,0,0,0,0,0,0,39.54,54.03
4/9/2025 12:00,0,0,0,0,0,0,40.2,55.21
4/9/2025 13:00,0,0,0,0,0,0,40.17,55.28
4/9/2025 14:00,0,0,0,0,0,0,39.18,54.66
4/9/2025 15:00,0,0,0,0,0,0,38.75,53.56
4/9/2025 16:00,0,0,0,0,0,0,38.39,52.56
4/9/2025 17:00,0,0,0,0,0,0,38.15,52.48
4/9/2025 18:00,0,0,0,0,0,0,36.9,55.68
4/9/2025 19:00,0,0,0,0,0,0,38.54,54.85
4/9/2025 20:00,0,0,0,0,0,0,38.57,56.15
4/9/2025 21:00,0,0,0,0,0,0,39.47,54.73
4/9/2025 22:00,0,0,0,0,0,0,39.3,57.62
4/9/2025 23:00,0,0,0,0,0,0,38.79,52.92
4/10/2025 0:00,0,0,0,0,0,0,38.29,52.37
4/10/2025 1:00,0,0,0,0,0,0,37.22,54.83
4/10/2025 2:00,0,0,0,0,0,0,41.25,56.16
4/10/2025 3:00,0,0,0,0,0,0,39.35,55.17
4/10/2025 4:00,0,0,0,0,0,0,37.12,53.58
4/10/2025 5:00,0,0,0,0,0,0,35.13,50.96
4/10/2025 6:00,0,0,0,0,0,0,35.47,57.84
4/10/2025 7:00,0,0,0,0,0,0,35.98,54.19
4/10/2025 8:00,0,0,0,0,0,0,34.23,53.25
4/10/2025 9:00,0,0,0,0,0,0,33.9,56.46
4/10/2025 10:00,0,0,0,0,0,0,32.83,59.06
4/10/2025 11:00,0,0,0,0,0,0,32.25,48.8
4/10/2025 12:00,0,0,0,0,0,0,33.51,50.38
4/10/2025 13:00,0,0,0,0,0,0,33.3,48.54
4/10/2025 14:00,0,0,0,0,0,0,34.44,49.2
4/10/2025 15:00,0,0,0,0,0,0,34.35,51.76
4/10/2025 16:00,0,0,0,0,0,0,34.97,49.6
4/10/2025 17:00,0,0,0,0,0,0,35.72,50.24
4/10/2025 18:00,0,0,0,0,0,0,36.02,50.65
4/10/2025 19:00,0,0,0,0,0,0,36.13,50.77
4/10/2025 20:00,0,0,0,0,0,0,36.21,50.72
4/10/2025 21:00,0,0,0,0,0,0,36.35,50.74
4/10/2025 22:00,0,0,0,0,0,0,36.49,50.89
4/10/2025 23:00,0,0,0,0,0,0,36.57,51.2
4/11/2025 0:00,0,0,0,0,0,0,36.64,51.39
4/11/2025 1:00,0,0,0,0,0,0,38.07,54.17
4/11/2025 2:00,0,0,0,0,0,0,40.3,54.01
4/11/2025 3:00,0,0,0,0,0,0,39.87,53.78
4/11/2025 4:00,0,0,0,0,0,0,39.35,53.13
4/11/2025 5:00,0,0,0,0,0,0,37.33,51.52
4/11/2025 6:00,0,0,0,0,0,0,37.07,51.21
4/11/2025 7:00,0,0,0,0,0,0,38.96,52.93
4/11/2025 8:00,0,0,0,0,0,0,38.17,52.02
4/11/2025 9:00,0,0,0,0,0,0,37.9,51.04
4/11/2025 10:00,0,0,0,0,0,0,37.37,51.06
4/11/2025 11:00,0,0,0,0,0,0,37.13,50.74
4/11/2025 12:00,0,0,0,0,0,0,36.99,51.67
4/11/2025 13:00,0,0,0,0,0,0,36.56,52.81
4/11/2025 14:00,0,0,0,0,0,0,37.2,53.41
4/11/2025 15:00,0,0,0,0,0,0,38.81,54.01
4/11/2025 16:00,0,0,0,0,0,0,39.09,54.69
4/11/2025 17:00,0,0,0,0,0,0,38.68,52.98
4/11/2025 18:00,0,0,0,0,0,0,38.74,52.9
4/11/2025 19:00,0,0,0,0,0,0,38.8,52.83
4/11/2025 20:00,0,0,0,0,0,0,38.82,52.99
4/11/2025 21:00,0,0,0,0,0,0,39.07,52.97
4/11/2025 22:00,0,0,0,0,0,0,39.05,52.12
4/11/2025 23:00,0,0,0,0,0,0,39.05,51.87
4/12/2025 0:00,0,0,0,0,0,0,39.06,51.97
4/12/2025 1:00,0,0,0,0,0,0,39.67,55.65
4/12/2025 2:00,0,0,0,0,0,0,42.77,56.55
4/12/2025 3:00,0,0,0,0,0,0,42.42,56.55
4/12/2025 4:00,0,0,0,0,0,0,40.88,54.92
4/12/2025 5:00,0,0,0,0,0,0,40.05,53
4/12/2025 6:00,0,0,0,0,0,0,40.68,54.41
4/12/2025 7:00,0,0,0,0,0,0,42.45,55.65
4/12/2025 8:00,0,0,0,0,0,0,39.96,53.94
4/12/2025 9:00,0,0,0,0,0,0,38.85,51.64
4/12/2025 10:00,0,0,0,0,0,0,37.31,51.17
4/12/2025 11:00,0,0,0,0,0,0,37.13,50.08
4/12/2025 12:00,0,0,0,0,0,0,37.49,50.59
4/12/2025 13:00,0,0,0,0,0,0,38.43,52.53
4/12/2025 14:00,0,0,0,0,0,0,39.4,53.48
4/12/2025 15:00,0,0,0,0,0,0,39.39,53.52
4/12/2025 16:00,0,0,0,0,0,0,39.16,52.94
4/12/2025 17:00,0,0,0,0,0,0,39.08,52.2
4/12/2025 18:00,0,0,0,0,0,0,39.05,51.91
4/12/2025 19:00,0,0,0,0,0,0,38.86,52.5
4/12/2025 20:00,0,0,0,0,0,0,37.65,54.37
4/12/2025 21:00,0,0,0,0,0,0,37.83,53.91
4/12/2025 22:00,0,0,0,0,0,0,32.24,53.15
4/12/2025 23:00,0,0,0,0,0,0,34.43,57.73
4/13/2025 0:00,0,0,0,0,0,0,35.96,57.37
4/13/2025 1:00,0,0,0,0,0,0,37.49,59.77
4/13/2025 2:00,0,0,0,0,0,0,42.14,59.67
4/13/2025 3:00,0,0,0,0,0,0,40.11,55.45
4/13/2025 4:00,0,0,0,0,0,0,40.04,55.89
4/13/2025 5:00,0,0,0,0,0,0,40.58,54.48
4/13/2025 6:00,0,0,0,0,0,0,39.58,53.33
4/13/2025 7:00,0,0,0,0,0,0,41.44,55.9
4/13/2025 8:00,0,0,0,0,0,0,40.03,55.25
4/13/2025 9:00,0,0,0,0,0,0,38.27,51.58
4/13/2025 10:00,0,0,0,0,0,0,37.21,51.5
4/13/2025 11:00,0,0,0,0,0,0,35.18,49.3
4/13/2025 12:00,0,0,0,0,0,0,33.41,49.5
4/13/2025 13:00,0,0,0,0,0,0,33.32,47.63
4/13/2025 14:00,0,0,0,0,0,0,33.96,48.05
4/13/2025 15:00,0,0,0,0,0,0,34.36,48.7
4/13/2025 16:00,0,0,0,0,0,0,35.16,49.39
4/13/2025 17:00,0,0,0,0,0,0,35.67,50.14
4/13/2025 18:00,0,0,0,0,0,0,36.53,51.19
4/13/2025 19:00,0,0,0,0,0,0,37.28,51.88
4/13/2025 20:00,0,0,0,0,0,0,37.76,52.51
4/13/2025 21:00,0,0,0,0,0,0,38.11,52.65
4/13/2025 22:00,0,0,0,0,0,0,38.4,52.66
4/13/2025 23:00,0,0,0,0,0,0,38.47,52.48
4/14/2025 0:00,0,0,0,0,0,0,38.46,52.62
4/14/2025 1:00,0,0,0,0,0,0,41.06,56.07
4/14/2025 2:00,0,0,0,0,0,0,41.43,55.87
4/14/2025 3:00,0,0,0,0,0,0,40.73,54.75
4/14/2025 4:00,0,0,0,0,0,0,39.54,53.39
4/14/2025 5:00,0,0,0,0,0,0,38.16,52.56
4/14/2025 6:00,0,0,0,0,0,0,36.55,51.14
4/14/2025 7:00,0,0,0,0,0,0,37.1,51.05
4/14/2025 8:00,0,0,0,0,0,0,37.67,51.08
4/14/2025 9:00,0,0,0,0,0,0,37.86,51.1
4/14/2025 10:00,0,0,0,0,0,0,38.85,52.23
4/14/2025 11:00,0,0,0,0,0,0,40.71,54.97
4/14/2025 12:00,0,0,0,0,0,0,41.86,56.14
4/14/2025 13:00,0,0,0,0,0,0,41.37,58.77
4/14/2025 14:00,0,0,0,0,0,0,40.13,55.74
4/14/2025 15:00,0,0,0,0,0,0,39.44,52.89
4/14/2025 16:00,0,0,0,0,0,0,38.07,54.41
4/14/2025 17:00,0,0,0,0,0,0,39.82,54.74
4/14/2025 18:00,0,0,0,0,0,0,39.28,54.9
4/14/2025 19:00,0,0,0,0,0,0,38.52,55.5
4/14/2025 20:00,0,0,0,0,0,0,39.33,54.15
4/14/2025 21:00,0,0,0,0,0,0,38.68,53.76
4/14/2025 22:00,0,0,0,0,0,0,38.71,52.5
4/14/2025 23:00,0,0,0,0,0,0,38.72,52.01
4/15/2025 0:00,0,0,0,0,0,0,38.62,52.01
4/15/2025 1:00,0,0,0,0,0,0,40.54,56.08
4/15/2025 2:00,0,0,0,0,0,0,42.23,56
4/15/2025 3:00,0,0,0,0,0,0,40.79,55.34
4/15/2025 4:00,0,0,0,0,0,0,41.6,55.6
4/15/2025 5:00,0,0,0,0,0,0,43.49,56.54
4/15/2025 6:00,0,0,0,0,0,0,44.26,57.14
4/15/2025 7:00,0,0,0,0,0,0,39.23,50.76
4/15/2025 8:00,0,0,0,0,0,0,38.11,49.11
4/15/2025 9:00,0,0,0,0,0,0,36.65,47.12
4/15/2025 10:00,0,0,0,0,0,0,34.22,45.57
4/15/2025 11:00,0,0,0,0,0,0,33.87,43.87
4/15/2025 12:00,0,0,0,0,0,0,32.65,43.53
4/15/2025 13:00,0,0,0,0,0,0,29.5,39.51
4/15/2025 14:00,0,0,0,0,0,0,28.48,43.44
4/15/2025 15:00,0,0,0,0,0,0,28.61,45.72
4/15/2025 16:00,0,0,0,0,0,0,28.47,48.71
4/15/2025 17:00,0,0,0,0,0,0,29.25,50.81
4/15/2025 18:00,0,0,0,0,0,0,29.35,49.06
4/15/2025 19:00,0,0,0,0,0,0,29.79,47.06
4/15/2025 20:00,0,0,0,0,0,0,30.64,46.79
4/15/2025 21:00,0,0,0,0,0,0,31.53,47.07
4/15/2025 22:00,0,0,0,0,0,0,34.15,60
4/15/2025 23:00,0,0,0,0,0,0,35.57,57.95
4/16/2025 0:00,0,0,0,0,0,0,35.14,58.38
4/16/2025 1:00,0,0,0,0,0,0,37.84,58.48
4/16/2025 2:00,0,0,0,0,0,0,38.35,58.95
4/16/2025 3:00,0,0,0,0,0,0,36.12,58.23
4/16/2025 4:00,0,0,0,0,0,0,33.23,54.47
4/16/2025 5:00,0,0,0,0,0,0,30.49,43.32
4/16/2025 6:00,0,0,0,0,0,0,32.78,40.55
4/16/2025 7:00,0,0,0,0,0,0,33.75,41.03
4/16/2025 8:00,0,0,0,0,0,0,31.42,37.36
4/16/2025 9:00,0,0,0,0,0,0,32.26,38.69
4/16/2025 10:00,0,0,0,0,0,0,30.57,37.57
4/16/2025 11:00,0,0,0,0,0,0,30.47,39.31
4/16/2025 12:00,0,0,0,0,0,0,31.97,48.94
4/16/2025 13:00,0,0,0,0,0,0,34.12,52.21
4/16/2025 14:00,0,0,0,0,0,0,34.42,52.24
4/16/2025 15:00,0,0,0,0,0,0,34.83,52.05
4/16/2025 16:00,0,0,0,0,0,0,35.38,51.15
4/16/2025 17:00,0,0,0,0,0,0,36.13,50.28
4/16/2025 18:00,0,0,0,0,0,0,36.58,49.51
4/16/2025 19:00,0,0,0,0,0,0,36.98,49.14
4/16/2025 20:00,0,0,0,0,0,0,37.23,49.05
4/16/2025 21:00,0,0,0,0,0,0,37.36,49.21
4/16/2025 22:00,0,0,0,0,0,0,37.41,49.23
4/16/2025 23:00,0,0,0,0,0,0,37.48,49.33
4/17/2025 0:00,0,0,0,0,0,0,37.53,49.5
4/17/2025 1:00,0,0,0,0,0,0,39.72,52.86
4/17/2025 2:00,0,0,0,0,0,0,40.27,54.42
4/17/2025 3:00,0,0,0,0,0,0,39.98,55.45
4/17/2025 4:00,0,0,0,0,0,0,38.21,55.31
4/17/2025 5:00,0,0,0,0,0,0,34.95,53.12
4/17/2025 6:00,0,0,0,0,0,0,30.05,48.65
4/17/2025 7:00,0,0,0,0,0,0,33.19,52.5
4/17/2025 8:00,0,0,0,0,0,0,33.19,52.03
4/17/2025 9:00,0,0,0,0,0,0,29.91,48
4/17/2025 10:00,0,0,0,0,0,0,28.49,45.43
4/17/2025 11:00,0,0,0,0,0,0,26.92,43.61
4/17/2025 12:00,0,0,0,0,0,0,29.83,48.57
4/17/2025 13:00,0,0,0,0,0,0,34.05,51.38
4/17/2025 14:00,0,0,0,0,0,0,35.86,51.99
4/17/2025 15:00,0,0,0,0,0,0,36.1,52.11
4/17/2025 16:00,0,0,0,0,0,0,36.04,52.1
4/17/2025 17:00,0,0,0,0,0,0,36.11,52.07
4/17/2025 18:00,0,0,0,0,0,0,36.05,51.98
4/17/2025 19:00,0,0,0,0,0,0,36,51.95
4/17/2025 20:00,0,0,0,0,0,0,36.37,52.11
4/17/2025 21:00,0,0,0,0,0,0,36.75,52.19
4/17/2025 22:00,0,0,0,0,0,0,36.61,51.71
4/17/2025 23:00,0,0,0,0,0,0,36.73,51.81
4/18/2025 0:00,0,0,0,0,0,0,36.76,51.8
4/18/2025 1:00,0,0,0,0,0,0,39.34,54.65
4/18/2025 2:00,0,0,0,0,0,0,40.16,55.08
4/18/2025 3:00,0,0,0,0,0,0,38.64,54.87
4/18/2025 4:00,0,0,0,0,0,0,36.37,52.92
4/18/2025 5:00,0,0,0,0,0,0,30.39,49.37
4/18/2025 6:00,0,0,0,0,0,0,23.4,43.97
4/18/2025 7:00,0,0,0,0,0,0,23.68,30.59
4/18/2025 8:00,0,0,0,0,0,0,27.62,32.75
4/18/2025 9:00,0,0,0,0,0,0,28.65,33.35
4/18/2025 10:00,0,0,0,0,0,0,28.36,34.31
4/18/2025 11:00,0,0,0,0,0,0,28.34,40.89
4/18/2025 12:00,0,0,0,0,0,0,30.83,47.37
4/18/2025 13:00,0,0,0,0,0,0,34.77,52.96
4/18/2025 14:00,0,0,0,0,0,0,36.64,53.14
4/18/2025 15:00,0,0,0,0,0,0,37.09,53.08
4/18/2025 16:00,0,0,0,0,0,0,36.83,53.87
4/18/2025 17:00,0,0,0,0,0,0,37.39,51.28
4/18/2025 18:00,0,0,0,0,0,0,37.24,50.04
4/18/2025 19:00,0,0,0,0,0,0,37.23,49.35
4/18/2025 20:00,0,0,0,0,0,0,37.4,49.1
4/18/2025 21:00,0,0,0,0,0,0,37.52,48.94
4/18/2025 22:00,0,0,0,0,0,0,37.53,49.18
4/18/2025 23:00,0,0,0,0,0,0,37.53,49.21
4/19/2025 0:00,0,0,0,0,0,0,37.43,50.81
4/19/2025 1:00,0,0,0,0,0,0,40.22,54.42
4/19/2025 2:00,0,0,0,0,0,0,41.16,56.01
4/19/2025 3:00,0,0,0,0,0,0,39.67,55.52
4/19/2025 4:00,0,0,0,0,0,0,36.8,53.08
4/19/2025 5:00,0,0,0,0,0,0,32.51,50.24
4/19/2025 6:00,0,0,0,0,0,0,28.89,47.06
4/19/2025 7:00,0,0,0,0,0,0,32.71,50.75
4/19/2025 8:00,0,0,0,0,0,0,33.66,50
4/19/2025 9:00,0,0,0,0,0,0,32.59,48.47
4/19/2025 10:00,0,0,0,0,0,0,31.94,49.75
4/19/2025 11:00,0,0,0,0,0,0,33.13,49.34
4/19/2025 12:00,0,0,0,0,0,0,31.64,51.37
4/19/2025 13:00,0,0,0,0,0,0,32.6,52
4/19/2025 14:00,0,0,0,0,0,0,35.83,54
4/19/2025 15:00,0,0,0,0,0,0,37.19,52.03
4/19/2025 16:00,0,0,0,0,0,0,37.56,52.64
4/19/2025 17:00,0,0,0,0,0,0,37.54,52.42
4/19/2025 18:00,0,0,0,0,0,0,37.67,52.71
4/19/2025 19:00,0,0,0,0,0,0,37.67,52.6
4/19/2025 20:00,0,0,0,0,0,0,37.81,52.74
4/19/2025 21:00,0,0,0,0,0,0,37.97,52.83
4/19/2025 22:00,0,0,0,0,0,0,37.97,53.05
4/19/2025 23:00,0,0,0,0,0,0,37.98,52.68
4/20/2025 0:00,0,0,0,0,0,0,38.02,53.66
4/20/2025 1:00,0,0,0,0,0,0,42.02,56.36
4/20/2025 2:00,0,0,0,0,0,0,41.95,56.28
4/20/2025 3:00,0,0,0,0,0,0,40.8,56.6
4/20/2025 4:00,0,0,0,0,0,0,38.57,56.48
4/20/2025 5:00,0,0,0,0,0,0,37.75,52.91
4/20/2025 6:00,0,0,0,0,0,0,36.71,52.16
4/20/2025 7:00,0,0,0,0,0,0,38.49,54.07
4/20/2025 8:00,0,0,0,0,0,0,34.56,52.53
4/20/2025 9:00,0,0,0,0,0,0,34.08,49.99
4/20/2025 10:00,0,0,0,0,0,0,33.02,48.1
4/20/2025 11:00,0,0,0,0,0,0,33.37,48.62
4/20/2025 12:00,0,0,0,0,0,0,35.29,53.68
4/20/2025 13:00,0,0,0,0,0,0,36.79,51.55
4/20/2025 14:00,0,0,0,0,0,0,35.57,51.34
4/20/2025 15:00,0,0,0,0,0,0,35.94,50.44
4/20/2025 16:00,0,0,0,0,0,0,35.97,52.52
4/20/2025 17:00,0,0,0,0,0,0,37.02,54.98
4/20/2025 18:00,0,0,0,0,0,0,36.79,54.52
4/20/2025 19:00,0,0,0,0,0,0,36.7,53.94
4/20/2025 20:00,0,0,0,0,0,0,37.28,52.73
4/20/2025 21:00,0,0,0,0,0,0,37.5,54.08
4/20/2025 22:00,0,0,0,0,0,0,36.76,53.24
4/20/2025 23:00,0,0,0,0,0,0,37.74,53.22
4/21/2025 0:00,0,0,0,0,0,0,37.73,54.15
4/21/2025 1:00,0,0,0,0,0,0,41.9,56.54
4/21/2025 2:00,0,0,0,0,0,0,41.04,55.85
4/21/2025 3:00,0,0,0,0,0,0,39.05,53.76
4/21/2025 4:00,0,0,0,0,0,0,38.06,52.38
4/21/2025 5:00,0,0,0,0,0,0,37.93,52.28
4/21/2025 6:00,0,0,0,0,0,0,37.1,52.09
4/21/2025 7:00,0,0,0,0,0,0,38.81,54
4/21/2025 8:00,0,0,0,0,0,0,36.1,51.94
4/21/2025 9:00,0,0,0,0,0,0,36.9,51.14
4/21/2025 10:00,0,0,0,0,0,0,36.3,50.93
4/21/2025 11:00,0,0,0,0,0,0,35.05,49.82
4/21/2025 12:00,0,0,0,0,0,0,35.5,50.4
4/21/2025 13:00,0,0,0,0,0,0,36.76,52.3
4/21/2025 14:00,0,0,0,0,0,0,37.33,53.05
4/21/2025 15:00,0,0,0,0,0,0,37.24,56.77
4/21/2025 16:00,0,0,0,0,0,0,37.07,58.59
4/21/2025 17:00,0,0,0,0,0,0,38.02,53.57
4/21/2025 18:00,0,0,0,0,0,0,37.84,52.79
4/21/2025 19:00,0,0,0,0,0,0,37.89,53
4/21/2025 20:00,0,0,0,0,0,0,37.96,52.5
4/21/2025 21:00,0,0,0,0,0,0,37.88,52.45
4/21/2025 22:00,0,0,0,0,0,0,37.77,52.27
4/21/2025 23:00,0,0,0,0,0,0,37.7,52.34
4/22/2025 0:00,0,0,0,0,0,0,37.85,53.75
4/22/2025 1:00,0,0,0,0,0,0,41.63,55.98
4/22/2025 2:00,0,0,0,0,0,0,41.36,55.58
4/22/2025 3:00,0,0,0,0,0,0,40.21,54.89
4/22/2025 4:00,0,0,0,0,0,0,39.08,53.92
4/22/2025 5:00,0,0,0,0,0,0,38.24,53.12
4/22/2025 6:00,0,0,0,0,0,0,38.14,53.38
4/22/2025 7:00,0,0,0,0,0,0,39.47,55.75
4/22/2025 8:00,0,0,0,0,0,0,38.21,54.01
4/22/2025 9:00,0,0,0,0,0,0,38.62,53.09
4/22/2025 10:00,0,0,0,0,0,0,37.87,52.63
4/22/2025 11:00,0,0,0,0,0,0,37.27,53.21
4/22/2025 12:00,0,0,0,0,0,0,37.27,54.8
4/22/2025 13:00,0,0,0,0,0,0,37.55,55.92
4/22/2025 14:00,0,0,0,0,0,0,38.15,56.52
4/22/2025 15:00,0,0,0,0,0,0,38.4,55.06
4/22/2025 16:00,0,0,0,0,0,0,37.22,53.16
4/22/2025 17:00,0,0,0,0,0,0,37.15,54.77
4/22/2025 18:00,0,0,0,0,0,0,36.92,54.42
4/22/2025 19:00,0,0,0,0,0,0,35.29,58.09
4/22/2025 20:00,0,0,0,0.058,0,301.7,35.22,56.08
4/22/2025 21:00,0,0,0,0.058,0,270.7,36.5,62.98
4/22/2025 22:00,0,0,0,0.058,0,254.9,37.75,58.4
4/22/2025 23:00,0,0,0,0.058,0,255.6,38.48,63.25
4/23/2025 0:00,0,0,0,0,0,0,39.58,55.59
4/23/2025 1:00,0,0,0,0,0,0,42.47,58.74
4/23/2025 2:00,0,0,0,0,0,0,42.18,56.85
4/23/2025 3:00,0,0,0,0,0,0,41.16,55.54
4/23/2025 4:00,0,0,0,0,0,0,40.56,55.04
4/23/2025 5:00,0,0,0,0,0,0,40.69,55.15
4/23/2025 6:00,0,0,0,0,0,0,39.93,54.55
4/23/2025 7:00,0,0,0,0,0,0,40.66,55.32
4/23/2025 8:00,0,0,0,0,0,0,39.27,54.24
4/23/2025 9:00,0,0,0,0,0,0,39.32,53.04
4/23/2025 10:00,0,0,0,0,0,0,38.86,53.04
4/23/2025 11:00,0,0,0,0,0,0,38.45,52.34
4/23/2025 12:00,0,0,0,0,0,0,38.54,52.74
4/23/2025 13:00,0,0,0,0,0,0,39.39,53.31
4/23/2025 14:00,0,0,0,0,0,0,39.35,53.43
4/23/2025 15:00,0,0,0,0,0,0,38.95,53.29
4/23/2025 16:00,0,0,0,0,0,0,38.67,53.08
4/23/2025 17:00,0,0,0,0,0,0,38.41,52.8
4/23/2025 18:00,0,0,0,0,0,0,38.32,52.7
4/23/2025 19:00,0,0,0,0,0,0,38.31,52.74
4/23/2025 20:00,0,0,0,0,0,0,38.22,52.72
4/23/2025 21:00,0,0,0,0,0,0,38.35,52.79
4/23/2025 22:00,0,0,0,0,0,0,38.19,52.81
4/23/2025 23:00,0,0,0,0,0,0,38.42,52.69
4/24/2025 0:00,0,0,0,0,0,0,38.67,54.6
4/24/2025 1:00,0,0,0,0,0,0,42.38,56.94
4/24/2025 2:00,0,0,0,0,0,0,42.03,57.46
4/24/2025 3:00,0,0,0,0,0,0,41.74,56.9
4/24/2025 4:00,0,0,0,0,0,0,41.51,57.33
4/24/2025 5:00,0,0,0,0,0,0,41.31,56.36
4/24/2025 6:00,0,0,0,0,0,0,41.04,55.93
4/24/2025 7:00,0,0,0,0,0,0,41.48,56.76
4/24/2025 8:00,0,0,0,0,0,0,41.02,56.11
4/24/2025 9:00,0,0,0,0,0,0,41.12,57.89
4/24/2025 10:00,0,0,0,0,0,0,40.14,60.22
4/24/2025 11:00,0,0,0,0,0,0,41.44,56.49
4/24/2025 12:00,0,0,0,0,0,0,41.88,58.69
4/24/2025 13:00,0,0,0,0,0,0,41.46,56.95
4/24/2025 14:00,0,0,0,0,0,0,39.94,55.11
4/24/2025 15:00,0,0,0,0,0,0,39.3,54.58
4/24/2025 16:00,0,0,0,0.058,0,273.3,39.28,56.13
4/24/2025 17:00,0,0,0,0,0,0,38.94,54.85
4/24/2025 18:00,0,0,0,0,0,0,39.13,53.66
4/24/2025 19:00,0,0,0,0,0,0,38.77,52.94
4/24/2025 20:00,0,0,0,0,0,0,38.54,52.12
4/24/2025 21:00,0,0,0,0,0,0,38.53,51.88
4/24/2025 22:00,0,0,0,0,0,0,38.51,52.8
4/24/2025 23:00,0,0,0,0,0,0,38.59,52.64
4/25/2025 0:00,0,0,0,0,0,0,39.11,54.78
4/25/2025 1:00,0,0,0,0,0,0,42.28,55.84
4/25/2025 2:00,0,0,0,0,0,0,42.13,55.82
4/25/2025 3:00,0,0,0,0,0,0,41.9,55.67
4/25/2025 4:00,0,0,0,0,0,0,41.95,55.75
4/25/2025 5:00,0,0,0,0,0,0,41.65,55.75
4/25/2025 6:00,0,0,0,0,0,0,41.21,55.42
4/25/2025 7:00,0,0,0,0,0,0,41.52,55.6
4/25/2025 8:00,0,0,0,0,0,0,41.16,55.77
4/25/2025 9:00,0,0,0,0,0,0,41.39,55.73
4/25/2025 10:00,0,0,0,0,0,0,41.35,55.8
4/25/2025 11:00,0,0,0,0,0,0,41.67,56.12
4/25/2025 12:00,0,0,0,0,0,0,42.12,56.1
4/25/2025 13:00,0,0,0,0,0,0,41.54,55.98
4/25/2025 14:00,0,0,0,0,0,0,39.99,54.23
4/25/2025 15:00,0,0,0,0,0,0,39.31,53.21
4/25/2025 16:00,0,0,0,0,0,0,38.96,52.43
4/25/2025 17:00,0,0,0,0,0,0,38.76,52.02
4/25/2025 18:00,0,0,0,0,0,0,38.77,52.05
4/25/2025 19:00,0,0,0,0,0,0,38.55,51.44
4/25/2025 20:00,0,0,0,0,0,0,38.47,51.32
4/25/2025 21:00,0,0,0,0,0,0,38.46,51.07
4/25/2025 22:00,0,0,0,0,0,0,38.46,50.95
4/25/2025 23:00,0,0,0,0,0,0,38.41,50.87
4/26/2025 0:00,0,0,0,0,0,0,39.09,53.9
4/26/2025 1:00,0,0,0,0,0,0,41.77,54.59
4/26/2025 2:00,0,0,0,0,0,0,41.7,54.9
4/26/2025 3:00,0,0,0,0,0,0,40.99,55.97
4/26/2025 4:00,0,0,0,0,0,0,40.97,60.22
4/26/2025 5:00,0,0,0,0,0,0,41.03,59.18
4/26/2025 6:00,0,0,0,0,0,0,41.12,55.16
4/26/2025 7:00,0,0,0,0,0,0,40.98,60.29
4/26/2025 8:00,0,0,0,0,0,0,40.98,56.4
4/26/2025 9:00,0,0,0,0,0,0,41.18,56.83
4/26/2025 10:00,0,0,0,0,0,0,40.52,57.62
4/26/2025 11:00,0,0,0,0,0,0,42.53,57.35
4/26/2025 12:00,0,0,0,0,0,0,42.13,57.97
4/26/2025 13:00,0,0,0,0,0,0,41.6,61.12
4/26/2025 14:00,0,0,0,0,0,0,39.59,62.73
4/26/2025 15:00,0,0,0,0,0,0,39.63,53.46
4/26/2025 16:00,0,0,0,0,0,0,39.04,52.47
4/26/2025 17:00,0,0,0,0,0,0,38.87,53.94
4/26/2025 18:00,0,0,0,0,0,0,38.59,51.76
4/26/2025 19:00,0,0,0,0,0,0,38.54,52.79
4/26/2025 20:00,0,0,0,0,0,0,38.58,59.17
4/26/2025 21:00,0,0,0,0,0,0,38.71,67.34
4/26/2025 22:00,0,0,0,0,0,0,38.52,54.65
4/26/2025 23:00,0,0,0,0,0,0,38.51,54.81
4/27/2025 0:00,0,0,0,0,0,0,39.13,53.13
4/27/2025 1:00,0,0,0,0,0,0,41.61,55.8
4/27/2025 2:00,0,0,0,0,0,0,41.52,54.39
4/27/2025 3:00,0,0,0,0,0,0,40.51,55.21
4/27/2025 4:00,0,0,0,0,0,0,40.52,58.94
4/27/2025 5:00,0,0,0,0,0,0,39.49,55.41
4/27/2025 6:00,0,0,0,0,0,0,39.34,56.8
4/27/2025 7:00,0,0,0,0,0,0,40,55.64
4/27/2025 8:00,0,0,0,0,0,0,39.39,55.45
4/27/2025 9:00,0,0,0,0,0,0,39.87,56.07
4/27/2025 10:00,0,0,0,0,0,0,38.33,68.29
4/27/2025 11:00,0,0,0,0,0,0,43.79,70.17
4/27/2025 12:00,0,0,0,0,0,0,42.3,63.96
4/27/2025 13:00,0,0,0,0,0,0,41.62,58.66
4/27/2025 14:00,0,0,0,0,0,0,40.58,54.94
4/27/2025 15:00,0,0,0,0,0,0,39.65,53.57
4/27/2025 16:00,0,0,0,0,0,0,38.15,54.88
4/27/2025 17:00,0,0,0,0,0,0,37.62,61.21
4/27/2025 18:00,0,0,0,0,0,0,41.5,65.1
4/27/2025 19:00,0,0,0,0,0,0,39.15,59.06
4/27/2025 20:00,0,0,0,0,0,0,38.15,63.79
4/27/2025 21:00,0,0,0,0,0,0,40.64,67.88
4/27/2025 22:00,0,0,0,0,0,0,40.63,64.62
4/27/2025 23:00,0,0,0,0,0,0,41.69,64.41
4/28/2025 0:00,0,0,0,0,0,0,39.77,54.59
4/28/2025 1:00,0,0,0,0,0,0,40.86,55.8
4/28/2025 2:00,0,0,0,0,0,0,41.84,55.96
4/28/2025 3:00,0,0,0,0,0,0,41.74,56.06
4/28/2025 4:00,0,0,0,0,0,0,41.53,56.04
4/28/2025 5:00,0,0,0,0,0,0,40.89,56.88
4/28/2025 6:00,0,0,0,0,0,0,39.42,56.24
4/28/2025 7:00,0,0,0,0,0,0,40.09,55.48
4/28/2025 8:00,0,0,0,0,0,0,39.55,55.66
4/28/2025 9:00,0,0,0,0,0,0,38.72,53.76
4/28/2025 10:00,0,0,0,0,0,0,38.26,53.91
4/28/2025 11:00,0,0,0,0,0,0,37.9,53.57
4/28/2025 12:00,0,0,0,0,0,0,39.43,54.37
4/28/2025 13:00,0,0,0,0,0,0,39.72,54.2
4/28/2025 14:00,0,0,0,0,0,0,38.87,52.85
4/28/2025 15:00,0,0,0,0,0,0,38.6,51.38
4/28/2025 16:00,0,0,0,0,0,0,38.33,50.83
4/28/2025 17:00,0,0,0,0.058,0,192.6,37.64,50.99
4/28/2025 18:00,0,0,0,0.058,0,175.8,36.87,51.35
4/28/2025 19:00,0,0,0,0.116,0.001,155,35.22,70.49
4/28/2025 20:00,0,0,0,0.174,0.001,156.2,38.25,59.16
4/28/2025 21:00,0,0,0,0.116,0.001,153.8,39.31,60.73
4/28/2025 22:00,0,0,0,0.174,0.004,151.6,37.83,62.07
4/28/2025 23:00,0,0,0,0.058,0,164.8,36.16,58.4
4/29/2025 0:00,0,0,0,0.116,0,157.5,38.46,57.9
4/29/2025 1:00,0,0,0,0.116,0.001,160.7,43.32,60.25
4/29/2025 2:00,0,0,0,0.116,0.001,166.9,40.22,55.94
4/29/2025 3:00,0,0,0,0.116,0,168.4,38.7,55.32
4/29/2025 4:00,0,0,0,0,0,0,39.22,55.68
4/29/2025 5:00,0,0,0,0,0,0,37.38,54.86
4/29/2025 6:00,0,0,0,0,0,0,35.35,47.14
4/29/2025 7:00,0,0,0,0,0,0,34.74,48.5
4/29/2025 8:00,0,0,0,0,0,0,40.05,53.99
4/29/2025 9:00,0,0,0,0,0,0,40.03,53.57
4/29/2025 10:00,0,0,0,0,0,0,36.22,51.8
4/29/2025 11:00,0,0,0,0,0,0,38.81,53.52
4/29/2025 12:00,0,0,0,0,0,0,40.41,54.75
4/29/2025 13:00,0,0,0,0,0,0,39.78,54.85
4/29/2025 14:00,0,0,0,0,0,0,38.71,53.49
4/29/2025 15:00,0,0,0,0,0,0,36.71,52.78
4/29/2025 16:00,0,0,0,0,0,0,37.08,54.35
4/29/2025 17:00,0,0,0,0,0,0,37.15,53.21
4/29/2025 18:00,0,0,0,0,0,0,39.09,54.96
4/29/2025 19:00,0,0,0,0,0,0,38.9,52.16
4/29/2025 20:00,0,0,0,0,0,0,38.6,51.41
4/29/2025 21:00,0,0,0,0,0,0,38.68,51.06
4/29/2025 22:00,0,0,0,0,0,0,38.6,50.64
4/29/2025 23:00,0,0,0,0,0,0,38.57,50.42
4/30/2025 0:00,0,0,0,0,0,0,38.99,52.01
4/30/2025 1:00,0,0,0,0,0,0,41.23,54.59
4/30/2025 2:00,0,0,0,0,0,0,41.21,57.1
4/30/2025 3:00,0,0,0,0,0,0,40.53,56.64
4/30/2025 4:00,0,0,0,0,0,0,40.82,55.23
4/30/2025 5:00,0,0,0,0,0,0,39.76,54.7
4/30/2025 6:00,0,0,0,0,0,0,38.86,54.04
4/30/2025 7:00,0,0,0,0,0,0,38.52,52.42
4/30/2025 8:00,0,0,0,0,0,0,38.78,52.61
4/30/2025 9:00,0,0,0,0,0,0,38.89,53.23
4/30/2025 10:00,0,0,0,0,0,0,40.21,54.2
4/30/2025 11:00,0,0,0,0,0,0,40.51,54.53
4/30/2025 12:00,0,0,0,0,0,0,41.06,55.33
4/30/2025 13:00,0,0,0,0,0,0,39.29,54.44
4/30/2025 14:00,0,0,0,0,0,0,37.51,54.58
4/30/2025 15:00,0,0,0,0,0,0,36.7,61.38
4/30/2025 16:00,0,0,0,0,0,0,40.43,67.34
4/30/2025 17:00,0,0,0,0,0,0,40.33,71.56
4/30/2025 18:00,0,0,0,0,0,0,43.63,69.8
4/30/2025 19:00,0,0,0,0.058,0,186.2,48.16,85.4
4/30/2025 20:00,0,0,0,0,0,0,45.35,77.86
4/30/2025 21:00,0,0,0,0,0,0,46.18,73.33
4/30/2025 22:00,0,0,0,0,0,0,43.84,74
4/30/2025 23:00,0,0,0,0,0,0,43.7,71.87
5/1/2025 0:00,0,0,0,0,0,0,46.39,76.01
5/1/2025 1:00,0,0,0,0,0,0,44.04,73.77
5/1/2025 2:00,0,0,0,0,0,0,44.28,70.87
5/1/2025 3:00,0,0,0,0,0,0,40.87,60.24
5/1/2025 4:00,0,0,0,0,0,0,39.56,56.3
5/1/2025 5:00,0,0,0,0,0,0,38.2,55.18
5/1/2025 6:00,0,0,0,0,0,0,38.97,53.36
5/1/2025 7:00,0,0,0,0,0,0,38.34,52.68
5/1/2025 8:00,0,0,0,0,0,0,39.09,53.23
5/1/2025 9:00,0,0,0,0,0,0,39.12,53.55
5/1/2025 10:00,0,0,0,0,0,0,40,54.12
5/1/2025 11:00,0,0,0,0,0,0,40.55,54.64
5/1/2025 12:00,0,0,0,0,0,0,40.76,54.73
5/1/2025 13:00,0,0,0,0,0,0,40.4,54.82
5/1/2025 14:00,0,0,0,0,0,0,39.48,53.67
5/1/2025 15:00,0,0,0,0,0,0,38.54,55.91
5/1/2025 16:00,0,0,0,0,0,0,38.74,55.96
5/1/2025 17:00,0,0,0,0,0,0,39.15,52.06
5/1/2025 18:00,0,0,0,0,0,0,38.7,50.34
5/1/2025 19:00,0,0,0,0,0,0,38.68,50.24
5/1/2025 20:00,0,0,0,0,0,0,38.66,49.9
5/1/2025 21:00,0,0,0,0,0,0,38.71,49.58
5/1/2025 22:00,0,0,0,0,0,0,38.72,49.4
5/1/2025 23:00,0,0,0,0,0,0,38.7,49.36
5/2/2025 0:00,0,0,0,0,0,0,38.95,50.67
5/2/2025 1:00,0,0,0,0,0,0,40.29,52.88
5/2/2025 2:00,0,0,0,0,0,0,40.34,55.75
5/2/2025 3:00,0,0,0,0,0,0,40.41,56.76
5/2/2025 4:00,0,0,0,0,0,0,40.3,55.62
5/2/2025 5:00,0,0,0,0,0,0,40.44,54.65
5/2/2025 6:00,0,0,0,0,0,0,38.23,52.77
5/2/2025 7:00,0,0,0,0,0,0,38.51,52.21
5/2/2025 8:00,0,0,0,0,0,0,38.43,51.98
5/2/2025 9:00,0,0,0,0,0,0,38.87,51.81
5/2/2025 10:00,0,0,0,0,0,0,39.07,52.25
5/2/2025 11:00,0,0,0,0,0,0,39.78,53.24
5/2/2025 12:00,0,0,0,0,0,0,39.47,52.96
5/2/2025 13:00,0,0,0,0,0,0,40,53.77
5/2/2025 14:00,0,0,0,0,0,0,39.65,53.42
5/2/2025 15:00,0,0,0,0,0,0,39.07,51.76
5/2/2025 16:00,0,0,0,0,0,0,38.8,50.2
5/2/2025 17:00,0,0,0,0,0,0,38.73,49.69
5/2/2025 18:00,0,0,0,0,0,0,38.68,49.49
5/2/2025 19:00,0,0,0,0,0,0,37.98,52.05
5/2/2025 20:00,0,0,0,0,0,0,38.38,53.47
5/2/2025 21:00,0,0,0,0,0,0,38.55,53.82
5/2/2025 22:00,0,0,0,0,0,0,39.21,50.07
5/2/2025 23:00,0,0,0,0,0,0,39.11,49.6
5/3/2025 0:00,0,0,0,0,0,0,39.32,51.03
5/3/2025 1:00,0,0,0,0,0,0,41.12,54.6
5/3/2025 2:00,0,0,0,0,0,0,41.8,56.76
5/3/2025 3:00,0,0,0,0,0,0,41.95,55.81
5/3/2025 4:00,0,0,0,0,0,0,41.57,55.35
5/3/2025 5:00,0,0,0,0,0,0,40.59,54.52
5/3/2025 6:00,0,0,0,0,0,0,39.78,52.76
5/3/2025 7:00,0,0,0,0,0,0,40.32,52.94
5/3/2025 8:00,0,0,0,0,0,0,39.56,53.48
5/3/2025 9:00,0,0,0,0,0,0,39.2,52.73
5/3/2025 10:00,0,0,0,0,0,0,39.51,52.31
5/3/2025 11:00,0,0,0,0,0,0,39.91,53.89
5/3/2025 12:00,0,0,0,0,0,0,41.42,58.25
5/3/2025 13:00,0,0,0,0,0,0,40.31,56.86
5/3/2025 14:00,0,0,0,0,0,0,38.18,52.49
5/3/2025 15:00,0,0,0,0,0,0,37.88,50.62
5/3/2025 16:00,0,0,0,0,0,0,37.59,53.15
5/3/2025 17:00,0,0,0,0,0,0,37.71,53.16
5/3/2025 18:00,0,0,0,0,0,0,38.15,52.41
5/3/2025 19:00,0,0,0,0,0,0,38.38,53
5/3/2025 20:00,0,0,0,0,0,0,38.89,51.7
5/3/2025 21:00,0,0,0,0,0,0,39.17,52.4
5/3/2025 22:00,0,0,0,0,0,0,37.39,52.76
5/3/2025 23:00,0,0,0,0,0,0,37.96,54.81
5/4/2025 0:00,0,0,0,0,0,0,38.88,56.56
5/4/2025 1:00,0,0,0,0,0,0,40.71,56.65
5/4/2025 2:00,0,0,0,0,0,0,40.17,55.44
5/4/2025 3:00,0,0,0,0,0,0,37.47,54.19
5/4/2025 4:00,0,0,0,0,0,0,30.86,49.27
5/4/2025 5:00,0,0,0,0,0,0,28.24,44.97
5/4/2025 6:00,0,0,0,0,0,0,27.32,43.48
5/4/2025 7:00,0,0,0,0,0,0,27.14,42.57
5/4/2025 8:00,0,0,0,0,0,0,30.87,45.09
5/4/2025 9:00,0,0,0,0,0,0,31.44,45.16
5/4/2025 10:00,0,0,0,0,0,0,31.51,45.8
5/4/2025 11:00,0,0,0,0,0,0,34.11,49.67
5/4/2025 12:00,0,0,0,0,0,0,36.87,50.8
5/4/2025 13:00,0,0,0,0,0,0,39.23,53.68
5/4/2025 14:00,0,0,0,0,0,0,38.27,54.65
5/4/2025 15:00,0,0,0,0,0,0,38.81,55.61
5/4/2025 16:00,0,0,0,0,0,0,39.18,53.29
5/4/2025 17:00,0,0,0,0,0,0,38.63,51.88
5/4/2025 18:00,0,0,0,0,0,0,38.43,50.9
5/4/2025 19:00,0,0,0,0,0,0,38.45,50.58
5/4/2025 20:00,0,0,0,0,0,0,38.53,50.38
5/4/2025 21:00,0,0,0,0,0,0,38.5,50.29
5/4/2025 22:00,0,0,0,0,0,0,38.48,50
5/4/2025 23:00,0,0,0,0,0,0,38.48,50.01
5/5/2025 0:00,0,0,0,0,0,0,39.14,52.29
5/5/2025 1:00,0,0,0,0,0,0,41.21,54.12
5/5/2025 2:00,0,0,0,0,0,0,42.05,55.95
5/5/2025 3:00,0,0,0,0,0,0,41.83,55.92
5/5/2025 4:00,0,0,0,0,0,0,38.23,53.95
5/5/2025 5:00,0,0,0,0,0,0,33.85,49.65
5/5/2025 6:00,0,0,0,0,0,0,30.12,45.96
5/5/2025 7:00,0,0,0,0,0,0,29.15,43.26
5/5/2025 8:00,0,0,0,0,0,0,29.75,44
5/5/2025 9:00,0,0,0,0,0,0,30.07,43.62
5/5/2025 10:00,0,0,0,0,0,0,28.62,41.56
5/5/2025 11:00,0,0,0,0,0,0,29.29,42.31
5/5/2025 12:00,0,0,0,0,0,0,31.51,46.12
5/5/2025 13:00,0,0,0,0,0,0,35.58,53.29
5/5/2025 14:00,0,0,0,0,0,0,36.98,52.91
5/5/2025 15:00,0,0,0,0,0,0,37.26,50.62
5/5/2025 16:00,0,0,0,0,0,0,37.8,49.69
5/5/2025 17:00,0,0,0,0,0,0,37.89,49.22
5/5/2025 18:00,0,0,0,0,0,0,37.99,48.99
5/5/2025 19:00,0,0,0,0,0,0,38.08,48.98
5/5/2025 20:00,0,0,0,0,0,0,38.09,49.02
5/5/2025 21:00,0,0,0,0,0,0,38.12,49.02
5/5/2025 22:00,0,0,0,0,0,0,38.16,49.11
5/5/2025 23:00,0,0,0,0,0,0,38.17,49.74
5/6/2025 0:00,0,0,0,0,0,0,38.21,50.78
5/6/2025 1:00,0,0,0,0,0,0,40.77,55.95
5/6/2025 2:00,0,0,0,0,0,0,42.21,56.2
5/6/2025 3:00,0,0,0,0,0,0,40.03,55.54
5/6/2025 4:00,0,0,0,0,0,0,34.04,50.77
5/6/2025 5:00,0,0,0,0,0,0,27.99,45.87
5/6/2025 6:00,0,0,0,0,0,0,27.12,41.77
5/6/2025 7:00,0,0,0,0,0,0,27.86,41.28
5/6/2025 8:00,0,0,0,0,0,0,28.91,41.68
5/6/2025 9:00,0,0,0,0,0,0,27.19,40.44
5/6/2025 10:00,0,0,0,0,0,0,26.52,39.36
5/6/2025 11:00,0,0,0,0,0,0,26.94,41.58
5/6/2025 12:00,0,0,0,0,0,0,31.86,47.46
5/6/2025 13:00,0,0,0,0,0,0,35.76,50.46
5/6/2025 14:00,0,0,0,0,0,0,37.21,52.62
5/6/2025 15:00,0,0,0,0,0,0,38.08,52.99
5/6/2025 16:00,0,0,0,0,0,0,37.19,53.77
5/6/2025 17:00,0,0,0,0,0,0,38.16,58.35
5/6/2025 18:00,0,0,0,0,0,0,37.69,53.53
5/6/2025 19:00,0,0,0,0,0,0,38.34,53.43
5/6/2025 20:00,0,0,0,0,0,0,37.99,52.1
5/6/2025 21:00,0,0,0,0,0,0,37.79,51.48
5/6/2025 22:00,0,0,0,0,0,0,37.58,51.56
5/6/2025 23:00,0,0,0,0,0,0,37.39,50.72
5/7/2025 0:00,0,0,0,0,0,0,38.08,53.27
5/7/2025 1:00,0,0,0,0,0,0,40.5,55.09
5/7/2025 2:00,0,0,0,0,0,0,41.56,55.56
5/7/2025 3:00,0,0,0,0,0,0,38.29,54.67
5/7/2025 4:00,0,0,0,0,0,0,31.44,49.48
5/7/2025 5:00,0,0,0,0,0,0,28.77,44.33
5/7/2025 6:00,0,0,0,0,0,0,25.84,39.49
5/7/2025 7:00,0,0,0,0,0,0,27.38,40.76
5/7/2025 8:00,0,0,0,0,0,0,27.71,44.52
5/7/2025 9:00,0,0,0,0,0,0,29,43.92
5/7/2025 10:00,0,0,0,0,0,0,31.51,45.34
5/7/2025 11:00,0,0,0,0,0,0,30.51,45.04
5/7/2025 12:00,0,0,0,0,0,0,33.01,49.82
5/7/2025 13:00,0,0,0,0,0,0,37.23,52.17
5/7/2025 14:00,0,0,0,0,0,0,37.2,52.81
5/7/2025 15:00,0,0,0,0,0,0,37.17,52.2
5/7/2025 16:00,0,0,0,0,0,0,37.15,51.07
5/7/2025 17:00,0,0,0,0,0,0,36.91,51.07
5/7/2025 18:00,0,0,0,0,0,0,37.36,50.89
5/7/2025 19:00,0,0,0,0,0,0,37.43,49.9
5/7/2025 20:00,0,0,0,0,0,0,37.51,49.46
5/7/2025 21:00,0,0,0,0,0,0,37.66,49.07
5/7/2025 22:00,0,0,0,0,0,0,37.79,49.04
5/7/2025 23:00,0,0,0,0,0,0,37.83,48.96
5/8/2025 0:00,0,0,0,0,0,0,38.27,50.57
5/8/2025 1:00,0,0,0,0,0,0,39.93,52.96
5/8/2025 2:00,0,0,0,0,0,0,41.58,56.59
5/8/2025 3:00,0,0,0,0,0,0,40.46,56.17
5/8/2025 4:00,0,0,0,0,0,0,34.57,52.89
5/8/2025 5:00,0,0,0,0,0,0,24.68,45.59
5/8/2025 6:00,0,0,0,0,0,0,23.79,37.21
5/8/2025 7:00,0,0,0,0,0,0,28.93,42.24
5/8/2025 8:00,0,0,0,0,0,0,28.35,41.82
5/8/2025 9:00,0,0,0,0,0,0,28.83,43.33
5/8/2025 10:00,0,0,0,0,0,0,31.04,44.64
5/8/2025 11:00,0,0,0,0,0,0,32.03,46.6
5/8/2025 12:00,0,0,0,0,0,0,32.74,47.31
5/8/2025 13:00,0,0,0,0,0,0,34.7,51.27
5/8/2025 14:00,0,0,0,0,0,0,36.16,53.17
5/8/2025 15:00,0,0,0,0,0,0,35.48,51.13
5/8/2025 16:00,0,0,0,0,0,0,36.09,49.82
5/8/2025 17:00,0,0,0,0,0,0,36.44,50.03
5/8/2025 18:00,0,0,0,0,0,0,36.62,50.03
5/8/2025 19:00,0,0,0,0,0,0,36.82,50.14
5/8/2025 20:00,0,0,0,0,0,0,37.02,50.16
5/8/2025 21:00,0,0,0,0,0,0,37.17,50
5/8/2025 22:00,0,0,0,0,0,0,37.22,50
5/8/2025 23:00,0,0,0,0,0,0,37.27,50.35
5/9/2025 0:00,0,0,0,0,0,0,37.68,53.24
5/9/2025 1:00,0,0,0,0,0,0,40.94,55.64
5/9/2025 2:00,0,0,0,0,0,0,40.74,55.73
5/9/2025 3:00,0,0,0,0,0,0,37.64,53.4
5/9/2025 4:00,0,0,0,0,0,0,32.72,49.63
5/9/2025 5:00,0,0,0,0,0,0,28.72,45.62
5/9/2025 6:00,0,0,0,0,0,0,25.84,42.32
5/9/2025 7:00,0,0,0,0,0,0,24.9,38.78
5/9/2025 8:00,0,0,0,0,0,0,25.03,39.06
5/9/2025 9:00,0,0,0,0,0,0,27.63,40.87
5/9/2025 10:00,0,0,0,0,0,0,27.67,41.54
5/9/2025 11:00,0,0,0,0,0,0,29.09,42.52
5/9/2025 12:00,0,0,0,0,0,0,29.65,42.71
5/9/2025 13:00,0,0,0,0,0,0,33.46,51.02
5/9/2025 14:00,0,0,0,0,0,0,34.15,51.01
5/9/2025 15:00,0,0,0,0,0,0,34.63,50.16
5/9/2025 16:00,0,0,0,0,0,0,35.43,48.99
5/9/2025 17:00,0,0,0,0,0,0,36.1,48.96
5/9/2025 18:00,0,0,0,0,0,0,36.31,49.25
5/9/2025 19:00,0,0,0,0,0,0,36.44,49.33
5/9/2025 20:00,0,0,0,0,0,0,36.46,49.45
5/9/2025 21:00,0,0,0,0,0,0,36.89,49.95
5/9/2025 22:00,0,0,0,0,0,0,37.08,49.66
5/9/2025 23:00,0,0,0,0,0,0,37.11,49.38
5/10/2025 0:00,0,0,0,0,0,0,37.95,52.4
5/10/2025 1:00,0,0,0,0,0,0,40.38,54.55
5/10/2025 2:00,0,0,0,0,0,0,41.17,55.97
5/10/2025 3:00,0,0,0,0,0,0,37.77,55.12
5/10/2025 4:00,0,0,0,0,0,0,29.97,48.5
5/10/2025 5:00,0,0,0,0,0,0,26.03,43.05
5/10/2025 6:00,0,0,0,0,0,0,24.08,38.77
5/10/2025 7:00,0,0,0,0,0,0,26.39,42.23
5/10/2025 8:00,0,0,0,0,0,0,26.99,42.87
5/10/2025 9:00,0,0,0,0,0,0,28.5,43.52
5/10/2025 10:00,0,0,0,0,0,0,29.85,45.59
5/10/2025 11:00,0,0,0,0,0,0,29.25,43.5
5/10/2025 12:00,0,0,0,0,0,0,29.67,43.44
5/10/2025 13:00,0,0,0,0,0,0,32.97,51.65
5/10/2025 14:00,0,0,0,0,0,0,38.97,53.04
5/10/2025 15:00,0,0,0,0,0,0,38.08,52.72
5/10/2025 16:00,0,0,0,0,0,0,37.25,51.4
5/10/2025 17:00,0,0,0,0,0,0,37.34,50.87
5/10/2025 18:00,0,0,0,0,0,0,37.5,50.97
5/10/2025 19:00,0,0,0,0,0,0,37.59,50.93
5/10/2025 20:00,0,0,0,0,0,0,37.68,50.36
5/10/2025 21:00,0,0,0,0,0,0,37.71,50.19
5/10/2025 22:00,0,0,0,0,0,0,37.7,49.86
5/10/2025 23:00,0,0,0,0,0,0,37.66,49.87
5/11/2025 0:00,0,0,0,0,0,0,38.28,52.9
5/11/2025 1:00,0,0,0,0,0,0,40.96,55.1
5/11/2025 2:00,0,0,0,0,0,0,41.62,55.86
5/11/2025 3:00,0,0,0,0,0,0,39.92,55.32
5/11/2025 4:00,0,0,0,0,0,0,35.09,51.84
5/11/2025 5:00,0,0,0,0,0,0,29.31,46.36
5/11/2025 6:00,0,0,0,0,0,0,26.72,42.38
5/11/2025 7:00,0,0,0,0,0,0,26.5,41.34
5/11/2025 8:00,0,0,0,0,0,0,27.31,41.62
5/11/2025 9:00,0,0,0,0,0,0,27.83,42.22
5/11/2025 10:00,0,0,0,0,0,0,26.77,42.51
5/11/2025 11:00,0,0,0,0,0,0,26.16,41.69
5/11/2025 12:00,0,0,0,0,0,0,90.5,139.2
5/11/2025 13:00,0,0,0,0,0,0,146.7,152.4
5/11/2025 14:00,0,0,0,0,0,0,140.4,145.2
5/11/2025 15:00,0,0,0,0,0,0,137.5,143.6
5/11/2025 16:00,0,0,0,0,0,0,134.8,140.4
5/11/2025 17:00,0,0,0,0,0,0,134.5,139.4
5/11/2025 18:00,0,0,0,0,0,0,133.2,139.9
5/11/2025 19:00,0,0,0,0,0,0,129.1,135.4
5/11/2025 20:00,0,0,0,0,0,0,128.7,135.5
5/11/2025 21:00,0,0,0,0,0,0,130.7,136.4
5/11/2025 22:00,0,0,0,0,0,0,132,140.1
5/11/2025 23:00,0,0,0,0,0,0,134.7,140.5
5/12/2025 0:00,0,0,0,0,0,0,141.8,154
5/12/2025 1:00,0,0,0,0,0,0,149.1,154.9
5/12/2025 2:00,0,0,0,0,0,0,149.7,160.1
5/12/2025 3:00,0,0,0,0,0,0,162.3,166.4
5/12/2025 4:00,0,0,0,0,0,0,166,169.5
5/12/2025 5:00,0,0,0,0,0,0,160.1,164.5
5/12/2025 6:00,0,0,0,0,0,0,154.9,159.1
5/12/2025 7:00,0,0,0,0,0,0,157.1,161.8
5/12/2025 8:00,0,0,0,0,0,0,157.5,163.2
5/12/2025 9:00,0,0,0,0,0,0,164.9,171.2
5/12/2025 10:00,0,0,0,0,0,0,165.3,168.3
5/12/2025 11:00,0,0,0,0,0,0,167.3,171
5/12/2025 12:00,0,0,0,0,0,0,170.8,171.2
5/12/2025 13:00,0,0,0,0,0,0,NAN,NAN
5/12/2025 14:00,0,0,0,0,0,0,170.2,170.6
5/12/2025 15:00,0,0,0,0,0,0,165.3,170.4
5/12/2025 16:00,0,0,0,0,0,0,158.8,170.2
5/12/2025 17:00,0,0,0,0,0,0,152.9,161
5/12/2025 18:00,0,0,0,0,0,0,150.2,158.9
5/12/2025 19:00,0,0,0,0,0,0,152.3,166.2
5/12/2025 20:00,0,0,0,0,0,0,150.1,161.8
5/12/2025 21:00,0,0,0,0,0,0,146.6,156.4
5/12/2025 22:00,0,0,0,0,0,0,145.2,160.9
5/12/2025 23:00,0,0,0,0,0,0,144.3,159.9
5/13/2025 0:00,0,0,0,0,0,0,145.3,158
5/13/2025 1:00,0,0,0,0,0,0,156,170.4
5/13/2025 2:00,0,0,0,0,0,0,154,170
5/13/2025 3:00,0,0,0,0,0,0,167.7,170.2
5/13/2025 4:00,0,0,0,0,0,0,NAN,NAN
5/13/2025 5:00,0,0,0,0,0,0,NAN,NAN
5/13/2025 6:00,0,0,0,0,0,0,NAN,NAN
5/13/2025 7:00,0,0,0,0,0,0,NAN,NAN
5/13/2025 8:00,0,0,0,0,0,0,NAN,NAN
5/13/2025 9:00,0,0,0,0,0,0,NAN,NAN
5/13/2025 10:00,0,0,0,0,0,0,170.9,171
5/13/2025 11:00,0,0,0,0,0,0,169.7,171.4
5/13/2025 12:00,0,0,0,0,0,0,169,171.3
5/13/2025 13:00,0,0,0,0,0,0,167.5,171.1
5/13/2025 14:00,0,0,0,0,0,0,161.5,170.4
5/13/2025 15:00,0,0,0,0,0,0,158.2,169.6
5/13/2025 16:00,0,0,0,0,0,0,151.8,159.9
5/13/2025 17:00,0,0,0,0,0,0,148.6,156.7
5/13/2025 18:00,0,0,0,0,0,0,149.8,165.4
5/13/2025 19:00,0,0,0,0,0,0,152.9,170.2
5/13/2025 20:00,0,0,0,0,0,0,156.1,169.9
5/13/2025 21:00,0,0,0,0,0,0,157.8,168
5/13/2025 22:00,0,0,0,0,0,0,151.5,157.5
5/13/2025 23:00,0,0,0,0,0,0,154.5,169.8
5/14/2025 0:00,0,0,0,0,0,0,158.1,169.8
5/14/2025 1:00,0,0,0,0,0,0,NAN,NAN
5/14/2025 2:00,0,0,0,0,0,0,NAN,NAN
5/14/2025 3:00,0,0,0,0,0,0,NAN,NAN
5/14/2025 4:00,0,0,0,0,0,0,NAN,NAN
5/14/2025 5:00,0,0,0,0,0,0,NAN,NAN
5/14/2025 6:00,0,0,0,0,0,0,NAN,NAN
5/14/2025 7:00,0,0,0,0,0,0,NAN,NAN
5/14/2025 8:00,0,0,0,0,0,0,NAN,NAN
5/14/2025 9:00,0,0,0,0,0,0,NAN,NAN
5/14/2025 10:00,0,0,0,0,0,0,NAN,NAN
5/14/2025 11:00,0,0,0,0,0,0,NAN,NAN
5/14/2025 12:00,0,0,0,0,0,0,NAN,NAN
5/14/2025 13:00,0,0,0,0,0,0,171,171.4
5/14/2025 14:00,0,0,0,0,0,0,NAN,NAN
5/14/2025 15:00,0,0,0,0,0,0,170.3,171
5/14/2025 16:00,0,0,0,0,0,0,170.4,170.9
5/14/2025 17:00,0,0,0,0,0,0,NAN,NAN
5/14/2025 18:00,0,0,0,0,0,0,NAN,NAN
5/14/2025 19:00,0,0,0,0,0,0,NAN,NAN
5/14/2025 20:00,0,0,0,0,0,0,NAN,NAN
5/14/2025 21:00,0,0,0,0,0,0,NAN,NAN
5/14/2025 22:00,0,0,0,0,0,0,NAN,NAN
5/14/2025 23:00,0,0,0,0,0,0,NAN,NAN
5/15/2025 0:00,0,0,0,0,0,0,NAN,NAN
5/15/2025 1:00,0,0,0,0,0,0,NAN,NAN
5/15/2025 2:00,0,0,0,0,0,0,NAN,NAN
5/15/2025 3:00,0,0,0,0,0,0,NAN,NAN
5/15/2025 4:00,0,0,0,0,0,0,NAN,NAN
5/15/2025 5:00,0,0,0,0,0,0,NAN,NAN
5/15/2025 6:00,0,0,0,0,0,0,NAN,NAN
5/15/2025 7:00,0,0,0,0,0,0,NAN,NAN
5/15/2025 8:00,0,0,0,0,0,0,NAN,NAN
5/15/2025 9:00,0,0,0,0,0,0,NAN,NAN
5/15/2025 10:00,0,0,0,0,0,0,NAN,NAN
5/15/2025 11:00,0,0,0,0,0,0,NAN,NAN
5/15/2025 12:00,0,0,0,0,0,0,NAN,NAN
5/15/2025 13:00,0,0,0,0,0,0,NAN,NAN
5/15/2025 14:00,0,0,0,0,0,0,NAN,NAN
5/15/2025 15:00,0,0,0,0,0,0,NAN,NAN
5/15/2025 16:00,0,0,0,0,0,0,NAN,NAN
5/15/2025 17:00,0,0,0,0,0,0,NAN,NAN
5/15/2025 18:00,0,0,0,0,0,0,NAN,NAN
5/15/2025 19:00,0,0,0,0,0,0,NAN,NAN
5/15/2025 20:00,0,0,0,0,0,0,NAN,NAN
5/15/2025 21:00,0,0,0,0,0,0,NAN,NAN
5/15/2025 22:00,0,0,0,0,0,0,NAN,NAN
5/15/2025 23:00,0,0,0,0,0,0,NAN,NAN
5/16/2025 0:00,0,0,0,0,0,0,NAN,NAN
5/16/2025 1:00,0,0,0,0,0,0,NAN,NAN
5/16/2025 2:00,0,0,0,0,0,0,NAN,NAN
5/16/2025 3:00,0,0,0,0,0,0,NAN,NAN
5/16/2025 4:00,0,0,0,0,0,0,NAN,NAN
5/16/2025 5:00,0,0,0,0,0,0,NAN,NAN
5/16/2025 6:00,0,0,0,0,0,0,NAN,NAN
5/16/2025 7:00,0,0,0,0,0,0,NAN,NAN
5/16/2025 8:00,0,0,0,0,0,0,NAN,NAN
5/16/2025 9:00,0,0,0,0,0,0,NAN,NAN
5/16/2025 10:00,0,0,0,0,0,0,NAN,NAN
5/16/2025 11:00,0,0,0,0,0,0,NAN,NAN
5/16/2025 12:00,0,0,0,0,0,0,NAN,NAN
5/16/2025 13:00,0,0,0,0,0,0,NAN,NAN
5/16/2025 14:00,0,0,0,0,0,0,NAN,NAN
5/16/2025 15:00,0,0,0,0,0,0,NAN,NAN
5/16/2025 16:00,0,0,0,0,0,0,NAN,NAN
5/16/2025 17:00,0,0,0,0,0,0,NAN,NAN
5/16/2025 18:00,0,0,0,0,0,0,NAN,NAN
5/16/2025 19:00,0,0,0,0,0,0,NAN,NAN
5/16/2025 20:00,0,0,0,0,0,0,NAN,NAN
5/16/2025 21:00,0,0,0,0,0,0,NAN,NAN
5/16/2025 22:00,0,0,0,0,0,0,NAN,NAN
5/16/2025 23:00,0,0,0,0,0,0,NAN,NAN
5/17/2025 0:00,0,0,0,0,0,0,NAN,NAN
5/17/2025 1:00,0,0,0,0,0,0,NAN,NAN
5/17/2025 2:00,0,0,0,0,0,0,NAN,NAN
5/17/2025 3:00,0,0,0,0,0,0,NAN,NAN
5/17/2025 4:00,0,0,0,0,0,0,NAN,NAN
5/17/2025 5:00,0,0,0,0,0,0,NAN,NAN
5/17/2025 6:00,0,0,0,0,0,0,NAN,NAN
5/17/2025 7:00,0,0,0,0,0,0,NAN,NAN
5/17/2025 8:00,0,0,0,0,0,0,NAN,NAN
5/17/2025 9:00,0,0,0,0,0,0,NAN,NAN
5/17/2025 10:00,0,0,0,0,0,0,NAN,NAN
5/17/2025 11:00,0,0,0,0,0,0,NAN,NAN
5/17/2025 12:00,0,0,0,0,0,0,NAN,NAN
5/17/2025 13:00,0,0,0,0,0,0,NAN,NAN
5/17/2025 14:00,0,0,0,0,0,0,NAN,NAN
5/17/2025 15:00,0,0,0,0,0,0,NAN,NAN
5/17/2025 16:00,0,0,0,0,0,0,NAN,NAN
5/17/2025 17:00,0,0,0,0,0,0,NAN,NAN
5/17/2025 18:00,0,0,0,0,0,0,NAN,NAN
5/17/2025 19:00,0,0,0,0,0,0,NAN,NAN
5/17/2025 20:00,0,0,0,0,0,0,NAN,NAN
5/17/2025 21:00,0,0,0,0,0,0,NAN,NAN
5/17/2025 22:00,0,0,0,0,0,0,NAN,NAN
5/17/2025 23:00,0,0,0,0,0,0,NAN,NAN
5/18/2025 0:00,0,0,0,0,0,0,NAN,NAN
5/18/2025 1:00,0,0,0,0,0,0,NAN,NAN
5/18/2025 2:00,0,0,0,0,0,0,NAN,NAN
5/18/2025 3:00,0,0,0,0,0,0,NAN,NAN
5/18/2025 4:00,0,0,0,0,0,0,NAN,NAN
5/18/2025 5:00,0,0,0,0,0,0,NAN,NAN
5/18/2025 6:00,0,0,0,0,0,0,NAN,NAN
5/18/2025 7:00,0,0,0,0,0,0,NAN,NAN
5/18/2025 8:00,0,0,0,0,0,0,NAN,NAN
5/18/2025 9:00,0,0,0,0,0,0,NAN,NAN
